"RowName","Name","NickName","IconTexture","ItemIcon","Weapon_R_URI","Weapon_L_URI","DropMeshURI","ToolTipText","Type","DetailType","ItemTagType","Grade","bTradable","bUnivAucTradable","bCashItem","bKeepAccountStorage","bSale","bDestroy","bWorldDropExcept","bExtractable","bLockable","bCraftableAsMaterial","bEnhancable","ItemEnhanceTableID","bEnchantable","MaxEnhanceCount","SafeEnhanceCount","AuctionKeyWordSearchCheck","BuyPrice","SellPrice","MaxStack","AutoBuyMaxStack","ReqJob","ReqMinLev","ReqMaxLev","InventoryItemWeight","HuntingSpotIDs","CraftRecipeIDs","OtherSettingTableID","SetItemGroup","ItemOptionList","PassiveSkillIDs","RestoreLoseEquipItemByGoldCost","RestoreLoseEquipItemByGemCost","RestoreLostEquipItemByGemCost","bLosableEquipItem","bUseItemOnRiding","WeaponArmorIndex","WeaponArmorLevel","bRemoveOnExpired"
"2003041000","[SET-][나이트]일반 한손검 티어 Tier1","LOCTABLE(""/Game/GameData/String_Main.String_Main"", ""Item_Name_2003041000"")","""/Game/Textures/Icons/Equip/Sword/T_Knight_Sword_Common_01.T_Knight_Sword_Common_01""","None","""/Game/Characters/MC/Weapon/Knight/SKM_MC_Kni_M_Sword_Common_01.SKM_MC_Kni_M_Sword_Common_01""","None","""/Game/Blueprints/Actors/ItemDropMesh/BP_DropitemMesh_Base.BP_DropitemMesh_Base_C""","LOCTABLE(""/Game/GameData/String_Main.String_Main"", ""Item_Desc_2003041000"")","EItemType_Weapon","EItemDetailType_Weapon_Sword","EItemTagType_NormalItem","EUniversalGrade_Common","True","True","False","True","True","True","False","True","True","True","True","(GameDataType=EGameDataTable_ItemEnhance,Key=1,Name=""강화테이블_무기"")","True","12","6","0","300","30","1","1","ECharacterJobClass_Knight","1","999","25","((GameDataType=EGameDataTable_PortalSpot,Key=1001052,Name=""Emberforge_Hunt_WM_01""),(GameDataType=EGameDataTable_PortalSpot,Key=1001053,Name=""Emberforge_Hunt_WM_02""),(GameDataType=EGameDataTable_PortalSpot,Key=1001054,Name=""Emberforge_Hunt_WM_03""),(GameDataType=EGameDataTable_PortalSpot,Key=1002052,Name=""Eisvan_Hunt_WM_01""),(GameDataType=EGameDataTable_PortalSpot,Key=1002053,Name=""Eisvan_Hunt_WM_02""),(GameDataType=EGameDataTable_PortalSpot,Key=1002054,Name=""Eisvan_Hunt_WM_03""),(GameDataType=EGameDataTable_PortalSpot,Key=1003051,Name=""Ulgar_Hunt_WM_01""),(GameDataType=EGameDataTable_PortalSpot,Key=1003052,Name=""Ulgar_Hunt_WM_02""),(GameDataType=EGameDataTable_PortalSpot,Key=1003053,Name=""Ulgar_Hunt_WM_03""))","((GameDataType=EGameDataTable_CraftList,Key=1,Name=""초심자의 검""),(GameDataType=EGameDataTable_CraftList,Key=10007,Name=""레시피 상호참조 2 (대검 -> 한손검)""))","(Type=-,GameDataType=EGameDataTable_ItemSettingType,Key=0,Name=""None"")","(GameDataType=EGameDataTable_ItemSetOption,Key=0,Name=""None"")","((Stat=(StatType=EGameStatType_Attack,AttackStat=EGameStat_Attack_Damage,DefenseStat=EGameStat_Defense_None,ExtraStat=EGameStat_Extra_None),Value=7),(Stat=(StatType=EGameStatType_Attack,AttackStat=EGameStat_Attack_DamageWeapon,DefenseStat=EGameStat_Defense_None,ExtraStat=EGameStat_Extra_None),Value=4),(Stat=(StatType=EGameStatType_Attack,AttackStat=EGameStat_Attack_Accuracy,DefenseStat=EGameStat_Defense_None,ExtraStat=EGameStat_Extra_None),Value=6),(Stat=(StatType=EGameStatType_Attack,AttackStat=EGameStat_Attack_CriticalChanceMelee,DefenseStat=EGameStat_Defense_None,ExtraStat=EGameStat_Extra_None),Value=10),(Stat=(StatType=EGameStatType_Attack,AttackStat=EGameStat_Attack_DoubleChance,DefenseStat=EGameStat_Defense_None,ExtraStat=EGameStat_Extra_None),Value=5))","","1000","100","100","True","True","-1","0","False"
"2003042000","[SET-][나이트]일반 한손검 티어 Tier2","LOCTABLE(""/Game/GameData/String_Main.String_Main"", ""Item_Name_2003042000"")","""/Game/Textures/Icons/Equip/Sword/T_Knight_Sword_Common_02.T_Knight_Sword_Common_02""","None","""/Game/Characters/MC/Weapon/Knight/SKM_MC_Kni_M_Sword_Common_02.SKM_MC_Kni_M_Sword_Common_02""","None","""/Game/Blueprints/Actors/ItemDropMesh/BP_DropitemMesh_Base.BP_DropitemMesh_Base_C""","LOCTABLE(""/Game/GameData/String_Main.String_Main"", ""Item_Desc_2003042000"")","EItemType_Weapon","EItemDetailType_Weapon_Sword","EItemTagType_NormalItem","EUniversalGrade_Common","True","True","False","True","True","True","False","True","True","True","True","(GameDataType=EGameDataTable_ItemEnhance,Key=1,Name=""강화테이블_무기"")","True","12","6","0","390","39","1","1","ECharacterJobClass_Knight","1","999","25","((GameDataType=EGameDataTable_PortalSpot,Key=1001052,Name=""Emberforge_Hunt_WM_01""),(GameDataType=EGameDataTable_PortalSpot,Key=1001053,Name=""Emberforge_Hunt_WM_02""),(GameDataType=EGameDataTable_PortalSpot,Key=1001054,Name=""Emberforge_Hunt_WM_03""),(GameDataType=EGameDataTable_PortalSpot,Key=1002052,Name=""Eisvan_Hunt_WM_01""),(GameDataType=EGameDataTable_PortalSpot,Key=1002053,Name=""Eisvan_Hunt_WM_02""),(GameDataType=EGameDataTable_PortalSpot,Key=1002054,Name=""Eisvan_Hunt_WM_03""),(GameDataType=EGameDataTable_PortalSpot,Key=1003051,Name=""Ulgar_Hunt_WM_01""),(GameDataType=EGameDataTable_PortalSpot,Key=1003052,Name=""Ulgar_Hunt_WM_02""),(GameDataType=EGameDataTable_PortalSpot,Key=1003053,Name=""Ulgar_Hunt_WM_03""))","((GameDataType=EGameDataTable_CraftList,Key=2,Name=""용병의 검""))","(Type=-,GameDataType=EGameDataTable_ItemSettingType,Key=0,Name=""None"")","(GameDataType=EGameDataTable_ItemSetOption,Key=0,Name=""None"")","((Stat=(StatType=EGameStatType_Attack,AttackStat=EGameStat_Attack_Damage,DefenseStat=EGameStat_Defense_None,ExtraStat=EGameStat_Extra_None),Value=9),(Stat=(StatType=EGameStatType_Attack,AttackStat=EGameStat_Attack_DamageWeapon,DefenseStat=EGameStat_Defense_None,ExtraStat=EGameStat_Extra_None),Value=5),(Stat=(StatType=EGameStatType_Attack,AttackStat=EGameStat_Attack_Accuracy,DefenseStat=EGameStat_Defense_None,ExtraStat=EGameStat_Extra_None),Value=9),(Stat=(StatType=EGameStatType_Attack,AttackStat=EGameStat_Attack_CriticalChanceMelee,DefenseStat=EGameStat_Defense_None,ExtraStat=EGameStat_Extra_None),Value=10),(Stat=(StatType=EGameStatType_Attack,AttackStat=EGameStat_Attack_DoubleChance,DefenseStat=EGameStat_Defense_None,ExtraStat=EGameStat_Extra_None),Value=5))","","1000","100","100","True","True","-1","0","False"
"2003141000","[SET-][나이트]고급 한손검 티어 Tier1","LOCTABLE(""/Game/GameData/String_Main.String_Main"", ""Item_Name_2003141000"")","""/Game/Textures/Icons/Equip/Sword/T_Knight_Sword_Rare_01.T_Knight_Sword_Rare_01""","None","""/Game/Characters/MC/Weapon/Knight/SKM_MC_Kni_M_Sword_Rare_01.SKM_MC_Kni_M_Sword_Rare_01""","None","""/Game/Blueprints/Actors/ItemDropMesh/BP_DropitemMesh_Base.BP_DropitemMesh_Base_C""","LOCTABLE(""/Game/GameData/String_Main.String_Main"", ""Item_Desc_2003141000"")","EItemType_Weapon","EItemDetailType_Weapon_Sword","EItemTagType_NormalItem","EUniversalGrade_Rare","True","True","False","True","True","True","False","True","True","True","True","(GameDataType=EGameDataTable_ItemEnhance,Key=1,Name=""강화테이블_무기"")","True","12","6","0","1440","144","1","1","ECharacterJobClass_Knight","1","999","25","((GameDataType=EGameDataTable_PortalSpot,Key=1001052,Name=""Emberforge_Hunt_WM_01""),(GameDataType=EGameDataTable_PortalSpot,Key=1001053,Name=""Emberforge_Hunt_WM_02""),(GameDataType=EGameDataTable_PortalSpot,Key=1001054,Name=""Emberforge_Hunt_WM_03""),(GameDataType=EGameDataTable_PortalSpot,Key=1002052,Name=""Eisvan_Hunt_WM_01""),(GameDataType=EGameDataTable_PortalSpot,Key=1002053,Name=""Eisvan_Hunt_WM_02""),(GameDataType=EGameDataTable_PortalSpot,Key=1002054,Name=""Eisvan_Hunt_WM_03""),(GameDataType=EGameDataTable_PortalSpot,Key=1003051,Name=""Ulgar_Hunt_WM_01""),(GameDataType=EGameDataTable_PortalSpot,Key=1003052,Name=""Ulgar_Hunt_WM_02""),(GameDataType=EGameDataTable_PortalSpot,Key=1003053,Name=""Ulgar_Hunt_WM_03""))","((GameDataType=EGameDataTable_CraftList,Key=3,Name=""숙련 모험가의 검""))","(Type=-,GameDataType=EGameDataTable_ItemSettingType,Key=0,Name=""None"")","(GameDataType=EGameDataTable_ItemSetOption,Key=0,Name=""None"")","((Stat=(StatType=EGameStatType_Attack,AttackStat=EGameStat_Attack_Damage,DefenseStat=EGameStat_Defense_None,ExtraStat=EGameStat_Extra_None),Value=15),(Stat=(StatType=EGameStatType_Attack,AttackStat=EGameStat_Attack_DamageWeapon,DefenseStat=EGameStat_Defense_None,ExtraStat=EGameStat_Extra_None),Value=7),(Stat=(StatType=EGameStatType_Attack,AttackStat=EGameStat_Attack_Accuracy,DefenseStat=EGameStat_Defense_None,ExtraStat=EGameStat_Extra_None),Value=14),(Stat=(StatType=EGameStatType_Attack,AttackStat=EGameStat_Attack_CriticalChanceMelee,DefenseStat=EGameStat_Defense_None,ExtraStat=EGameStat_Extra_None),Value=10),(Stat=(StatType=EGameStatType_Attack,AttackStat=EGameStat_Attack_DoubleChance,DefenseStat=EGameStat_Defense_None,ExtraStat=EGameStat_Extra_None),Value=10),(Stat=(StatType=EGameStatType_Attack,AttackStat=EGameStat_Attack_BonusDamage,DefenseStat=EGameStat_Defense_None,ExtraStat=EGameStat_Extra_None),Value=4))","","1000","100","100","True","True","-1","0","False"
"2003142000","[SET-][나이트]고급 한손검 티어 Tier2","LOCTABLE(""/Game/GameData/String_Main.String_Main"", ""Item_Name_2003142000"")","""/Game/Textures/Icons/Equip/Sword/T_Knight_Sword_Rare_02.T_Knight_Sword_Rare_02""","None","""/Game/Characters/MC/Weapon/Knight/SKM_MC_Kni_M_Sword_Rare_02.SKM_MC_Kni_M_Sword_Rare_02""","None","""/Game/Blueprints/Actors/ItemDropMesh/BP_DropitemMesh_Base.BP_DropitemMesh_Base_C""","LOCTABLE(""/Game/GameData/String_Main.String_Main"", ""Item_Desc_2003142000"")","EItemType_Weapon","EItemDetailType_Weapon_Sword","EItemTagType_NormalItem","EUniversalGrade_Rare","True","True","False","True","True","True","False","True","True","True","True","(GameDataType=EGameDataTable_ItemEnhance,Key=1,Name=""강화테이블_무기"")","True","12","6","0","1870","187","1","1","ECharacterJobClass_Knight","1","999","25","((GameDataType=EGameDataTable_PortalSpot,Key=1001052,Name=""Emberforge_Hunt_WM_01""),(GameDataType=EGameDataTable_PortalSpot,Key=1001053,Name=""Emberforge_Hunt_WM_02""),(GameDataType=EGameDataTable_PortalSpot,Key=1001054,Name=""Emberforge_Hunt_WM_03""),(GameDataType=EGameDataTable_PortalSpot,Key=1002052,Name=""Eisvan_Hunt_WM_01""),(GameDataType=EGameDataTable_PortalSpot,Key=1002053,Name=""Eisvan_Hunt_WM_02""),(GameDataType=EGameDataTable_PortalSpot,Key=1002054,Name=""Eisvan_Hunt_WM_03""),(GameDataType=EGameDataTable_PortalSpot,Key=1003051,Name=""Ulgar_Hunt_WM_01""),(GameDataType=EGameDataTable_PortalSpot,Key=1003052,Name=""Ulgar_Hunt_WM_02""),(GameDataType=EGameDataTable_PortalSpot,Key=1003053,Name=""Ulgar_Hunt_WM_03""))","((GameDataType=EGameDataTable_CraftList,Key=4,Name=""숙련 용병의 검""))","(Type=-,GameDataType=EGameDataTable_ItemSettingType,Key=0,Name=""None"")","(GameDataType=EGameDataTable_ItemSetOption,Key=0,Name=""None"")","((Stat=(StatType=EGameStatType_Attack,AttackStat=EGameStat_Attack_Damage,DefenseStat=EGameStat_Defense_None,ExtraStat=EGameStat_Extra_None),Value=17),(Stat=(StatType=EGameStatType_Attack,AttackStat=EGameStat_Attack_DamageWeapon,DefenseStat=EGameStat_Defense_None,ExtraStat=EGameStat_Extra_None),Value=8),(Stat=(StatType=EGameStatType_Attack,AttackStat=EGameStat_Attack_Accuracy,DefenseStat=EGameStat_Defense_None,ExtraStat=EGameStat_Extra_None),Value=17),(Stat=(StatType=EGameStatType_Attack,AttackStat=EGameStat_Attack_CriticalChanceMelee,DefenseStat=EGameStat_Defense_None,ExtraStat=EGameStat_Extra_None),Value=10),(Stat=(StatType=EGameStatType_Attack,AttackStat=EGameStat_Attack_DoubleChance,DefenseStat=EGameStat_Defense_None,ExtraStat=EGameStat_Extra_None),Value=10),(Stat=(StatType=EGameStatType_Attack,AttackStat=EGameStat_Attack_BonusDamage,DefenseStat=EGameStat_Defense_None,ExtraStat=EGameStat_Extra_None),Value=4),(Stat=(StatType=EGameStatType_Attack,AttackStat=EGameStat_Attack_BonusDamageCritical,DefenseStat=EGameStat_Defense_None,ExtraStat=EGameStat_Extra_None),Value=3))","","1000","100","100","True","True","-1","0","False"
"2003143000","[SET-][나이트]고급 한손검 티어 Tier3","LOCTABLE(""/Game/GameData/String_Main.String_Main"", ""Item_Name_2003143000"")","""/Game/Textures/Icons/Equip/Sword/T_Knight_Sword_Rare_03.T_Knight_Sword_Rare_03""","None","""/Game/Characters/MC/Weapon/Knight/SKM_MC_Kni_M_Sword_Rare_03.SKM_MC_Kni_M_Sword_Rare_03""","None","""/Game/Blueprints/Actors/ItemDropMesh/BP_DropitemMesh_Base.BP_DropitemMesh_Base_C""","LOCTABLE(""/Game/GameData/String_Main.String_Main"", ""Item_Desc_2003143000"")","EItemType_Weapon","EItemDetailType_Weapon_Sword","EItemTagType_NormalItem","EUniversalGrade_Rare","True","True","False","True","True","True","False","True","True","True","True","(GameDataType=EGameDataTable_ItemEnhance,Key=1,Name=""강화테이블_무기"")","True","12","6","0","2160","216","1","1","ECharacterJobClass_Knight","1","999","25","((GameDataType=EGameDataTable_PortalSpot,Key=1001052,Name=""Emberforge_Hunt_WM_01""),(GameDataType=EGameDataTable_PortalSpot,Key=1001053,Name=""Emberforge_Hunt_WM_02""),(GameDataType=EGameDataTable_PortalSpot,Key=1001054,Name=""Emberforge_Hunt_WM_03""),(GameDataType=EGameDataTable_PortalSpot,Key=1002052,Name=""Eisvan_Hunt_WM_01""),(GameDataType=EGameDataTable_PortalSpot,Key=1002053,Name=""Eisvan_Hunt_WM_02""),(GameDataType=EGameDataTable_PortalSpot,Key=1002054,Name=""Eisvan_Hunt_WM_03""),(GameDataType=EGameDataTable_PortalSpot,Key=1003051,Name=""Ulgar_Hunt_WM_01""),(GameDataType=EGameDataTable_PortalSpot,Key=1003052,Name=""Ulgar_Hunt_WM_02""),(GameDataType=EGameDataTable_PortalSpot,Key=1003053,Name=""Ulgar_Hunt_WM_03""))","((GameDataType=EGameDataTable_CraftList,Key=5,Name=""숙련 전사의 검""))","(Type=-,GameDataType=EGameDataTable_ItemSettingType,Key=0,Name=""None"")","(GameDataType=EGameDataTable_ItemSetOption,Key=0,Name=""None"")","((Stat=(StatType=EGameStatType_Attack,AttackStat=EGameStat_Attack_Damage,DefenseStat=EGameStat_Defense_None,ExtraStat=EGameStat_Extra_None),Value=19),(Stat=(StatType=EGameStatType_Attack,AttackStat=EGameStat_Attack_DamageWeapon,DefenseStat=EGameStat_Defense_None,ExtraStat=EGameStat_Extra_None),Value=9),(Stat=(StatType=EGameStatType_Attack,AttackStat=EGameStat_Attack_Accuracy,DefenseStat=EGameStat_Defense_None,ExtraStat=EGameStat_Extra_None),Value=20),(Stat=(StatType=EGameStatType_Attack,AttackStat=EGameStat_Attack_CriticalChanceMelee,DefenseStat=EGameStat_Defense_None,ExtraStat=EGameStat_Extra_None),Value=10),(Stat=(StatType=EGameStatType_Attack,AttackStat=EGameStat_Attack_DoubleChance,DefenseStat=EGameStat_Defense_None,ExtraStat=EGameStat_Extra_None),Value=10),(Stat=(StatType=EGameStatType_Attack,AttackStat=EGameStat_Attack_BonusDamage,DefenseStat=EGameStat_Defense_None,ExtraStat=EGameStat_Extra_None),Value=7))","","1000","100","100","True","True","-1","0","False"
"2003241000","[SET-][나이트]희귀 한손검 티어 Tier1","LOCTABLE(""/Game/GameData/String_Main.String_Main"", ""Item_Name_2003241000"")","""/Game/Textures/Icons/Equip/Sword/T_Knight_Sword_Unique_01.T_Knight_Sword_Unique_01""","None","""/Game/Characters/MC/Weapon/Knight/SKM_MC_Kni_M_Sword_Unique_01.SKM_MC_Kni_M_Sword_Unique_01""","None","""/Game/Blueprints/Actors/ItemDropMesh/BP_DropitemMesh_Base.BP_DropitemMesh_Base_C""","LOCTABLE(""/Game/GameData/String_Main.String_Main"", ""Item_Desc_2003241000"")","EItemType_Weapon","EItemDetailType_Weapon_Sword","EItemTagType_NormalItem","EUniversalGrade_Unique","True","True","False","True","True","True","False","True","True","True","True","(GameDataType=EGameDataTable_ItemEnhance,Key=1,Name=""강화테이블_무기"")","True","12","6","0","13820","1382","1","1","ECharacterJobClass_Knight","1","999","25","((GameDataType=EGameDataTable_PortalSpot,Key=1001052,Name=""Emberforge_Hunt_WM_01""),(GameDataType=EGameDataTable_PortalSpot,Key=1001053,Name=""Emberforge_Hunt_WM_02""),(GameDataType=EGameDataTable_PortalSpot,Key=1001054,Name=""Emberforge_Hunt_WM_03""),(GameDataType=EGameDataTable_PortalSpot,Key=1002052,Name=""Eisvan_Hunt_WM_01""),(GameDataType=EGameDataTable_PortalSpot,Key=1002053,Name=""Eisvan_Hunt_WM_02""),(GameDataType=EGameDataTable_PortalSpot,Key=1002054,Name=""Eisvan_Hunt_WM_03""),(GameDataType=EGameDataTable_PortalSpot,Key=1003051,Name=""Ulgar_Hunt_WM_01""),(GameDataType=EGameDataTable_PortalSpot,Key=1003052,Name=""Ulgar_Hunt_WM_02""),(GameDataType=EGameDataTable_PortalSpot,Key=1003053,Name=""Ulgar_Hunt_WM_03""))","((GameDataType=EGameDataTable_CraftList,Key=6,Name=""정예 모험가의 검""))","(Type=-,GameDataType=EGameDataTable_ItemSettingType,Key=0,Name=""None"")","(GameDataType=EGameDataTable_ItemSetOption,Key=0,Name=""None"")","((Stat=(StatType=EGameStatType_Attack,AttackStat=EGameStat_Attack_Damage,DefenseStat=EGameStat_Defense_None,ExtraStat=EGameStat_Extra_None),Value=24),(Stat=(StatType=EGameStatType_Attack,AttackStat=EGameStat_Attack_DamageWeapon,DefenseStat=EGameStat_Defense_None,ExtraStat=EGameStat_Extra_None),Value=12),(Stat=(StatType=EGameStatType_Attack,AttackStat=EGameStat_Attack_Accuracy,DefenseStat=EGameStat_Defense_None,ExtraStat=EGameStat_Extra_None),Value=30),(Stat=(StatType=EGameStatType_Attack,AttackStat=EGameStat_Attack_CriticalChanceMelee,DefenseStat=EGameStat_Defense_None,ExtraStat=EGameStat_Extra_None),Value=17),(Stat=(StatType=EGameStatType_Attack,AttackStat=EGameStat_Attack_DoubleChance,DefenseStat=EGameStat_Defense_None,ExtraStat=EGameStat_Extra_None),Value=10),(Stat=(StatType=EGameStatType_Attack,AttackStat=EGameStat_Attack_BonusDamage,DefenseStat=EGameStat_Defense_None,ExtraStat=EGameStat_Extra_None),Value=9))","","1000","100","100","True","True","-1","0","False"
"2003242000","[SET-][나이트]희귀 한손검 티어 Tier2","LOCTABLE(""/Game/GameData/String_Main.String_Main"", ""Item_Name_2003242000"")","""/Game/Textures/Icons/Equip/Sword/T_Knight_Sword_Unique_02.T_Knight_Sword_Unique_02""","None","""/Game/Characters/MC/Weapon/Knight/SKM_MC_Kni_M_Sword_Unique_02.SKM_MC_Kni_M_Sword_Unique_02""","None","""/Game/Blueprints/Actors/ItemDropMesh/BP_DropitemMesh_Base.BP_DropitemMesh_Base_C""","LOCTABLE(""/Game/GameData/String_Main.String_Main"", ""Item_Desc_2003242000"")","EItemType_Weapon","EItemDetailType_Weapon_Sword","EItemTagType_NormalItem","EUniversalGrade_Unique","True","True","False","True","True","True","False","True","True","True","True","(GameDataType=EGameDataTable_ItemEnhance,Key=1,Name=""강화테이블_무기"")","True","12","6","0","17970","1797","1","1","ECharacterJobClass_Knight","1","999","25","((GameDataType=EGameDataTable_PortalSpot,Key=1001052,Name=""Emberforge_Hunt_WM_01""),(GameDataType=EGameDataTable_PortalSpot,Key=1001053,Name=""Emberforge_Hunt_WM_02""),(GameDataType=EGameDataTable_PortalSpot,Key=1001054,Name=""Emberforge_Hunt_WM_03""),(GameDataType=EGameDataTable_PortalSpot,Key=1002052,Name=""Eisvan_Hunt_WM_01""),(GameDataType=EGameDataTable_PortalSpot,Key=1002053,Name=""Eisvan_Hunt_WM_02""),(GameDataType=EGameDataTable_PortalSpot,Key=1002054,Name=""Eisvan_Hunt_WM_03""),(GameDataType=EGameDataTable_PortalSpot,Key=1003051,Name=""Ulgar_Hunt_WM_01""),(GameDataType=EGameDataTable_PortalSpot,Key=1003052,Name=""Ulgar_Hunt_WM_02""),(GameDataType=EGameDataTable_PortalSpot,Key=1003053,Name=""Ulgar_Hunt_WM_03""))","((GameDataType=EGameDataTable_CraftList,Key=7,Name=""정예 용병의 검""))","(Type=-,GameDataType=EGameDataTable_ItemSettingType,Key=0,Name=""None"")","(GameDataType=EGameDataTable_ItemSetOption,Key=0,Name=""None"")","((Stat=(StatType=EGameStatType_Attack,AttackStat=EGameStat_Attack_Damage,DefenseStat=EGameStat_Defense_None,ExtraStat=EGameStat_Extra_None),Value=26),(Stat=(StatType=EGameStatType_Attack,AttackStat=EGameStat_Attack_DamageWeapon,DefenseStat=EGameStat_Defense_None,ExtraStat=EGameStat_Extra_None),Value=13),(Stat=(StatType=EGameStatType_Attack,AttackStat=EGameStat_Attack_Accuracy,DefenseStat=EGameStat_Defense_None,ExtraStat=EGameStat_Extra_None),Value=33),(Stat=(StatType=EGameStatType_Attack,AttackStat=EGameStat_Attack_CriticalChanceMelee,DefenseStat=EGameStat_Defense_None,ExtraStat=EGameStat_Extra_None),Value=17),(Stat=(StatType=EGameStatType_Attack,AttackStat=EGameStat_Attack_DoubleChance,DefenseStat=EGameStat_Defense_None,ExtraStat=EGameStat_Extra_None),Value=10),(Stat=(StatType=EGameStatType_Attack,AttackStat=EGameStat_Attack_BonusDamage,DefenseStat=EGameStat_Defense_None,ExtraStat=EGameStat_Extra_None),Value=9),(Stat=(StatType=EGameStatType_Attack,AttackStat=EGameStat_Attack_BonusDamageCritical,DefenseStat=EGameStat_Defense_None,ExtraStat=EGameStat_Extra_None),Value=3))","","1000","100","100","True","True","-1","0","False"
"2003243000","[SET-][나이트]희귀 한손검 티어 Tier3","LOCTABLE(""/Game/GameData/String_Main.String_Main"", ""Item_Name_2003243000"")","""/Game/Textures/Icons/Equip/Sword/T_Knight_Sword_Unique_03.T_Knight_Sword_Unique_03""","None","""/Game/Characters/MC/Weapon/Knight/SKM_MC_Kni_M_Sword_Unique_03.SKM_MC_Kni_M_Sword_Unique_03""","None","""/Game/Blueprints/Actors/ItemDropMesh/BP_DropitemMesh_Base.BP_DropitemMesh_Base_C""","LOCTABLE(""/Game/GameData/String_Main.String_Main"", ""Item_Desc_2003243000"")","EItemType_Weapon","EItemDetailType_Weapon_Sword","EItemTagType_NormalItem","EUniversalGrade_Unique","True","True","False","True","True","True","False","True","True","False","True","(GameDataType=EGameDataTable_ItemEnhance,Key=1,Name=""강화테이블_무기"")","True","12","6","0","20730","2073","1","1","ECharacterJobClass_Knight","1","999","25","((GameDataType=EGameDataTable_PortalSpot,Key=1001052,Name=""Emberforge_Hunt_WM_01""),(GameDataType=EGameDataTable_PortalSpot,Key=1001053,Name=""Emberforge_Hunt_WM_02""),(GameDataType=EGameDataTable_PortalSpot,Key=1001054,Name=""Emberforge_Hunt_WM_03""),(GameDataType=EGameDataTable_PortalSpot,Key=1002052,Name=""Eisvan_Hunt_WM_01""),(GameDataType=EGameDataTable_PortalSpot,Key=1002053,Name=""Eisvan_Hunt_WM_02""),(GameDataType=EGameDataTable_PortalSpot,Key=1002054,Name=""Eisvan_Hunt_WM_03""),(GameDataType=EGameDataTable_PortalSpot,Key=1003051,Name=""Ulgar_Hunt_WM_01""),(GameDataType=EGameDataTable_PortalSpot,Key=1003052,Name=""Ulgar_Hunt_WM_02""),(GameDataType=EGameDataTable_PortalSpot,Key=1003053,Name=""Ulgar_Hunt_WM_03""))","((GameDataType=EGameDataTable_CraftList,Key=8,Name=""정예 전사의 검""))","(Type=-,GameDataType=EGameDataTable_ItemSettingType,Key=0,Name=""None"")","(GameDataType=EGameDataTable_ItemSetOption,Key=0,Name=""None"")","((Stat=(StatType=EGameStatType_Attack,AttackStat=EGameStat_Attack_Damage,DefenseStat=EGameStat_Defense_None,ExtraStat=EGameStat_Extra_None),Value=28),(Stat=(StatType=EGameStatType_Attack,AttackStat=EGameStat_Attack_DamageWeapon,DefenseStat=EGameStat_Defense_None,ExtraStat=EGameStat_Extra_None),Value=14),(Stat=(StatType=EGameStatType_Attack,AttackStat=EGameStat_Attack_Accuracy,DefenseStat=EGameStat_Defense_None,ExtraStat=EGameStat_Extra_None),Value=36),(Stat=(StatType=EGameStatType_Attack,AttackStat=EGameStat_Attack_CriticalChanceMelee,DefenseStat=EGameStat_Defense_None,ExtraStat=EGameStat_Extra_None),Value=17),(Stat=(StatType=EGameStatType_Attack,AttackStat=EGameStat_Attack_DoubleChance,DefenseStat=EGameStat_Defense_None,ExtraStat=EGameStat_Extra_None),Value=10),(Stat=(StatType=EGameStatType_Attack,AttackStat=EGameStat_Attack_BonusDamage,DefenseStat=EGameStat_Defense_None,ExtraStat=EGameStat_Extra_None),Value=12))","","1000","100","100","True","True","-1","0","False"
"2003341000","[SET-][나이트]영웅 한손검 티어 Tier1","LOCTABLE(""/Game/GameData/String_Main.String_Main"", ""Item_Name_2003341000"")","""/Game/Textures/Icons/Equip/Sword/T_Knight_Sword_Epic_01.T_Knight_Sword_Epic_01""","None","""/Game/Characters/MC/Weapon/Knight/SKM_MC_Kni_M_Sword_Epic_01.SKM_MC_Kni_M_Sword_Epic_01""","None","""/Game/Blueprints/Actors/ItemDropMesh/BP_DropitemMesh_Base.BP_DropitemMesh_Base_C""","LOCTABLE(""/Game/GameData/String_Main.String_Main"", ""Item_Desc_2003341000"")","EItemType_Weapon","EItemDetailType_Weapon_Sword","EItemTagType_NormalItem","EUniversalGrade_Epic","True","True","False","True","True","True","False","True","True","False","True","(GameDataType=EGameDataTable_ItemEnhance,Key=1,Name=""강화테이블_무기"")","True","12","6","0","262650","26265","1","1","ECharacterJobClass_Knight","1","999","25","((GameDataType=EGameDataTable_PortalSpot,Key=1001052,Name=""Emberforge_Hunt_WM_01""),(GameDataType=EGameDataTable_PortalSpot,Key=1001053,Name=""Emberforge_Hunt_WM_02""),(GameDataType=EGameDataTable_PortalSpot,Key=1001054,Name=""Emberforge_Hunt_WM_03""),(GameDataType=EGameDataTable_PortalSpot,Key=1002052,Name=""Eisvan_Hunt_WM_01""),(GameDataType=EGameDataTable_PortalSpot,Key=1002053,Name=""Eisvan_Hunt_WM_02""),(GameDataType=EGameDataTable_PortalSpot,Key=1002054,Name=""Eisvan_Hunt_WM_03""),(GameDataType=EGameDataTable_PortalSpot,Key=1003051,Name=""Ulgar_Hunt_WM_01""),(GameDataType=EGameDataTable_PortalSpot,Key=1003052,Name=""Ulgar_Hunt_WM_02""),(GameDataType=EGameDataTable_PortalSpot,Key=1003053,Name=""Ulgar_Hunt_WM_03""))","((GameDataType=EGameDataTable_CraftList,Key=9,Name=""지휘관의 검""))","(Type=-,GameDataType=EGameDataTable_ItemSettingType,Key=0,Name=""None"")","(GameDataType=EGameDataTable_ItemSetOption,Key=0,Name=""None"")","((Stat=(StatType=EGameStatType_Attack,AttackStat=EGameStat_Attack_Damage,DefenseStat=EGameStat_Defense_None,ExtraStat=EGameStat_Extra_None),Value=40),(Stat=(StatType=EGameStatType_Attack,AttackStat=EGameStat_Attack_DamageWeapon,DefenseStat=EGameStat_Defense_None,ExtraStat=EGameStat_Extra_None),Value=19),(Stat=(StatType=EGameStatType_Attack,AttackStat=EGameStat_Attack_Accuracy,DefenseStat=EGameStat_Defense_None,ExtraStat=EGameStat_Extra_None),Value=47),(Stat=(StatType=EGameStatType_Attack,AttackStat=EGameStat_Attack_CriticalChanceMelee,DefenseStat=EGameStat_Defense_None,ExtraStat=EGameStat_Extra_None),Value=25),(Stat=(StatType=EGameStatType_Attack,AttackStat=EGameStat_Attack_DoubleChance,DefenseStat=EGameStat_Defense_None,ExtraStat=EGameStat_Extra_None),Value=15),(Stat=(StatType=EGameStatType_Attack,AttackStat=EGameStat_Attack_BonusDamage,DefenseStat=EGameStat_Defense_None,ExtraStat=EGameStat_Extra_None),Value=17),(Stat=(StatType=EGameStatType_Attack,AttackStat=EGameStat_Attack_DamageBoostSkill,DefenseStat=EGameStat_Defense_None,ExtraStat=EGameStat_Extra_None),Value=10))","","1000","100","100","True","True","-1","0","False"
"2004041000","[SET-][나이트]일반 대검 티어 Tier1","LOCTABLE(""/Game/GameData/String_Main.String_Main"", ""Item_Name_2004041000"")","""/Game/Textures/Icons/Equip/GreatSword/T_Knight_GreatSword_Common_01.T_Knight_GreatSword_Common_01""","None","""/Game/Characters/MC/Weapon/Knight/SKM_MC_Kni_M_Greatsword_Common_01.SKM_MC_Kni_M_Greatsword_Common_01""","None","""/Game/Blueprints/Actors/ItemDropMesh/BP_DropitemMesh_Base.BP_DropitemMesh_Base_C""","LOCTABLE(""/Game/GameData/String_Main.String_Main"", ""Item_Desc_2004041000"")","EItemType_Weapon","EItemDetailType_Weapon_GreatSword","EItemTagType_NormalItem","EUniversalGrade_Common","True","True","False","True","True","True","False","True","True","True","True","(GameDataType=EGameDataTable_ItemEnhance,Key=1,Name=""강화테이블_무기"")","True","12","6","0","300","30","1","1","ECharacterJobClass_Knight","1","999","25","((GameDataType=EGameDataTable_PortalSpot,Key=1001052,Name=""Emberforge_Hunt_WM_01""),(GameDataType=EGameDataTable_PortalSpot,Key=1001053,Name=""Emberforge_Hunt_WM_02""),(GameDataType=EGameDataTable_PortalSpot,Key=1001054,Name=""Emberforge_Hunt_WM_03""),(GameDataType=EGameDataTable_PortalSpot,Key=1002052,Name=""Eisvan_Hunt_WM_01""),(GameDataType=EGameDataTable_PortalSpot,Key=1002053,Name=""Eisvan_Hunt_WM_02""),(GameDataType=EGameDataTable_PortalSpot,Key=1002054,Name=""Eisvan_Hunt_WM_03""),(GameDataType=EGameDataTable_PortalSpot,Key=1003051,Name=""Ulgar_Hunt_WM_01""),(GameDataType=EGameDataTable_PortalSpot,Key=1003052,Name=""Ulgar_Hunt_WM_02""),(GameDataType=EGameDataTable_PortalSpot,Key=1003053,Name=""Ulgar_Hunt_WM_03""))","((GameDataType=EGameDataTable_CraftList,Key=10,Name=""초심자의 대검""),(GameDataType=EGameDataTable_CraftList,Key=10006,Name=""레시피 상호참조 1 (한손검 -> 대검)""))","(Type=-,GameDataType=EGameDataTable_ItemSettingType,Key=0,Name=""None"")","(GameDataType=EGameDataTable_ItemSetOption,Key=0,Name=""None"")","((Stat=(StatType=EGameStatType_Attack,AttackStat=EGameStat_Attack_Damage,DefenseStat=EGameStat_Defense_None,ExtraStat=EGameStat_Extra_None),Value=9),(Stat=(StatType=EGameStatType_Attack,AttackStat=EGameStat_Attack_DamageWeapon,DefenseStat=EGameStat_Defense_None,ExtraStat=EGameStat_Extra_None),Value=5),(Stat=(StatType=EGameStatType_Attack,AttackStat=EGameStat_Attack_Accuracy,DefenseStat=EGameStat_Defense_None,ExtraStat=EGameStat_Extra_None),Value=3),(Stat=(StatType=EGameStatType_Attack,AttackStat=EGameStat_Attack_CriticalChanceMelee,DefenseStat=EGameStat_Defense_None,ExtraStat=EGameStat_Extra_None),Value=5),(Stat=(StatType=EGameStatType_Attack,AttackStat=EGameStat_Attack_DoubleChance,DefenseStat=EGameStat_Defense_None,ExtraStat=EGameStat_Extra_None),Value=5))","","1000","100","100","True","True","0","3","False"
"2004042000","[SET-][나이트]일반 대검 티어 Tier2","LOCTABLE(""/Game/GameData/String_Main.String_Main"", ""Item_Name_2004042000"")","""/Game/Textures/Icons/Equip/GreatSword/T_Knight_GreatSword_Common_02.T_Knight_GreatSword_Common_02""","None","""/Game/Characters/MC/Weapon/Knight/SKM_MC_KNI_M_GreatSword_Common_02.SKM_MC_KNI_M_GreatSword_Common_02""","None","""/Game/Blueprints/Actors/ItemDropMesh/BP_DropitemMesh_Base.BP_DropitemMesh_Base_C""","LOCTABLE(""/Game/GameData/String_Main.String_Main"", ""Item_Desc_2004042000"")","EItemType_Weapon","EItemDetailType_Weapon_GreatSword","EItemTagType_NormalItem","EUniversalGrade_Common","True","True","False","True","True","True","False","True","True","True","True","(GameDataType=EGameDataTable_ItemEnhance,Key=1,Name=""강화테이블_무기"")","True","12","6","0","390","39","1","1","ECharacterJobClass_Knight","1","999","25","((GameDataType=EGameDataTable_PortalSpot,Key=1001052,Name=""Emberforge_Hunt_WM_01""),(GameDataType=EGameDataTable_PortalSpot,Key=1001053,Name=""Emberforge_Hunt_WM_02""),(GameDataType=EGameDataTable_PortalSpot,Key=1001054,Name=""Emberforge_Hunt_WM_03""),(GameDataType=EGameDataTable_PortalSpot,Key=1002052,Name=""Eisvan_Hunt_WM_01""),(GameDataType=EGameDataTable_PortalSpot,Key=1002053,Name=""Eisvan_Hunt_WM_02""),(GameDataType=EGameDataTable_PortalSpot,Key=1002054,Name=""Eisvan_Hunt_WM_03""),(GameDataType=EGameDataTable_PortalSpot,Key=1003051,Name=""Ulgar_Hunt_WM_01""),(GameDataType=EGameDataTable_PortalSpot,Key=1003052,Name=""Ulgar_Hunt_WM_02""),(GameDataType=EGameDataTable_PortalSpot,Key=1003053,Name=""Ulgar_Hunt_WM_03""))","((GameDataType=EGameDataTable_CraftList,Key=11,Name=""용병의 대검""))","(Type=-,GameDataType=EGameDataTable_ItemSettingType,Key=0,Name=""None"")","(GameDataType=EGameDataTable_ItemSetOption,Key=0,Name=""None"")","((Stat=(StatType=EGameStatType_Attack,AttackStat=EGameStat_Attack_Damage,DefenseStat=EGameStat_Defense_None,ExtraStat=EGameStat_Extra_None),Value=11),(Stat=(StatType=EGameStatType_Attack,AttackStat=EGameStat_Attack_DamageWeapon,DefenseStat=EGameStat_Defense_None,ExtraStat=EGameStat_Extra_None),Value=6),(Stat=(StatType=EGameStatType_Attack,AttackStat=EGameStat_Attack_Accuracy,DefenseStat=EGameStat_Defense_None,ExtraStat=EGameStat_Extra_None),Value=5),(Stat=(StatType=EGameStatType_Attack,AttackStat=EGameStat_Attack_CriticalChanceMelee,DefenseStat=EGameStat_Defense_None,ExtraStat=EGameStat_Extra_None),Value=5),(Stat=(StatType=EGameStatType_Attack,AttackStat=EGameStat_Attack_DoubleChance,DefenseStat=EGameStat_Defense_None,ExtraStat=EGameStat_Extra_None),Value=5))","","1000","100","100","True","True","0","3","False"
"2004141000","[SET-][나이트]고급 대검 티어 Tier1","LOCTABLE(""/Game/GameData/String_Main.String_Main"", ""Item_Name_2004141000"")","""/Game/Textures/Icons/Equip/GreatSword/T_Knight_GreatSword_Rare_01.T_Knight_GreatSword_Rare_01""","None","""/Game/Characters/MC/Weapon/Knight/SKM_MC_KNI_M_GreatSword_Rare_01.SKM_MC_KNI_M_GreatSword_Rare_01""","None","""/Game/Blueprints/Actors/ItemDropMesh/BP_DropitemMesh_Base.BP_DropitemMesh_Base_C""","LOCTABLE(""/Game/GameData/String_Main.String_Main"", ""Item_Desc_2004141000"")","EItemType_Weapon","EItemDetailType_Weapon_GreatSword","EItemTagType_NormalItem","EUniversalGrade_Rare","True","True","False","True","True","True","False","True","True","True","True","(GameDataType=EGameDataTable_ItemEnhance,Key=1,Name=""강화테이블_무기"")","True","12","6","0","1440","144","1","1","ECharacterJobClass_Knight","1","999","25","((GameDataType=EGameDataTable_PortalSpot,Key=1001052,Name=""Emberforge_Hunt_WM_01""),(GameDataType=EGameDataTable_PortalSpot,Key=1001053,Name=""Emberforge_Hunt_WM_02""),(GameDataType=EGameDataTable_PortalSpot,Key=1001054,Name=""Emberforge_Hunt_WM_03""),(GameDataType=EGameDataTable_PortalSpot,Key=1002052,Name=""Eisvan_Hunt_WM_01""),(GameDataType=EGameDataTable_PortalSpot,Key=1002053,Name=""Eisvan_Hunt_WM_02""),(GameDataType=EGameDataTable_PortalSpot,Key=1002054,Name=""Eisvan_Hunt_WM_03""),(GameDataType=EGameDataTable_PortalSpot,Key=1003051,Name=""Ulgar_Hunt_WM_01""),(GameDataType=EGameDataTable_PortalSpot,Key=1003052,Name=""Ulgar_Hunt_WM_02""),(GameDataType=EGameDataTable_PortalSpot,Key=1003053,Name=""Ulgar_Hunt_WM_03""))","((GameDataType=EGameDataTable_CraftList,Key=12,Name=""숙련 모험가의 대검""))","(Type=-,GameDataType=EGameDataTable_ItemSettingType,Key=0,Name=""None"")","(GameDataType=EGameDataTable_ItemSetOption,Key=0,Name=""None"")","((Stat=(StatType=EGameStatType_Attack,AttackStat=EGameStat_Attack_Damage,DefenseStat=EGameStat_Defense_None,ExtraStat=EGameStat_Extra_None),Value=19),(Stat=(StatType=EGameStatType_Attack,AttackStat=EGameStat_Attack_DamageWeapon,DefenseStat=EGameStat_Defense_None,ExtraStat=EGameStat_Extra_None),Value=9),(Stat=(StatType=EGameStatType_Attack,AttackStat=EGameStat_Attack_Accuracy,DefenseStat=EGameStat_Defense_None,ExtraStat=EGameStat_Extra_None),Value=9),(Stat=(StatType=EGameStatType_Attack,AttackStat=EGameStat_Attack_CriticalChanceMelee,DefenseStat=EGameStat_Defense_None,ExtraStat=EGameStat_Extra_None),Value=5),(Stat=(StatType=EGameStatType_Attack,AttackStat=EGameStat_Attack_DoubleChance,DefenseStat=EGameStat_Defense_None,ExtraStat=EGameStat_Extra_None),Value=10),(Stat=(StatType=EGameStatType_Attack,AttackStat=EGameStat_Attack_BonusDamage,DefenseStat=EGameStat_Defense_None,ExtraStat=EGameStat_Extra_None),Value=4))","","1000","100","100","True","True","0","8","False"
"2004142000","[SET-][나이트]고급 대검 티어 Tier2","LOCTABLE(""/Game/GameData/String_Main.String_Main"", ""Item_Name_2004142000"")","""/Game/Textures/Icons/Equip/GreatSword/T_Knight_GreatSword_Rare_02.T_Knight_GreatSword_Rare_02""","None","""/Game/Characters/MC/Weapon/Knight/SKM_MC_KNI_M_GreatSword_Rare_02.SKM_MC_KNI_M_GreatSword_Rare_02""","None","""/Game/Blueprints/Actors/ItemDropMesh/BP_DropitemMesh_Base.BP_DropitemMesh_Base_C""","LOCTABLE(""/Game/GameData/String_Main.String_Main"", ""Item_Desc_2004142000"")","EItemType_Weapon","EItemDetailType_Weapon_GreatSword","EItemTagType_NormalItem","EUniversalGrade_Rare","True","True","False","True","True","True","False","True","True","True","True","(GameDataType=EGameDataTable_ItemEnhance,Key=1,Name=""강화테이블_무기"")","True","12","6","0","1870","187","1","1","ECharacterJobClass_Knight","1","999","25","((GameDataType=EGameDataTable_PortalSpot,Key=1001052,Name=""Emberforge_Hunt_WM_01""),(GameDataType=EGameDataTable_PortalSpot,Key=1001053,Name=""Emberforge_Hunt_WM_02""),(GameDataType=EGameDataTable_PortalSpot,Key=1001054,Name=""Emberforge_Hunt_WM_03""),(GameDataType=EGameDataTable_PortalSpot,Key=1002052,Name=""Eisvan_Hunt_WM_01""),(GameDataType=EGameDataTable_PortalSpot,Key=1002053,Name=""Eisvan_Hunt_WM_02""),(GameDataType=EGameDataTable_PortalSpot,Key=1002054,Name=""Eisvan_Hunt_WM_03""),(GameDataType=EGameDataTable_PortalSpot,Key=1003051,Name=""Ulgar_Hunt_WM_01""),(GameDataType=EGameDataTable_PortalSpot,Key=1003052,Name=""Ulgar_Hunt_WM_02""),(GameDataType=EGameDataTable_PortalSpot,Key=1003053,Name=""Ulgar_Hunt_WM_03""))","((GameDataType=EGameDataTable_CraftList,Key=13,Name=""숙련 용병의 대검""))","(Type=-,GameDataType=EGameDataTable_ItemSettingType,Key=0,Name=""None"")","(GameDataType=EGameDataTable_ItemSetOption,Key=0,Name=""None"")","((Stat=(StatType=EGameStatType_Attack,AttackStat=EGameStat_Attack_Damage,DefenseStat=EGameStat_Defense_None,ExtraStat=EGameStat_Extra_None),Value=21),(Stat=(StatType=EGameStatType_Attack,AttackStat=EGameStat_Attack_DamageWeapon,DefenseStat=EGameStat_Defense_None,ExtraStat=EGameStat_Extra_None),Value=10),(Stat=(StatType=EGameStatType_Attack,AttackStat=EGameStat_Attack_Accuracy,DefenseStat=EGameStat_Defense_None,ExtraStat=EGameStat_Extra_None),Value=11),(Stat=(StatType=EGameStatType_Attack,AttackStat=EGameStat_Attack_CriticalChanceMelee,DefenseStat=EGameStat_Defense_None,ExtraStat=EGameStat_Extra_None),Value=5),(Stat=(StatType=EGameStatType_Attack,AttackStat=EGameStat_Attack_DoubleChance,DefenseStat=EGameStat_Defense_None,ExtraStat=EGameStat_Extra_None),Value=10),(Stat=(StatType=EGameStatType_Attack,AttackStat=EGameStat_Attack_BonusDamage,DefenseStat=EGameStat_Defense_None,ExtraStat=EGameStat_Extra_None),Value=4),(Stat=(StatType=EGameStatType_Attack,AttackStat=EGameStat_Attack_BonusDamageCritical,DefenseStat=EGameStat_Defense_None,ExtraStat=EGameStat_Extra_None),Value=3))","","1000","100","100","True","True","0","8","False"
"2004241000","[SET-][나이트]희귀 대검 티어 Tier1","LOCTABLE(""/Game/GameData/String_Main.String_Main"", ""Item_Name_2004241000"")","""/Game/Textures/Icons/Equip/GreatSword/T_Knight_GreatSword_Unique_01.T_Knight_GreatSword_Unique_01""","None","""/Game/Characters/MC/Weapon/Knight/SKM_MC_KNI_M_GreatSword_Unique_01.SKM_MC_KNI_M_GreatSword_Unique_01""","None","""/Game/Blueprints/Actors/ItemDropMesh/BP_DropitemMesh_Base.BP_DropitemMesh_Base_C""","LOCTABLE(""/Game/GameData/String_Main.String_Main"", ""Item_Desc_2004241000"")","EItemType_Weapon","EItemDetailType_Weapon_GreatSword","EItemTagType_NormalItem","EUniversalGrade_Unique","True","True","False","True","True","True","False","True","True","True","True","(GameDataType=EGameDataTable_ItemEnhance,Key=1,Name=""강화테이블_무기"")","True","12","6","0","13820","1382","1","1","ECharacterJobClass_Knight","1","999","25","((GameDataType=EGameDataTable_PortalSpot,Key=1001052,Name=""Emberforge_Hunt_WM_01""),(GameDataType=EGameDataTable_PortalSpot,Key=1001053,Name=""Emberforge_Hunt_WM_02""),(GameDataType=EGameDataTable_PortalSpot,Key=1001054,Name=""Emberforge_Hunt_WM_03""),(GameDataType=EGameDataTable_PortalSpot,Key=1002052,Name=""Eisvan_Hunt_WM_01""),(GameDataType=EGameDataTable_PortalSpot,Key=1002053,Name=""Eisvan_Hunt_WM_02""),(GameDataType=EGameDataTable_PortalSpot,Key=1002054,Name=""Eisvan_Hunt_WM_03""),(GameDataType=EGameDataTable_PortalSpot,Key=1003051,Name=""Ulgar_Hunt_WM_01""),(GameDataType=EGameDataTable_PortalSpot,Key=1003052,Name=""Ulgar_Hunt_WM_02""),(GameDataType=EGameDataTable_PortalSpot,Key=1003053,Name=""Ulgar_Hunt_WM_03""))","((GameDataType=EGameDataTable_CraftList,Key=14,Name=""정예 모험가의 대검""))","(Type=-,GameDataType=EGameDataTable_ItemSettingType,Key=0,Name=""None"")","(GameDataType=EGameDataTable_ItemSetOption,Key=0,Name=""None"")","((Stat=(StatType=EGameStatType_Attack,AttackStat=EGameStat_Attack_Damage,DefenseStat=EGameStat_Defense_None,ExtraStat=EGameStat_Extra_None),Value=31),(Stat=(StatType=EGameStatType_Attack,AttackStat=EGameStat_Attack_DamageWeapon,DefenseStat=EGameStat_Defense_None,ExtraStat=EGameStat_Extra_None),Value=15),(Stat=(StatType=EGameStatType_Attack,AttackStat=EGameStat_Attack_Accuracy,DefenseStat=EGameStat_Defense_None,ExtraStat=EGameStat_Extra_None),Value=19),(Stat=(StatType=EGameStatType_Attack,AttackStat=EGameStat_Attack_CriticalChanceMelee,DefenseStat=EGameStat_Defense_None,ExtraStat=EGameStat_Extra_None),Value=10),(Stat=(StatType=EGameStatType_Attack,AttackStat=EGameStat_Attack_DoubleChance,DefenseStat=EGameStat_Defense_None,ExtraStat=EGameStat_Extra_None),Value=10),(Stat=(StatType=EGameStatType_Attack,AttackStat=EGameStat_Attack_BonusDamage,DefenseStat=EGameStat_Defense_None,ExtraStat=EGameStat_Extra_None),Value=9))","","1000","100","100","True","True","0","15","False"
"2004242000","[SET-][나이트]희귀 대검 티어 Tier2","LOCTABLE(""/Game/GameData/String_Main.String_Main"", ""Item_Name_2004242000"")","""/Game/Textures/Icons/Equip/GreatSword/T_Knight_GreatSword_Unique_02.T_Knight_GreatSword_Unique_02""","None","""/Game/Characters/MC/Weapon/Knight/SKM_MC_KNI_M_GreatSword_Unique_02.SKM_MC_KNI_M_GreatSword_Unique_02""","None","""/Game/Blueprints/Actors/ItemDropMesh/BP_DropitemMesh_Base.BP_DropitemMesh_Base_C""","LOCTABLE(""/Game/GameData/String_Main.String_Main"", ""Item_Desc_2004242000"")","EItemType_Weapon","EItemDetailType_Weapon_GreatSword","EItemTagType_NormalItem","EUniversalGrade_Unique","True","True","False","True","True","True","False","True","True","True","True","(GameDataType=EGameDataTable_ItemEnhance,Key=1,Name=""강화테이블_무기"")","True","12","6","0","17970","1797","1","1","ECharacterJobClass_Knight","1","999","25","((GameDataType=EGameDataTable_PortalSpot,Key=1001052,Name=""Emberforge_Hunt_WM_01""),(GameDataType=EGameDataTable_PortalSpot,Key=1001053,Name=""Emberforge_Hunt_WM_02""),(GameDataType=EGameDataTable_PortalSpot,Key=1001054,Name=""Emberforge_Hunt_WM_03""),(GameDataType=EGameDataTable_PortalSpot,Key=1002052,Name=""Eisvan_Hunt_WM_01""),(GameDataType=EGameDataTable_PortalSpot,Key=1002053,Name=""Eisvan_Hunt_WM_02""),(GameDataType=EGameDataTable_PortalSpot,Key=1002054,Name=""Eisvan_Hunt_WM_03""),(GameDataType=EGameDataTable_PortalSpot,Key=1003051,Name=""Ulgar_Hunt_WM_01""),(GameDataType=EGameDataTable_PortalSpot,Key=1003052,Name=""Ulgar_Hunt_WM_02""),(GameDataType=EGameDataTable_PortalSpot,Key=1003053,Name=""Ulgar_Hunt_WM_03""))","((GameDataType=EGameDataTable_CraftList,Key=15,Name=""정예 용병의 대검""))","(Type=-,GameDataType=EGameDataTable_ItemSettingType,Key=0,Name=""None"")","(GameDataType=EGameDataTable_ItemSetOption,Key=0,Name=""None"")","((Stat=(StatType=EGameStatType_Attack,AttackStat=EGameStat_Attack_Damage,DefenseStat=EGameStat_Defense_None,ExtraStat=EGameStat_Extra_None),Value=33),(Stat=(StatType=EGameStatType_Attack,AttackStat=EGameStat_Attack_DamageWeapon,DefenseStat=EGameStat_Defense_None,ExtraStat=EGameStat_Extra_None),Value=16),(Stat=(StatType=EGameStatType_Attack,AttackStat=EGameStat_Attack_Accuracy,DefenseStat=EGameStat_Defense_None,ExtraStat=EGameStat_Extra_None),Value=21),(Stat=(StatType=EGameStatType_Attack,AttackStat=EGameStat_Attack_CriticalChanceMelee,DefenseStat=EGameStat_Defense_None,ExtraStat=EGameStat_Extra_None),Value=10),(Stat=(StatType=EGameStatType_Attack,AttackStat=EGameStat_Attack_DoubleChance,DefenseStat=EGameStat_Defense_None,ExtraStat=EGameStat_Extra_None),Value=10),(Stat=(StatType=EGameStatType_Attack,AttackStat=EGameStat_Attack_BonusDamage,DefenseStat=EGameStat_Defense_None,ExtraStat=EGameStat_Extra_None),Value=9),(Stat=(StatType=EGameStatType_Attack,AttackStat=EGameStat_Attack_BonusDamageCritical,DefenseStat=EGameStat_Defense_None,ExtraStat=EGameStat_Extra_None),Value=3))","","1000","100","100","True","True","0","15","False"
"2004341000","[SET-][나이트]영웅 대검 티어 Tier1","LOCTABLE(""/Game/GameData/String_Main.String_Main"", ""Item_Name_2004341000"")","""/Game/Textures/Icons/Equip/GreatSword/T_Knight_GreatSword_Epic_01.T_Knight_GreatSword_Epic_01""","None","""/Game/Characters/MC/Weapon/Knight/SKM_MC_KNI_M_GreatSword_Epic_01.SKM_MC_KNI_M_GreatSword_Epic_01""","None","""/Game/Blueprints/Actors/ItemDropMesh/BP_DropitemMesh_Base.BP_DropitemMesh_Base_C""","LOCTABLE(""/Game/GameData/String_Main.String_Main"", ""Item_Desc_2004341000"")","EItemType_Weapon","EItemDetailType_Weapon_GreatSword","EItemTagType_NormalItem","EUniversalGrade_Epic","True","True","False","True","True","True","False","True","True","True","True","(GameDataType=EGameDataTable_ItemEnhance,Key=1,Name=""강화테이블_무기"")","True","12","6","0","262650","26265","1","1","ECharacterJobClass_Knight","1","999","25","((GameDataType=EGameDataTable_PortalSpot,Key=1001052,Name=""Emberforge_Hunt_WM_01""),(GameDataType=EGameDataTable_PortalSpot,Key=1001053,Name=""Emberforge_Hunt_WM_02""),(GameDataType=EGameDataTable_PortalSpot,Key=1001054,Name=""Emberforge_Hunt_WM_03""),(GameDataType=EGameDataTable_PortalSpot,Key=1002052,Name=""Eisvan_Hunt_WM_01""),(GameDataType=EGameDataTable_PortalSpot,Key=1002053,Name=""Eisvan_Hunt_WM_02""),(GameDataType=EGameDataTable_PortalSpot,Key=1002054,Name=""Eisvan_Hunt_WM_03""),(GameDataType=EGameDataTable_PortalSpot,Key=1003051,Name=""Ulgar_Hunt_WM_01""),(GameDataType=EGameDataTable_PortalSpot,Key=1003052,Name=""Ulgar_Hunt_WM_02""),(GameDataType=EGameDataTable_PortalSpot,Key=1003053,Name=""Ulgar_Hunt_WM_03""))","((GameDataType=EGameDataTable_CraftList,Key=16,Name=""지휘관의 대검""))","(Type=-,GameDataType=EGameDataTable_ItemSettingType,Key=0,Name=""None"")","(GameDataType=EGameDataTable_ItemSetOption,Key=0,Name=""None"")","((Stat=(StatType=EGameStatType_Attack,AttackStat=EGameStat_Attack_Damage,DefenseStat=EGameStat_Defense_None,ExtraStat=EGameStat_Extra_None),Value=49),(Stat=(StatType=EGameStatType_Attack,AttackStat=EGameStat_Attack_DamageWeapon,DefenseStat=EGameStat_Defense_None,ExtraStat=EGameStat_Extra_None),Value=23),(Stat=(StatType=EGameStatType_Attack,AttackStat=EGameStat_Attack_Accuracy,DefenseStat=EGameStat_Defense_None,ExtraStat=EGameStat_Extra_None),Value=30),(Stat=(StatType=EGameStatType_Attack,AttackStat=EGameStat_Attack_CriticalChanceMelee,DefenseStat=EGameStat_Defense_None,ExtraStat=EGameStat_Extra_None),Value=15),(Stat=(StatType=EGameStatType_Attack,AttackStat=EGameStat_Attack_DoubleChance,DefenseStat=EGameStat_Defense_None,ExtraStat=EGameStat_Extra_None),Value=15),(Stat=(StatType=EGameStatType_Attack,AttackStat=EGameStat_Attack_BonusDamage,DefenseStat=EGameStat_Defense_None,ExtraStat=EGameStat_Extra_None),Value=17),(Stat=(StatType=EGameStatType_Attack,AttackStat=EGameStat_Attack_DamageBoostSkill,DefenseStat=EGameStat_Defense_None,ExtraStat=EGameStat_Extra_None),Value=10))","","1000","100","100","True","True","0","25","False"
"2000041000","[SET-][아처]일반 활 티어 Tier1","LOCTABLE(""/Game/GameData/String_Main.String_Main"", ""Item_Name_2000041000"")","""/Game/Textures/Icons/Equip/Bow/T_Archer_Bow_Common_01.T_Archer_Bow_Common_01""","None","None","""/Game/Characters/MC/Weapon/Archer/SKM_MC_Ach_F_Bow_common_01.SKM_MC_Ach_F_Bow_common_01""","""/Game/Blueprints/Actors/ItemDropMesh/BP_DropitemMesh_Base.BP_DropitemMesh_Base_C""","LOCTABLE(""/Game/GameData/String_Main.String_Main"", ""Item_Desc_2000041000"")","EItemType_Weapon","EItemDetailType_Weapon_Bow","EItemTagType_NormalItem","EUniversalGrade_Common","True","True","False","True","True","True","False","True","True","True","True","(GameDataType=EGameDataTable_ItemEnhance,Key=1,Name=""강화테이블_무기"")","True","12","6","0","300","30","1","1","ECharacterJobClass_Archer","1","999","25","((GameDataType=EGameDataTable_PortalSpot,Key=1001052,Name=""Emberforge_Hunt_WM_01""),(GameDataType=EGameDataTable_PortalSpot,Key=1001053,Name=""Emberforge_Hunt_WM_02""),(GameDataType=EGameDataTable_PortalSpot,Key=1001054,Name=""Emberforge_Hunt_WM_03""),(GameDataType=EGameDataTable_PortalSpot,Key=1002052,Name=""Eisvan_Hunt_WM_01""),(GameDataType=EGameDataTable_PortalSpot,Key=1002053,Name=""Eisvan_Hunt_WM_02""),(GameDataType=EGameDataTable_PortalSpot,Key=1002054,Name=""Eisvan_Hunt_WM_03""),(GameDataType=EGameDataTable_PortalSpot,Key=1003051,Name=""Ulgar_Hunt_WM_01""),(GameDataType=EGameDataTable_PortalSpot,Key=1003052,Name=""Ulgar_Hunt_WM_02""),(GameDataType=EGameDataTable_PortalSpot,Key=1003053,Name=""Ulgar_Hunt_WM_03""))","((GameDataType=EGameDataTable_CraftList,Key=17,Name=""초심자의 활""))","(Type=-,GameDataType=EGameDataTable_ItemSettingType,Key=0,Name=""None"")","(GameDataType=EGameDataTable_ItemSetOption,Key=0,Name=""None"")","((Stat=(StatType=EGameStatType_Attack,AttackStat=EGameStat_Attack_Damage,DefenseStat=EGameStat_Defense_None,ExtraStat=EGameStat_Extra_None),Value=6),(Stat=(StatType=EGameStatType_Attack,AttackStat=EGameStat_Attack_DamageWeapon,DefenseStat=EGameStat_Defense_None,ExtraStat=EGameStat_Extra_None),Value=4),(Stat=(StatType=EGameStatType_Attack,AttackStat=EGameStat_Attack_Accuracy,DefenseStat=EGameStat_Defense_None,ExtraStat=EGameStat_Extra_None),Value=6),(Stat=(StatType=EGameStatType_Attack,AttackStat=EGameStat_Attack_CriticalChanceRange,DefenseStat=EGameStat_Defense_None,ExtraStat=EGameStat_Extra_None),Value=13),(Stat=(StatType=EGameStatType_Attack,AttackStat=EGameStat_Attack_DoubleChance,DefenseStat=EGameStat_Defense_None,ExtraStat=EGameStat_Extra_None),Value=7))","","1000","100","100","True","True","-1","0","False"
"2000042000","[SET-][아처]일반 활 티어 Tier2","LOCTABLE(""/Game/GameData/String_Main.String_Main"", ""Item_Name_2000042000"")","""/Game/Textures/Icons/Equip/Bow/T_Archer_Bow_Common_02.T_Archer_Bow_Common_02""","None","None","""/Game/Characters/MC/Weapon/Archer/SKM_MC_Ach_F_Bow_common_02.SKM_MC_Ach_F_Bow_common_02""","""/Game/Blueprints/Actors/ItemDropMesh/BP_DropitemMesh_Base.BP_DropitemMesh_Base_C""","LOCTABLE(""/Game/GameData/String_Main.String_Main"", ""Item_Desc_2000042000"")","EItemType_Weapon","EItemDetailType_Weapon_Bow","EItemTagType_NormalItem","EUniversalGrade_Common","True","True","False","True","True","True","False","True","True","True","True","(GameDataType=EGameDataTable_ItemEnhance,Key=1,Name=""강화테이블_무기"")","True","12","6","0","390","39","1","1","ECharacterJobClass_Archer","1","999","25","((GameDataType=EGameDataTable_PortalSpot,Key=1001052,Name=""Emberforge_Hunt_WM_01""),(GameDataType=EGameDataTable_PortalSpot,Key=1001053,Name=""Emberforge_Hunt_WM_02""),(GameDataType=EGameDataTable_PortalSpot,Key=1001054,Name=""Emberforge_Hunt_WM_03""),(GameDataType=EGameDataTable_PortalSpot,Key=1002052,Name=""Eisvan_Hunt_WM_01""),(GameDataType=EGameDataTable_PortalSpot,Key=1002053,Name=""Eisvan_Hunt_WM_02""),(GameDataType=EGameDataTable_PortalSpot,Key=1002054,Name=""Eisvan_Hunt_WM_03""),(GameDataType=EGameDataTable_PortalSpot,Key=1003051,Name=""Ulgar_Hunt_WM_01""),(GameDataType=EGameDataTable_PortalSpot,Key=1003052,Name=""Ulgar_Hunt_WM_02""),(GameDataType=EGameDataTable_PortalSpot,Key=1003053,Name=""Ulgar_Hunt_WM_03""))","((GameDataType=EGameDataTable_CraftList,Key=18,Name=""용병의 활""))","(Type=-,GameDataType=EGameDataTable_ItemSettingType,Key=0,Name=""None"")","(GameDataType=EGameDataTable_ItemSetOption,Key=0,Name=""None"")","((Stat=(StatType=EGameStatType_Attack,AttackStat=EGameStat_Attack_Damage,DefenseStat=EGameStat_Defense_None,ExtraStat=EGameStat_Extra_None),Value=7),(Stat=(StatType=EGameStatType_Attack,AttackStat=EGameStat_Attack_DamageWeapon,DefenseStat=EGameStat_Defense_None,ExtraStat=EGameStat_Extra_None),Value=5),(Stat=(StatType=EGameStatType_Attack,AttackStat=EGameStat_Attack_Accuracy,DefenseStat=EGameStat_Defense_None,ExtraStat=EGameStat_Extra_None),Value=9),(Stat=(StatType=EGameStatType_Attack,AttackStat=EGameStat_Attack_CriticalChanceRange,DefenseStat=EGameStat_Defense_None,ExtraStat=EGameStat_Extra_None),Value=13),(Stat=(StatType=EGameStatType_Attack,AttackStat=EGameStat_Attack_DoubleChance,DefenseStat=EGameStat_Defense_None,ExtraStat=EGameStat_Extra_None),Value=7))","","1000","100","100","True","True","-1","0","False"
"2000141000","[SET-][아처]고급 활 티어 Tier1","LOCTABLE(""/Game/GameData/String_Main.String_Main"", ""Item_Name_2000141000"")","""/Game/Textures/Icons/Equip/Bow/T_Archer_Bow_Rare_01.T_Archer_Bow_Rare_01""","None","None","""/Game/Characters/MC/Weapon/Archer/SKM_MC_Ach_F_Bow_Rare_01.SKM_MC_Ach_F_Bow_Rare_01""","""/Game/Blueprints/Actors/ItemDropMesh/BP_DropitemMesh_Base.BP_DropitemMesh_Base_C""","LOCTABLE(""/Game/GameData/String_Main.String_Main"", ""Item_Desc_2000141000"")","EItemType_Weapon","EItemDetailType_Weapon_Bow","EItemTagType_NormalItem","EUniversalGrade_Rare","True","True","False","True","True","True","False","True","True","True","True","(GameDataType=EGameDataTable_ItemEnhance,Key=1,Name=""강화테이블_무기"")","True","12","6","0","1440","144","1","1","ECharacterJobClass_Archer","1","999","25","((GameDataType=EGameDataTable_PortalSpot,Key=1001052,Name=""Emberforge_Hunt_WM_01""),(GameDataType=EGameDataTable_PortalSpot,Key=1001053,Name=""Emberforge_Hunt_WM_02""),(GameDataType=EGameDataTable_PortalSpot,Key=1001054,Name=""Emberforge_Hunt_WM_03""),(GameDataType=EGameDataTable_PortalSpot,Key=1002052,Name=""Eisvan_Hunt_WM_01""),(GameDataType=EGameDataTable_PortalSpot,Key=1002053,Name=""Eisvan_Hunt_WM_02""),(GameDataType=EGameDataTable_PortalSpot,Key=1002054,Name=""Eisvan_Hunt_WM_03""),(GameDataType=EGameDataTable_PortalSpot,Key=1003051,Name=""Ulgar_Hunt_WM_01""),(GameDataType=EGameDataTable_PortalSpot,Key=1003052,Name=""Ulgar_Hunt_WM_02""),(GameDataType=EGameDataTable_PortalSpot,Key=1003053,Name=""Ulgar_Hunt_WM_03""))","((GameDataType=EGameDataTable_CraftList,Key=19,Name=""숙련 모험가의 활""))","(Type=-,GameDataType=EGameDataTable_ItemSettingType,Key=0,Name=""None"")","(GameDataType=EGameDataTable_ItemSetOption,Key=0,Name=""None"")","((Stat=(StatType=EGameStatType_Attack,AttackStat=EGameStat_Attack_Damage,DefenseStat=EGameStat_Defense_None,ExtraStat=EGameStat_Extra_None),Value=13),(Stat=(StatType=EGameStatType_Attack,AttackStat=EGameStat_Attack_DamageWeapon,DefenseStat=EGameStat_Defense_None,ExtraStat=EGameStat_Extra_None),Value=7),(Stat=(StatType=EGameStatType_Attack,AttackStat=EGameStat_Attack_Accuracy,DefenseStat=EGameStat_Defense_None,ExtraStat=EGameStat_Extra_None),Value=14),(Stat=(StatType=EGameStatType_Attack,AttackStat=EGameStat_Attack_CriticalChanceRange,DefenseStat=EGameStat_Defense_None,ExtraStat=EGameStat_Extra_None),Value=18),(Stat=(StatType=EGameStatType_Attack,AttackStat=EGameStat_Attack_DoubleChance,DefenseStat=EGameStat_Defense_None,ExtraStat=EGameStat_Extra_None),Value=10),(Stat=(StatType=EGameStatType_Attack,AttackStat=EGameStat_Attack_BonusDamage,DefenseStat=EGameStat_Defense_None,ExtraStat=EGameStat_Extra_None),Value=3))","","1000","100","100","True","True","-1","0","False"
"2000142000","[SET-][아처]고급 활 티어 Tier2","LOCTABLE(""/Game/GameData/String_Main.String_Main"", ""Item_Name_2000142000"")","""/Game/Textures/Icons/Equip/Bow/T_Archer_Bow_Rare_02.T_Archer_Bow_Rare_02""","None","None","""/Game/Characters/MC/Weapon/Archer/SKM_MC_Ach_F_Bow_Rare_02.SKM_MC_Ach_F_Bow_Rare_02""","""/Game/Blueprints/Actors/ItemDropMesh/BP_DropitemMesh_Base.BP_DropitemMesh_Base_C""","LOCTABLE(""/Game/GameData/String_Main.String_Main"", ""Item_Desc_2000142000"")","EItemType_Weapon","EItemDetailType_Weapon_Bow","EItemTagType_NormalItem","EUniversalGrade_Rare","True","True","False","True","True","True","False","True","True","True","True","(GameDataType=EGameDataTable_ItemEnhance,Key=1,Name=""강화테이블_무기"")","True","12","6","0","1870","187","1","1","ECharacterJobClass_Archer","1","999","25","((GameDataType=EGameDataTable_PortalSpot,Key=1001052,Name=""Emberforge_Hunt_WM_01""),(GameDataType=EGameDataTable_PortalSpot,Key=1001053,Name=""Emberforge_Hunt_WM_02""),(GameDataType=EGameDataTable_PortalSpot,Key=1001054,Name=""Emberforge_Hunt_WM_03""),(GameDataType=EGameDataTable_PortalSpot,Key=1002052,Name=""Eisvan_Hunt_WM_01""),(GameDataType=EGameDataTable_PortalSpot,Key=1002053,Name=""Eisvan_Hunt_WM_02""),(GameDataType=EGameDataTable_PortalSpot,Key=1002054,Name=""Eisvan_Hunt_WM_03""),(GameDataType=EGameDataTable_PortalSpot,Key=1003051,Name=""Ulgar_Hunt_WM_01""),(GameDataType=EGameDataTable_PortalSpot,Key=1003052,Name=""Ulgar_Hunt_WM_02""),(GameDataType=EGameDataTable_PortalSpot,Key=1003053,Name=""Ulgar_Hunt_WM_03""))","((GameDataType=EGameDataTable_CraftList,Key=20,Name=""숙련 용병의 활""))","(Type=-,GameDataType=EGameDataTable_ItemSettingType,Key=0,Name=""None"")","(GameDataType=EGameDataTable_ItemSetOption,Key=0,Name=""None"")","((Stat=(StatType=EGameStatType_Attack,AttackStat=EGameStat_Attack_Damage,DefenseStat=EGameStat_Defense_None,ExtraStat=EGameStat_Extra_None),Value=15),(Stat=(StatType=EGameStatType_Attack,AttackStat=EGameStat_Attack_DamageWeapon,DefenseStat=EGameStat_Defense_None,ExtraStat=EGameStat_Extra_None),Value=8),(Stat=(StatType=EGameStatType_Attack,AttackStat=EGameStat_Attack_Accuracy,DefenseStat=EGameStat_Defense_None,ExtraStat=EGameStat_Extra_None),Value=17),(Stat=(StatType=EGameStatType_Attack,AttackStat=EGameStat_Attack_CriticalChanceRange,DefenseStat=EGameStat_Defense_None,ExtraStat=EGameStat_Extra_None),Value=18),(Stat=(StatType=EGameStatType_Attack,AttackStat=EGameStat_Attack_DoubleChance,DefenseStat=EGameStat_Defense_None,ExtraStat=EGameStat_Extra_None),Value=10),(Stat=(StatType=EGameStatType_Attack,AttackStat=EGameStat_Attack_BonusDamage,DefenseStat=EGameStat_Defense_None,ExtraStat=EGameStat_Extra_None),Value=3),(Stat=(StatType=EGameStatType_Attack,AttackStat=EGameStat_Attack_BonusDamageCritical,DefenseStat=EGameStat_Defense_None,ExtraStat=EGameStat_Extra_None),Value=3))","","1000","100","100","True","True","-1","0","False"
"2000143000","[SET-][아처]고급 활 티어 Tier3","LOCTABLE(""/Game/GameData/String_Main.String_Main"", ""Item_Name_2000143000"")","""/Game/Textures/Icons/Equip/Bow/T_Archer_Bow_Rare_03.T_Archer_Bow_Rare_03""","None","None","""/Game/Characters/MC/Weapon/Archer/SKM_MC_Ach_F_Bow_Rare_03.SKM_MC_Ach_F_Bow_Rare_03""","""/Game/Blueprints/Actors/ItemDropMesh/BP_DropitemMesh_Base.BP_DropitemMesh_Base_C""","LOCTABLE(""/Game/GameData/String_Main.String_Main"", ""Item_Desc_2000143000"")","EItemType_Weapon","EItemDetailType_Weapon_Bow","EItemTagType_NormalItem","EUniversalGrade_Rare","True","True","False","True","True","True","False","True","True","True","True","(GameDataType=EGameDataTable_ItemEnhance,Key=1,Name=""강화테이블_무기"")","True","12","6","0","2160","216","1","1","ECharacterJobClass_Archer","1","999","25","((GameDataType=EGameDataTable_PortalSpot,Key=1001052,Name=""Emberforge_Hunt_WM_01""),(GameDataType=EGameDataTable_PortalSpot,Key=1001053,Name=""Emberforge_Hunt_WM_02""),(GameDataType=EGameDataTable_PortalSpot,Key=1001054,Name=""Emberforge_Hunt_WM_03""),(GameDataType=EGameDataTable_PortalSpot,Key=1002052,Name=""Eisvan_Hunt_WM_01""),(GameDataType=EGameDataTable_PortalSpot,Key=1002053,Name=""Eisvan_Hunt_WM_02""),(GameDataType=EGameDataTable_PortalSpot,Key=1002054,Name=""Eisvan_Hunt_WM_03""),(GameDataType=EGameDataTable_PortalSpot,Key=1003051,Name=""Ulgar_Hunt_WM_01""),(GameDataType=EGameDataTable_PortalSpot,Key=1003052,Name=""Ulgar_Hunt_WM_02""),(GameDataType=EGameDataTable_PortalSpot,Key=1003053,Name=""Ulgar_Hunt_WM_03""))","((GameDataType=EGameDataTable_CraftList,Key=21,Name=""숙련 저격수의 활""))","(Type=-,GameDataType=EGameDataTable_ItemSettingType,Key=0,Name=""None"")","(GameDataType=EGameDataTable_ItemSetOption,Key=0,Name=""None"")","((Stat=(StatType=EGameStatType_Attack,AttackStat=EGameStat_Attack_Damage,DefenseStat=EGameStat_Defense_None,ExtraStat=EGameStat_Extra_None),Value=17),(Stat=(StatType=EGameStatType_Attack,AttackStat=EGameStat_Attack_DamageWeapon,DefenseStat=EGameStat_Defense_None,ExtraStat=EGameStat_Extra_None),Value=9),(Stat=(StatType=EGameStatType_Attack,AttackStat=EGameStat_Attack_Accuracy,DefenseStat=EGameStat_Defense_None,ExtraStat=EGameStat_Extra_None),Value=20),(Stat=(StatType=EGameStatType_Attack,AttackStat=EGameStat_Attack_CriticalChanceRange,DefenseStat=EGameStat_Defense_None,ExtraStat=EGameStat_Extra_None),Value=18),(Stat=(StatType=EGameStatType_Attack,AttackStat=EGameStat_Attack_DoubleChance,DefenseStat=EGameStat_Defense_None,ExtraStat=EGameStat_Extra_None),Value=10),(Stat=(StatType=EGameStatType_Attack,AttackStat=EGameStat_Attack_BonusDamage,DefenseStat=EGameStat_Defense_None,ExtraStat=EGameStat_Extra_None),Value=7))","","1000","100","100","True","True","-1","0","False"
"2000241000","[SET-][아처]희귀 활 티어 Tier1","LOCTABLE(""/Game/GameData/String_Main.String_Main"", ""Item_Name_2000241000"")","""/Game/Textures/Icons/Equip/Bow/T_Archer_Bow_Unique_01.T_Archer_Bow_Unique_01""","None","None","""/Game/Characters/MC/Weapon/Archer/SKM_MC_Ach_F_Bow_Unique_01.SKM_MC_Ach_F_Bow_Unique_01""","""/Game/Blueprints/Actors/ItemDropMesh/BP_DropitemMesh_Base.BP_DropitemMesh_Base_C""","LOCTABLE(""/Game/GameData/String_Main.String_Main"", ""Item_Desc_2000241000"")","EItemType_Weapon","EItemDetailType_Weapon_Bow","EItemTagType_NormalItem","EUniversalGrade_Unique","True","True","False","True","True","True","False","True","True","True","True","(GameDataType=EGameDataTable_ItemEnhance,Key=1,Name=""강화테이블_무기"")","True","12","6","0","13820","1382","1","1","ECharacterJobClass_Archer","1","999","25","((GameDataType=EGameDataTable_PortalSpot,Key=1001052,Name=""Emberforge_Hunt_WM_01""),(GameDataType=EGameDataTable_PortalSpot,Key=1001053,Name=""Emberforge_Hunt_WM_02""),(GameDataType=EGameDataTable_PortalSpot,Key=1001054,Name=""Emberforge_Hunt_WM_03""),(GameDataType=EGameDataTable_PortalSpot,Key=1002052,Name=""Eisvan_Hunt_WM_01""),(GameDataType=EGameDataTable_PortalSpot,Key=1002053,Name=""Eisvan_Hunt_WM_02""),(GameDataType=EGameDataTable_PortalSpot,Key=1002054,Name=""Eisvan_Hunt_WM_03""),(GameDataType=EGameDataTable_PortalSpot,Key=1003051,Name=""Ulgar_Hunt_WM_01""),(GameDataType=EGameDataTable_PortalSpot,Key=1003052,Name=""Ulgar_Hunt_WM_02""),(GameDataType=EGameDataTable_PortalSpot,Key=1003053,Name=""Ulgar_Hunt_WM_03""))","((GameDataType=EGameDataTable_CraftList,Key=22,Name=""정예 모험가의 활""))","(Type=-,GameDataType=EGameDataTable_ItemSettingType,Key=0,Name=""None"")","(GameDataType=EGameDataTable_ItemSetOption,Key=0,Name=""None"")","((Stat=(StatType=EGameStatType_Attack,AttackStat=EGameStat_Attack_Damage,DefenseStat=EGameStat_Defense_None,ExtraStat=EGameStat_Extra_None),Value=21),(Stat=(StatType=EGameStatType_Attack,AttackStat=EGameStat_Attack_DamageWeapon,DefenseStat=EGameStat_Defense_None,ExtraStat=EGameStat_Extra_None),Value=12),(Stat=(StatType=EGameStatType_Attack,AttackStat=EGameStat_Attack_Accuracy,DefenseStat=EGameStat_Defense_None,ExtraStat=EGameStat_Extra_None),Value=30),(Stat=(StatType=EGameStatType_Attack,AttackStat=EGameStat_Attack_CriticalChanceRange,DefenseStat=EGameStat_Defense_None,ExtraStat=EGameStat_Extra_None),Value=24),(Stat=(StatType=EGameStatType_Attack,AttackStat=EGameStat_Attack_DoubleChance,DefenseStat=EGameStat_Defense_None,ExtraStat=EGameStat_Extra_None),Value=13),(Stat=(StatType=EGameStatType_Attack,AttackStat=EGameStat_Attack_BonusDamage,DefenseStat=EGameStat_Defense_None,ExtraStat=EGameStat_Extra_None),Value=9))","","1000","100","100","True","True","-1","0","False"
"2000242000","[SET-][아처]희귀 활 티어 Tier2","LOCTABLE(""/Game/GameData/String_Main.String_Main"", ""Item_Name_2000242000"")","""/Game/Textures/Icons/Equip/Bow/T_Archer_Bow_Unique_02.T_Archer_Bow_Unique_02""","None","None","""/Game/Characters/MC/Weapon/Archer/SKM_MC_Ach_F_Bow_Unique_02.SKM_MC_Ach_F_Bow_Unique_02""","""/Game/Blueprints/Actors/ItemDropMesh/BP_DropitemMesh_Base.BP_DropitemMesh_Base_C""","LOCTABLE(""/Game/GameData/String_Main.String_Main"", ""Item_Desc_2000242000"")","EItemType_Weapon","EItemDetailType_Weapon_Bow","EItemTagType_NormalItem","EUniversalGrade_Unique","True","True","False","True","True","True","False","True","True","True","True","(GameDataType=EGameDataTable_ItemEnhance,Key=1,Name=""강화테이블_무기"")","True","12","6","0","17970","1797","1","1","ECharacterJobClass_Archer","1","999","25","((GameDataType=EGameDataTable_PortalSpot,Key=1001052,Name=""Emberforge_Hunt_WM_01""),(GameDataType=EGameDataTable_PortalSpot,Key=1001053,Name=""Emberforge_Hunt_WM_02""),(GameDataType=EGameDataTable_PortalSpot,Key=1001054,Name=""Emberforge_Hunt_WM_03""),(GameDataType=EGameDataTable_PortalSpot,Key=1002052,Name=""Eisvan_Hunt_WM_01""),(GameDataType=EGameDataTable_PortalSpot,Key=1002053,Name=""Eisvan_Hunt_WM_02""),(GameDataType=EGameDataTable_PortalSpot,Key=1002054,Name=""Eisvan_Hunt_WM_03""),(GameDataType=EGameDataTable_PortalSpot,Key=1003051,Name=""Ulgar_Hunt_WM_01""),(GameDataType=EGameDataTable_PortalSpot,Key=1003052,Name=""Ulgar_Hunt_WM_02""),(GameDataType=EGameDataTable_PortalSpot,Key=1003053,Name=""Ulgar_Hunt_WM_03""))","((GameDataType=EGameDataTable_CraftList,Key=23,Name=""정예 용병의 활""))","(Type=-,GameDataType=EGameDataTable_ItemSettingType,Key=0,Name=""None"")","(GameDataType=EGameDataTable_ItemSetOption,Key=0,Name=""None"")","((Stat=(StatType=EGameStatType_Attack,AttackStat=EGameStat_Attack_Damage,DefenseStat=EGameStat_Defense_None,ExtraStat=EGameStat_Extra_None),Value=23),(Stat=(StatType=EGameStatType_Attack,AttackStat=EGameStat_Attack_DamageWeapon,DefenseStat=EGameStat_Defense_None,ExtraStat=EGameStat_Extra_None),Value=13),(Stat=(StatType=EGameStatType_Attack,AttackStat=EGameStat_Attack_Accuracy,DefenseStat=EGameStat_Defense_None,ExtraStat=EGameStat_Extra_None),Value=33),(Stat=(StatType=EGameStatType_Attack,AttackStat=EGameStat_Attack_CriticalChanceRange,DefenseStat=EGameStat_Defense_None,ExtraStat=EGameStat_Extra_None),Value=24),(Stat=(StatType=EGameStatType_Attack,AttackStat=EGameStat_Attack_DoubleChance,DefenseStat=EGameStat_Defense_None,ExtraStat=EGameStat_Extra_None),Value=13),(Stat=(StatType=EGameStatType_Attack,AttackStat=EGameStat_Attack_BonusDamage,DefenseStat=EGameStat_Defense_None,ExtraStat=EGameStat_Extra_None),Value=9),(Stat=(StatType=EGameStatType_Attack,AttackStat=EGameStat_Attack_BonusDamageCritical,DefenseStat=EGameStat_Defense_None,ExtraStat=EGameStat_Extra_None),Value=3))","","1000","100","100","True","True","-1","0","False"
"2000243000","[SET-][아처]희귀 활 티어 Tier3","LOCTABLE(""/Game/GameData/String_Main.String_Main"", ""Item_Name_2000243000"")","""/Game/Textures/Icons/Equip/Bow/T_Archer_Bow_Unique_03.T_Archer_Bow_Unique_03""","None","None","""/Game/Characters/MC/Weapon/Archer/SKM_MC_Ach_F_Bow_Unique_03.SKM_MC_Ach_F_Bow_Unique_03""","""/Game/Blueprints/Actors/ItemDropMesh/BP_DropitemMesh_Base.BP_DropitemMesh_Base_C""","LOCTABLE(""/Game/GameData/String_Main.String_Main"", ""Item_Desc_2000243000"")","EItemType_Weapon","EItemDetailType_Weapon_Bow","EItemTagType_NormalItem","EUniversalGrade_Unique","True","True","False","True","True","True","False","True","True","False","True","(GameDataType=EGameDataTable_ItemEnhance,Key=1,Name=""강화테이블_무기"")","True","12","6","0","20730","2073","1","1","ECharacterJobClass_Archer","1","999","25","((GameDataType=EGameDataTable_PortalSpot,Key=1001052,Name=""Emberforge_Hunt_WM_01""),(GameDataType=EGameDataTable_PortalSpot,Key=1001053,Name=""Emberforge_Hunt_WM_02""),(GameDataType=EGameDataTable_PortalSpot,Key=1001054,Name=""Emberforge_Hunt_WM_03""),(GameDataType=EGameDataTable_PortalSpot,Key=1002052,Name=""Eisvan_Hunt_WM_01""),(GameDataType=EGameDataTable_PortalSpot,Key=1002053,Name=""Eisvan_Hunt_WM_02""),(GameDataType=EGameDataTable_PortalSpot,Key=1002054,Name=""Eisvan_Hunt_WM_03""),(GameDataType=EGameDataTable_PortalSpot,Key=1003051,Name=""Ulgar_Hunt_WM_01""),(GameDataType=EGameDataTable_PortalSpot,Key=1003052,Name=""Ulgar_Hunt_WM_02""),(GameDataType=EGameDataTable_PortalSpot,Key=1003053,Name=""Ulgar_Hunt_WM_03""))","((GameDataType=EGameDataTable_CraftList,Key=24,Name=""정예 저격수의 활""))","(Type=-,GameDataType=EGameDataTable_ItemSettingType,Key=0,Name=""None"")","(GameDataType=EGameDataTable_ItemSetOption,Key=0,Name=""None"")","((Stat=(StatType=EGameStatType_Attack,AttackStat=EGameStat_Attack_Damage,DefenseStat=EGameStat_Defense_None,ExtraStat=EGameStat_Extra_None),Value=25),(Stat=(StatType=EGameStatType_Attack,AttackStat=EGameStat_Attack_DamageWeapon,DefenseStat=EGameStat_Defense_None,ExtraStat=EGameStat_Extra_None),Value=14),(Stat=(StatType=EGameStatType_Attack,AttackStat=EGameStat_Attack_Accuracy,DefenseStat=EGameStat_Defense_None,ExtraStat=EGameStat_Extra_None),Value=36),(Stat=(StatType=EGameStatType_Attack,AttackStat=EGameStat_Attack_CriticalChanceRange,DefenseStat=EGameStat_Defense_None,ExtraStat=EGameStat_Extra_None),Value=24),(Stat=(StatType=EGameStatType_Attack,AttackStat=EGameStat_Attack_DoubleChance,DefenseStat=EGameStat_Defense_None,ExtraStat=EGameStat_Extra_None),Value=13),(Stat=(StatType=EGameStatType_Attack,AttackStat=EGameStat_Attack_BonusDamage,DefenseStat=EGameStat_Defense_None,ExtraStat=EGameStat_Extra_None),Value=12))","","1000","100","100","True","True","-1","0","False"
"2000341000","[SET-][아처]영웅 활 티어 Tier1","LOCTABLE(""/Game/GameData/String_Main.String_Main"", ""Item_Name_2000341000"")","""/Game/Textures/Icons/Equip/Bow/T_Archer_Bow_Epic_01.T_Archer_Bow_Epic_01""","None","None","""/Game/Characters/MC/Weapon/Archer/SKM_MC_Ach_F_Bow_Epic_01.SKM_MC_Ach_F_Bow_Epic_01""","""/Game/Blueprints/Actors/ItemDropMesh/BP_DropitemMesh_Base.BP_DropitemMesh_Base_C""","LOCTABLE(""/Game/GameData/String_Main.String_Main"", ""Item_Desc_2000341000"")","EItemType_Weapon","EItemDetailType_Weapon_Bow","EItemTagType_NormalItem","EUniversalGrade_Epic","True","True","False","True","True","True","False","True","True","False","True","(GameDataType=EGameDataTable_ItemEnhance,Key=1,Name=""강화테이블_무기"")","True","12","6","0","262650","26265","1","1","ECharacterJobClass_Archer","1","999","25","((GameDataType=EGameDataTable_PortalSpot,Key=1001052,Name=""Emberforge_Hunt_WM_01""),(GameDataType=EGameDataTable_PortalSpot,Key=1001053,Name=""Emberforge_Hunt_WM_02""),(GameDataType=EGameDataTable_PortalSpot,Key=1001054,Name=""Emberforge_Hunt_WM_03""),(GameDataType=EGameDataTable_PortalSpot,Key=1002052,Name=""Eisvan_Hunt_WM_01""),(GameDataType=EGameDataTable_PortalSpot,Key=1002053,Name=""Eisvan_Hunt_WM_02""),(GameDataType=EGameDataTable_PortalSpot,Key=1002054,Name=""Eisvan_Hunt_WM_03""),(GameDataType=EGameDataTable_PortalSpot,Key=1003051,Name=""Ulgar_Hunt_WM_01""),(GameDataType=EGameDataTable_PortalSpot,Key=1003052,Name=""Ulgar_Hunt_WM_02""),(GameDataType=EGameDataTable_PortalSpot,Key=1003053,Name=""Ulgar_Hunt_WM_03""))","((GameDataType=EGameDataTable_CraftList,Key=25,Name=""지휘관의 활""))","(Type=-,GameDataType=EGameDataTable_ItemSettingType,Key=0,Name=""None"")","(GameDataType=EGameDataTable_ItemSetOption,Key=0,Name=""None"")","((Stat=(StatType=EGameStatType_Attack,AttackStat=EGameStat_Attack_Damage,DefenseStat=EGameStat_Defense_None,ExtraStat=EGameStat_Extra_None),Value=36),(Stat=(StatType=EGameStatType_Attack,AttackStat=EGameStat_Attack_DamageWeapon,DefenseStat=EGameStat_Defense_None,ExtraStat=EGameStat_Extra_None),Value=19),(Stat=(StatType=EGameStatType_Attack,AttackStat=EGameStat_Attack_Accuracy,DefenseStat=EGameStat_Defense_None,ExtraStat=EGameStat_Extra_None),Value=47),(Stat=(StatType=EGameStatType_Attack,AttackStat=EGameStat_Attack_CriticalChanceRange,DefenseStat=EGameStat_Defense_None,ExtraStat=EGameStat_Extra_None),Value=35),(Stat=(StatType=EGameStatType_Attack,AttackStat=EGameStat_Attack_DoubleChance,DefenseStat=EGameStat_Defense_None,ExtraStat=EGameStat_Extra_None),Value=20),(Stat=(StatType=EGameStatType_Attack,AttackStat=EGameStat_Attack_BonusDamage,DefenseStat=EGameStat_Defense_None,ExtraStat=EGameStat_Extra_None),Value=17),(Stat=(StatType=EGameStatType_Attack,AttackStat=EGameStat_Attack_DamageBoostSkill,DefenseStat=EGameStat_Defense_None,ExtraStat=EGameStat_Extra_None),Value=10))","","1000","100","100","True","True","-1","0","False"
"2001041000","[SET-][어쌔신]일반 단검 티어 Tier1","LOCTABLE(""/Game/GameData/String_Main.String_Main"", ""Item_Name_2001041000"")","""/Game/Textures/Icons/Equip/Dagger/T_Assasin_Dagger_Common_01.T_Assasin_Dagger_Common_01""","None","""/Game/Characters/MC/Weapon/AssAssin/SKM_MC_Assasin_M_Dagger_Common_01.SKM_MC_Assasin_M_Dagger_Common_01""","None","""/Game/Blueprints/Actors/ItemDropMesh/BP_DropitemMesh_Base.BP_DropitemMesh_Base_C""","LOCTABLE(""/Game/GameData/String_Main.String_Main"", ""Item_Desc_2001041000"")","EItemType_Weapon","EItemDetailType_Weapon_Dagger","EItemTagType_NormalItem","EUniversalGrade_Common","True","True","False","True","True","True","False","True","True","True","True","(GameDataType=EGameDataTable_ItemEnhance,Key=1,Name=""강화테이블_무기"")","True","12","6","0","1000","100","1","1","ECharacterJobClass_Assassin","1","999","1","((GameDataType=EGameDataTable_PortalSpot,Key=1001052,Name=""Emberforge_Hunt_WM_01""),(GameDataType=EGameDataTable_PortalSpot,Key=1001053,Name=""Emberforge_Hunt_WM_02""),(GameDataType=EGameDataTable_PortalSpot,Key=1001054,Name=""Emberforge_Hunt_WM_03""),(GameDataType=EGameDataTable_PortalSpot,Key=1002052,Name=""Eisvan_Hunt_WM_01""),(GameDataType=EGameDataTable_PortalSpot,Key=1002053,Name=""Eisvan_Hunt_WM_02""),(GameDataType=EGameDataTable_PortalSpot,Key=1002054,Name=""Eisvan_Hunt_WM_03""),(GameDataType=EGameDataTable_PortalSpot,Key=1003051,Name=""Ulgar_Hunt_WM_01""),(GameDataType=EGameDataTable_PortalSpot,Key=1003052,Name=""Ulgar_Hunt_WM_02""),(GameDataType=EGameDataTable_PortalSpot,Key=1003053,Name=""Ulgar_Hunt_WM_03""))","((GameDataType=EGameDataTable_CraftList,Key=27,Name=""초심자의 단검""))","(Type=-,GameDataType=EGameDataTable_ItemSettingType,Key=0,Name=""None"")","(GameDataType=EGameDataTable_ItemSetOption,Key=0,Name=""None"")","((Stat=(StatType=EGameStatType_Attack,AttackStat=EGameStat_Attack_DamageWeapon,DefenseStat=EGameStat_Defense_None,ExtraStat=EGameStat_Extra_None),Value=5),(Stat=(StatType=EGameStatType_Attack,AttackStat=EGameStat_Attack_CriticalChanceMelee,DefenseStat=EGameStat_Defense_None,ExtraStat=EGameStat_Extra_None),Value=15),(Stat=(StatType=EGameStatType_Attack,AttackStat=EGameStat_Attack_DoubleChance,DefenseStat=EGameStat_Defense_None,ExtraStat=EGameStat_Extra_None),Value=5),(Stat=(StatType=EGameStatType_Attack,AttackStat=EGameStat_Attack_BonusDamage,DefenseStat=EGameStat_Defense_None,ExtraStat=EGameStat_Extra_None),Value=2))","","1000","100","100","True","True","-1","0","False"
"2001042000","[SET-][어쌔신]일반 단검 티어 Tier2","LOCTABLE(""/Game/GameData/String_Main.String_Main"", ""Item_Name_2001042000"")","""/Game/Textures/Icons/Equip/Dagger/T_Assasin_Dagger_Common_02.T_Assasin_Dagger_Common_02""","None","""/Game/Characters/MC/Weapon/AssAssin/SKM_MC_Assasin_M_Dagger_Common_02.SKM_MC_Assasin_M_Dagger_Common_02""","None","""/Game/Blueprints/Actors/ItemDropMesh/BP_DropitemMesh_Base.BP_DropitemMesh_Base_C""","LOCTABLE(""/Game/GameData/String_Main.String_Main"", ""Item_Desc_2001042000"")","EItemType_Weapon","EItemDetailType_Weapon_Dagger","EItemTagType_NormalItem","EUniversalGrade_Common","True","True","False","True","True","True","False","True","True","True","True","(GameDataType=EGameDataTable_ItemEnhance,Key=1,Name=""강화테이블_무기"")","True","12","6","0","1000","100","1","1","ECharacterJobClass_Assassin","1","999","1","((GameDataType=EGameDataTable_PortalSpot,Key=1001052,Name=""Emberforge_Hunt_WM_01""),(GameDataType=EGameDataTable_PortalSpot,Key=1001053,Name=""Emberforge_Hunt_WM_02""),(GameDataType=EGameDataTable_PortalSpot,Key=1001054,Name=""Emberforge_Hunt_WM_03""),(GameDataType=EGameDataTable_PortalSpot,Key=1002052,Name=""Eisvan_Hunt_WM_01""),(GameDataType=EGameDataTable_PortalSpot,Key=1002053,Name=""Eisvan_Hunt_WM_02""),(GameDataType=EGameDataTable_PortalSpot,Key=1002054,Name=""Eisvan_Hunt_WM_03""),(GameDataType=EGameDataTable_PortalSpot,Key=1003051,Name=""Ulgar_Hunt_WM_01""),(GameDataType=EGameDataTable_PortalSpot,Key=1003052,Name=""Ulgar_Hunt_WM_02""),(GameDataType=EGameDataTable_PortalSpot,Key=1003053,Name=""Ulgar_Hunt_WM_03""))","((GameDataType=EGameDataTable_CraftList,Key=28,Name=""용병의 단검""))","(Type=-,GameDataType=EGameDataTable_ItemSettingType,Key=0,Name=""None"")","(GameDataType=EGameDataTable_ItemSetOption,Key=0,Name=""None"")","((Stat=(StatType=EGameStatType_Attack,AttackStat=EGameStat_Attack_DamageWeapon,DefenseStat=EGameStat_Defense_None,ExtraStat=EGameStat_Extra_None),Value=5),(Stat=(StatType=EGameStatType_Attack,AttackStat=EGameStat_Attack_CriticalChanceMelee,DefenseStat=EGameStat_Defense_None,ExtraStat=EGameStat_Extra_None),Value=15),(Stat=(StatType=EGameStatType_Attack,AttackStat=EGameStat_Attack_DoubleChance,DefenseStat=EGameStat_Defense_None,ExtraStat=EGameStat_Extra_None),Value=5),(Stat=(StatType=EGameStatType_Attack,AttackStat=EGameStat_Attack_BonusDamage,DefenseStat=EGameStat_Defense_None,ExtraStat=EGameStat_Extra_None),Value=2))","","1000","100","100","True","True","-1","0","False"
"2001141000","[SET-][어쌔신]고급 단검 티어 Tier1","LOCTABLE(""/Game/GameData/String_Main.String_Main"", ""Item_Name_2001141000"")","""/Game/Textures/Icons/Equip/Dagger/T_Assasin_Dagger_Rare_01.T_Assasin_Dagger_Rare_01""","None","""/Game/Characters/MC/Weapon/AssAssin/SKM_MC_Assasin_M_Dagger_Rare_01.SKM_MC_Assasin_M_Dagger_Rare_01""","None","""/Game/Blueprints/Actors/ItemDropMesh/BP_DropitemMesh_Base.BP_DropitemMesh_Base_C""","LOCTABLE(""/Game/GameData/String_Main.String_Main"", ""Item_Desc_2001141000"")","EItemType_Weapon","EItemDetailType_Weapon_Dagger","EItemTagType_NormalItem","EUniversalGrade_Rare","True","True","False","True","True","True","False","True","True","True","True","(GameDataType=EGameDataTable_ItemEnhance,Key=1,Name=""강화테이블_무기"")","True","12","6","0","2000","200","1","1","ECharacterJobClass_Assassin","1","999","1","((GameDataType=EGameDataTable_PortalSpot,Key=1001052,Name=""Emberforge_Hunt_WM_01""),(GameDataType=EGameDataTable_PortalSpot,Key=1001053,Name=""Emberforge_Hunt_WM_02""),(GameDataType=EGameDataTable_PortalSpot,Key=1001054,Name=""Emberforge_Hunt_WM_03""),(GameDataType=EGameDataTable_PortalSpot,Key=1002052,Name=""Eisvan_Hunt_WM_01""),(GameDataType=EGameDataTable_PortalSpot,Key=1002053,Name=""Eisvan_Hunt_WM_02""),(GameDataType=EGameDataTable_PortalSpot,Key=1002054,Name=""Eisvan_Hunt_WM_03""),(GameDataType=EGameDataTable_PortalSpot,Key=1003051,Name=""Ulgar_Hunt_WM_01""),(GameDataType=EGameDataTable_PortalSpot,Key=1003052,Name=""Ulgar_Hunt_WM_02""),(GameDataType=EGameDataTable_PortalSpot,Key=1003053,Name=""Ulgar_Hunt_WM_03""))","((GameDataType=EGameDataTable_CraftList,Key=29,Name=""숙련 모험가의 단검""))","(Type=-,GameDataType=EGameDataTable_ItemSettingType,Key=0,Name=""None"")","(GameDataType=EGameDataTable_ItemSetOption,Key=0,Name=""None"")","((Stat=(StatType=EGameStatType_Attack,AttackStat=EGameStat_Attack_DamageWeapon,DefenseStat=EGameStat_Defense_None,ExtraStat=EGameStat_Extra_None),Value=14),(Stat=(StatType=EGameStatType_Attack,AttackStat=EGameStat_Attack_Accuracy,DefenseStat=EGameStat_Defense_None,ExtraStat=EGameStat_Extra_None),Value=2),(Stat=(StatType=EGameStatType_Attack,AttackStat=EGameStat_Attack_CriticalChanceMelee,DefenseStat=EGameStat_Defense_None,ExtraStat=EGameStat_Extra_None),Value=10),(Stat=(StatType=EGameStatType_Attack,AttackStat=EGameStat_Attack_DoubleChance,DefenseStat=EGameStat_Defense_None,ExtraStat=EGameStat_Extra_None),Value=10))","","1000","100","100","True","True","-1","0","False"
"2001142000","[SET-][어쌔신]고급 단검 티어 Tier2","LOCTABLE(""/Game/GameData/String_Main.String_Main"", ""Item_Name_2001142000"")","""/Game/Textures/Icons/Equip/Dagger/T_Assasin_Dagger_Rare_02.T_Assasin_Dagger_Rare_02""","None","""/Game/Characters/MC/Weapon/AssAssin/SKM_MC_Assasin_M_Dagger_Rare_02.SKM_MC_Assasin_M_Dagger_Rare_02""","None","""/Game/Blueprints/Actors/ItemDropMesh/BP_DropitemMesh_Base.BP_DropitemMesh_Base_C""","LOCTABLE(""/Game/GameData/String_Main.String_Main"", ""Item_Desc_2001142000"")","EItemType_Weapon","EItemDetailType_Weapon_Dagger","EItemTagType_NormalItem","EUniversalGrade_Rare","True","True","False","True","True","True","False","True","True","True","True","(GameDataType=EGameDataTable_ItemEnhance,Key=1,Name=""강화테이블_무기"")","True","12","6","0","2000","200","1","1","ECharacterJobClass_Assassin","1","999","1","((GameDataType=EGameDataTable_PortalSpot,Key=1001052,Name=""Emberforge_Hunt_WM_01""),(GameDataType=EGameDataTable_PortalSpot,Key=1001053,Name=""Emberforge_Hunt_WM_02""),(GameDataType=EGameDataTable_PortalSpot,Key=1001054,Name=""Emberforge_Hunt_WM_03""),(GameDataType=EGameDataTable_PortalSpot,Key=1002052,Name=""Eisvan_Hunt_WM_01""),(GameDataType=EGameDataTable_PortalSpot,Key=1002053,Name=""Eisvan_Hunt_WM_02""),(GameDataType=EGameDataTable_PortalSpot,Key=1002054,Name=""Eisvan_Hunt_WM_03""),(GameDataType=EGameDataTable_PortalSpot,Key=1003051,Name=""Ulgar_Hunt_WM_01""),(GameDataType=EGameDataTable_PortalSpot,Key=1003052,Name=""Ulgar_Hunt_WM_02""),(GameDataType=EGameDataTable_PortalSpot,Key=1003053,Name=""Ulgar_Hunt_WM_03""))","((GameDataType=EGameDataTable_CraftList,Key=30,Name=""숙련 용병의 단검""))","(Type=-,GameDataType=EGameDataTable_ItemSettingType,Key=0,Name=""None"")","(GameDataType=EGameDataTable_ItemSetOption,Key=0,Name=""None"")","((Stat=(StatType=EGameStatType_Attack,AttackStat=EGameStat_Attack_DamageWeapon,DefenseStat=EGameStat_Defense_None,ExtraStat=EGameStat_Extra_None),Value=14),(Stat=(StatType=EGameStatType_Attack,AttackStat=EGameStat_Attack_Accuracy,DefenseStat=EGameStat_Defense_None,ExtraStat=EGameStat_Extra_None),Value=2),(Stat=(StatType=EGameStatType_Attack,AttackStat=EGameStat_Attack_CriticalChanceMelee,DefenseStat=EGameStat_Defense_None,ExtraStat=EGameStat_Extra_None),Value=10),(Stat=(StatType=EGameStatType_Attack,AttackStat=EGameStat_Attack_DoubleChance,DefenseStat=EGameStat_Defense_None,ExtraStat=EGameStat_Extra_None),Value=10))","","1000","100","100","True","True","-1","0","False"
"2001143000","[SET-][어쌔신]고급 단검 티어 Tier3","LOCTABLE(""/Game/GameData/String_Main.String_Main"", ""Item_Name_2001143000"")","""/Game/Textures/Icons/Equip/Dagger/T_Assasin_Dagger_Rare_03.T_Assasin_Dagger_Rare_03""","None","""/Game/Characters/MC/Weapon/AssAssin/SKM_MC_Assasin_M_Dagger_Rare_03.SKM_MC_Assasin_M_Dagger_Rare_03""","None","""/Game/Blueprints/Actors/ItemDropMesh/BP_DropitemMesh_Base.BP_DropitemMesh_Base_C""","LOCTABLE(""/Game/GameData/String_Main.String_Main"", ""Item_Desc_2001143000"")","EItemType_Weapon","EItemDetailType_Weapon_Dagger","EItemTagType_NormalItem","EUniversalGrade_Rare","True","True","False","True","True","True","False","True","True","True","True","(GameDataType=EGameDataTable_ItemEnhance,Key=1,Name=""강화테이블_무기"")","True","12","6","0","2000","200","1","1","ECharacterJobClass_Assassin","1","999","1","((GameDataType=EGameDataTable_PortalSpot,Key=1001052,Name=""Emberforge_Hunt_WM_01""),(GameDataType=EGameDataTable_PortalSpot,Key=1001053,Name=""Emberforge_Hunt_WM_02""),(GameDataType=EGameDataTable_PortalSpot,Key=1001054,Name=""Emberforge_Hunt_WM_03""),(GameDataType=EGameDataTable_PortalSpot,Key=1002052,Name=""Eisvan_Hunt_WM_01""),(GameDataType=EGameDataTable_PortalSpot,Key=1002053,Name=""Eisvan_Hunt_WM_02""),(GameDataType=EGameDataTable_PortalSpot,Key=1002054,Name=""Eisvan_Hunt_WM_03""),(GameDataType=EGameDataTable_PortalSpot,Key=1003051,Name=""Ulgar_Hunt_WM_01""),(GameDataType=EGameDataTable_PortalSpot,Key=1003052,Name=""Ulgar_Hunt_WM_02""),(GameDataType=EGameDataTable_PortalSpot,Key=1003053,Name=""Ulgar_Hunt_WM_03""))","((GameDataType=EGameDataTable_CraftList,Key=31,Name=""숙련 암살자의 단검""))","(Type=-,GameDataType=EGameDataTable_ItemSettingType,Key=0,Name=""None"")","(GameDataType=EGameDataTable_ItemSetOption,Key=0,Name=""None"")","((Stat=(StatType=EGameStatType_Attack,AttackStat=EGameStat_Attack_DamageWeapon,DefenseStat=EGameStat_Defense_None,ExtraStat=EGameStat_Extra_None),Value=14),(Stat=(StatType=EGameStatType_Attack,AttackStat=EGameStat_Attack_Accuracy,DefenseStat=EGameStat_Defense_None,ExtraStat=EGameStat_Extra_None),Value=2),(Stat=(StatType=EGameStatType_Attack,AttackStat=EGameStat_Attack_CriticalChanceMelee,DefenseStat=EGameStat_Defense_None,ExtraStat=EGameStat_Extra_None),Value=10),(Stat=(StatType=EGameStatType_Attack,AttackStat=EGameStat_Attack_DoubleChance,DefenseStat=EGameStat_Defense_None,ExtraStat=EGameStat_Extra_None),Value=10))","","1000","100","100","True","True","-1","0","False"
"2001241000","[SET-][어쌔신]희귀 단검 티어 Tier1","LOCTABLE(""/Game/GameData/String_Main.String_Main"", ""Item_Name_2001241000"")","""/Game/Textures/Icons/Equip/Dagger/T_Assasin_Dagger_Unique_01.T_Assasin_Dagger_Unique_01""","None","""/Game/Characters/MC/Weapon/AssAssin/SKM_MC_Assasin_M_Dagger_Unique_01.SKM_MC_Assasin_M_Dagger_Unique_01""","None","""/Game/Blueprints/Actors/ItemDropMesh/BP_DropitemMesh_Base.BP_DropitemMesh_Base_C""","LOCTABLE(""/Game/GameData/String_Main.String_Main"", ""Item_Desc_2001241000"")","EItemType_Weapon","EItemDetailType_Weapon_Dagger","EItemTagType_NormalItem","EUniversalGrade_Unique","True","True","False","True","True","True","False","True","True","True","True","(GameDataType=EGameDataTable_ItemEnhance,Key=1,Name=""강화테이블_무기"")","True","12","6","0","3000","300","1","1","ECharacterJobClass_Assassin","1","999","1","((GameDataType=EGameDataTable_PortalSpot,Key=1001052,Name=""Emberforge_Hunt_WM_01""),(GameDataType=EGameDataTable_PortalSpot,Key=1001053,Name=""Emberforge_Hunt_WM_02""),(GameDataType=EGameDataTable_PortalSpot,Key=1001054,Name=""Emberforge_Hunt_WM_03""),(GameDataType=EGameDataTable_PortalSpot,Key=1002052,Name=""Eisvan_Hunt_WM_01""),(GameDataType=EGameDataTable_PortalSpot,Key=1002053,Name=""Eisvan_Hunt_WM_02""),(GameDataType=EGameDataTable_PortalSpot,Key=1002054,Name=""Eisvan_Hunt_WM_03""),(GameDataType=EGameDataTable_PortalSpot,Key=1003051,Name=""Ulgar_Hunt_WM_01""),(GameDataType=EGameDataTable_PortalSpot,Key=1003052,Name=""Ulgar_Hunt_WM_02""),(GameDataType=EGameDataTable_PortalSpot,Key=1003053,Name=""Ulgar_Hunt_WM_03""))","((GameDataType=EGameDataTable_CraftList,Key=32,Name=""정예 모험가의 단검""))","(Type=-,GameDataType=EGameDataTable_ItemSettingType,Key=0,Name=""None"")","(GameDataType=EGameDataTable_ItemSetOption,Key=0,Name=""None"")","((Stat=(StatType=EGameStatType_Attack,AttackStat=EGameStat_Attack_DamageWeapon,DefenseStat=EGameStat_Defense_None,ExtraStat=EGameStat_Extra_None),Value=20),(Stat=(StatType=EGameStatType_Attack,AttackStat=EGameStat_Attack_Accuracy,DefenseStat=EGameStat_Defense_None,ExtraStat=EGameStat_Extra_None),Value=4),(Stat=(StatType=EGameStatType_Attack,AttackStat=EGameStat_Attack_CriticalChanceMelee,DefenseStat=EGameStat_Defense_None,ExtraStat=EGameStat_Extra_None),Value=15),(Stat=(StatType=EGameStatType_Attack,AttackStat=EGameStat_Attack_DoubleChance,DefenseStat=EGameStat_Defense_None,ExtraStat=EGameStat_Extra_None),Value=10),(Stat=(StatType=EGameStatType_Attack,AttackStat=EGameStat_Attack_BonusDamage,DefenseStat=EGameStat_Defense_None,ExtraStat=EGameStat_Extra_None),Value=2))","","1000","100","100","True","True","-1","0","False"
"2001242000","[SET-][어쌔신]희귀 단검 티어 Tier2","LOCTABLE(""/Game/GameData/String_Main.String_Main"", ""Item_Name_2001242000"")","""/Game/Textures/Icons/Equip/Dagger/T_Assasin_Dagger_Unique_02.T_Assasin_Dagger_Unique_02""","None","""/Game/Characters/MC/Weapon/AssAssin/SKM_MC_Assasin_M_Dagger_Unique_02.SKM_MC_Assasin_M_Dagger_Unique_02""","None","""/Game/Blueprints/Actors/ItemDropMesh/BP_DropitemMesh_Base.BP_DropitemMesh_Base_C""","LOCTABLE(""/Game/GameData/String_Main.String_Main"", ""Item_Desc_2001242000"")","EItemType_Weapon","EItemDetailType_Weapon_Dagger","EItemTagType_NormalItem","EUniversalGrade_Unique","True","True","False","True","True","True","False","True","True","True","True","(GameDataType=EGameDataTable_ItemEnhance,Key=1,Name=""강화테이블_무기"")","True","12","6","0","3000","300","1","1","ECharacterJobClass_Assassin","1","999","1","((GameDataType=EGameDataTable_PortalSpot,Key=1001052,Name=""Emberforge_Hunt_WM_01""),(GameDataType=EGameDataTable_PortalSpot,Key=1001053,Name=""Emberforge_Hunt_WM_02""),(GameDataType=EGameDataTable_PortalSpot,Key=1001054,Name=""Emberforge_Hunt_WM_03""),(GameDataType=EGameDataTable_PortalSpot,Key=1002052,Name=""Eisvan_Hunt_WM_01""),(GameDataType=EGameDataTable_PortalSpot,Key=1002053,Name=""Eisvan_Hunt_WM_02""),(GameDataType=EGameDataTable_PortalSpot,Key=1002054,Name=""Eisvan_Hunt_WM_03""),(GameDataType=EGameDataTable_PortalSpot,Key=1003051,Name=""Ulgar_Hunt_WM_01""),(GameDataType=EGameDataTable_PortalSpot,Key=1003052,Name=""Ulgar_Hunt_WM_02""),(GameDataType=EGameDataTable_PortalSpot,Key=1003053,Name=""Ulgar_Hunt_WM_03""))","((GameDataType=EGameDataTable_CraftList,Key=33,Name=""정예 용병의 단검""))","(Type=-,GameDataType=EGameDataTable_ItemSettingType,Key=0,Name=""None"")","(GameDataType=EGameDataTable_ItemSetOption,Key=0,Name=""None"")","((Stat=(StatType=EGameStatType_Attack,AttackStat=EGameStat_Attack_DamageWeapon,DefenseStat=EGameStat_Defense_None,ExtraStat=EGameStat_Extra_None),Value=20),(Stat=(StatType=EGameStatType_Attack,AttackStat=EGameStat_Attack_Accuracy,DefenseStat=EGameStat_Defense_None,ExtraStat=EGameStat_Extra_None),Value=4),(Stat=(StatType=EGameStatType_Attack,AttackStat=EGameStat_Attack_CriticalChanceMelee,DefenseStat=EGameStat_Defense_None,ExtraStat=EGameStat_Extra_None),Value=15),(Stat=(StatType=EGameStatType_Attack,AttackStat=EGameStat_Attack_DoubleChance,DefenseStat=EGameStat_Defense_None,ExtraStat=EGameStat_Extra_None),Value=10),(Stat=(StatType=EGameStatType_Attack,AttackStat=EGameStat_Attack_BonusDamage,DefenseStat=EGameStat_Defense_None,ExtraStat=EGameStat_Extra_None),Value=2))","","1000","100","100","True","True","-1","0","False"
"2001243000","[SET-][어쌔신]희귀 단검 티어 Tier3","LOCTABLE(""/Game/GameData/String_Main.String_Main"", ""Item_Name_2001243000"")","""/Game/Textures/Icons/Equip/Dagger/T_Assasin_Dagger_Unique_03.T_Assasin_Dagger_Unique_03""","None","""/Game/Characters/MC/Weapon/AssAssin/SKM_MC_Assasin_M_Dagger_Unique_03.SKM_MC_Assasin_M_Dagger_Unique_03""","None","""/Game/Blueprints/Actors/ItemDropMesh/BP_DropitemMesh_Base.BP_DropitemMesh_Base_C""","LOCTABLE(""/Game/GameData/String_Main.String_Main"", ""Item_Desc_2001243000"")","EItemType_Weapon","EItemDetailType_Weapon_Dagger","EItemTagType_NormalItem","EUniversalGrade_Unique","True","True","False","True","True","True","False","True","True","True","True","(GameDataType=EGameDataTable_ItemEnhance,Key=1,Name=""강화테이블_무기"")","True","12","6","0","3000","300","1","1","ECharacterJobClass_Assassin","1","999","1","((GameDataType=EGameDataTable_PortalSpot,Key=1001052,Name=""Emberforge_Hunt_WM_01""),(GameDataType=EGameDataTable_PortalSpot,Key=1001053,Name=""Emberforge_Hunt_WM_02""),(GameDataType=EGameDataTable_PortalSpot,Key=1001054,Name=""Emberforge_Hunt_WM_03""),(GameDataType=EGameDataTable_PortalSpot,Key=1002052,Name=""Eisvan_Hunt_WM_01""),(GameDataType=EGameDataTable_PortalSpot,Key=1002053,Name=""Eisvan_Hunt_WM_02""),(GameDataType=EGameDataTable_PortalSpot,Key=1002054,Name=""Eisvan_Hunt_WM_03""),(GameDataType=EGameDataTable_PortalSpot,Key=1003051,Name=""Ulgar_Hunt_WM_01""),(GameDataType=EGameDataTable_PortalSpot,Key=1003052,Name=""Ulgar_Hunt_WM_02""),(GameDataType=EGameDataTable_PortalSpot,Key=1003053,Name=""Ulgar_Hunt_WM_03""))","((GameDataType=EGameDataTable_CraftList,Key=34,Name=""정예 암살자의 단검""))","(Type=-,GameDataType=EGameDataTable_ItemSettingType,Key=0,Name=""None"")","(GameDataType=EGameDataTable_ItemSetOption,Key=0,Name=""None"")","((Stat=(StatType=EGameStatType_Attack,AttackStat=EGameStat_Attack_DamageWeapon,DefenseStat=EGameStat_Defense_None,ExtraStat=EGameStat_Extra_None),Value=20),(Stat=(StatType=EGameStatType_Attack,AttackStat=EGameStat_Attack_Accuracy,DefenseStat=EGameStat_Defense_None,ExtraStat=EGameStat_Extra_None),Value=4),(Stat=(StatType=EGameStatType_Attack,AttackStat=EGameStat_Attack_CriticalChanceMelee,DefenseStat=EGameStat_Defense_None,ExtraStat=EGameStat_Extra_None),Value=15),(Stat=(StatType=EGameStatType_Attack,AttackStat=EGameStat_Attack_DoubleChance,DefenseStat=EGameStat_Defense_None,ExtraStat=EGameStat_Extra_None),Value=10),(Stat=(StatType=EGameStatType_Attack,AttackStat=EGameStat_Attack_BonusDamage,DefenseStat=EGameStat_Defense_None,ExtraStat=EGameStat_Extra_None),Value=2))","","1000","100","100","True","True","-1","0","False"
"2001341000","[SET-][어쌔신]영웅 단검 티어 Tier1","LOCTABLE(""/Game/GameData/String_Main.String_Main"", ""Item_Name_2001341000"")","""/Game/Textures/Icons/Equip/Dagger/T_Assasin_Dagger_Epic_01.T_Assasin_Dagger_Epic_01""","None","""/Game/Characters/MC/Weapon/AssAssin/SKM_MC_Assasin_M_Dagger_Epic_01.SKM_MC_Assasin_M_Dagger_Epic_01""","None","""/Game/Blueprints/Actors/ItemDropMesh/BP_DropitemMesh_Base.BP_DropitemMesh_Base_C""","LOCTABLE(""/Game/GameData/String_Main.String_Main"", ""Item_Desc_2001341000"")","EItemType_Weapon","EItemDetailType_Weapon_Dagger","EItemTagType_NormalItem","EUniversalGrade_Epic","True","True","False","True","True","True","False","True","True","False","True","(GameDataType=EGameDataTable_ItemEnhance,Key=1,Name=""강화테이블_무기"")","True","12","6","0","4000","400","1","1","ECharacterJobClass_Assassin","1","999","1","((GameDataType=EGameDataTable_PortalSpot,Key=1001052,Name=""Emberforge_Hunt_WM_01""),(GameDataType=EGameDataTable_PortalSpot,Key=1001053,Name=""Emberforge_Hunt_WM_02""),(GameDataType=EGameDataTable_PortalSpot,Key=1001054,Name=""Emberforge_Hunt_WM_03""),(GameDataType=EGameDataTable_PortalSpot,Key=1002052,Name=""Eisvan_Hunt_WM_01""),(GameDataType=EGameDataTable_PortalSpot,Key=1002053,Name=""Eisvan_Hunt_WM_02""),(GameDataType=EGameDataTable_PortalSpot,Key=1002054,Name=""Eisvan_Hunt_WM_03""),(GameDataType=EGameDataTable_PortalSpot,Key=1003051,Name=""Ulgar_Hunt_WM_01""),(GameDataType=EGameDataTable_PortalSpot,Key=1003052,Name=""Ulgar_Hunt_WM_02""),(GameDataType=EGameDataTable_PortalSpot,Key=1003053,Name=""Ulgar_Hunt_WM_03""))","((GameDataType=EGameDataTable_CraftList,Key=35,Name=""지휘관의 단검""))","(Type=-,GameDataType=EGameDataTable_ItemSettingType,Key=0,Name=""None"")","(GameDataType=EGameDataTable_ItemSetOption,Key=0,Name=""None"")","((Stat=(StatType=EGameStatType_Attack,AttackStat=EGameStat_Attack_DamageWeapon,DefenseStat=EGameStat_Defense_None,ExtraStat=EGameStat_Extra_None),Value=24),(Stat=(StatType=EGameStatType_Attack,AttackStat=EGameStat_Attack_Accuracy,DefenseStat=EGameStat_Defense_None,ExtraStat=EGameStat_Extra_None),Value=10),(Stat=(StatType=EGameStatType_Attack,AttackStat=EGameStat_Attack_CriticalChanceMelee,DefenseStat=EGameStat_Defense_None,ExtraStat=EGameStat_Extra_None),Value=15),(Stat=(StatType=EGameStatType_Attack,AttackStat=EGameStat_Attack_DoubleChance,DefenseStat=EGameStat_Defense_None,ExtraStat=EGameStat_Extra_None),Value=10),(Stat=(StatType=EGameStatType_Attack,AttackStat=EGameStat_Attack_BonusDamage,DefenseStat=EGameStat_Defense_None,ExtraStat=EGameStat_Extra_None),Value=4),(Stat=(StatType=EGameStatType_Attack,AttackStat=EGameStat_Attack_DamageBoostSkill,DefenseStat=EGameStat_Defense_None,ExtraStat=EGameStat_Extra_None),Value=10))","","1000","100","100","True","True","-1","0","False"
"2002041000","[SET-][위자드]일반 지팡이 티어 Tier1","LOCTABLE(""/Game/GameData/String_Main.String_Main"", ""Item_Name_2002041000"")","""/Game/Textures/Icons/Equip/Staff/T_Wizard_Staff_Common_01.T_Wizard_Staff_Common_01""","None","""/Game/Characters/MC/Weapon/Wizard/SKM_MC_Wiz_F_Staff_Common_01.SKM_MC_Wiz_F_Staff_Common_01""","None","""/Game/Blueprints/Actors/ItemDropMesh/BP_DropitemMesh_Base.BP_DropitemMesh_Base_C""","LOCTABLE(""/Game/GameData/String_Main.String_Main"", ""Item_Desc_2002041000"")","EItemType_Weapon","EItemDetailType_Weapon_Staff","EItemTagType_NormalItem","EUniversalGrade_Common","True","True","False","True","True","True","False","True","True","True","True","(GameDataType=EGameDataTable_ItemEnhance,Key=1,Name=""강화테이블_무기"")","True","12","6","0","1000","100","1","1","ECharacterJobClass_Wizard","1","999","1","((GameDataType=EGameDataTable_PortalSpot,Key=1001052,Name=""Emberforge_Hunt_WM_01""),(GameDataType=EGameDataTable_PortalSpot,Key=1001053,Name=""Emberforge_Hunt_WM_02""),(GameDataType=EGameDataTable_PortalSpot,Key=1001054,Name=""Emberforge_Hunt_WM_03""),(GameDataType=EGameDataTable_PortalSpot,Key=1002052,Name=""Eisvan_Hunt_WM_01""),(GameDataType=EGameDataTable_PortalSpot,Key=1002053,Name=""Eisvan_Hunt_WM_02""),(GameDataType=EGameDataTable_PortalSpot,Key=1002054,Name=""Eisvan_Hunt_WM_03""),(GameDataType=EGameDataTable_PortalSpot,Key=1003051,Name=""Ulgar_Hunt_WM_01""),(GameDataType=EGameDataTable_PortalSpot,Key=1003052,Name=""Ulgar_Hunt_WM_02""),(GameDataType=EGameDataTable_PortalSpot,Key=1003053,Name=""Ulgar_Hunt_WM_03""))","((GameDataType=EGameDataTable_CraftList,Key=36,Name=""초심자의 지팡이""))","(Type=-,GameDataType=EGameDataTable_ItemSettingType,Key=0,Name=""None"")","(GameDataType=EGameDataTable_ItemSetOption,Key=0,Name=""None"")","((Stat=(StatType=EGameStatType_Attack,AttackStat=EGameStat_Attack_DamageWeapon,DefenseStat=EGameStat_Defense_None,ExtraStat=EGameStat_Extra_None),Value=9),(Stat=(StatType=EGameStatType_Attack,AttackStat=EGameStat_Attack_CriticalChanceMagic,DefenseStat=EGameStat_Defense_None,ExtraStat=EGameStat_Extra_None),Value=20),(Stat=(StatType=EGameStatType_Attack,AttackStat=EGameStat_Attack_DoubleChance,DefenseStat=EGameStat_Defense_None,ExtraStat=EGameStat_Extra_None),Value=5),(Stat=(StatType=EGameStatType_Attack,AttackStat=EGameStat_Attack_BonusDamageCritical,DefenseStat=EGameStat_Defense_None,ExtraStat=EGameStat_Extra_None),Value=2))","","1000","100","100","True","True","-1","0","False"
"2002042000","[SET-][위자드]일반 지팡이 티어 Tier2","LOCTABLE(""/Game/GameData/String_Main.String_Main"", ""Item_Name_2002042000"")","""/Game/Textures/Icons/Equip/Staff/T_Wizard_Staff_Common_02.T_Wizard_Staff_Common_02""","None","""/Game/Characters/MC/Weapon/Wizard/SKM_MC_Wiz_F_Staff_Common_02.SKM_MC_Wiz_F_Staff_Common_02""","None","""/Game/Blueprints/Actors/ItemDropMesh/BP_DropitemMesh_Base.BP_DropitemMesh_Base_C""","LOCTABLE(""/Game/GameData/String_Main.String_Main"", ""Item_Desc_2002042000"")","EItemType_Weapon","EItemDetailType_Weapon_Staff","EItemTagType_NormalItem","EUniversalGrade_Common","True","True","False","True","True","True","False","True","True","True","True","(GameDataType=EGameDataTable_ItemEnhance,Key=1,Name=""강화테이블_무기"")","True","12","6","0","1000","100","1","1","ECharacterJobClass_Wizard","1","999","1","((GameDataType=EGameDataTable_PortalSpot,Key=1001052,Name=""Emberforge_Hunt_WM_01""),(GameDataType=EGameDataTable_PortalSpot,Key=1001053,Name=""Emberforge_Hunt_WM_02""),(GameDataType=EGameDataTable_PortalSpot,Key=1001054,Name=""Emberforge_Hunt_WM_03""),(GameDataType=EGameDataTable_PortalSpot,Key=1002052,Name=""Eisvan_Hunt_WM_01""),(GameDataType=EGameDataTable_PortalSpot,Key=1002053,Name=""Eisvan_Hunt_WM_02""),(GameDataType=EGameDataTable_PortalSpot,Key=1002054,Name=""Eisvan_Hunt_WM_03""),(GameDataType=EGameDataTable_PortalSpot,Key=1003051,Name=""Ulgar_Hunt_WM_01""),(GameDataType=EGameDataTable_PortalSpot,Key=1003052,Name=""Ulgar_Hunt_WM_02""),(GameDataType=EGameDataTable_PortalSpot,Key=1003053,Name=""Ulgar_Hunt_WM_03""))","((GameDataType=EGameDataTable_CraftList,Key=37,Name=""용병의 지팡이""))","(Type=-,GameDataType=EGameDataTable_ItemSettingType,Key=0,Name=""None"")","(GameDataType=EGameDataTable_ItemSetOption,Key=0,Name=""None"")","((Stat=(StatType=EGameStatType_Attack,AttackStat=EGameStat_Attack_DamageWeapon,DefenseStat=EGameStat_Defense_None,ExtraStat=EGameStat_Extra_None),Value=9),(Stat=(StatType=EGameStatType_Attack,AttackStat=EGameStat_Attack_CriticalChanceMagic,DefenseStat=EGameStat_Defense_None,ExtraStat=EGameStat_Extra_None),Value=20),(Stat=(StatType=EGameStatType_Attack,AttackStat=EGameStat_Attack_DoubleChance,DefenseStat=EGameStat_Defense_None,ExtraStat=EGameStat_Extra_None),Value=5),(Stat=(StatType=EGameStatType_Attack,AttackStat=EGameStat_Attack_BonusDamageCritical,DefenseStat=EGameStat_Defense_None,ExtraStat=EGameStat_Extra_None),Value=2))","","1000","100","100","True","True","-1","0","False"
"2002141000","[SET-][위자드]고급 지팡이 티어 Tier1","LOCTABLE(""/Game/GameData/String_Main.String_Main"", ""Item_Name_2002141000"")","""/Game/Textures/Icons/Equip/Staff/T_Wizard_Staff_Rare_01.T_Wizard_Staff_Rare_01""","None","""/Game/Characters/MC/Weapon/Wizard/SKM_MC_Wiz_F_Staff_Rare_01.SKM_MC_Wiz_F_Staff_Rare_01""","None","""/Game/Blueprints/Actors/ItemDropMesh/BP_DropitemMesh_Base.BP_DropitemMesh_Base_C""","LOCTABLE(""/Game/GameData/String_Main.String_Main"", ""Item_Desc_2002141000"")","EItemType_Weapon","EItemDetailType_Weapon_Staff","EItemTagType_NormalItem","EUniversalGrade_Rare","True","True","False","True","True","True","False","True","True","True","True","(GameDataType=EGameDataTable_ItemEnhance,Key=1,Name=""강화테이블_무기"")","True","12","6","0","2000","200","1","1","ECharacterJobClass_Wizard","1","999","1","((GameDataType=EGameDataTable_PortalSpot,Key=1001052,Name=""Emberforge_Hunt_WM_01""),(GameDataType=EGameDataTable_PortalSpot,Key=1001053,Name=""Emberforge_Hunt_WM_02""),(GameDataType=EGameDataTable_PortalSpot,Key=1001054,Name=""Emberforge_Hunt_WM_03""),(GameDataType=EGameDataTable_PortalSpot,Key=1002052,Name=""Eisvan_Hunt_WM_01""),(GameDataType=EGameDataTable_PortalSpot,Key=1002053,Name=""Eisvan_Hunt_WM_02""),(GameDataType=EGameDataTable_PortalSpot,Key=1002054,Name=""Eisvan_Hunt_WM_03""),(GameDataType=EGameDataTable_PortalSpot,Key=1003051,Name=""Ulgar_Hunt_WM_01""),(GameDataType=EGameDataTable_PortalSpot,Key=1003052,Name=""Ulgar_Hunt_WM_02""),(GameDataType=EGameDataTable_PortalSpot,Key=1003053,Name=""Ulgar_Hunt_WM_03""))","((GameDataType=EGameDataTable_CraftList,Key=38,Name=""숙련 모험가의 지팡이""))","(Type=-,GameDataType=EGameDataTable_ItemSettingType,Key=0,Name=""None"")","(GameDataType=EGameDataTable_ItemSetOption,Key=0,Name=""None"")","((Stat=(StatType=EGameStatType_Attack,AttackStat=EGameStat_Attack_DamageWeapon,DefenseStat=EGameStat_Defense_None,ExtraStat=EGameStat_Extra_None),Value=14),(Stat=(StatType=EGameStatType_Attack,AttackStat=EGameStat_Attack_Accuracy,DefenseStat=EGameStat_Defense_None,ExtraStat=EGameStat_Extra_None),Value=3),(Stat=(StatType=EGameStatType_Attack,AttackStat=EGameStat_Attack_CriticalChanceMagic,DefenseStat=EGameStat_Defense_None,ExtraStat=EGameStat_Extra_None),Value=25),(Stat=(StatType=EGameStatType_Attack,AttackStat=EGameStat_Attack_DoubleChance,DefenseStat=EGameStat_Defense_None,ExtraStat=EGameStat_Extra_None),Value=5),(Stat=(StatType=EGameStatType_Attack,AttackStat=EGameStat_Attack_BonusDamageCritical,DefenseStat=EGameStat_Defense_None,ExtraStat=EGameStat_Extra_None),Value=1))","","1000","100","100","True","True","-1","0","False"
"2002142000","[SET-][위자드]고급 지팡이 티어 Tier2","LOCTABLE(""/Game/GameData/String_Main.String_Main"", ""Item_Name_2002142000"")","""/Game/Textures/Icons/Equip/Staff/T_Wizard_Staff_Rare_02.T_Wizard_Staff_Rare_02""","None","""/Game/Characters/MC/Weapon/Wizard/SKM_MC_Wiz_F_Staff_Rare_02.SKM_MC_Wiz_F_Staff_Rare_02""","None","""/Game/Blueprints/Actors/ItemDropMesh/BP_DropitemMesh_Base.BP_DropitemMesh_Base_C""","LOCTABLE(""/Game/GameData/String_Main.String_Main"", ""Item_Desc_2002142000"")","EItemType_Weapon","EItemDetailType_Weapon_Staff","EItemTagType_NormalItem","EUniversalGrade_Rare","True","True","False","True","True","True","False","True","True","True","True","(GameDataType=EGameDataTable_ItemEnhance,Key=1,Name=""강화테이블_무기"")","True","12","6","0","2000","200","1","1","ECharacterJobClass_Wizard","1","999","1","((GameDataType=EGameDataTable_PortalSpot,Key=1001052,Name=""Emberforge_Hunt_WM_01""),(GameDataType=EGameDataTable_PortalSpot,Key=1001053,Name=""Emberforge_Hunt_WM_02""),(GameDataType=EGameDataTable_PortalSpot,Key=1001054,Name=""Emberforge_Hunt_WM_03""),(GameDataType=EGameDataTable_PortalSpot,Key=1002052,Name=""Eisvan_Hunt_WM_01""),(GameDataType=EGameDataTable_PortalSpot,Key=1002053,Name=""Eisvan_Hunt_WM_02""),(GameDataType=EGameDataTable_PortalSpot,Key=1002054,Name=""Eisvan_Hunt_WM_03""),(GameDataType=EGameDataTable_PortalSpot,Key=1003051,Name=""Ulgar_Hunt_WM_01""),(GameDataType=EGameDataTable_PortalSpot,Key=1003052,Name=""Ulgar_Hunt_WM_02""),(GameDataType=EGameDataTable_PortalSpot,Key=1003053,Name=""Ulgar_Hunt_WM_03""))","((GameDataType=EGameDataTable_CraftList,Key=39,Name=""숙련 용병의 지팡이""))","(Type=-,GameDataType=EGameDataTable_ItemSettingType,Key=0,Name=""None"")","(GameDataType=EGameDataTable_ItemSetOption,Key=0,Name=""None"")","((Stat=(StatType=EGameStatType_Attack,AttackStat=EGameStat_Attack_DamageWeapon,DefenseStat=EGameStat_Defense_None,ExtraStat=EGameStat_Extra_None),Value=14),(Stat=(StatType=EGameStatType_Attack,AttackStat=EGameStat_Attack_Accuracy,DefenseStat=EGameStat_Defense_None,ExtraStat=EGameStat_Extra_None),Value=3),(Stat=(StatType=EGameStatType_Attack,AttackStat=EGameStat_Attack_CriticalChanceMagic,DefenseStat=EGameStat_Defense_None,ExtraStat=EGameStat_Extra_None),Value=25),(Stat=(StatType=EGameStatType_Attack,AttackStat=EGameStat_Attack_DoubleChance,DefenseStat=EGameStat_Defense_None,ExtraStat=EGameStat_Extra_None),Value=5),(Stat=(StatType=EGameStatType_Attack,AttackStat=EGameStat_Attack_BonusDamageCritical,DefenseStat=EGameStat_Defense_None,ExtraStat=EGameStat_Extra_None),Value=1))","","1000","100","100","True","True","-1","0","False"
"2002143000","[SET-][위자드]고급 지팡이 티어 Tier3","LOCTABLE(""/Game/GameData/String_Main.String_Main"", ""Item_Name_2002143000"")","""/Game/Textures/Icons/Equip/Staff/T_Wizard_Staff_Rare_03.T_Wizard_Staff_Rare_03""","None","""/Game/Characters/MC/Weapon/Wizard/SKM_MC_Wiz_F_Staff_Rare_03_170.SKM_MC_Wiz_F_Staff_Rare_03_170""","None","""/Game/Blueprints/Actors/ItemDropMesh/BP_DropitemMesh_Base.BP_DropitemMesh_Base_C""","LOCTABLE(""/Game/GameData/String_Main.String_Main"", ""Item_Desc_2002143000"")","EItemType_Weapon","EItemDetailType_Weapon_Staff","EItemTagType_NormalItem","EUniversalGrade_Rare","True","True","False","True","True","True","False","True","True","True","True","(GameDataType=EGameDataTable_ItemEnhance,Key=1,Name=""강화테이블_무기"")","True","12","6","0","2000","200","1","1","ECharacterJobClass_Wizard","1","999","1","((GameDataType=EGameDataTable_PortalSpot,Key=1001052,Name=""Emberforge_Hunt_WM_01""),(GameDataType=EGameDataTable_PortalSpot,Key=1001053,Name=""Emberforge_Hunt_WM_02""),(GameDataType=EGameDataTable_PortalSpot,Key=1001054,Name=""Emberforge_Hunt_WM_03""),(GameDataType=EGameDataTable_PortalSpot,Key=1002052,Name=""Eisvan_Hunt_WM_01""),(GameDataType=EGameDataTable_PortalSpot,Key=1002053,Name=""Eisvan_Hunt_WM_02""),(GameDataType=EGameDataTable_PortalSpot,Key=1002054,Name=""Eisvan_Hunt_WM_03""),(GameDataType=EGameDataTable_PortalSpot,Key=1003051,Name=""Ulgar_Hunt_WM_01""),(GameDataType=EGameDataTable_PortalSpot,Key=1003052,Name=""Ulgar_Hunt_WM_02""),(GameDataType=EGameDataTable_PortalSpot,Key=1003053,Name=""Ulgar_Hunt_WM_03""))","((GameDataType=EGameDataTable_CraftList,Key=40,Name=""숙련 마법사의 지팡이""))","(Type=-,GameDataType=EGameDataTable_ItemSettingType,Key=0,Name=""None"")","(GameDataType=EGameDataTable_ItemSetOption,Key=0,Name=""None"")","((Stat=(StatType=EGameStatType_Attack,AttackStat=EGameStat_Attack_DamageWeapon,DefenseStat=EGameStat_Defense_None,ExtraStat=EGameStat_Extra_None),Value=14),(Stat=(StatType=EGameStatType_Attack,AttackStat=EGameStat_Attack_Accuracy,DefenseStat=EGameStat_Defense_None,ExtraStat=EGameStat_Extra_None),Value=3),(Stat=(StatType=EGameStatType_Attack,AttackStat=EGameStat_Attack_CriticalChanceMagic,DefenseStat=EGameStat_Defense_None,ExtraStat=EGameStat_Extra_None),Value=25),(Stat=(StatType=EGameStatType_Attack,AttackStat=EGameStat_Attack_DoubleChance,DefenseStat=EGameStat_Defense_None,ExtraStat=EGameStat_Extra_None),Value=5),(Stat=(StatType=EGameStatType_Attack,AttackStat=EGameStat_Attack_BonusDamageCritical,DefenseStat=EGameStat_Defense_None,ExtraStat=EGameStat_Extra_None),Value=1))","","1000","100","100","True","True","-1","0","False"
"2002241000","[SET-][위자드]희귀 지팡이 티어 Tier1","LOCTABLE(""/Game/GameData/String_Main.String_Main"", ""Item_Name_2002241000"")","""/Game/Textures/Icons/Equip/Staff/T_Wizard_Staff_Unique_01.T_Wizard_Staff_Unique_01""","None","""/Game/Characters/MC/Weapon/Wizard/SKM_MC_Wiz_F_Staff_Unique_01.SKM_MC_Wiz_F_Staff_Unique_01""","None","""/Game/Blueprints/Actors/ItemDropMesh/BP_DropitemMesh_Base.BP_DropitemMesh_Base_C""","LOCTABLE(""/Game/GameData/String_Main.String_Main"", ""Item_Desc_2002241000"")","EItemType_Weapon","EItemDetailType_Weapon_Staff","EItemTagType_NormalItem","EUniversalGrade_Unique","True","True","False","True","True","True","False","True","True","True","True","(GameDataType=EGameDataTable_ItemEnhance,Key=1,Name=""강화테이블_무기"")","True","12","6","0","3000","300","1","1","ECharacterJobClass_Wizard","1","999","1","((GameDataType=EGameDataTable_PortalSpot,Key=1001052,Name=""Emberforge_Hunt_WM_01""),(GameDataType=EGameDataTable_PortalSpot,Key=1001053,Name=""Emberforge_Hunt_WM_02""),(GameDataType=EGameDataTable_PortalSpot,Key=1001054,Name=""Emberforge_Hunt_WM_03""),(GameDataType=EGameDataTable_PortalSpot,Key=1002052,Name=""Eisvan_Hunt_WM_01""),(GameDataType=EGameDataTable_PortalSpot,Key=1002053,Name=""Eisvan_Hunt_WM_02""),(GameDataType=EGameDataTable_PortalSpot,Key=1002054,Name=""Eisvan_Hunt_WM_03""),(GameDataType=EGameDataTable_PortalSpot,Key=1003051,Name=""Ulgar_Hunt_WM_01""),(GameDataType=EGameDataTable_PortalSpot,Key=1003052,Name=""Ulgar_Hunt_WM_02""),(GameDataType=EGameDataTable_PortalSpot,Key=1003053,Name=""Ulgar_Hunt_WM_03""))","((GameDataType=EGameDataTable_CraftList,Key=41,Name=""정예 모험가의 지팡이""))","(Type=-,GameDataType=EGameDataTable_ItemSettingType,Key=0,Name=""None"")","(GameDataType=EGameDataTable_ItemSetOption,Key=0,Name=""None"")","((Stat=(StatType=EGameStatType_Attack,AttackStat=EGameStat_Attack_DamageWeapon,DefenseStat=EGameStat_Defense_None,ExtraStat=EGameStat_Extra_None),Value=17),(Stat=(StatType=EGameStatType_Attack,AttackStat=EGameStat_Attack_Accuracy,DefenseStat=EGameStat_Defense_None,ExtraStat=EGameStat_Extra_None),Value=6),(Stat=(StatType=EGameStatType_Attack,AttackStat=EGameStat_Attack_CriticalChanceMagic,DefenseStat=EGameStat_Defense_None,ExtraStat=EGameStat_Extra_None),Value=25),(Stat=(StatType=EGameStatType_Attack,AttackStat=EGameStat_Attack_DoubleChance,DefenseStat=EGameStat_Defense_None,ExtraStat=EGameStat_Extra_None),Value=5),(Stat=(StatType=EGameStatType_Extra,AttackStat=EGameStat_Attack_None,DefenseStat=EGameStat_Defense_None,ExtraStat=EGameStat_Extra_MPRecoverTick),Value=4))","","1000","100","100","True","True","-1","0","False"
"2002242000","[SET-][위자드]희귀 지팡이 티어 Tier2","LOCTABLE(""/Game/GameData/String_Main.String_Main"", ""Item_Name_2002242000"")","""/Game/Textures/Icons/Equip/Staff/T_Wizard_Staff_Unique_02.T_Wizard_Staff_Unique_02""","None","""/Game/Characters/MC/Weapon/Wizard/SKM_MC_Wiz_F_Staff_Unique_02.SKM_MC_Wiz_F_Staff_Unique_02""","None","""/Game/Blueprints/Actors/ItemDropMesh/BP_DropitemMesh_Base.BP_DropitemMesh_Base_C""","LOCTABLE(""/Game/GameData/String_Main.String_Main"", ""Item_Desc_2002242000"")","EItemType_Weapon","EItemDetailType_Weapon_Staff","EItemTagType_NormalItem","EUniversalGrade_Unique","True","True","False","True","True","True","False","True","True","True","True","(GameDataType=EGameDataTable_ItemEnhance,Key=1,Name=""강화테이블_무기"")","True","12","6","0","3000","300","1","1","ECharacterJobClass_Wizard","1","999","1","((GameDataType=EGameDataTable_PortalSpot,Key=1001052,Name=""Emberforge_Hunt_WM_01""),(GameDataType=EGameDataTable_PortalSpot,Key=1001053,Name=""Emberforge_Hunt_WM_02""),(GameDataType=EGameDataTable_PortalSpot,Key=1001054,Name=""Emberforge_Hunt_WM_03""),(GameDataType=EGameDataTable_PortalSpot,Key=1002052,Name=""Eisvan_Hunt_WM_01""),(GameDataType=EGameDataTable_PortalSpot,Key=1002053,Name=""Eisvan_Hunt_WM_02""),(GameDataType=EGameDataTable_PortalSpot,Key=1002054,Name=""Eisvan_Hunt_WM_03""),(GameDataType=EGameDataTable_PortalSpot,Key=1003051,Name=""Ulgar_Hunt_WM_01""),(GameDataType=EGameDataTable_PortalSpot,Key=1003052,Name=""Ulgar_Hunt_WM_02""),(GameDataType=EGameDataTable_PortalSpot,Key=1003053,Name=""Ulgar_Hunt_WM_03""))","((GameDataType=EGameDataTable_CraftList,Key=42,Name=""정예 용병의 지팡이""))","(Type=-,GameDataType=EGameDataTable_ItemSettingType,Key=0,Name=""None"")","(GameDataType=EGameDataTable_ItemSetOption,Key=0,Name=""None"")","((Stat=(StatType=EGameStatType_Attack,AttackStat=EGameStat_Attack_DamageWeapon,DefenseStat=EGameStat_Defense_None,ExtraStat=EGameStat_Extra_None),Value=17),(Stat=(StatType=EGameStatType_Attack,AttackStat=EGameStat_Attack_Accuracy,DefenseStat=EGameStat_Defense_None,ExtraStat=EGameStat_Extra_None),Value=6),(Stat=(StatType=EGameStatType_Attack,AttackStat=EGameStat_Attack_CriticalChanceMagic,DefenseStat=EGameStat_Defense_None,ExtraStat=EGameStat_Extra_None),Value=25),(Stat=(StatType=EGameStatType_Attack,AttackStat=EGameStat_Attack_DoubleChance,DefenseStat=EGameStat_Defense_None,ExtraStat=EGameStat_Extra_None),Value=5),(Stat=(StatType=EGameStatType_Extra,AttackStat=EGameStat_Attack_None,DefenseStat=EGameStat_Defense_None,ExtraStat=EGameStat_Extra_MPRecoverTick),Value=4))","","1000","100","100","True","True","-1","0","False"
"2002243000","[SET-][위자드]희귀 지팡이 티어 Tier3","LOCTABLE(""/Game/GameData/String_Main.String_Main"", ""Item_Name_2002243000"")","""/Game/Textures/Icons/Equip/Staff/T_Wizard_Staff_Unique_03.T_Wizard_Staff_Unique_03""","None","""/Game/Characters/MC/Weapon/Wizard/SKM_MC_Wiz_F_Staff_Unique_03.SKM_MC_Wiz_F_Staff_Unique_03""","None","""/Game/Blueprints/Actors/ItemDropMesh/BP_DropitemMesh_Base.BP_DropitemMesh_Base_C""","LOCTABLE(""/Game/GameData/String_Main.String_Main"", ""Item_Desc_2002243000"")","EItemType_Weapon","EItemDetailType_Weapon_Staff","EItemTagType_NormalItem","EUniversalGrade_Unique","True","True","False","True","True","True","False","True","True","True","True","(GameDataType=EGameDataTable_ItemEnhance,Key=1,Name=""강화테이블_무기"")","True","12","6","0","3000","300","1","1","ECharacterJobClass_Wizard","1","999","1","((GameDataType=EGameDataTable_PortalSpot,Key=1001052,Name=""Emberforge_Hunt_WM_01""),(GameDataType=EGameDataTable_PortalSpot,Key=1001053,Name=""Emberforge_Hunt_WM_02""),(GameDataType=EGameDataTable_PortalSpot,Key=1001054,Name=""Emberforge_Hunt_WM_03""),(GameDataType=EGameDataTable_PortalSpot,Key=1002052,Name=""Eisvan_Hunt_WM_01""),(GameDataType=EGameDataTable_PortalSpot,Key=1002053,Name=""Eisvan_Hunt_WM_02""),(GameDataType=EGameDataTable_PortalSpot,Key=1002054,Name=""Eisvan_Hunt_WM_03""),(GameDataType=EGameDataTable_PortalSpot,Key=1003051,Name=""Ulgar_Hunt_WM_01""),(GameDataType=EGameDataTable_PortalSpot,Key=1003052,Name=""Ulgar_Hunt_WM_02""),(GameDataType=EGameDataTable_PortalSpot,Key=1003053,Name=""Ulgar_Hunt_WM_03""))","((GameDataType=EGameDataTable_CraftList,Key=43,Name=""정예 마법사의 지팡이""))","(Type=-,GameDataType=EGameDataTable_ItemSettingType,Key=0,Name=""None"")","(GameDataType=EGameDataTable_ItemSetOption,Key=0,Name=""None"")","((Stat=(StatType=EGameStatType_Attack,AttackStat=EGameStat_Attack_DamageWeapon,DefenseStat=EGameStat_Defense_None,ExtraStat=EGameStat_Extra_None),Value=17),(Stat=(StatType=EGameStatType_Attack,AttackStat=EGameStat_Attack_Accuracy,DefenseStat=EGameStat_Defense_None,ExtraStat=EGameStat_Extra_None),Value=6),(Stat=(StatType=EGameStatType_Attack,AttackStat=EGameStat_Attack_CriticalChanceMagic,DefenseStat=EGameStat_Defense_None,ExtraStat=EGameStat_Extra_None),Value=25),(Stat=(StatType=EGameStatType_Attack,AttackStat=EGameStat_Attack_DoubleChance,DefenseStat=EGameStat_Defense_None,ExtraStat=EGameStat_Extra_None),Value=5),(Stat=(StatType=EGameStatType_Extra,AttackStat=EGameStat_Attack_None,DefenseStat=EGameStat_Defense_None,ExtraStat=EGameStat_Extra_MPRecoverTick),Value=4))","","1000","100","100","True","True","-1","0","False"
"2002341000","[SET-][위자드]영웅 지팡이 티어 Tier1","LOCTABLE(""/Game/GameData/String_Main.String_Main"", ""Item_Name_2002341000"")","""/Game/Textures/Icons/Equip/Staff/T_Wizard_Staff_Epic_01.T_Wizard_Staff_Epic_01""","None","""/Game/Characters/MC/Weapon/Wizard/SKM_MC_Wiz_F_Staff_Epic_01.SKM_MC_Wiz_F_Staff_Epic_01""","None","""/Game/Blueprints/Actors/ItemDropMesh/BP_DropitemMesh_Base.BP_DropitemMesh_Base_C""","LOCTABLE(""/Game/GameData/String_Main.String_Main"", ""Item_Desc_2002341000"")","EItemType_Weapon","EItemDetailType_Weapon_Staff","EItemTagType_NormalItem","EUniversalGrade_Epic","True","True","False","True","True","True","False","True","True","True","True","(GameDataType=EGameDataTable_ItemEnhance,Key=1,Name=""강화테이블_무기"")","True","12","6","0","4000","400","1","1","ECharacterJobClass_Wizard","1","999","1","((GameDataType=EGameDataTable_PortalSpot,Key=1001052,Name=""Emberforge_Hunt_WM_01""),(GameDataType=EGameDataTable_PortalSpot,Key=1001053,Name=""Emberforge_Hunt_WM_02""),(GameDataType=EGameDataTable_PortalSpot,Key=1001054,Name=""Emberforge_Hunt_WM_03""),(GameDataType=EGameDataTable_PortalSpot,Key=1002052,Name=""Eisvan_Hunt_WM_01""),(GameDataType=EGameDataTable_PortalSpot,Key=1002053,Name=""Eisvan_Hunt_WM_02""),(GameDataType=EGameDataTable_PortalSpot,Key=1002054,Name=""Eisvan_Hunt_WM_03""),(GameDataType=EGameDataTable_PortalSpot,Key=1003051,Name=""Ulgar_Hunt_WM_01""),(GameDataType=EGameDataTable_PortalSpot,Key=1003052,Name=""Ulgar_Hunt_WM_02""),(GameDataType=EGameDataTable_PortalSpot,Key=1003053,Name=""Ulgar_Hunt_WM_03""))","((GameDataType=EGameDataTable_CraftList,Key=44,Name=""지휘관의 지팡이""))","(Type=-,GameDataType=EGameDataTable_ItemSettingType,Key=0,Name=""None"")","(GameDataType=EGameDataTable_ItemSetOption,Key=0,Name=""None"")","((Stat=(StatType=EGameStatType_Attack,AttackStat=EGameStat_Attack_DamageWeapon,DefenseStat=EGameStat_Defense_None,ExtraStat=EGameStat_Extra_None),Value=23),(Stat=(StatType=EGameStatType_Attack,AttackStat=EGameStat_Attack_Accuracy,DefenseStat=EGameStat_Defense_None,ExtraStat=EGameStat_Extra_None),Value=7),(Stat=(StatType=EGameStatType_Attack,AttackStat=EGameStat_Attack_CriticalChanceMagic,DefenseStat=EGameStat_Defense_None,ExtraStat=EGameStat_Extra_None),Value=30),(Stat=(StatType=EGameStatType_Attack,AttackStat=EGameStat_Attack_DoubleChance,DefenseStat=EGameStat_Defense_None,ExtraStat=EGameStat_Extra_None),Value=5),(Stat=(StatType=EGameStatType_Attack,AttackStat=EGameStat_Attack_BonusDamageCritical,DefenseStat=EGameStat_Defense_None,ExtraStat=EGameStat_Extra_None),Value=11),(Stat=(StatType=EGameStatType_Attack,AttackStat=EGameStat_Attack_DamageBoostSkill,DefenseStat=EGameStat_Defense_None,ExtraStat=EGameStat_Extra_None),Value=25),(Stat=(StatType=EGameStatType_Attack,AttackStat=EGameStat_Attack_CC_Chance,DefenseStat=EGameStat_Defense_None,ExtraStat=EGameStat_Extra_None),Value=30))","","1000","100","100","True","True","-1","0","False"
"2013041000","[SET-][나이트]일반 방패 티어 Tier1","LOCTABLE(""/Game/GameData/String_Main.String_Main"", ""Item_Name_2013041000"")","""/Game/Textures/Icons/Equip/Shield/T_Knight_Shield_Common_01.T_Knight_Shield_Common_01""","None","None","""/Game/Characters/MC/Weapon/Knight/SKM_MC_Kni_M_Shield_Common_01.SKM_MC_Kni_M_Shield_Common_01""","""/Game/Blueprints/Actors/ItemDropMesh/BP_DropitemMesh_Base.BP_DropitemMesh_Base_C""","LOCTABLE(""/Game/GameData/String_Main.String_Main"", ""Item_Desc_2013041000"")","EItemType_SubWeapon","EItemDetailType_SubWeapon_Sword","EItemTagType_NormalItem","EUniversalGrade_Common","True","True","False","True","True","True","False","True","True","True","False","(GameDataType=EGameDataTable_ItemEnhance,Key=0,Name=""None"")","False","0","0","0","300","30","1","1","ECharacterJobClass_Knight","1","999","25","((GameDataType=EGameDataTable_PortalSpot,Key=1001052,Name=""Emberforge_Hunt_WM_01""),(GameDataType=EGameDataTable_PortalSpot,Key=1001053,Name=""Emberforge_Hunt_WM_02""),(GameDataType=EGameDataTable_PortalSpot,Key=1001054,Name=""Emberforge_Hunt_WM_03""),(GameDataType=EGameDataTable_PortalSpot,Key=1002052,Name=""Eisvan_Hunt_WM_01""),(GameDataType=EGameDataTable_PortalSpot,Key=1002053,Name=""Eisvan_Hunt_WM_02""),(GameDataType=EGameDataTable_PortalSpot,Key=1002054,Name=""Eisvan_Hunt_WM_03""),(GameDataType=EGameDataTable_PortalSpot,Key=1003051,Name=""Ulgar_Hunt_WM_01""),(GameDataType=EGameDataTable_PortalSpot,Key=1003052,Name=""Ulgar_Hunt_WM_02""),(GameDataType=EGameDataTable_PortalSpot,Key=1003053,Name=""Ulgar_Hunt_WM_03""))","((GameDataType=EGameDataTable_CraftList,Key=45,Name=""초심자의 방패""))","(Type=-,GameDataType=EGameDataTable_ItemSettingType,Key=0,Name=""None"")","(GameDataType=EGameDataTable_ItemSetOption,Key=0,Name=""None"")","((Stat=(StatType=EGameStatType_Defense,AttackStat=EGameStat_Attack_None,DefenseStat=EGameStat_Defense_DamageReduction,ExtraStat=EGameStat_Extra_None),Value=2))","","1000","100","100","True","True","-1","0","False"
"2013141000","[SET-][나이트]고급 방패 티어 Tier1","LOCTABLE(""/Game/GameData/String_Main.String_Main"", ""Item_Name_2013141000"")","""/Game/Textures/Icons/Equip/Shield/T_Knight_Shield_Rare_01.T_Knight_Shield_Rare_01""","None","None","""/Game/Characters/MC/Weapon/Knight/SKM_MC_Kni_M_Shield_Rare_01.SKM_MC_Kni_M_Shield_Rare_01""","""/Game/Blueprints/Actors/ItemDropMesh/BP_DropitemMesh_Base.BP_DropitemMesh_Base_C""","LOCTABLE(""/Game/GameData/String_Main.String_Main"", ""Item_Desc_2013141000"")","EItemType_SubWeapon","EItemDetailType_SubWeapon_Sword","EItemTagType_NormalItem","EUniversalGrade_Rare","True","True","False","True","True","True","False","True","True","True","False","(GameDataType=EGameDataTable_ItemEnhance,Key=0,Name=""None"")","False","0","0","0","1440","144","1","1","ECharacterJobClass_Knight","1","999","25","((GameDataType=EGameDataTable_PortalSpot,Key=1001052,Name=""Emberforge_Hunt_WM_01""),(GameDataType=EGameDataTable_PortalSpot,Key=1001053,Name=""Emberforge_Hunt_WM_02""),(GameDataType=EGameDataTable_PortalSpot,Key=1001054,Name=""Emberforge_Hunt_WM_03""),(GameDataType=EGameDataTable_PortalSpot,Key=1002052,Name=""Eisvan_Hunt_WM_01""),(GameDataType=EGameDataTable_PortalSpot,Key=1002053,Name=""Eisvan_Hunt_WM_02""),(GameDataType=EGameDataTable_PortalSpot,Key=1002054,Name=""Eisvan_Hunt_WM_03""),(GameDataType=EGameDataTable_PortalSpot,Key=1003051,Name=""Ulgar_Hunt_WM_01""),(GameDataType=EGameDataTable_PortalSpot,Key=1003052,Name=""Ulgar_Hunt_WM_02""),(GameDataType=EGameDataTable_PortalSpot,Key=1003053,Name=""Ulgar_Hunt_WM_03""))","((GameDataType=EGameDataTable_CraftList,Key=47,Name=""숙련 모험가의 방패""))","(Type=-,GameDataType=EGameDataTable_ItemSettingType,Key=0,Name=""None"")","(GameDataType=EGameDataTable_ItemSetOption,Key=0,Name=""None"")","((Stat=(StatType=EGameStatType_Defense,AttackStat=EGameStat_Attack_None,DefenseStat=EGameStat_Defense_DamageReduction,ExtraStat=EGameStat_Extra_None),Value=5))","","1000","100","100","True","True","-1","0","False"
"2013241000","[SET-][나이트]희귀 방패 티어 Tier1","LOCTABLE(""/Game/GameData/String_Main.String_Main"", ""Item_Name_2013241000"")","""/Game/Textures/Icons/Equip/Shield/T_Knight_Shield_Unique_01.T_Knight_Shield_Unique_01""","None","None","""/Game/Characters/MC/Weapon/Knight/SKM_MC_Kni_M_Shield_Unique_01.SKM_MC_Kni_M_Shield_Unique_01""","""/Game/Blueprints/Actors/ItemDropMesh/BP_DropitemMesh_Base.BP_DropitemMesh_Base_C""","LOCTABLE(""/Game/GameData/String_Main.String_Main"", ""Item_Desc_2013241000"")","EItemType_SubWeapon","EItemDetailType_SubWeapon_Sword","EItemTagType_NormalItem","EUniversalGrade_Unique","True","True","False","True","True","True","False","True","True","True","False","(GameDataType=EGameDataTable_ItemEnhance,Key=0,Name=""None"")","False","0","0","0","13820","1382","1","1","ECharacterJobClass_Knight","1","999","25","((GameDataType=EGameDataTable_PortalSpot,Key=1001052,Name=""Emberforge_Hunt_WM_01""),(GameDataType=EGameDataTable_PortalSpot,Key=1001053,Name=""Emberforge_Hunt_WM_02""),(GameDataType=EGameDataTable_PortalSpot,Key=1001054,Name=""Emberforge_Hunt_WM_03""),(GameDataType=EGameDataTable_PortalSpot,Key=1002052,Name=""Eisvan_Hunt_WM_01""),(GameDataType=EGameDataTable_PortalSpot,Key=1002053,Name=""Eisvan_Hunt_WM_02""),(GameDataType=EGameDataTable_PortalSpot,Key=1002054,Name=""Eisvan_Hunt_WM_03""),(GameDataType=EGameDataTable_PortalSpot,Key=1003051,Name=""Ulgar_Hunt_WM_01""),(GameDataType=EGameDataTable_PortalSpot,Key=1003052,Name=""Ulgar_Hunt_WM_02""),(GameDataType=EGameDataTable_PortalSpot,Key=1003053,Name=""Ulgar_Hunt_WM_03""))","((GameDataType=EGameDataTable_CraftList,Key=50,Name=""정예 모험가의 방패""))","(Type=-,GameDataType=EGameDataTable_ItemSettingType,Key=0,Name=""None"")","(GameDataType=EGameDataTable_ItemSetOption,Key=0,Name=""None"")","((Stat=(StatType=EGameStatType_Defense,AttackStat=EGameStat_Attack_None,DefenseStat=EGameStat_Defense_DamageReduction,ExtraStat=EGameStat_Extra_None),Value=8))","","1000","100","100","True","True","-1","0","False"
"2013341000","[SET-][나이트]영웅 방패 티어 Tier1","LOCTABLE(""/Game/GameData/String_Main.String_Main"", ""Item_Name_2013341000"")","""/Game/Textures/Icons/Equip/Shield/T_Knight_Shield_Epic_01.T_Knight_Shield_Epic_01""","None","None","""/Game/Characters/MC/Weapon/Knight/SKM_MC_Kni_M_Shield_Epic_01.SKM_MC_Kni_M_Shield_Epic_01""","""/Game/Blueprints/Actors/ItemDropMesh/BP_DropitemMesh_Base.BP_DropitemMesh_Base_C""","LOCTABLE(""/Game/GameData/String_Main.String_Main"", ""Item_Desc_2013341000"")","EItemType_SubWeapon","EItemDetailType_SubWeapon_Sword","EItemTagType_NormalItem","EUniversalGrade_Epic","True","True","False","True","True","True","False","True","True","False","True","(GameDataType=EGameDataTable_ItemEnhance,Key=2,Name=""강화테이블_보조무기"")","True","12","6","0","262650","26265","1","1","ECharacterJobClass_Knight","1","999","25","((GameDataType=EGameDataTable_PortalSpot,Key=1001052,Name=""Emberforge_Hunt_WM_01""),(GameDataType=EGameDataTable_PortalSpot,Key=1001053,Name=""Emberforge_Hunt_WM_02""),(GameDataType=EGameDataTable_PortalSpot,Key=1001054,Name=""Emberforge_Hunt_WM_03""),(GameDataType=EGameDataTable_PortalSpot,Key=1002052,Name=""Eisvan_Hunt_WM_01""),(GameDataType=EGameDataTable_PortalSpot,Key=1002053,Name=""Eisvan_Hunt_WM_02""),(GameDataType=EGameDataTable_PortalSpot,Key=1002054,Name=""Eisvan_Hunt_WM_03""),(GameDataType=EGameDataTable_PortalSpot,Key=1003051,Name=""Ulgar_Hunt_WM_01""),(GameDataType=EGameDataTable_PortalSpot,Key=1003052,Name=""Ulgar_Hunt_WM_02""),(GameDataType=EGameDataTable_PortalSpot,Key=1003053,Name=""Ulgar_Hunt_WM_03""))","((GameDataType=EGameDataTable_CraftList,Key=53,Name=""지휘관의 방패""))","(Type=-,GameDataType=EGameDataTable_ItemSettingType,Key=0,Name=""None"")","(GameDataType=EGameDataTable_ItemSetOption,Key=0,Name=""None"")","((Stat=(StatType=EGameStatType_Attack,AttackStat=EGameStat_Attack_Damage,DefenseStat=EGameStat_Defense_None,ExtraStat=EGameStat_Extra_None),Value=12),(Stat=(StatType=EGameStatType_Attack,AttackStat=EGameStat_Attack_DamageWeapon,DefenseStat=EGameStat_Defense_None,ExtraStat=EGameStat_Extra_None),Value=18),(Stat=(StatType=EGameStatType_Attack,AttackStat=EGameStat_Attack_Accuracy,DefenseStat=EGameStat_Defense_None,ExtraStat=EGameStat_Extra_None),Value=31),(Stat=(StatType=EGameStatType_Defense,AttackStat=EGameStat_Attack_None,DefenseStat=EGameStat_Defense_DamageReduction,ExtraStat=EGameStat_Extra_None),Value=10),(Stat=(StatType=EGameStatType_Defense,AttackStat=EGameStat_Attack_None,DefenseStat=EGameStat_Defense_DamageBlock,ExtraStat=EGameStat_Extra_None),Value=25),(Stat=(StatType=EGameStatType_Attack,AttackStat=EGameStat_Attack_DamageBoostWeapon,DefenseStat=EGameStat_Defense_None,ExtraStat=EGameStat_Extra_None),Value=15),(Stat=(StatType=EGameStatType_Defense,AttackStat=EGameStat_Attack_None,DefenseStat=EGameStat_Defense_Immune,ExtraStat=EGameStat_Extra_None),Value=3))","","1000","100","100","True","True","-1","0","False"
"2014041000","[SET-][나이트]일반 완갑 티어 Tier1","LOCTABLE(""/Game/GameData/String_Main.String_Main"", ""Item_Name_2014041000"")","""/Game/Textures/Icons/Equip/Bracers/T_Knight_Bracer_Common_01.T_Knight_Bracer_Common_01""","None","None","None","""/Game/Blueprints/Actors/ItemDropMesh/BP_DropitemMesh_Base.BP_DropitemMesh_Base_C""","LOCTABLE(""/Game/GameData/String_Main.String_Main"", ""Item_Desc_2014041000"")","EItemType_SubWeapon","EItemDetailType_SubWeapon_GreatSword","EItemTagType_NormalItem","EUniversalGrade_Common","True","True","False","True","True","True","False","True","True","True","False","(GameDataType=EGameDataTable_ItemEnhance,Key=0,Name=""None"")","False","0","0","0","300","30","1","1","ECharacterJobClass_Knight","1","999","25","((GameDataType=EGameDataTable_PortalSpot,Key=1001052,Name=""Emberforge_Hunt_WM_01""),(GameDataType=EGameDataTable_PortalSpot,Key=1001053,Name=""Emberforge_Hunt_WM_02""),(GameDataType=EGameDataTable_PortalSpot,Key=1001054,Name=""Emberforge_Hunt_WM_03""),(GameDataType=EGameDataTable_PortalSpot,Key=1002052,Name=""Eisvan_Hunt_WM_01""),(GameDataType=EGameDataTable_PortalSpot,Key=1002053,Name=""Eisvan_Hunt_WM_02""),(GameDataType=EGameDataTable_PortalSpot,Key=1002054,Name=""Eisvan_Hunt_WM_03""),(GameDataType=EGameDataTable_PortalSpot,Key=1003051,Name=""Ulgar_Hunt_WM_01""),(GameDataType=EGameDataTable_PortalSpot,Key=1003052,Name=""Ulgar_Hunt_WM_02""),(GameDataType=EGameDataTable_PortalSpot,Key=1003053,Name=""Ulgar_Hunt_WM_03""))","((GameDataType=EGameDataTable_CraftList,Key=54,Name=""초심자의 완갑""))","(Type=-,GameDataType=EGameDataTable_ItemSettingType,Key=0,Name=""None"")","(GameDataType=EGameDataTable_ItemSetOption,Key=0,Name=""None"")","((Stat=(StatType=EGameStatType_Defense,AttackStat=EGameStat_Attack_None,DefenseStat=EGameStat_Defense_DamageBlockWeapon,ExtraStat=EGameStat_Extra_None),Value=25))","","1000","100","100","True","True","0","3","False"
"2014141000","[SET-][나이트]고급 완갑 티어 Tier1","LOCTABLE(""/Game/GameData/String_Main.String_Main"", ""Item_Name_2014141000"")","""/Game/Textures/Icons/Equip/Bracers/T_Knight_Bracer_Rare_01.T_Knight_Bracer_Rare_01""","None","None","None","""/Game/Blueprints/Actors/ItemDropMesh/BP_DropitemMesh_Base.BP_DropitemMesh_Base_C""","LOCTABLE(""/Game/GameData/String_Main.String_Main"", ""Item_Desc_2014141000"")","EItemType_SubWeapon","EItemDetailType_SubWeapon_GreatSword","EItemTagType_NormalItem","EUniversalGrade_Rare","True","True","False","True","True","True","False","True","True","True","False","(GameDataType=EGameDataTable_ItemEnhance,Key=0,Name=""None"")","False","0","0","0","1440","144","1","1","ECharacterJobClass_Knight","1","999","25","((GameDataType=EGameDataTable_PortalSpot,Key=1001052,Name=""Emberforge_Hunt_WM_01""),(GameDataType=EGameDataTable_PortalSpot,Key=1001053,Name=""Emberforge_Hunt_WM_02""),(GameDataType=EGameDataTable_PortalSpot,Key=1001054,Name=""Emberforge_Hunt_WM_03""),(GameDataType=EGameDataTable_PortalSpot,Key=1002052,Name=""Eisvan_Hunt_WM_01""),(GameDataType=EGameDataTable_PortalSpot,Key=1002053,Name=""Eisvan_Hunt_WM_02""),(GameDataType=EGameDataTable_PortalSpot,Key=1002054,Name=""Eisvan_Hunt_WM_03""),(GameDataType=EGameDataTable_PortalSpot,Key=1003051,Name=""Ulgar_Hunt_WM_01""),(GameDataType=EGameDataTable_PortalSpot,Key=1003052,Name=""Ulgar_Hunt_WM_02""),(GameDataType=EGameDataTable_PortalSpot,Key=1003053,Name=""Ulgar_Hunt_WM_03""))","((GameDataType=EGameDataTable_CraftList,Key=56,Name=""숙련 모험가의 완갑""))","(Type=-,GameDataType=EGameDataTable_ItemSettingType,Key=0,Name=""None"")","(GameDataType=EGameDataTable_ItemSetOption,Key=0,Name=""None"")","((Stat=(StatType=EGameStatType_Defense,AttackStat=EGameStat_Attack_None,DefenseStat=EGameStat_Defense_DamageBlockWeapon,ExtraStat=EGameStat_Extra_None),Value=25))","","1000","100","100","True","True","0","8","False"
"2014241000","[SET-][나이트]희귀 완갑 티어 Tier1","LOCTABLE(""/Game/GameData/String_Main.String_Main"", ""Item_Name_2014241000"")","""/Game/Textures/Icons/Equip/Bracers/T_Knight_Bracer_Unique_01.T_Knight_Bracer_Unique_01""","None","None","None","""/Game/Blueprints/Actors/ItemDropMesh/BP_DropitemMesh_Base.BP_DropitemMesh_Base_C""","LOCTABLE(""/Game/GameData/String_Main.String_Main"", ""Item_Desc_2014241000"")","EItemType_SubWeapon","EItemDetailType_SubWeapon_GreatSword","EItemTagType_NormalItem","EUniversalGrade_Unique","True","True","False","True","True","True","False","True","True","True","False","(GameDataType=EGameDataTable_ItemEnhance,Key=0,Name=""None"")","False","0","0","0","13820","1382","1","1","ECharacterJobClass_Knight","1","999","25","((GameDataType=EGameDataTable_PortalSpot,Key=1001052,Name=""Emberforge_Hunt_WM_01""),(GameDataType=EGameDataTable_PortalSpot,Key=1001053,Name=""Emberforge_Hunt_WM_02""),(GameDataType=EGameDataTable_PortalSpot,Key=1001054,Name=""Emberforge_Hunt_WM_03""),(GameDataType=EGameDataTable_PortalSpot,Key=1002052,Name=""Eisvan_Hunt_WM_01""),(GameDataType=EGameDataTable_PortalSpot,Key=1002053,Name=""Eisvan_Hunt_WM_02""),(GameDataType=EGameDataTable_PortalSpot,Key=1002054,Name=""Eisvan_Hunt_WM_03""),(GameDataType=EGameDataTable_PortalSpot,Key=1003051,Name=""Ulgar_Hunt_WM_01""),(GameDataType=EGameDataTable_PortalSpot,Key=1003052,Name=""Ulgar_Hunt_WM_02""),(GameDataType=EGameDataTable_PortalSpot,Key=1003053,Name=""Ulgar_Hunt_WM_03""))","((GameDataType=EGameDataTable_CraftList,Key=58,Name=""정예 모험가의 완갑""))","(Type=-,GameDataType=EGameDataTable_ItemSettingType,Key=0,Name=""None"")","(GameDataType=EGameDataTable_ItemSetOption,Key=0,Name=""None"")","((Stat=(StatType=EGameStatType_Defense,AttackStat=EGameStat_Attack_None,DefenseStat=EGameStat_Defense_DamageBlockWeapon,ExtraStat=EGameStat_Extra_None),Value=25))","","1000","100","100","True","True","0","15","False"
"2014341000","[SET-][나이트]영웅 완갑 티어 Tier1","LOCTABLE(""/Game/GameData/String_Main.String_Main"", ""Item_Name_2014341000"")","""/Game/Textures/Icons/Equip/Bracers/T_Knight_Bracer_Eqic_01.T_Knight_Bracer_Eqic_01""","None","None","None","""/Game/Blueprints/Actors/ItemDropMesh/BP_DropitemMesh_Base.BP_DropitemMesh_Base_C""","LOCTABLE(""/Game/GameData/String_Main.String_Main"", ""Item_Desc_2014341000"")","EItemType_SubWeapon","EItemDetailType_SubWeapon_GreatSword","EItemTagType_NormalItem","EUniversalGrade_Epic","True","True","False","True","True","True","False","True","True","True","True","(GameDataType=EGameDataTable_ItemEnhance,Key=2,Name=""강화테이블_보조무기"")","True","12","6","0","262650","26265","1","1","ECharacterJobClass_Knight","1","999","25","((GameDataType=EGameDataTable_PortalSpot,Key=1001052,Name=""Emberforge_Hunt_WM_01""),(GameDataType=EGameDataTable_PortalSpot,Key=1001053,Name=""Emberforge_Hunt_WM_02""),(GameDataType=EGameDataTable_PortalSpot,Key=1001054,Name=""Emberforge_Hunt_WM_03""),(GameDataType=EGameDataTable_PortalSpot,Key=1002052,Name=""Eisvan_Hunt_WM_01""),(GameDataType=EGameDataTable_PortalSpot,Key=1002053,Name=""Eisvan_Hunt_WM_02""),(GameDataType=EGameDataTable_PortalSpot,Key=1002054,Name=""Eisvan_Hunt_WM_03""),(GameDataType=EGameDataTable_PortalSpot,Key=1003051,Name=""Ulgar_Hunt_WM_01""),(GameDataType=EGameDataTable_PortalSpot,Key=1003052,Name=""Ulgar_Hunt_WM_02""),(GameDataType=EGameDataTable_PortalSpot,Key=1003053,Name=""Ulgar_Hunt_WM_03""))","((GameDataType=EGameDataTable_CraftList,Key=60,Name=""지휘관의 완갑""))","(Type=-,GameDataType=EGameDataTable_ItemSettingType,Key=0,Name=""None"")","(GameDataType=EGameDataTable_ItemSetOption,Key=0,Name=""None"")","((Stat=(StatType=EGameStatType_Attack,AttackStat=EGameStat_Attack_Damage,DefenseStat=EGameStat_Defense_None,ExtraStat=EGameStat_Extra_None),Value=15),(Stat=(StatType=EGameStatType_Attack,AttackStat=EGameStat_Attack_DamageWeapon,DefenseStat=EGameStat_Defense_None,ExtraStat=EGameStat_Extra_None),Value=22),(Stat=(StatType=EGameStatType_Attack,AttackStat=EGameStat_Attack_Accuracy,DefenseStat=EGameStat_Defense_None,ExtraStat=EGameStat_Extra_None),Value=31),(Stat=(StatType=EGameStatType_Defense,AttackStat=EGameStat_Attack_None,DefenseStat=EGameStat_Defense_DamageBlockWeapon,ExtraStat=EGameStat_Extra_None),Value=25),(Stat=(StatType=EGameStatType_Attack,AttackStat=EGameStat_Attack_CriticalChanceMelee,DefenseStat=EGameStat_Defense_None,ExtraStat=EGameStat_Extra_None),Value=10),(Stat=(StatType=EGameStatType_Attack,AttackStat=EGameStat_Attack_BonusDamage,DefenseStat=EGameStat_Defense_None,ExtraStat=EGameStat_Extra_None),Value=18),(Stat=(StatType=EGameStatType_Attack,AttackStat=EGameStat_Attack_DamageBoostWeapon,DefenseStat=EGameStat_Defense_None,ExtraStat=EGameStat_Extra_None),Value=15),(Stat=(StatType=EGameStatType_Attack,AttackStat=EGameStat_Attack_DamageBlockIgnore,DefenseStat=EGameStat_Defense_None,ExtraStat=EGameStat_Extra_None),Value=20))","","1000","100","100","True","True","0","25","False"
"2010041000","[SET-][아처]일반 화살 티어 Tier1","LOCTABLE(""/Game/GameData/String_Main.String_Main"", ""Item_Name_2010041000"")","""/Game/Textures/Icons/Equip/Arrow/T_Archer_Arrow_Common_01.T_Archer_Arrow_Common_01""","None","None","None","""/Game/Blueprints/Actors/ItemDropMesh/BP_DropitemMesh_Base.BP_DropitemMesh_Base_C""","LOCTABLE(""/Game/GameData/String_Main.String_Main"", ""Item_Desc_2010041000"")","EItemType_SubWeapon","EItemDetailType_SubWeapon_Bow","EItemTagType_NormalItem","EUniversalGrade_Common","False","False","False","True","True","True","False","False","False","False","False","(GameDataType=EGameDataTable_ItemEnhance,Key=0,Name=""None"")","False","0","0","0","1","0.1","9223372036854769664","99999","ECharacterJobClass_Archer","1","999","0.004","((GameDataType=EGameDataTable_PortalSpot,Key=1001052,Name=""Emberforge_Hunt_WM_01""),(GameDataType=EGameDataTable_PortalSpot,Key=1001053,Name=""Emberforge_Hunt_WM_02""),(GameDataType=EGameDataTable_PortalSpot,Key=1001054,Name=""Emberforge_Hunt_WM_03""),(GameDataType=EGameDataTable_PortalSpot,Key=1002052,Name=""Eisvan_Hunt_WM_01""),(GameDataType=EGameDataTable_PortalSpot,Key=1002053,Name=""Eisvan_Hunt_WM_02""),(GameDataType=EGameDataTable_PortalSpot,Key=1002054,Name=""Eisvan_Hunt_WM_03""),(GameDataType=EGameDataTable_PortalSpot,Key=1003051,Name=""Ulgar_Hunt_WM_01""),(GameDataType=EGameDataTable_PortalSpot,Key=1003052,Name=""Ulgar_Hunt_WM_02""),(GameDataType=EGameDataTable_PortalSpot,Key=1003053,Name=""Ulgar_Hunt_WM_03""))","((GameDataType=EGameDataTable_CraftList,Key=61,Name=""철제 화살""))","(Type=-,GameDataType=EGameDataTable_ItemSettingType,Key=0,Name=""None"")","(GameDataType=EGameDataTable_ItemSetOption,Key=0,Name=""None"")","((Stat=(StatType=EGameStatType_Attack,AttackStat=EGameStat_Attack_DamageWeapon,DefenseStat=EGameStat_Defense_None,ExtraStat=EGameStat_Extra_None),Value=2))","","0","0","0","False","True","-1","0","False"
"2010141000","[SET-][아처]고급 화살 티어 Tier1","LOCTABLE(""/Game/GameData/String_Main.String_Main"", ""Item_Name_2010141000"")","""/Game/Textures/Icons/Equip/Arrow/T_Archer_Arrow_Rare_01.T_Archer_Arrow_Rare_01""","None","None","None","""/Game/Blueprints/Actors/ItemDropMesh/BP_DropitemMesh_Base.BP_DropitemMesh_Base_C""","LOCTABLE(""/Game/GameData/String_Main.String_Main"", ""Item_Desc_2010141000"")","EItemType_SubWeapon","EItemDetailType_SubWeapon_Bow","EItemTagType_NormalItem","EUniversalGrade_Rare","False","False","False","True","True","True","False","False","False","False","False","(GameDataType=EGameDataTable_ItemEnhance,Key=0,Name=""None"")","False","0","0","0","4","0.4","9223372036854769664","99999","ECharacterJobClass_Archer","1","999","0.004","((GameDataType=EGameDataTable_PortalSpot,Key=1001052,Name=""Emberforge_Hunt_WM_01""),(GameDataType=EGameDataTable_PortalSpot,Key=1001053,Name=""Emberforge_Hunt_WM_02""),(GameDataType=EGameDataTable_PortalSpot,Key=1001054,Name=""Emberforge_Hunt_WM_03""),(GameDataType=EGameDataTable_PortalSpot,Key=1002052,Name=""Eisvan_Hunt_WM_01""),(GameDataType=EGameDataTable_PortalSpot,Key=1002053,Name=""Eisvan_Hunt_WM_02""),(GameDataType=EGameDataTable_PortalSpot,Key=1002054,Name=""Eisvan_Hunt_WM_03""),(GameDataType=EGameDataTable_PortalSpot,Key=1003051,Name=""Ulgar_Hunt_WM_01""),(GameDataType=EGameDataTable_PortalSpot,Key=1003052,Name=""Ulgar_Hunt_WM_02""),(GameDataType=EGameDataTable_PortalSpot,Key=1003053,Name=""Ulgar_Hunt_WM_03""))","((GameDataType=EGameDataTable_CraftList,Key=63,Name=""은화살""))","(Type=-,GameDataType=EGameDataTable_ItemSettingType,Key=0,Name=""None"")","(GameDataType=EGameDataTable_ItemSetOption,Key=0,Name=""None"")","((Stat=(StatType=EGameStatType_Attack,AttackStat=EGameStat_Attack_DamageWeapon,DefenseStat=EGameStat_Defense_None,ExtraStat=EGameStat_Extra_None),Value=6))","","0","0","0","False","True","-1","0","False"
"2010241000","[SET-][아처]희귀 화살 티어 Tier1","LOCTABLE(""/Game/GameData/String_Main.String_Main"", ""Item_Name_2010241000"")","""/Game/Textures/Icons/Equip/Arrow/T_Archer_Arrow_Unique_01.T_Archer_Arrow_Unique_01""","None","None","None","""/Game/Blueprints/Actors/ItemDropMesh/BP_DropitemMesh_Base.BP_DropitemMesh_Base_C""","LOCTABLE(""/Game/GameData/String_Main.String_Main"", ""Item_Desc_2010241000"")","EItemType_SubWeapon","EItemDetailType_SubWeapon_Bow","EItemTagType_NormalItem","EUniversalGrade_Unique","False","False","False","True","True","True","False","False","False","False","False","(GameDataType=EGameDataTable_ItemEnhance,Key=0,Name=""None"")","False","0","0","0","10","1","9223372036854769664","99999","ECharacterJobClass_Archer","1","999","0.004","((GameDataType=EGameDataTable_PortalSpot,Key=1001052,Name=""Emberforge_Hunt_WM_01""),(GameDataType=EGameDataTable_PortalSpot,Key=1001053,Name=""Emberforge_Hunt_WM_02""),(GameDataType=EGameDataTable_PortalSpot,Key=1001054,Name=""Emberforge_Hunt_WM_03""),(GameDataType=EGameDataTable_PortalSpot,Key=1002052,Name=""Eisvan_Hunt_WM_01""),(GameDataType=EGameDataTable_PortalSpot,Key=1002053,Name=""Eisvan_Hunt_WM_02""),(GameDataType=EGameDataTable_PortalSpot,Key=1002054,Name=""Eisvan_Hunt_WM_03""),(GameDataType=EGameDataTable_PortalSpot,Key=1003051,Name=""Ulgar_Hunt_WM_01""),(GameDataType=EGameDataTable_PortalSpot,Key=1003052,Name=""Ulgar_Hunt_WM_02""),(GameDataType=EGameDataTable_PortalSpot,Key=1003053,Name=""Ulgar_Hunt_WM_03""))","((GameDataType=EGameDataTable_CraftList,Key=66,Name=""미스릴 화살""))","(Type=-,GameDataType=EGameDataTable_ItemSettingType,Key=0,Name=""None"")","(GameDataType=EGameDataTable_ItemSetOption,Key=0,Name=""None"")","((Stat=(StatType=EGameStatType_Attack,AttackStat=EGameStat_Attack_DamageWeapon,DefenseStat=EGameStat_Defense_None,ExtraStat=EGameStat_Extra_None),Value=9))","","0","0","0","False","True","-1","0","False"
"2010341000","[SET-][아처]영웅 화살 티어 Tier1","LOCTABLE(""/Game/GameData/String_Main.String_Main"", ""Item_Name_2010341000"")","""/Game/Textures/Icons/Equip/Quiver/T_Archer_Quiver_Common_01.T_Archer_Quiver_Common_01""","None","None","None","""/Game/Blueprints/Actors/ItemDropMesh/BP_DropitemMesh_Base.BP_DropitemMesh_Base_C""","LOCTABLE(""/Game/GameData/String_Main.String_Main"", ""Item_Desc_2010341000"")","EItemType_SubWeapon","EItemDetailType_SubWeapon_Bow","EItemTagType_NormalItem","EUniversalGrade_Epic","True","True","False","True","True","True","False","True","False","False","True","(GameDataType=EGameDataTable_ItemEnhance,Key=2,Name=""강화테이블_보조무기"")","False","12","6","0","273550","27355","1","1","ECharacterJobClass_Archer","1","999","1","((GameDataType=EGameDataTable_PortalSpot,Key=1001052,Name=""Emberforge_Hunt_WM_01""),(GameDataType=EGameDataTable_PortalSpot,Key=1001053,Name=""Emberforge_Hunt_WM_02""),(GameDataType=EGameDataTable_PortalSpot,Key=1001054,Name=""Emberforge_Hunt_WM_03""),(GameDataType=EGameDataTable_PortalSpot,Key=1002052,Name=""Eisvan_Hunt_WM_01""),(GameDataType=EGameDataTable_PortalSpot,Key=1002053,Name=""Eisvan_Hunt_WM_02""),(GameDataType=EGameDataTable_PortalSpot,Key=1002054,Name=""Eisvan_Hunt_WM_03""),(GameDataType=EGameDataTable_PortalSpot,Key=1003051,Name=""Ulgar_Hunt_WM_01""),(GameDataType=EGameDataTable_PortalSpot,Key=1003052,Name=""Ulgar_Hunt_WM_02""),(GameDataType=EGameDataTable_PortalSpot,Key=1003053,Name=""Ulgar_Hunt_WM_03""))","((GameDataType=EGameDataTable_CraftList,Key=69,Name=""천상의 은 화살통""))","(Type=-,GameDataType=EGameDataTable_ItemSettingType,Key=0,Name=""None"")","(GameDataType=EGameDataTable_ItemSetOption,Key=0,Name=""None"")","((Stat=(StatType=EGameStatType_Attack,AttackStat=EGameStat_Attack_Damage,DefenseStat=EGameStat_Defense_None,ExtraStat=EGameStat_Extra_None),Value=12),(Stat=(StatType=EGameStatType_Attack,AttackStat=EGameStat_Attack_DamageWeapon,DefenseStat=EGameStat_Defense_None,ExtraStat=EGameStat_Extra_None),Value=15),(Stat=(StatType=EGameStatType_Attack,AttackStat=EGameStat_Attack_Accuracy,DefenseStat=EGameStat_Defense_None,ExtraStat=EGameStat_Extra_None),Value=31),(Stat=(StatType=EGameStatType_Attack,AttackStat=EGameStat_Attack_DoubleChance,DefenseStat=EGameStat_Defense_None,ExtraStat=EGameStat_Extra_None),Value=15),(Stat=(StatType=EGameStatType_Attack,AttackStat=EGameStat_Attack_DamageSkill,DefenseStat=EGameStat_Defense_None,ExtraStat=EGameStat_Extra_None),Value=8),(Stat=(StatType=EGameStatType_Attack,AttackStat=EGameStat_Attack_DamageBoostWeapon,DefenseStat=EGameStat_Defense_None,ExtraStat=EGameStat_Extra_None),Value=15),(Stat=(StatType=EGameStatType_Attack,AttackStat=EGameStat_Attack_CC_HoldChance,DefenseStat=EGameStat_Defense_None,ExtraStat=EGameStat_Extra_None),Value=15))","","1000","100","100","True","True","1","15","False"
"2011041000","[SET-][어쌔신]일반 독액 티어 Tier1","LOCTABLE(""/Game/GameData/String_Main.String_Main"", ""Item_Name_2011041000"")","""/Game/Textures/Icons/Equip/Poison/T_Assasin_Poison_Common_01.T_Assasin_Poison_Common_01""","None","None","None","""/Game/Blueprints/Actors/ItemDropMesh/BP_DropitemMesh_Base.BP_DropitemMesh_Base_C""","LOCTABLE(""/Game/GameData/String_Main.String_Main"", ""Item_Desc_2011041000"")","EItemType_SubWeapon","EItemDetailType_SubWeapon_Dagger","EItemTagType_NormalItem","EUniversalGrade_Common","True","True","False","True","True","True","False","False","False","False","False","(GameDataType=EGameDataTable_ItemEnhance,Key=0,Name=""None"")","False","0","0","0","1","0.1","9223372036854769664","99999","ECharacterJobClass_Assassin","1","999","0.004","((GameDataType=EGameDataTable_PortalSpot,Key=1001052,Name=""Emberforge_Hunt_WM_01""),(GameDataType=EGameDataTable_PortalSpot,Key=1001053,Name=""Emberforge_Hunt_WM_02""),(GameDataType=EGameDataTable_PortalSpot,Key=1001054,Name=""Emberforge_Hunt_WM_03""),(GameDataType=EGameDataTable_PortalSpot,Key=1002052,Name=""Eisvan_Hunt_WM_01""),(GameDataType=EGameDataTable_PortalSpot,Key=1002053,Name=""Eisvan_Hunt_WM_02""),(GameDataType=EGameDataTable_PortalSpot,Key=1002054,Name=""Eisvan_Hunt_WM_03""),(GameDataType=EGameDataTable_PortalSpot,Key=1003051,Name=""Ulgar_Hunt_WM_01""),(GameDataType=EGameDataTable_PortalSpot,Key=1003052,Name=""Ulgar_Hunt_WM_02""),(GameDataType=EGameDataTable_PortalSpot,Key=1003053,Name=""Ulgar_Hunt_WM_03""))","((GameDataType=EGameDataTable_CraftList,Key=70,Name=""일반 단검 보조 티어 1""))","(Type=-,GameDataType=EGameDataTable_ItemSettingType,Key=0,Name=""None"")","(GameDataType=EGameDataTable_ItemSetOption,Key=0,Name=""None"")","((Stat=(StatType=EGameStatType_Attack,AttackStat=EGameStat_Attack_DamageWeapon,DefenseStat=EGameStat_Defense_None,ExtraStat=EGameStat_Extra_None),Value=5))","","0","0","0","False","True","-1","0","False"
"2011141000","[SET-][어쌔신]고급 독액 티어 Tier1","LOCTABLE(""/Game/GameData/String_Main.String_Main"", ""Item_Name_2011141000"")","""/Game/Textures/Icons/Equip/Poison/T_Assasin_Poison_Rare_01.T_Assasin_Poison_Rare_01""","None","None","None","""/Game/Blueprints/Actors/ItemDropMesh/BP_DropitemMesh_Base.BP_DropitemMesh_Base_C""","LOCTABLE(""/Game/GameData/String_Main.String_Main"", ""Item_Desc_2011141000"")","EItemType_SubWeapon","EItemDetailType_SubWeapon_Dagger","EItemTagType_NormalItem","EUniversalGrade_Rare","True","True","False","True","True","True","False","False","False","False","False","(GameDataType=EGameDataTable_ItemEnhance,Key=0,Name=""None"")","False","0","0","0","4","0.4","9223372036854769664","99999","ECharacterJobClass_Assassin","1","999","0.004","((GameDataType=EGameDataTable_PortalSpot,Key=1001052,Name=""Emberforge_Hunt_WM_01""),(GameDataType=EGameDataTable_PortalSpot,Key=1001053,Name=""Emberforge_Hunt_WM_02""),(GameDataType=EGameDataTable_PortalSpot,Key=1001054,Name=""Emberforge_Hunt_WM_03""),(GameDataType=EGameDataTable_PortalSpot,Key=1002052,Name=""Eisvan_Hunt_WM_01""),(GameDataType=EGameDataTable_PortalSpot,Key=1002053,Name=""Eisvan_Hunt_WM_02""),(GameDataType=EGameDataTable_PortalSpot,Key=1002054,Name=""Eisvan_Hunt_WM_03""),(GameDataType=EGameDataTable_PortalSpot,Key=1003051,Name=""Ulgar_Hunt_WM_01""),(GameDataType=EGameDataTable_PortalSpot,Key=1003052,Name=""Ulgar_Hunt_WM_02""),(GameDataType=EGameDataTable_PortalSpot,Key=1003053,Name=""Ulgar_Hunt_WM_03""))","((GameDataType=EGameDataTable_CraftList,Key=72,Name=""고급 단검 보조 티어 1""))","(Type=-,GameDataType=EGameDataTable_ItemSettingType,Key=0,Name=""None"")","(GameDataType=EGameDataTable_ItemSetOption,Key=0,Name=""None"")","((Stat=(StatType=EGameStatType_Attack,AttackStat=EGameStat_Attack_DamageWeapon,DefenseStat=EGameStat_Defense_None,ExtraStat=EGameStat_Extra_None),Value=14))","","0","0","0","False","True","-1","0","False"
"2011241000","[SET-][어쌔신]희귀 독액 티어 Tier1","LOCTABLE(""/Game/GameData/String_Main.String_Main"", ""Item_Name_2011241000"")","""/Game/Textures/Icons/Equip/Poison/T_Assasin_Poison_Unique_01.T_Assasin_Poison_Unique_01""","None","None","None","""/Game/Blueprints/Actors/ItemDropMesh/BP_DropitemMesh_Base.BP_DropitemMesh_Base_C""","LOCTABLE(""/Game/GameData/String_Main.String_Main"", ""Item_Desc_2011241000"")","EItemType_SubWeapon","EItemDetailType_SubWeapon_Dagger","EItemTagType_NormalItem","EUniversalGrade_Unique","True","True","False","True","True","True","False","False","False","False","False","(GameDataType=EGameDataTable_ItemEnhance,Key=0,Name=""None"")","False","0","0","0","10","1","9223372036854769664","99999","ECharacterJobClass_Assassin","1","999","0.004","((GameDataType=EGameDataTable_PortalSpot,Key=1001052,Name=""Emberforge_Hunt_WM_01""),(GameDataType=EGameDataTable_PortalSpot,Key=1001053,Name=""Emberforge_Hunt_WM_02""),(GameDataType=EGameDataTable_PortalSpot,Key=1001054,Name=""Emberforge_Hunt_WM_03""),(GameDataType=EGameDataTable_PortalSpot,Key=1002052,Name=""Eisvan_Hunt_WM_01""),(GameDataType=EGameDataTable_PortalSpot,Key=1002053,Name=""Eisvan_Hunt_WM_02""),(GameDataType=EGameDataTable_PortalSpot,Key=1002054,Name=""Eisvan_Hunt_WM_03""),(GameDataType=EGameDataTable_PortalSpot,Key=1003051,Name=""Ulgar_Hunt_WM_01""),(GameDataType=EGameDataTable_PortalSpot,Key=1003052,Name=""Ulgar_Hunt_WM_02""),(GameDataType=EGameDataTable_PortalSpot,Key=1003053,Name=""Ulgar_Hunt_WM_03""))","((GameDataType=EGameDataTable_CraftList,Key=75,Name=""희귀 단검 보조 티어 1""))","(Type=-,GameDataType=EGameDataTable_ItemSettingType,Key=0,Name=""None"")","(GameDataType=EGameDataTable_ItemSetOption,Key=0,Name=""None"")","((Stat=(StatType=EGameStatType_Attack,AttackStat=EGameStat_Attack_DamageWeapon,DefenseStat=EGameStat_Defense_None,ExtraStat=EGameStat_Extra_None),Value=20))","","0","0","0","False","True","-1","0","False"
"2011341000","[SET-][어쌔신]영웅 독액 티어 Tier1","LOCTABLE(""/Game/GameData/String_Main.String_Main"", ""Item_Name_2011341000"")","""/Game/Textures/Icons/Equip/Poison/T_Assasin_Poison_Epic_01.T_Assasin_Poison_Epic_01""","None","None","None","""/Game/Blueprints/Actors/ItemDropMesh/BP_DropitemMesh_Base.BP_DropitemMesh_Base_C""","LOCTABLE(""/Game/GameData/String_Main.String_Main"", ""Item_Desc_2011341000"")","EItemType_SubWeapon","EItemDetailType_SubWeapon_Dagger","EItemTagType_NormalItem","EUniversalGrade_Epic","True","True","False","True","True","True","False","True","False","False","True","(GameDataType=EGameDataTable_ItemEnhance,Key=2,Name=""강화테이블_보조무기"")","True","12","6","0","273550","27355","1","1","ECharacterJobClass_Assassin","1","999","1","((GameDataType=EGameDataTable_PortalSpot,Key=1001052,Name=""Emberforge_Hunt_WM_01""),(GameDataType=EGameDataTable_PortalSpot,Key=1001053,Name=""Emberforge_Hunt_WM_02""),(GameDataType=EGameDataTable_PortalSpot,Key=1001054,Name=""Emberforge_Hunt_WM_03""),(GameDataType=EGameDataTable_PortalSpot,Key=1002052,Name=""Eisvan_Hunt_WM_01""),(GameDataType=EGameDataTable_PortalSpot,Key=1002053,Name=""Eisvan_Hunt_WM_02""),(GameDataType=EGameDataTable_PortalSpot,Key=1002054,Name=""Eisvan_Hunt_WM_03""),(GameDataType=EGameDataTable_PortalSpot,Key=1003051,Name=""Ulgar_Hunt_WM_01""),(GameDataType=EGameDataTable_PortalSpot,Key=1003052,Name=""Ulgar_Hunt_WM_02""),(GameDataType=EGameDataTable_PortalSpot,Key=1003053,Name=""Ulgar_Hunt_WM_03""))","((GameDataType=EGameDataTable_CraftList,Key=78,Name=""영웅 단검 보조 티어 1""))","(Type=-,GameDataType=EGameDataTable_ItemSettingType,Key=0,Name=""None"")","(GameDataType=EGameDataTable_ItemSetOption,Key=0,Name=""None"")","((Stat=(StatType=EGameStatType_Attack,AttackStat=EGameStat_Attack_DamageWeapon,DefenseStat=EGameStat_Defense_None,ExtraStat=EGameStat_Extra_None),Value=24),(Stat=(StatType=EGameStatType_Attack,AttackStat=EGameStat_Attack_Accuracy,DefenseStat=EGameStat_Defense_None,ExtraStat=EGameStat_Extra_None),Value=10),(Stat=(StatType=EGameStatType_Attack,AttackStat=EGameStat_Attack_CriticalChanceMelee,DefenseStat=EGameStat_Defense_None,ExtraStat=EGameStat_Extra_None),Value=15),(Stat=(StatType=EGameStatType_Attack,AttackStat=EGameStat_Attack_DoubleChance,DefenseStat=EGameStat_Defense_None,ExtraStat=EGameStat_Extra_None),Value=10),(Stat=(StatType=EGameStatType_Attack,AttackStat=EGameStat_Attack_BonusDamage,DefenseStat=EGameStat_Defense_None,ExtraStat=EGameStat_Extra_None),Value=4),(Stat=(StatType=EGameStatType_Attack,AttackStat=EGameStat_Attack_DamageBoostSkill,DefenseStat=EGameStat_Defense_None,ExtraStat=EGameStat_Extra_None),Value=10))","","1000","100","100","True","True","2","15","False"
"2012041000","[SET-][위자드]일반 양피지 티어 Tier1","LOCTABLE(""/Game/GameData/String_Main.String_Main"", ""Item_Name_2012041000"")","""/Game/Textures/Icons/Equip/Book/T_Wizard_Book_Common_01.T_Wizard_Book_Common_01""","None","None","None","""/Game/Blueprints/Actors/ItemDropMesh/BP_DropitemMesh_Base.BP_DropitemMesh_Base_C""","LOCTABLE(""/Game/GameData/String_Main.String_Main"", ""Item_Desc_2012041000"")","EItemType_SubWeapon","EItemDetailType_SubWeapon_Staff","EItemTagType_NormalItem","EUniversalGrade_Common","True","True","False","True","True","True","False","False","False","False","False","(GameDataType=EGameDataTable_ItemEnhance,Key=0,Name=""None"")","False","0","0","0","1","0.1","9223372036854769664","99999","ECharacterJobClass_Wizard","1","999","0.004","((GameDataType=EGameDataTable_PortalSpot,Key=1001052,Name=""Emberforge_Hunt_WM_01""),(GameDataType=EGameDataTable_PortalSpot,Key=1001053,Name=""Emberforge_Hunt_WM_02""),(GameDataType=EGameDataTable_PortalSpot,Key=1001054,Name=""Emberforge_Hunt_WM_03""),(GameDataType=EGameDataTable_PortalSpot,Key=1002052,Name=""Eisvan_Hunt_WM_01""),(GameDataType=EGameDataTable_PortalSpot,Key=1002053,Name=""Eisvan_Hunt_WM_02""),(GameDataType=EGameDataTable_PortalSpot,Key=1002054,Name=""Eisvan_Hunt_WM_03""),(GameDataType=EGameDataTable_PortalSpot,Key=1003051,Name=""Ulgar_Hunt_WM_01""),(GameDataType=EGameDataTable_PortalSpot,Key=1003052,Name=""Ulgar_Hunt_WM_02""),(GameDataType=EGameDataTable_PortalSpot,Key=1003053,Name=""Ulgar_Hunt_WM_03""))","((GameDataType=EGameDataTable_CraftList,Key=79,Name=""일반 책 티어 1""))","(Type=-,GameDataType=EGameDataTable_ItemSettingType,Key=0,Name=""None"")","(GameDataType=EGameDataTable_ItemSetOption,Key=0,Name=""None"")","((Stat=(StatType=EGameStatType_Attack,AttackStat=EGameStat_Attack_DamageWeapon,DefenseStat=EGameStat_Defense_None,ExtraStat=EGameStat_Extra_None),Value=9))","","0","0","0","False","True","-1","0","False"
"2012141000","[SET-][위자드]고급 양피지 티어 Tier1","LOCTABLE(""/Game/GameData/String_Main.String_Main"", ""Item_Name_2012141000"")","""/Game/Textures/Icons/Equip/Book/T_Wizard_Book_Rare_01.T_Wizard_Book_Rare_01""","None","None","None","""/Game/Blueprints/Actors/ItemDropMesh/BP_DropitemMesh_Base.BP_DropitemMesh_Base_C""","LOCTABLE(""/Game/GameData/String_Main.String_Main"", ""Item_Desc_2012141000"")","EItemType_SubWeapon","EItemDetailType_SubWeapon_Staff","EItemTagType_NormalItem","EUniversalGrade_Rare","True","True","False","True","True","True","False","False","False","False","False","(GameDataType=EGameDataTable_ItemEnhance,Key=0,Name=""None"")","False","0","0","0","4","0.4","9223372036854769664","99999","ECharacterJobClass_Wizard","1","999","0.004","((GameDataType=EGameDataTable_PortalSpot,Key=1001052,Name=""Emberforge_Hunt_WM_01""),(GameDataType=EGameDataTable_PortalSpot,Key=1001053,Name=""Emberforge_Hunt_WM_02""),(GameDataType=EGameDataTable_PortalSpot,Key=1001054,Name=""Emberforge_Hunt_WM_03""),(GameDataType=EGameDataTable_PortalSpot,Key=1002052,Name=""Eisvan_Hunt_WM_01""),(GameDataType=EGameDataTable_PortalSpot,Key=1002053,Name=""Eisvan_Hunt_WM_02""),(GameDataType=EGameDataTable_PortalSpot,Key=1002054,Name=""Eisvan_Hunt_WM_03""),(GameDataType=EGameDataTable_PortalSpot,Key=1003051,Name=""Ulgar_Hunt_WM_01""),(GameDataType=EGameDataTable_PortalSpot,Key=1003052,Name=""Ulgar_Hunt_WM_02""),(GameDataType=EGameDataTable_PortalSpot,Key=1003053,Name=""Ulgar_Hunt_WM_03""))","((GameDataType=EGameDataTable_CraftList,Key=81,Name=""고급 책 티어 1""))","(Type=-,GameDataType=EGameDataTable_ItemSettingType,Key=0,Name=""None"")","(GameDataType=EGameDataTable_ItemSetOption,Key=0,Name=""None"")","((Stat=(StatType=EGameStatType_Attack,AttackStat=EGameStat_Attack_DamageWeapon,DefenseStat=EGameStat_Defense_None,ExtraStat=EGameStat_Extra_None),Value=14))","","0","0","0","False","True","-1","0","False"
"2012241000","[SET-][위자드]희귀 양피지 티어 Tier1","LOCTABLE(""/Game/GameData/String_Main.String_Main"", ""Item_Name_2012241000"")","""/Game/Textures/Icons/Equip/Book/T_Wizard_Book_Unique_01.T_Wizard_Book_Unique_01""","None","None","None","""/Game/Blueprints/Actors/ItemDropMesh/BP_DropitemMesh_Base.BP_DropitemMesh_Base_C""","LOCTABLE(""/Game/GameData/String_Main.String_Main"", ""Item_Desc_2012241000"")","EItemType_SubWeapon","EItemDetailType_SubWeapon_Staff","EItemTagType_NormalItem","EUniversalGrade_Unique","True","True","False","True","True","True","False","False","False","False","False","(GameDataType=EGameDataTable_ItemEnhance,Key=0,Name=""None"")","False","0","0","0","10","1","9223372036854769664","99999","ECharacterJobClass_Wizard","1","999","0.004","((GameDataType=EGameDataTable_PortalSpot,Key=1001052,Name=""Emberforge_Hunt_WM_01""),(GameDataType=EGameDataTable_PortalSpot,Key=1001053,Name=""Emberforge_Hunt_WM_02""),(GameDataType=EGameDataTable_PortalSpot,Key=1001054,Name=""Emberforge_Hunt_WM_03""),(GameDataType=EGameDataTable_PortalSpot,Key=1002052,Name=""Eisvan_Hunt_WM_01""),(GameDataType=EGameDataTable_PortalSpot,Key=1002053,Name=""Eisvan_Hunt_WM_02""),(GameDataType=EGameDataTable_PortalSpot,Key=1002054,Name=""Eisvan_Hunt_WM_03""),(GameDataType=EGameDataTable_PortalSpot,Key=1003051,Name=""Ulgar_Hunt_WM_01""),(GameDataType=EGameDataTable_PortalSpot,Key=1003052,Name=""Ulgar_Hunt_WM_02""),(GameDataType=EGameDataTable_PortalSpot,Key=1003053,Name=""Ulgar_Hunt_WM_03""))","((GameDataType=EGameDataTable_CraftList,Key=84,Name=""희귀 책 티어 1""))","(Type=-,GameDataType=EGameDataTable_ItemSettingType,Key=0,Name=""None"")","(GameDataType=EGameDataTable_ItemSetOption,Key=0,Name=""None"")","((Stat=(StatType=EGameStatType_Attack,AttackStat=EGameStat_Attack_DamageWeapon,DefenseStat=EGameStat_Defense_None,ExtraStat=EGameStat_Extra_None),Value=17))","","0","0","0","False","True","-1","0","False"
"2012341000","[SET-][위자드]영웅 양피지 티어 Tier1","LOCTABLE(""/Game/GameData/String_Main.String_Main"", ""Item_Name_2012341000"")","""/Game/Textures/Icons/Equip/Book/Icon_Equip_Book_19.Icon_Equip_Book_19""","None","None","None","""/Game/Blueprints/Actors/ItemDropMesh/BP_DropitemMesh_Base.BP_DropitemMesh_Base_C""","LOCTABLE(""/Game/GameData/String_Main.String_Main"", ""Item_Desc_2012341000"")","EItemType_SubWeapon","EItemDetailType_SubWeapon_Staff","EItemTagType_NormalItem","EUniversalGrade_Epic","True","True","False","True","True","True","False","True","False","False","True","(GameDataType=EGameDataTable_ItemEnhance,Key=2,Name=""강화테이블_보조무기"")","True","12","6","0","273550","27355","1","1","ECharacterJobClass_Wizard","1","999","1","((GameDataType=EGameDataTable_PortalSpot,Key=1001052,Name=""Emberforge_Hunt_WM_01""),(GameDataType=EGameDataTable_PortalSpot,Key=1001053,Name=""Emberforge_Hunt_WM_02""),(GameDataType=EGameDataTable_PortalSpot,Key=1001054,Name=""Emberforge_Hunt_WM_03""),(GameDataType=EGameDataTable_PortalSpot,Key=1002052,Name=""Eisvan_Hunt_WM_01""),(GameDataType=EGameDataTable_PortalSpot,Key=1002053,Name=""Eisvan_Hunt_WM_02""),(GameDataType=EGameDataTable_PortalSpot,Key=1002054,Name=""Eisvan_Hunt_WM_03""),(GameDataType=EGameDataTable_PortalSpot,Key=1003051,Name=""Ulgar_Hunt_WM_01""),(GameDataType=EGameDataTable_PortalSpot,Key=1003052,Name=""Ulgar_Hunt_WM_02""),(GameDataType=EGameDataTable_PortalSpot,Key=1003053,Name=""Ulgar_Hunt_WM_03""))","((GameDataType=EGameDataTable_CraftList,Key=87,Name=""영웅 책 티어 1""))","(Type=-,GameDataType=EGameDataTable_ItemSettingType,Key=0,Name=""None"")","(GameDataType=EGameDataTable_ItemSetOption,Key=0,Name=""None"")","((Stat=(StatType=EGameStatType_Attack,AttackStat=EGameStat_Attack_DamageWeapon,DefenseStat=EGameStat_Defense_None,ExtraStat=EGameStat_Extra_None),Value=23),(Stat=(StatType=EGameStatType_Attack,AttackStat=EGameStat_Attack_Accuracy,DefenseStat=EGameStat_Defense_None,ExtraStat=EGameStat_Extra_None),Value=7),(Stat=(StatType=EGameStatType_Attack,AttackStat=EGameStat_Attack_CriticalChanceMagic,DefenseStat=EGameStat_Defense_None,ExtraStat=EGameStat_Extra_None),Value=30),(Stat=(StatType=EGameStatType_Attack,AttackStat=EGameStat_Attack_DoubleChance,DefenseStat=EGameStat_Defense_None,ExtraStat=EGameStat_Extra_None),Value=5),(Stat=(StatType=EGameStatType_Attack,AttackStat=EGameStat_Attack_BonusDamageCritical,DefenseStat=EGameStat_Defense_None,ExtraStat=EGameStat_Extra_None),Value=11),(Stat=(StatType=EGameStatType_Attack,AttackStat=EGameStat_Attack_DamageBoostSkill,DefenseStat=EGameStat_Defense_None,ExtraStat=EGameStat_Extra_None),Value=25),(Stat=(StatType=EGameStatType_Attack,AttackStat=EGameStat_Attack_CC_Chance,DefenseStat=EGameStat_Defense_None,ExtraStat=EGameStat_Extra_None),Value=30))","","1000","100","100","True","True","3","15","False"
"2020041001","[SET-][공용]일반 투구 티어 Tier1","LOCTABLE(""/Game/GameData/String_Main.String_Main"", ""Item_Name_2020041001"")","""/Game/Textures/Icons/Equip/Helm/T_Helm_Iron_Common_01.T_Helm_Iron_Common_01""","None","None","None","""/Game/Blueprints/Actors/ItemDropMesh/BP_DropitemMesh_Base.BP_DropitemMesh_Base_C""","LOCTABLE(""/Game/GameData/String_Main.String_Main"", ""Item_Desc_2020041001"")","EItemType_Armor","EItemDetailType_Armor_Helm","EItemTagType_NormalItem","EUniversalGrade_Common","True","True","False","True","True","True","False","True","True","False","True","(GameDataType=EGameDataTable_ItemEnhance,Key=3,Name=""강화테이블_방어구"")","True","12","4","0","1350","135","1","1","ECharacterJobClass_DontCare","1","999","15","((GameDataType=EGameDataTable_PortalSpot,Key=1001052,Name=""Emberforge_Hunt_WM_01""),(GameDataType=EGameDataTable_PortalSpot,Key=1001053,Name=""Emberforge_Hunt_WM_02""),(GameDataType=EGameDataTable_PortalSpot,Key=1001054,Name=""Emberforge_Hunt_WM_03""),(GameDataType=EGameDataTable_PortalSpot,Key=1002052,Name=""Eisvan_Hunt_WM_01""),(GameDataType=EGameDataTable_PortalSpot,Key=1002053,Name=""Eisvan_Hunt_WM_02""),(GameDataType=EGameDataTable_PortalSpot,Key=1002054,Name=""Eisvan_Hunt_WM_03""),(GameDataType=EGameDataTable_PortalSpot,Key=1003051,Name=""Ulgar_Hunt_WM_01""),(GameDataType=EGameDataTable_PortalSpot,Key=1003052,Name=""Ulgar_Hunt_WM_02""),(GameDataType=EGameDataTable_PortalSpot,Key=1003053,Name=""Ulgar_Hunt_WM_03""))","((GameDataType=EGameDataTable_CraftList,Key=88,Name=""초심자의 헬름""))","(Type=-,GameDataType=EGameDataTable_ItemSettingType,Key=0,Name=""None"")","(GameDataType=EGameDataTable_ItemSetOption,Key=0,Name=""None"")","((Stat=(StatType=EGameStatType_Defense,AttackStat=EGameStat_Attack_None,DefenseStat=EGameStat_Defense_ArmorClass,ExtraStat=EGameStat_Extra_None),Value=3),(Stat=(StatType=EGameStatType_Extra,AttackStat=EGameStat_Attack_None,DefenseStat=EGameStat_Defense_None,ExtraStat=EGameStat_Extra_MPMax),Value=60))","","1000","100","100","True","True","-1","0","False"
"2020041002","[SET-][공용]일반 투구 티어 Tier1","LOCTABLE(""/Game/GameData/String_Main.String_Main"", ""Item_Name_2020041002"")","""/Game/Textures/Icons/Equip/Helm/T_Helm_Cloth_Common_01.T_Helm_Cloth_Common_01""","None","None","None","""/Game/Blueprints/Actors/ItemDropMesh/BP_DropitemMesh_Base.BP_DropitemMesh_Base_C""","LOCTABLE(""/Game/GameData/String_Main.String_Main"", ""Item_Desc_2020041002"")","EItemType_Armor","EItemDetailType_Armor_Helm","EItemTagType_NormalItem","EUniversalGrade_Common","True","True","False","True","True","True","False","True","True","False","True","(GameDataType=EGameDataTable_ItemEnhance,Key=3,Name=""강화테이블_방어구"")","True","12","4","0","1350","135","1","1","ECharacterJobClass_DontCare","1","999","15","((GameDataType=EGameDataTable_PortalSpot,Key=1001052,Name=""Emberforge_Hunt_WM_01""),(GameDataType=EGameDataTable_PortalSpot,Key=1001053,Name=""Emberforge_Hunt_WM_02""),(GameDataType=EGameDataTable_PortalSpot,Key=1001054,Name=""Emberforge_Hunt_WM_03""),(GameDataType=EGameDataTable_PortalSpot,Key=1002052,Name=""Eisvan_Hunt_WM_01""),(GameDataType=EGameDataTable_PortalSpot,Key=1002053,Name=""Eisvan_Hunt_WM_02""),(GameDataType=EGameDataTable_PortalSpot,Key=1002054,Name=""Eisvan_Hunt_WM_03""),(GameDataType=EGameDataTable_PortalSpot,Key=1003051,Name=""Ulgar_Hunt_WM_01""),(GameDataType=EGameDataTable_PortalSpot,Key=1003052,Name=""Ulgar_Hunt_WM_02""),(GameDataType=EGameDataTable_PortalSpot,Key=1003053,Name=""Ulgar_Hunt_WM_03""))","((GameDataType=EGameDataTable_CraftList,Key=89,Name=""초심자의 모자""))","(Type=-,GameDataType=EGameDataTable_ItemSettingType,Key=0,Name=""None"")","(GameDataType=EGameDataTable_ItemSetOption,Key=0,Name=""None"")","((Stat=(StatType=EGameStatType_Defense,AttackStat=EGameStat_Attack_None,DefenseStat=EGameStat_Defense_ArmorClass,ExtraStat=EGameStat_Extra_None),Value=2),(Stat=(StatType=EGameStatType_Defense,AttackStat=EGameStat_Attack_None,DefenseStat=EGameStat_Defense_ArmorClassSkill,ExtraStat=EGameStat_Extra_None),Value=3))","","1000","100","100","True","True","-1","0","False"
"2020041003","[SET-][공용]일반 투구 티어 Tier1","LOCTABLE(""/Game/GameData/String_Main.String_Main"", ""Item_Name_2020041003"")","""/Game/Textures/Icons/Equip/Helm/T_Helm_Leather_Common_01.T_Helm_Leather_Common_01""","None","None","None","""/Game/Blueprints/Actors/ItemDropMesh/BP_DropitemMesh_Base.BP_DropitemMesh_Base_C""","LOCTABLE(""/Game/GameData/String_Main.String_Main"", ""Item_Desc_2020041003"")","EItemType_Armor","EItemDetailType_Armor_Helm","EItemTagType_NormalItem","EUniversalGrade_Common","True","True","False","True","True","True","False","True","True","False","True","(GameDataType=EGameDataTable_ItemEnhance,Key=3,Name=""강화테이블_방어구"")","True","12","4","0","1350","135","1","1","ECharacterJobClass_DontCare","1","999","15","((GameDataType=EGameDataTable_PortalSpot,Key=1001052,Name=""Emberforge_Hunt_WM_01""),(GameDataType=EGameDataTable_PortalSpot,Key=1001053,Name=""Emberforge_Hunt_WM_02""),(GameDataType=EGameDataTable_PortalSpot,Key=1001054,Name=""Emberforge_Hunt_WM_03""),(GameDataType=EGameDataTable_PortalSpot,Key=1002052,Name=""Eisvan_Hunt_WM_01""),(GameDataType=EGameDataTable_PortalSpot,Key=1002053,Name=""Eisvan_Hunt_WM_02""),(GameDataType=EGameDataTable_PortalSpot,Key=1002054,Name=""Eisvan_Hunt_WM_03""),(GameDataType=EGameDataTable_PortalSpot,Key=1003051,Name=""Ulgar_Hunt_WM_01""),(GameDataType=EGameDataTable_PortalSpot,Key=1003052,Name=""Ulgar_Hunt_WM_02""),(GameDataType=EGameDataTable_PortalSpot,Key=1003053,Name=""Ulgar_Hunt_WM_03""))","((GameDataType=EGameDataTable_CraftList,Key=90,Name=""초심자의 투구""))","(Type=-,GameDataType=EGameDataTable_ItemSettingType,Key=0,Name=""None"")","(GameDataType=EGameDataTable_ItemSetOption,Key=0,Name=""None"")","((Stat=(StatType=EGameStatType_Defense,AttackStat=EGameStat_Attack_None,DefenseStat=EGameStat_Defense_ArmorClass,ExtraStat=EGameStat_Extra_None),Value=2),(Stat=(StatType=EGameStatType_Defense,AttackStat=EGameStat_Attack_None,DefenseStat=EGameStat_Defense_CriticalResist,ExtraStat=EGameStat_Extra_None),Value=3))","","1000","100","100","True","True","-1","0","False"
"2020042001","[SET-][공용]일반 투구 티어 Tier2","LOCTABLE(""/Game/GameData/String_Main.String_Main"", ""Item_Name_2020042001"")","""/Game/Textures/Icons/Equip/Helm/T_Helm_Iron_Common_02.T_Helm_Iron_Common_02""","None","None","None","""/Game/Blueprints/Actors/ItemDropMesh/BP_DropitemMesh_Base.BP_DropitemMesh_Base_C""","LOCTABLE(""/Game/GameData/String_Main.String_Main"", ""Item_Desc_2020042001"")","EItemType_Armor","EItemDetailType_Armor_Helm","EItemTagType_NormalItem","EUniversalGrade_Common","True","True","False","True","True","True","False","True","True","False","True","(GameDataType=EGameDataTable_ItemEnhance,Key=3,Name=""강화테이블_방어구"")","True","12","4","0","1620","162","1","1","ECharacterJobClass_DontCare","1","999","15","((GameDataType=EGameDataTable_PortalSpot,Key=1001052,Name=""Emberforge_Hunt_WM_01""),(GameDataType=EGameDataTable_PortalSpot,Key=1001053,Name=""Emberforge_Hunt_WM_02""),(GameDataType=EGameDataTable_PortalSpot,Key=1001054,Name=""Emberforge_Hunt_WM_03""),(GameDataType=EGameDataTable_PortalSpot,Key=1002052,Name=""Eisvan_Hunt_WM_01""),(GameDataType=EGameDataTable_PortalSpot,Key=1002053,Name=""Eisvan_Hunt_WM_02""),(GameDataType=EGameDataTable_PortalSpot,Key=1002054,Name=""Eisvan_Hunt_WM_03""),(GameDataType=EGameDataTable_PortalSpot,Key=1003051,Name=""Ulgar_Hunt_WM_01""),(GameDataType=EGameDataTable_PortalSpot,Key=1003052,Name=""Ulgar_Hunt_WM_02""),(GameDataType=EGameDataTable_PortalSpot,Key=1003053,Name=""Ulgar_Hunt_WM_03""))","((GameDataType=EGameDataTable_CraftList,Key=91,Name=""용병의 헬름""))","(Type=-,GameDataType=EGameDataTable_ItemSettingType,Key=0,Name=""None"")","(GameDataType=EGameDataTable_ItemSetOption,Key=0,Name=""None"")","((Stat=(StatType=EGameStatType_Defense,AttackStat=EGameStat_Attack_None,DefenseStat=EGameStat_Defense_ArmorClass,ExtraStat=EGameStat_Extra_None),Value=3),(Stat=(StatType=EGameStatType_Extra,AttackStat=EGameStat_Attack_None,DefenseStat=EGameStat_Defense_None,ExtraStat=EGameStat_Extra_MPMax),Value=60),(Stat=(StatType=EGameStatType_Extra,AttackStat=EGameStat_Attack_None,DefenseStat=EGameStat_Defense_None,ExtraStat=EGameStat_Extra_MPRecoverTick),Value=1))","","1000","100","100","True","True","-1","0","False"
"2020042002","[SET-][공용]일반 투구 티어 Tier2","LOCTABLE(""/Game/GameData/String_Main.String_Main"", ""Item_Name_2020042002"")","""/Game/Textures/Icons/Equip/Helm/T_Helm_Cloth_Common_02.T_Helm_Cloth_Common_02""","None","None","None","""/Game/Blueprints/Actors/ItemDropMesh/BP_DropitemMesh_Base.BP_DropitemMesh_Base_C""","LOCTABLE(""/Game/GameData/String_Main.String_Main"", ""Item_Desc_2020042002"")","EItemType_Armor","EItemDetailType_Armor_Helm","EItemTagType_NormalItem","EUniversalGrade_Common","True","True","False","True","True","True","False","True","True","False","True","(GameDataType=EGameDataTable_ItemEnhance,Key=3,Name=""강화테이블_방어구"")","True","12","4","0","1620","162","1","1","ECharacterJobClass_DontCare","1","999","15","((GameDataType=EGameDataTable_PortalSpot,Key=1001052,Name=""Emberforge_Hunt_WM_01""),(GameDataType=EGameDataTable_PortalSpot,Key=1001053,Name=""Emberforge_Hunt_WM_02""),(GameDataType=EGameDataTable_PortalSpot,Key=1001054,Name=""Emberforge_Hunt_WM_03""),(GameDataType=EGameDataTable_PortalSpot,Key=1002052,Name=""Eisvan_Hunt_WM_01""),(GameDataType=EGameDataTable_PortalSpot,Key=1002053,Name=""Eisvan_Hunt_WM_02""),(GameDataType=EGameDataTable_PortalSpot,Key=1002054,Name=""Eisvan_Hunt_WM_03""),(GameDataType=EGameDataTable_PortalSpot,Key=1003051,Name=""Ulgar_Hunt_WM_01""),(GameDataType=EGameDataTable_PortalSpot,Key=1003052,Name=""Ulgar_Hunt_WM_02""),(GameDataType=EGameDataTable_PortalSpot,Key=1003053,Name=""Ulgar_Hunt_WM_03""))","((GameDataType=EGameDataTable_CraftList,Key=92,Name=""용병의 모자""))","(Type=-,GameDataType=EGameDataTable_ItemSettingType,Key=0,Name=""None"")","(GameDataType=EGameDataTable_ItemSetOption,Key=0,Name=""None"")","((Stat=(StatType=EGameStatType_Defense,AttackStat=EGameStat_Attack_None,DefenseStat=EGameStat_Defense_ArmorClass,ExtraStat=EGameStat_Extra_None),Value=2),(Stat=(StatType=EGameStatType_Defense,AttackStat=EGameStat_Attack_None,DefenseStat=EGameStat_Defense_ArmorClassSkill,ExtraStat=EGameStat_Extra_None),Value=3),(Stat=(StatType=EGameStatType_Extra,AttackStat=EGameStat_Attack_None,DefenseStat=EGameStat_Defense_None,ExtraStat=EGameStat_Extra_AttributeWisdom),Value=1))","","1000","100","100","True","True","-1","0","False"
"2020042003","[SET-][공용]일반 투구 티어 Tier2","LOCTABLE(""/Game/GameData/String_Main.String_Main"", ""Item_Name_2020042003"")","""/Game/Textures/Icons/Equip/Helm/T_Helm_Leather_Common_02.T_Helm_Leather_Common_02""","None","None","None","""/Game/Blueprints/Actors/ItemDropMesh/BP_DropitemMesh_Base.BP_DropitemMesh_Base_C""","LOCTABLE(""/Game/GameData/String_Main.String_Main"", ""Item_Desc_2020042003"")","EItemType_Armor","EItemDetailType_Armor_Helm","EItemTagType_NormalItem","EUniversalGrade_Common","True","True","False","True","True","True","False","True","True","False","True","(GameDataType=EGameDataTable_ItemEnhance,Key=3,Name=""강화테이블_방어구"")","True","12","4","0","1620","162","1","1","ECharacterJobClass_DontCare","1","999","15","((GameDataType=EGameDataTable_PortalSpot,Key=1001052,Name=""Emberforge_Hunt_WM_01""),(GameDataType=EGameDataTable_PortalSpot,Key=1001053,Name=""Emberforge_Hunt_WM_02""),(GameDataType=EGameDataTable_PortalSpot,Key=1001054,Name=""Emberforge_Hunt_WM_03""),(GameDataType=EGameDataTable_PortalSpot,Key=1002052,Name=""Eisvan_Hunt_WM_01""),(GameDataType=EGameDataTable_PortalSpot,Key=1002053,Name=""Eisvan_Hunt_WM_02""),(GameDataType=EGameDataTable_PortalSpot,Key=1002054,Name=""Eisvan_Hunt_WM_03""),(GameDataType=EGameDataTable_PortalSpot,Key=1003051,Name=""Ulgar_Hunt_WM_01""),(GameDataType=EGameDataTable_PortalSpot,Key=1003052,Name=""Ulgar_Hunt_WM_02""),(GameDataType=EGameDataTable_PortalSpot,Key=1003053,Name=""Ulgar_Hunt_WM_03""))","((GameDataType=EGameDataTable_CraftList,Key=93,Name=""용병의 투구""))","(Type=-,GameDataType=EGameDataTable_ItemSettingType,Key=0,Name=""None"")","(GameDataType=EGameDataTable_ItemSetOption,Key=0,Name=""None"")","((Stat=(StatType=EGameStatType_Defense,AttackStat=EGameStat_Attack_None,DefenseStat=EGameStat_Defense_ArmorClass,ExtraStat=EGameStat_Extra_None),Value=2),(Stat=(StatType=EGameStatType_Defense,AttackStat=EGameStat_Attack_None,DefenseStat=EGameStat_Defense_CriticalResist,ExtraStat=EGameStat_Extra_None),Value=3),(Stat=(StatType=EGameStatType_Extra,AttackStat=EGameStat_Attack_None,DefenseStat=EGameStat_Defense_None,ExtraStat=EGameStat_Extra_HPRecoverTick),Value=1))","","1000","100","100","True","True","-1","0","False"
"2020141001","[SET-][공용]고급 투구 티어 Tier1","LOCTABLE(""/Game/GameData/String_Main.String_Main"", ""Item_Name_2020141001"")","""/Game/Textures/Icons/Equip/Helm/T_Helm_Iron_Rare_01.T_Helm_Iron_Rare_01""","None","None","None","""/Game/Blueprints/Actors/ItemDropMesh/BP_DropitemMesh_Base.BP_DropitemMesh_Base_C""","LOCTABLE(""/Game/GameData/String_Main.String_Main"", ""Item_Desc_2020141001"")","EItemType_Armor","EItemDetailType_Armor_Helm","EItemTagType_NormalItem","EUniversalGrade_Rare","True","True","False","True","True","True","False","True","True","False","True","(GameDataType=EGameDataTable_ItemEnhance,Key=3,Name=""강화테이블_방어구"")","True","12","4","0","1750","175","1","1","ECharacterJobClass_DontCare","1","999","15","((GameDataType=EGameDataTable_PortalSpot,Key=1001052,Name=""Emberforge_Hunt_WM_01""),(GameDataType=EGameDataTable_PortalSpot,Key=1001053,Name=""Emberforge_Hunt_WM_02""),(GameDataType=EGameDataTable_PortalSpot,Key=1001054,Name=""Emberforge_Hunt_WM_03""),(GameDataType=EGameDataTable_PortalSpot,Key=1002052,Name=""Eisvan_Hunt_WM_01""),(GameDataType=EGameDataTable_PortalSpot,Key=1002053,Name=""Eisvan_Hunt_WM_02""),(GameDataType=EGameDataTable_PortalSpot,Key=1002054,Name=""Eisvan_Hunt_WM_03""),(GameDataType=EGameDataTable_PortalSpot,Key=1003051,Name=""Ulgar_Hunt_WM_01""),(GameDataType=EGameDataTable_PortalSpot,Key=1003052,Name=""Ulgar_Hunt_WM_02""),(GameDataType=EGameDataTable_PortalSpot,Key=1003053,Name=""Ulgar_Hunt_WM_03""))","((GameDataType=EGameDataTable_CraftList,Key=94,Name=""숙련 모험가의 헬름""))","(Type=-,GameDataType=EGameDataTable_ItemSettingType,Key=0,Name=""None"")","(GameDataType=EGameDataTable_ItemSetOption,Key=0,Name=""None"")","((Stat=(StatType=EGameStatType_Defense,AttackStat=EGameStat_Attack_None,DefenseStat=EGameStat_Defense_ArmorClass,ExtraStat=EGameStat_Extra_None),Value=7),(Stat=(StatType=EGameStatType_Extra,AttackStat=EGameStat_Attack_None,DefenseStat=EGameStat_Defense_None,ExtraStat=EGameStat_Extra_MPMax),Value=110))","","1000","100","100","True","True","-1","0","False"
"2020141002","[SET-][공용]고급 투구 티어 Tier1","LOCTABLE(""/Game/GameData/String_Main.String_Main"", ""Item_Name_2020141002"")","""/Game/Textures/Icons/Equip/Helm/T_Helm_Cloth_Rare_01.T_Helm_Cloth_Rare_01""","None","None","None","""/Game/Blueprints/Actors/ItemDropMesh/BP_DropitemMesh_Base.BP_DropitemMesh_Base_C""","LOCTABLE(""/Game/GameData/String_Main.String_Main"", ""Item_Desc_2020141002"")","EItemType_Armor","EItemDetailType_Armor_Helm","EItemTagType_NormalItem","EUniversalGrade_Rare","True","True","False","True","True","True","False","True","True","False","True","(GameDataType=EGameDataTable_ItemEnhance,Key=3,Name=""강화테이블_방어구"")","True","12","4","0","1750","175","1","1","ECharacterJobClass_DontCare","1","999","15","((GameDataType=EGameDataTable_PortalSpot,Key=1001052,Name=""Emberforge_Hunt_WM_01""),(GameDataType=EGameDataTable_PortalSpot,Key=1001053,Name=""Emberforge_Hunt_WM_02""),(GameDataType=EGameDataTable_PortalSpot,Key=1001054,Name=""Emberforge_Hunt_WM_03""),(GameDataType=EGameDataTable_PortalSpot,Key=1002052,Name=""Eisvan_Hunt_WM_01""),(GameDataType=EGameDataTable_PortalSpot,Key=1002053,Name=""Eisvan_Hunt_WM_02""),(GameDataType=EGameDataTable_PortalSpot,Key=1002054,Name=""Eisvan_Hunt_WM_03""),(GameDataType=EGameDataTable_PortalSpot,Key=1003051,Name=""Ulgar_Hunt_WM_01""),(GameDataType=EGameDataTable_PortalSpot,Key=1003052,Name=""Ulgar_Hunt_WM_02""),(GameDataType=EGameDataTable_PortalSpot,Key=1003053,Name=""Ulgar_Hunt_WM_03""))","((GameDataType=EGameDataTable_CraftList,Key=95,Name=""숙련 모험가의 서클릿""))","(Type=-,GameDataType=EGameDataTable_ItemSettingType,Key=0,Name=""None"")","(GameDataType=EGameDataTable_ItemSetOption,Key=0,Name=""None"")","((Stat=(StatType=EGameStatType_Defense,AttackStat=EGameStat_Attack_None,DefenseStat=EGameStat_Defense_ArmorClass,ExtraStat=EGameStat_Extra_None),Value=4),(Stat=(StatType=EGameStatType_Defense,AttackStat=EGameStat_Attack_None,DefenseStat=EGameStat_Defense_ArmorClassSkill,ExtraStat=EGameStat_Extra_None),Value=4))","","1000","100","100","True","True","-1","0","False"
"2020141003","[SET-][공용]고급 투구 티어 Tier1","LOCTABLE(""/Game/GameData/String_Main.String_Main"", ""Item_Name_2020141003"")","""/Game/Textures/Icons/Equip/Helm/T_Helm_Leather_Rare_01.T_Helm_Leather_Rare_01""","None","None","None","""/Game/Blueprints/Actors/ItemDropMesh/BP_DropitemMesh_Base.BP_DropitemMesh_Base_C""","LOCTABLE(""/Game/GameData/String_Main.String_Main"", ""Item_Desc_2020141003"")","EItemType_Armor","EItemDetailType_Armor_Helm","EItemTagType_NormalItem","EUniversalGrade_Rare","True","True","False","True","True","True","False","True","True","False","True","(GameDataType=EGameDataTable_ItemEnhance,Key=3,Name=""강화테이블_방어구"")","True","12","4","0","1750","175","1","1","ECharacterJobClass_DontCare","1","999","15","((GameDataType=EGameDataTable_PortalSpot,Key=1001052,Name=""Emberforge_Hunt_WM_01""),(GameDataType=EGameDataTable_PortalSpot,Key=1001053,Name=""Emberforge_Hunt_WM_02""),(GameDataType=EGameDataTable_PortalSpot,Key=1001054,Name=""Emberforge_Hunt_WM_03""),(GameDataType=EGameDataTable_PortalSpot,Key=1002052,Name=""Eisvan_Hunt_WM_01""),(GameDataType=EGameDataTable_PortalSpot,Key=1002053,Name=""Eisvan_Hunt_WM_02""),(GameDataType=EGameDataTable_PortalSpot,Key=1002054,Name=""Eisvan_Hunt_WM_03""),(GameDataType=EGameDataTable_PortalSpot,Key=1003051,Name=""Ulgar_Hunt_WM_01""),(GameDataType=EGameDataTable_PortalSpot,Key=1003052,Name=""Ulgar_Hunt_WM_02""),(GameDataType=EGameDataTable_PortalSpot,Key=1003053,Name=""Ulgar_Hunt_WM_03""))","((GameDataType=EGameDataTable_CraftList,Key=96,Name=""숙련 모험가의 투구""))","(Type=-,GameDataType=EGameDataTable_ItemSettingType,Key=0,Name=""None"")","(GameDataType=EGameDataTable_ItemSetOption,Key=0,Name=""None"")","((Stat=(StatType=EGameStatType_Defense,AttackStat=EGameStat_Attack_None,DefenseStat=EGameStat_Defense_ArmorClass,ExtraStat=EGameStat_Extra_None),Value=5),(Stat=(StatType=EGameStatType_Defense,AttackStat=EGameStat_Attack_None,DefenseStat=EGameStat_Defense_CriticalResist,ExtraStat=EGameStat_Extra_None),Value=5))","","1000","100","100","True","True","-1","0","False"
"2020142001","[SET-][공용]고급 투구 티어 Tier2","LOCTABLE(""/Game/GameData/String_Main.String_Main"", ""Item_Name_2020142001"")","""/Game/Textures/Icons/Equip/Helm/T_Helm_Iron_Rare_02.T_Helm_Iron_Rare_02""","None","None","None","""/Game/Blueprints/Actors/ItemDropMesh/BP_DropitemMesh_Base.BP_DropitemMesh_Base_C""","LOCTABLE(""/Game/GameData/String_Main.String_Main"", ""Item_Desc_2020142001"")","EItemType_Armor","EItemDetailType_Armor_Helm","EItemTagType_NormalItem","EUniversalGrade_Rare","True","True","False","True","True","True","False","True","True","False","True","(GameDataType=EGameDataTable_ItemEnhance,Key=3,Name=""강화테이블_방어구"")","True","12","4","0","2100","210","1","1","ECharacterJobClass_DontCare","1","999","15","((GameDataType=EGameDataTable_PortalSpot,Key=1001052,Name=""Emberforge_Hunt_WM_01""),(GameDataType=EGameDataTable_PortalSpot,Key=1001053,Name=""Emberforge_Hunt_WM_02""),(GameDataType=EGameDataTable_PortalSpot,Key=1001054,Name=""Emberforge_Hunt_WM_03""),(GameDataType=EGameDataTable_PortalSpot,Key=1002052,Name=""Eisvan_Hunt_WM_01""),(GameDataType=EGameDataTable_PortalSpot,Key=1002053,Name=""Eisvan_Hunt_WM_02""),(GameDataType=EGameDataTable_PortalSpot,Key=1002054,Name=""Eisvan_Hunt_WM_03""),(GameDataType=EGameDataTable_PortalSpot,Key=1003051,Name=""Ulgar_Hunt_WM_01""),(GameDataType=EGameDataTable_PortalSpot,Key=1003052,Name=""Ulgar_Hunt_WM_02""),(GameDataType=EGameDataTable_PortalSpot,Key=1003053,Name=""Ulgar_Hunt_WM_03""))","((GameDataType=EGameDataTable_CraftList,Key=97,Name=""숙련 용병의 헬름""))","(Type=-,GameDataType=EGameDataTable_ItemSettingType,Key=0,Name=""None"")","(GameDataType=EGameDataTable_ItemSetOption,Key=0,Name=""None"")","((Stat=(StatType=EGameStatType_Defense,AttackStat=EGameStat_Attack_None,DefenseStat=EGameStat_Defense_ArmorClass,ExtraStat=EGameStat_Extra_None),Value=7),(Stat=(StatType=EGameStatType_Extra,AttackStat=EGameStat_Attack_None,DefenseStat=EGameStat_Defense_None,ExtraStat=EGameStat_Extra_MPMax),Value=110),(Stat=(StatType=EGameStatType_Extra,AttackStat=EGameStat_Attack_None,DefenseStat=EGameStat_Defense_None,ExtraStat=EGameStat_Extra_MPRecoverTick),Value=2))","","1000","100","100","True","True","-1","0","False"
"2020142002","[SET-][공용]고급 투구 티어 Tier2","LOCTABLE(""/Game/GameData/String_Main.String_Main"", ""Item_Name_2020142002"")","""/Game/Textures/Icons/Equip/Helm/T_Helm_Cloth_Rare_02.T_Helm_Cloth_Rare_02""","None","None","None","""/Game/Blueprints/Actors/ItemDropMesh/BP_DropitemMesh_Base.BP_DropitemMesh_Base_C""","LOCTABLE(""/Game/GameData/String_Main.String_Main"", ""Item_Desc_2020142002"")","EItemType_Armor","EItemDetailType_Armor_Helm","EItemTagType_NormalItem","EUniversalGrade_Rare","True","True","False","True","True","True","False","True","True","False","True","(GameDataType=EGameDataTable_ItemEnhance,Key=3,Name=""강화테이블_방어구"")","True","12","4","0","2100","210","1","1","ECharacterJobClass_DontCare","1","999","15","((GameDataType=EGameDataTable_PortalSpot,Key=1001052,Name=""Emberforge_Hunt_WM_01""),(GameDataType=EGameDataTable_PortalSpot,Key=1001053,Name=""Emberforge_Hunt_WM_02""),(GameDataType=EGameDataTable_PortalSpot,Key=1001054,Name=""Emberforge_Hunt_WM_03""),(GameDataType=EGameDataTable_PortalSpot,Key=1002052,Name=""Eisvan_Hunt_WM_01""),(GameDataType=EGameDataTable_PortalSpot,Key=1002053,Name=""Eisvan_Hunt_WM_02""),(GameDataType=EGameDataTable_PortalSpot,Key=1002054,Name=""Eisvan_Hunt_WM_03""),(GameDataType=EGameDataTable_PortalSpot,Key=1003051,Name=""Ulgar_Hunt_WM_01""),(GameDataType=EGameDataTable_PortalSpot,Key=1003052,Name=""Ulgar_Hunt_WM_02""),(GameDataType=EGameDataTable_PortalSpot,Key=1003053,Name=""Ulgar_Hunt_WM_03""))","((GameDataType=EGameDataTable_CraftList,Key=98,Name=""숙련 용병의 서클릿""))","(Type=-,GameDataType=EGameDataTable_ItemSettingType,Key=0,Name=""None"")","(GameDataType=EGameDataTable_ItemSetOption,Key=0,Name=""None"")","((Stat=(StatType=EGameStatType_Defense,AttackStat=EGameStat_Attack_None,DefenseStat=EGameStat_Defense_ArmorClass,ExtraStat=EGameStat_Extra_None),Value=4),(Stat=(StatType=EGameStatType_Defense,AttackStat=EGameStat_Attack_None,DefenseStat=EGameStat_Defense_ArmorClassSkill,ExtraStat=EGameStat_Extra_None),Value=4),(Stat=(StatType=EGameStatType_Extra,AttackStat=EGameStat_Attack_None,DefenseStat=EGameStat_Defense_None,ExtraStat=EGameStat_Extra_AttributeWisdom),Value=1))","","1000","100","100","True","True","-1","0","False"
"2020142003","[SET-][공용]고급 투구 티어 Tier2","LOCTABLE(""/Game/GameData/String_Main.String_Main"", ""Item_Name_2020142003"")","""/Game/Textures/Icons/Equip/Helm/T_Helm_Leather_Rare_02.T_Helm_Leather_Rare_02""","None","None","None","""/Game/Blueprints/Actors/ItemDropMesh/BP_DropitemMesh_Base.BP_DropitemMesh_Base_C""","LOCTABLE(""/Game/GameData/String_Main.String_Main"", ""Item_Desc_2020142003"")","EItemType_Armor","EItemDetailType_Armor_Helm","EItemTagType_NormalItem","EUniversalGrade_Rare","True","True","False","True","True","True","False","True","True","False","True","(GameDataType=EGameDataTable_ItemEnhance,Key=3,Name=""강화테이블_방어구"")","True","12","4","0","2100","210","1","1","ECharacterJobClass_DontCare","1","999","15","((GameDataType=EGameDataTable_PortalSpot,Key=1001052,Name=""Emberforge_Hunt_WM_01""),(GameDataType=EGameDataTable_PortalSpot,Key=1001053,Name=""Emberforge_Hunt_WM_02""),(GameDataType=EGameDataTable_PortalSpot,Key=1001054,Name=""Emberforge_Hunt_WM_03""),(GameDataType=EGameDataTable_PortalSpot,Key=1002052,Name=""Eisvan_Hunt_WM_01""),(GameDataType=EGameDataTable_PortalSpot,Key=1002053,Name=""Eisvan_Hunt_WM_02""),(GameDataType=EGameDataTable_PortalSpot,Key=1002054,Name=""Eisvan_Hunt_WM_03""),(GameDataType=EGameDataTable_PortalSpot,Key=1003051,Name=""Ulgar_Hunt_WM_01""),(GameDataType=EGameDataTable_PortalSpot,Key=1003052,Name=""Ulgar_Hunt_WM_02""),(GameDataType=EGameDataTable_PortalSpot,Key=1003053,Name=""Ulgar_Hunt_WM_03""))","((GameDataType=EGameDataTable_CraftList,Key=99,Name=""숙련 용병의 투구""))","(Type=-,GameDataType=EGameDataTable_ItemSettingType,Key=0,Name=""None"")","(GameDataType=EGameDataTable_ItemSetOption,Key=0,Name=""None"")","((Stat=(StatType=EGameStatType_Defense,AttackStat=EGameStat_Attack_None,DefenseStat=EGameStat_Defense_ArmorClass,ExtraStat=EGameStat_Extra_None),Value=5),(Stat=(StatType=EGameStatType_Defense,AttackStat=EGameStat_Attack_None,DefenseStat=EGameStat_Defense_CriticalResist,ExtraStat=EGameStat_Extra_None),Value=5),(Stat=(StatType=EGameStatType_Extra,AttackStat=EGameStat_Attack_None,DefenseStat=EGameStat_Defense_None,ExtraStat=EGameStat_Extra_HPRecoverTick),Value=2))","","1000","100","100","True","True","-1","0","False"
"2020143001","[SET-][공용]고급 투구 티어 Tier3","LOCTABLE(""/Game/GameData/String_Main.String_Main"", ""Item_Name_2020143001"")","""/Game/Textures/Icons/Equip/Helm/T_Helm_Iron_Rare_03.T_Helm_Iron_Rare_03""","None","None","None","""/Game/Blueprints/Actors/ItemDropMesh/BP_DropitemMesh_Base.BP_DropitemMesh_Base_C""","LOCTABLE(""/Game/GameData/String_Main.String_Main"", ""Item_Desc_2020143001"")","EItemType_Armor","EItemDetailType_Armor_Helm","EItemTagType_NormalItem","EUniversalGrade_Rare","True","True","False","True","True","True","False","True","True","False","True","(GameDataType=EGameDataTable_ItemEnhance,Key=3,Name=""강화테이블_방어구"")","True","12","4","0","2450","245","1","1","ECharacterJobClass_DontCare","1","999","15","((GameDataType=EGameDataTable_PortalSpot,Key=1001052,Name=""Emberforge_Hunt_WM_01""),(GameDataType=EGameDataTable_PortalSpot,Key=1001053,Name=""Emberforge_Hunt_WM_02""),(GameDataType=EGameDataTable_PortalSpot,Key=1001054,Name=""Emberforge_Hunt_WM_03""),(GameDataType=EGameDataTable_PortalSpot,Key=1002052,Name=""Eisvan_Hunt_WM_01""),(GameDataType=EGameDataTable_PortalSpot,Key=1002053,Name=""Eisvan_Hunt_WM_02""),(GameDataType=EGameDataTable_PortalSpot,Key=1002054,Name=""Eisvan_Hunt_WM_03""),(GameDataType=EGameDataTable_PortalSpot,Key=1003051,Name=""Ulgar_Hunt_WM_01""),(GameDataType=EGameDataTable_PortalSpot,Key=1003052,Name=""Ulgar_Hunt_WM_02""),(GameDataType=EGameDataTable_PortalSpot,Key=1003053,Name=""Ulgar_Hunt_WM_03""))","((GameDataType=EGameDataTable_CraftList,Key=100,Name=""숙련 전사의 헬름""))","(Type=-,GameDataType=EGameDataTable_ItemSettingType,Key=0,Name=""None"")","(GameDataType=EGameDataTable_ItemSetOption,Key=0,Name=""None"")","((Stat=(StatType=EGameStatType_Defense,AttackStat=EGameStat_Attack_None,DefenseStat=EGameStat_Defense_ArmorClass,ExtraStat=EGameStat_Extra_None),Value=7),(Stat=(StatType=EGameStatType_Extra,AttackStat=EGameStat_Attack_None,DefenseStat=EGameStat_Defense_None,ExtraStat=EGameStat_Extra_MPMax),Value=110),(Stat=(StatType=EGameStatType_Defense,AttackStat=EGameStat_Attack_None,DefenseStat=EGameStat_Defense_DamageResistNormalAttack,ExtraStat=EGameStat_Extra_None),Value=2))","","1000","100","100","True","True","-1","0","False"
"2020143002","[SET-][공용]고급 투구 티어 Tier3","LOCTABLE(""/Game/GameData/String_Main.String_Main"", ""Item_Name_2020143002"")","""/Game/Textures/Icons/Equip/Helm/T_Helm_Cloth_Rare_03.T_Helm_Cloth_Rare_03""","None","None","None","""/Game/Blueprints/Actors/ItemDropMesh/BP_DropitemMesh_Base.BP_DropitemMesh_Base_C""","LOCTABLE(""/Game/GameData/String_Main.String_Main"", ""Item_Desc_2020143002"")","EItemType_Armor","EItemDetailType_Armor_Helm","EItemTagType_NormalItem","EUniversalGrade_Rare","True","True","False","True","True","True","False","True","True","False","True","(GameDataType=EGameDataTable_ItemEnhance,Key=3,Name=""강화테이블_방어구"")","True","12","4","0","2450","245","1","1","ECharacterJobClass_DontCare","1","999","15","((GameDataType=EGameDataTable_PortalSpot,Key=1001052,Name=""Emberforge_Hunt_WM_01""),(GameDataType=EGameDataTable_PortalSpot,Key=1001053,Name=""Emberforge_Hunt_WM_02""),(GameDataType=EGameDataTable_PortalSpot,Key=1001054,Name=""Emberforge_Hunt_WM_03""),(GameDataType=EGameDataTable_PortalSpot,Key=1002052,Name=""Eisvan_Hunt_WM_01""),(GameDataType=EGameDataTable_PortalSpot,Key=1002053,Name=""Eisvan_Hunt_WM_02""),(GameDataType=EGameDataTable_PortalSpot,Key=1002054,Name=""Eisvan_Hunt_WM_03""),(GameDataType=EGameDataTable_PortalSpot,Key=1003051,Name=""Ulgar_Hunt_WM_01""),(GameDataType=EGameDataTable_PortalSpot,Key=1003052,Name=""Ulgar_Hunt_WM_02""),(GameDataType=EGameDataTable_PortalSpot,Key=1003053,Name=""Ulgar_Hunt_WM_03""))","((GameDataType=EGameDataTable_CraftList,Key=101,Name=""숙련 전사의 서클릿""))","(Type=-,GameDataType=EGameDataTable_ItemSettingType,Key=0,Name=""None"")","(GameDataType=EGameDataTable_ItemSetOption,Key=0,Name=""None"")","((Stat=(StatType=EGameStatType_Defense,AttackStat=EGameStat_Attack_None,DefenseStat=EGameStat_Defense_ArmorClass,ExtraStat=EGameStat_Extra_None),Value=4),(Stat=(StatType=EGameStatType_Defense,AttackStat=EGameStat_Attack_None,DefenseStat=EGameStat_Defense_ArmorClassSkill,ExtraStat=EGameStat_Extra_None),Value=4),(Stat=(StatType=EGameStatType_Defense,AttackStat=EGameStat_Attack_None,DefenseStat=EGameStat_Defense_DamageResistSkill,ExtraStat=EGameStat_Extra_None),Value=2))","","1000","100","100","True","True","-1","0","False"
"2020143003","[SET-][공용]고급 투구 티어 Tier3","LOCTABLE(""/Game/GameData/String_Main.String_Main"", ""Item_Name_2020143003"")","""/Game/Textures/Icons/Equip/Helm/T_Helm_Leather_Rare_03.T_Helm_Leather_Rare_03""","None","None","None","""/Game/Blueprints/Actors/ItemDropMesh/BP_DropitemMesh_Base.BP_DropitemMesh_Base_C""","LOCTABLE(""/Game/GameData/String_Main.String_Main"", ""Item_Desc_2020143003"")","EItemType_Armor","EItemDetailType_Armor_Helm","EItemTagType_NormalItem","EUniversalGrade_Rare","True","True","False","True","True","True","False","True","True","False","True","(GameDataType=EGameDataTable_ItemEnhance,Key=3,Name=""강화테이블_방어구"")","True","12","4","0","2450","245","1","1","ECharacterJobClass_DontCare","1","999","15","((GameDataType=EGameDataTable_PortalSpot,Key=1001052,Name=""Emberforge_Hunt_WM_01""),(GameDataType=EGameDataTable_PortalSpot,Key=1001053,Name=""Emberforge_Hunt_WM_02""),(GameDataType=EGameDataTable_PortalSpot,Key=1001054,Name=""Emberforge_Hunt_WM_03""),(GameDataType=EGameDataTable_PortalSpot,Key=1002052,Name=""Eisvan_Hunt_WM_01""),(GameDataType=EGameDataTable_PortalSpot,Key=1002053,Name=""Eisvan_Hunt_WM_02""),(GameDataType=EGameDataTable_PortalSpot,Key=1002054,Name=""Eisvan_Hunt_WM_03""),(GameDataType=EGameDataTable_PortalSpot,Key=1003051,Name=""Ulgar_Hunt_WM_01""),(GameDataType=EGameDataTable_PortalSpot,Key=1003052,Name=""Ulgar_Hunt_WM_02""),(GameDataType=EGameDataTable_PortalSpot,Key=1003053,Name=""Ulgar_Hunt_WM_03""))","((GameDataType=EGameDataTable_CraftList,Key=102,Name=""숙련 전사의 투구""))","(Type=-,GameDataType=EGameDataTable_ItemSettingType,Key=0,Name=""None"")","(GameDataType=EGameDataTable_ItemSetOption,Key=0,Name=""None"")","((Stat=(StatType=EGameStatType_Defense,AttackStat=EGameStat_Attack_None,DefenseStat=EGameStat_Defense_ArmorClass,ExtraStat=EGameStat_Extra_None),Value=5),(Stat=(StatType=EGameStatType_Defense,AttackStat=EGameStat_Attack_None,DefenseStat=EGameStat_Defense_CriticalResist,ExtraStat=EGameStat_Extra_None),Value=5),(Stat=(StatType=EGameStatType_Defense,AttackStat=EGameStat_Attack_None,DefenseStat=EGameStat_Defense_BonusDamageReductionCritical,ExtraStat=EGameStat_Extra_None),Value=1))","","1000","100","100","True","True","-1","0","False"
"2020241001","[SET-][공용]희귀 투구 티어 Tier1","LOCTABLE(""/Game/GameData/String_Main.String_Main"", ""Item_Name_2020241001"")","""/Game/Textures/Icons/Equip/Helm/T_Helm_Iron_Unique_01.T_Helm_Iron_Unique_01""","None","None","None","""/Game/Blueprints/Actors/ItemDropMesh/BP_DropitemMesh_Base.BP_DropitemMesh_Base_C""","LOCTABLE(""/Game/GameData/String_Main.String_Main"", ""Item_Desc_2020241001"")","EItemType_Armor","EItemDetailType_Armor_Helm","EItemTagType_NormalItem","EUniversalGrade_Unique","True","True","False","True","True","True","False","True","True","False","True","(GameDataType=EGameDataTable_ItemEnhance,Key=3,Name=""강화테이블_방어구"")","True","12","4","0","14910","1491","1","1","ECharacterJobClass_DontCare","1","999","15","((GameDataType=EGameDataTable_PortalSpot,Key=1001052,Name=""Emberforge_Hunt_WM_01""),(GameDataType=EGameDataTable_PortalSpot,Key=1001053,Name=""Emberforge_Hunt_WM_02""),(GameDataType=EGameDataTable_PortalSpot,Key=1001054,Name=""Emberforge_Hunt_WM_03""),(GameDataType=EGameDataTable_PortalSpot,Key=1002052,Name=""Eisvan_Hunt_WM_01""),(GameDataType=EGameDataTable_PortalSpot,Key=1002053,Name=""Eisvan_Hunt_WM_02""),(GameDataType=EGameDataTable_PortalSpot,Key=1002054,Name=""Eisvan_Hunt_WM_03""),(GameDataType=EGameDataTable_PortalSpot,Key=1003051,Name=""Ulgar_Hunt_WM_01""),(GameDataType=EGameDataTable_PortalSpot,Key=1003052,Name=""Ulgar_Hunt_WM_02""),(GameDataType=EGameDataTable_PortalSpot,Key=1003053,Name=""Ulgar_Hunt_WM_03""))","((GameDataType=EGameDataTable_CraftList,Key=103,Name=""정예 모험가의 헬름""))","(Type=-,GameDataType=EGameDataTable_ItemSettingType,Key=0,Name=""None"")","(GameDataType=EGameDataTable_ItemSetOption,Key=0,Name=""None"")","((Stat=(StatType=EGameStatType_Defense,AttackStat=EGameStat_Attack_None,DefenseStat=EGameStat_Defense_ArmorClass,ExtraStat=EGameStat_Extra_None),Value=11),(Stat=(StatType=EGameStatType_Extra,AttackStat=EGameStat_Attack_None,DefenseStat=EGameStat_Defense_None,ExtraStat=EGameStat_Extra_MPMax),Value=190))","","1000","100","100","True","True","-1","0","False"
"2020241002","[SET-][공용]희귀 투구 티어 Tier1","LOCTABLE(""/Game/GameData/String_Main.String_Main"", ""Item_Name_2020241002"")","""/Game/Textures/Icons/Equip/Helm/T_Helm_Cloth_Unique_01.T_Helm_Cloth_Unique_01""","None","None","None","""/Game/Blueprints/Actors/ItemDropMesh/BP_DropitemMesh_Base.BP_DropitemMesh_Base_C""","LOCTABLE(""/Game/GameData/String_Main.String_Main"", ""Item_Desc_2020241002"")","EItemType_Armor","EItemDetailType_Armor_Helm","EItemTagType_NormalItem","EUniversalGrade_Unique","True","True","False","True","True","True","False","True","True","False","True","(GameDataType=EGameDataTable_ItemEnhance,Key=3,Name=""강화테이블_방어구"")","True","12","4","0","14910","1491","1","1","ECharacterJobClass_DontCare","1","999","15","((GameDataType=EGameDataTable_PortalSpot,Key=1001052,Name=""Emberforge_Hunt_WM_01""),(GameDataType=EGameDataTable_PortalSpot,Key=1001053,Name=""Emberforge_Hunt_WM_02""),(GameDataType=EGameDataTable_PortalSpot,Key=1001054,Name=""Emberforge_Hunt_WM_03""),(GameDataType=EGameDataTable_PortalSpot,Key=1002052,Name=""Eisvan_Hunt_WM_01""),(GameDataType=EGameDataTable_PortalSpot,Key=1002053,Name=""Eisvan_Hunt_WM_02""),(GameDataType=EGameDataTable_PortalSpot,Key=1002054,Name=""Eisvan_Hunt_WM_03""),(GameDataType=EGameDataTable_PortalSpot,Key=1003051,Name=""Ulgar_Hunt_WM_01""),(GameDataType=EGameDataTable_PortalSpot,Key=1003052,Name=""Ulgar_Hunt_WM_02""),(GameDataType=EGameDataTable_PortalSpot,Key=1003053,Name=""Ulgar_Hunt_WM_03""))","((GameDataType=EGameDataTable_CraftList,Key=104,Name=""정예 모험가의 서클릿""))","(Type=-,GameDataType=EGameDataTable_ItemSettingType,Key=0,Name=""None"")","(GameDataType=EGameDataTable_ItemSetOption,Key=0,Name=""None"")","((Stat=(StatType=EGameStatType_Defense,AttackStat=EGameStat_Attack_None,DefenseStat=EGameStat_Defense_ArmorClass,ExtraStat=EGameStat_Extra_None),Value=8),(Stat=(StatType=EGameStatType_Defense,AttackStat=EGameStat_Attack_None,DefenseStat=EGameStat_Defense_ArmorClassSkill,ExtraStat=EGameStat_Extra_None),Value=6))","","1000","100","100","True","True","-1","0","False"
"2020241003","[SET-][공용]희귀 투구 티어 Tier1","LOCTABLE(""/Game/GameData/String_Main.String_Main"", ""Item_Name_2020241003"")","""/Game/Textures/Icons/Equip/Helm/T_Helm_Leather_Unique_01.T_Helm_Leather_Unique_01""","None","None","None","""/Game/Blueprints/Actors/ItemDropMesh/BP_DropitemMesh_Base.BP_DropitemMesh_Base_C""","LOCTABLE(""/Game/GameData/String_Main.String_Main"", ""Item_Desc_2020241003"")","EItemType_Armor","EItemDetailType_Armor_Helm","EItemTagType_NormalItem","EUniversalGrade_Unique","True","True","False","True","True","True","False","True","True","False","True","(GameDataType=EGameDataTable_ItemEnhance,Key=3,Name=""강화테이블_방어구"")","True","12","4","0","14910","1491","1","1","ECharacterJobClass_DontCare","1","999","15","((GameDataType=EGameDataTable_PortalSpot,Key=1001052,Name=""Emberforge_Hunt_WM_01""),(GameDataType=EGameDataTable_PortalSpot,Key=1001053,Name=""Emberforge_Hunt_WM_02""),(GameDataType=EGameDataTable_PortalSpot,Key=1001054,Name=""Emberforge_Hunt_WM_03""),(GameDataType=EGameDataTable_PortalSpot,Key=1002052,Name=""Eisvan_Hunt_WM_01""),(GameDataType=EGameDataTable_PortalSpot,Key=1002053,Name=""Eisvan_Hunt_WM_02""),(GameDataType=EGameDataTable_PortalSpot,Key=1002054,Name=""Eisvan_Hunt_WM_03""),(GameDataType=EGameDataTable_PortalSpot,Key=1003051,Name=""Ulgar_Hunt_WM_01""),(GameDataType=EGameDataTable_PortalSpot,Key=1003052,Name=""Ulgar_Hunt_WM_02""),(GameDataType=EGameDataTable_PortalSpot,Key=1003053,Name=""Ulgar_Hunt_WM_03""))","((GameDataType=EGameDataTable_CraftList,Key=105,Name=""정예 모험가의 투구""))","(Type=-,GameDataType=EGameDataTable_ItemSettingType,Key=0,Name=""None"")","(GameDataType=EGameDataTable_ItemSetOption,Key=0,Name=""None"")","((Stat=(StatType=EGameStatType_Defense,AttackStat=EGameStat_Attack_None,DefenseStat=EGameStat_Defense_ArmorClass,ExtraStat=EGameStat_Extra_None),Value=9),(Stat=(StatType=EGameStatType_Defense,AttackStat=EGameStat_Attack_None,DefenseStat=EGameStat_Defense_CriticalResist,ExtraStat=EGameStat_Extra_None),Value=7))","","1000","100","100","True","True","-1","0","False"
"2020242001","[SET-][공용]희귀 투구 티어 Tier2","LOCTABLE(""/Game/GameData/String_Main.String_Main"", ""Item_Name_2020242001"")","""/Game/Textures/Icons/Equip/Helm/T_Helm_Iron_Unique_02.T_Helm_Iron_Unique_02""","None","None","None","""/Game/Blueprints/Actors/ItemDropMesh/BP_DropitemMesh_Base.BP_DropitemMesh_Base_C""","LOCTABLE(""/Game/GameData/String_Main.String_Main"", ""Item_Desc_2020242001"")","EItemType_Armor","EItemDetailType_Armor_Helm","EItemTagType_NormalItem","EUniversalGrade_Unique","True","True","False","True","True","True","False","True","True","False","True","(GameDataType=EGameDataTable_ItemEnhance,Key=3,Name=""강화테이블_방어구"")","True","12","4","0","17900","1790","1","1","ECharacterJobClass_DontCare","1","999","15","((GameDataType=EGameDataTable_PortalSpot,Key=1001052,Name=""Emberforge_Hunt_WM_01""),(GameDataType=EGameDataTable_PortalSpot,Key=1001053,Name=""Emberforge_Hunt_WM_02""),(GameDataType=EGameDataTable_PortalSpot,Key=1001054,Name=""Emberforge_Hunt_WM_03""),(GameDataType=EGameDataTable_PortalSpot,Key=1002052,Name=""Eisvan_Hunt_WM_01""),(GameDataType=EGameDataTable_PortalSpot,Key=1002053,Name=""Eisvan_Hunt_WM_02""),(GameDataType=EGameDataTable_PortalSpot,Key=1002054,Name=""Eisvan_Hunt_WM_03""),(GameDataType=EGameDataTable_PortalSpot,Key=1003051,Name=""Ulgar_Hunt_WM_01""),(GameDataType=EGameDataTable_PortalSpot,Key=1003052,Name=""Ulgar_Hunt_WM_02""),(GameDataType=EGameDataTable_PortalSpot,Key=1003053,Name=""Ulgar_Hunt_WM_03""))","((GameDataType=EGameDataTable_CraftList,Key=106,Name=""정예 용병의 헬름""))","(Type=-,GameDataType=EGameDataTable_ItemSettingType,Key=0,Name=""None"")","(GameDataType=EGameDataTable_ItemSetOption,Key=0,Name=""None"")","((Stat=(StatType=EGameStatType_Defense,AttackStat=EGameStat_Attack_None,DefenseStat=EGameStat_Defense_ArmorClass,ExtraStat=EGameStat_Extra_None),Value=11),(Stat=(StatType=EGameStatType_Extra,AttackStat=EGameStat_Attack_None,DefenseStat=EGameStat_Defense_None,ExtraStat=EGameStat_Extra_MPMax),Value=190),(Stat=(StatType=EGameStatType_Extra,AttackStat=EGameStat_Attack_None,DefenseStat=EGameStat_Defense_None,ExtraStat=EGameStat_Extra_MPRecoverTick),Value=3))","","1000","100","100","True","True","-1","0","False"
"2020242002","[SET-][공용]희귀 투구 티어 Tier2","LOCTABLE(""/Game/GameData/String_Main.String_Main"", ""Item_Name_2020242002"")","""/Game/Textures/Icons/Equip/Helm/T_Helm_Cloth_Unique_02.T_Helm_Cloth_Unique_02""","None","None","None","""/Game/Blueprints/Actors/ItemDropMesh/BP_DropitemMesh_Base.BP_DropitemMesh_Base_C""","LOCTABLE(""/Game/GameData/String_Main.String_Main"", ""Item_Desc_2020242002"")","EItemType_Armor","EItemDetailType_Armor_Helm","EItemTagType_NormalItem","EUniversalGrade_Unique","True","True","False","True","True","True","False","True","True","False","True","(GameDataType=EGameDataTable_ItemEnhance,Key=3,Name=""강화테이블_방어구"")","True","12","4","0","17900","1790","1","1","ECharacterJobClass_DontCare","1","999","15","((GameDataType=EGameDataTable_PortalSpot,Key=1001052,Name=""Emberforge_Hunt_WM_01""),(GameDataType=EGameDataTable_PortalSpot,Key=1001053,Name=""Emberforge_Hunt_WM_02""),(GameDataType=EGameDataTable_PortalSpot,Key=1001054,Name=""Emberforge_Hunt_WM_03""),(GameDataType=EGameDataTable_PortalSpot,Key=1002052,Name=""Eisvan_Hunt_WM_01""),(GameDataType=EGameDataTable_PortalSpot,Key=1002053,Name=""Eisvan_Hunt_WM_02""),(GameDataType=EGameDataTable_PortalSpot,Key=1002054,Name=""Eisvan_Hunt_WM_03""),(GameDataType=EGameDataTable_PortalSpot,Key=1003051,Name=""Ulgar_Hunt_WM_01""),(GameDataType=EGameDataTable_PortalSpot,Key=1003052,Name=""Ulgar_Hunt_WM_02""),(GameDataType=EGameDataTable_PortalSpot,Key=1003053,Name=""Ulgar_Hunt_WM_03""))","((GameDataType=EGameDataTable_CraftList,Key=107,Name=""정예 용병의 서클릿""))","(Type=-,GameDataType=EGameDataTable_ItemSettingType,Key=0,Name=""None"")","(GameDataType=EGameDataTable_ItemSetOption,Key=0,Name=""None"")","((Stat=(StatType=EGameStatType_Defense,AttackStat=EGameStat_Attack_None,DefenseStat=EGameStat_Defense_ArmorClass,ExtraStat=EGameStat_Extra_None),Value=8),(Stat=(StatType=EGameStatType_Defense,AttackStat=EGameStat_Attack_None,DefenseStat=EGameStat_Defense_ArmorClassSkill,ExtraStat=EGameStat_Extra_None),Value=6),(Stat=(StatType=EGameStatType_Extra,AttackStat=EGameStat_Attack_None,DefenseStat=EGameStat_Defense_None,ExtraStat=EGameStat_Extra_AttributeWisdom),Value=2))","","1000","100","100","True","True","-1","0","False"
"2020242003","[SET-][공용]희귀 투구 티어 Tier2","LOCTABLE(""/Game/GameData/String_Main.String_Main"", ""Item_Name_2020242003"")","""/Game/Textures/Icons/Equip/Helm/T_Helm_Leather_Unique_02.T_Helm_Leather_Unique_02""","None","None","None","""/Game/Blueprints/Actors/ItemDropMesh/BP_DropitemMesh_Base.BP_DropitemMesh_Base_C""","LOCTABLE(""/Game/GameData/String_Main.String_Main"", ""Item_Desc_2020242003"")","EItemType_Armor","EItemDetailType_Armor_Helm","EItemTagType_NormalItem","EUniversalGrade_Unique","True","True","False","True","True","True","False","True","True","False","True","(GameDataType=EGameDataTable_ItemEnhance,Key=3,Name=""강화테이블_방어구"")","True","12","4","0","17900","1790","1","1","ECharacterJobClass_DontCare","1","999","15","((GameDataType=EGameDataTable_PortalSpot,Key=1001052,Name=""Emberforge_Hunt_WM_01""),(GameDataType=EGameDataTable_PortalSpot,Key=1001053,Name=""Emberforge_Hunt_WM_02""),(GameDataType=EGameDataTable_PortalSpot,Key=1001054,Name=""Emberforge_Hunt_WM_03""),(GameDataType=EGameDataTable_PortalSpot,Key=1002052,Name=""Eisvan_Hunt_WM_01""),(GameDataType=EGameDataTable_PortalSpot,Key=1002053,Name=""Eisvan_Hunt_WM_02""),(GameDataType=EGameDataTable_PortalSpot,Key=1002054,Name=""Eisvan_Hunt_WM_03""),(GameDataType=EGameDataTable_PortalSpot,Key=1003051,Name=""Ulgar_Hunt_WM_01""),(GameDataType=EGameDataTable_PortalSpot,Key=1003052,Name=""Ulgar_Hunt_WM_02""),(GameDataType=EGameDataTable_PortalSpot,Key=1003053,Name=""Ulgar_Hunt_WM_03""))","((GameDataType=EGameDataTable_CraftList,Key=108,Name=""정예 용병의 투구""))","(Type=-,GameDataType=EGameDataTable_ItemSettingType,Key=0,Name=""None"")","(GameDataType=EGameDataTable_ItemSetOption,Key=0,Name=""None"")","((Stat=(StatType=EGameStatType_Defense,AttackStat=EGameStat_Attack_None,DefenseStat=EGameStat_Defense_ArmorClass,ExtraStat=EGameStat_Extra_None),Value=9),(Stat=(StatType=EGameStatType_Defense,AttackStat=EGameStat_Attack_None,DefenseStat=EGameStat_Defense_CriticalResist,ExtraStat=EGameStat_Extra_None),Value=7),(Stat=(StatType=EGameStatType_Extra,AttackStat=EGameStat_Attack_None,DefenseStat=EGameStat_Defense_None,ExtraStat=EGameStat_Extra_HPRecoverTick),Value=3))","","1000","100","100","True","True","-1","0","False"
"2020243001","[SET-][공용]희귀 투구 티어 Tier3","LOCTABLE(""/Game/GameData/String_Main.String_Main"", ""Item_Name_2020243001"")","""/Game/Textures/Icons/Equip/Helm/T_Helm_Iron_Unique_03.T_Helm_Iron_Unique_03""","None","None","None","""/Game/Blueprints/Actors/ItemDropMesh/BP_DropitemMesh_Base.BP_DropitemMesh_Base_C""","LOCTABLE(""/Game/GameData/String_Main.String_Main"", ""Item_Desc_2020243001"")","EItemType_Armor","EItemDetailType_Armor_Helm","EItemTagType_NormalItem","EUniversalGrade_Unique","True","True","False","True","True","True","False","True","True","False","True","(GameDataType=EGameDataTable_ItemEnhance,Key=3,Name=""강화테이블_방어구"")","True","12","4","0","20880","2088","1","1","ECharacterJobClass_DontCare","1","999","15","((GameDataType=EGameDataTable_PortalSpot,Key=1001052,Name=""Emberforge_Hunt_WM_01""),(GameDataType=EGameDataTable_PortalSpot,Key=1001053,Name=""Emberforge_Hunt_WM_02""),(GameDataType=EGameDataTable_PortalSpot,Key=1001054,Name=""Emberforge_Hunt_WM_03""),(GameDataType=EGameDataTable_PortalSpot,Key=1002052,Name=""Eisvan_Hunt_WM_01""),(GameDataType=EGameDataTable_PortalSpot,Key=1002053,Name=""Eisvan_Hunt_WM_02""),(GameDataType=EGameDataTable_PortalSpot,Key=1002054,Name=""Eisvan_Hunt_WM_03""),(GameDataType=EGameDataTable_PortalSpot,Key=1003051,Name=""Ulgar_Hunt_WM_01""),(GameDataType=EGameDataTable_PortalSpot,Key=1003052,Name=""Ulgar_Hunt_WM_02""),(GameDataType=EGameDataTable_PortalSpot,Key=1003053,Name=""Ulgar_Hunt_WM_03""))","((GameDataType=EGameDataTable_CraftList,Key=109,Name=""정예 전사의 헬름""))","(Type=-,GameDataType=EGameDataTable_ItemSettingType,Key=0,Name=""None"")","(GameDataType=EGameDataTable_ItemSetOption,Key=0,Name=""None"")","((Stat=(StatType=EGameStatType_Defense,AttackStat=EGameStat_Attack_None,DefenseStat=EGameStat_Defense_ArmorClass,ExtraStat=EGameStat_Extra_None),Value=11),(Stat=(StatType=EGameStatType_Extra,AttackStat=EGameStat_Attack_None,DefenseStat=EGameStat_Defense_None,ExtraStat=EGameStat_Extra_MPMax),Value=190),(Stat=(StatType=EGameStatType_Defense,AttackStat=EGameStat_Attack_None,DefenseStat=EGameStat_Defense_DamageResistNormalAttack,ExtraStat=EGameStat_Extra_None),Value=5))","","1000","100","100","True","True","-1","0","False"
"2020243002","[SET-][공용]희귀 투구 티어 Tier3","LOCTABLE(""/Game/GameData/String_Main.String_Main"", ""Item_Name_2020243002"")","""/Game/Textures/Icons/Equip/Helm/T_Helm_Cloth_Unique_03.T_Helm_Cloth_Unique_03""","None","None","None","""/Game/Blueprints/Actors/ItemDropMesh/BP_DropitemMesh_Base.BP_DropitemMesh_Base_C""","LOCTABLE(""/Game/GameData/String_Main.String_Main"", ""Item_Desc_2020243002"")","EItemType_Armor","EItemDetailType_Armor_Helm","EItemTagType_NormalItem","EUniversalGrade_Unique","True","True","False","True","True","True","False","True","True","False","True","(GameDataType=EGameDataTable_ItemEnhance,Key=3,Name=""강화테이블_방어구"")","True","12","4","0","20880","2088","1","1","ECharacterJobClass_DontCare","1","999","15","((GameDataType=EGameDataTable_PortalSpot,Key=1001052,Name=""Emberforge_Hunt_WM_01""),(GameDataType=EGameDataTable_PortalSpot,Key=1001053,Name=""Emberforge_Hunt_WM_02""),(GameDataType=EGameDataTable_PortalSpot,Key=1001054,Name=""Emberforge_Hunt_WM_03""),(GameDataType=EGameDataTable_PortalSpot,Key=1002052,Name=""Eisvan_Hunt_WM_01""),(GameDataType=EGameDataTable_PortalSpot,Key=1002053,Name=""Eisvan_Hunt_WM_02""),(GameDataType=EGameDataTable_PortalSpot,Key=1002054,Name=""Eisvan_Hunt_WM_03""),(GameDataType=EGameDataTable_PortalSpot,Key=1003051,Name=""Ulgar_Hunt_WM_01""),(GameDataType=EGameDataTable_PortalSpot,Key=1003052,Name=""Ulgar_Hunt_WM_02""),(GameDataType=EGameDataTable_PortalSpot,Key=1003053,Name=""Ulgar_Hunt_WM_03""))","((GameDataType=EGameDataTable_CraftList,Key=110,Name=""정예 전사의 서클릿""))","(Type=-,GameDataType=EGameDataTable_ItemSettingType,Key=0,Name=""None"")","(GameDataType=EGameDataTable_ItemSetOption,Key=0,Name=""None"")","((Stat=(StatType=EGameStatType_Defense,AttackStat=EGameStat_Attack_None,DefenseStat=EGameStat_Defense_ArmorClass,ExtraStat=EGameStat_Extra_None),Value=8),(Stat=(StatType=EGameStatType_Defense,AttackStat=EGameStat_Attack_None,DefenseStat=EGameStat_Defense_ArmorClassSkill,ExtraStat=EGameStat_Extra_None),Value=6),(Stat=(StatType=EGameStatType_Defense,AttackStat=EGameStat_Attack_None,DefenseStat=EGameStat_Defense_DamageResistSkill,ExtraStat=EGameStat_Extra_None),Value=5))","","1000","100","100","True","True","-1","0","False"
"2020243003","[SET-][공용]희귀 투구 티어 Tier3","LOCTABLE(""/Game/GameData/String_Main.String_Main"", ""Item_Name_2020243003"")","""/Game/Textures/Icons/Equip/Helm/T_Helm_Leather_Unique_03.T_Helm_Leather_Unique_03""","None","None","None","""/Game/Blueprints/Actors/ItemDropMesh/BP_DropitemMesh_Base.BP_DropitemMesh_Base_C""","LOCTABLE(""/Game/GameData/String_Main.String_Main"", ""Item_Desc_2020243003"")","EItemType_Armor","EItemDetailType_Armor_Helm","EItemTagType_NormalItem","EUniversalGrade_Unique","True","True","False","True","True","True","False","True","True","False","True","(GameDataType=EGameDataTable_ItemEnhance,Key=3,Name=""강화테이블_방어구"")","True","12","4","0","20880","2088","1","1","ECharacterJobClass_DontCare","1","999","15","((GameDataType=EGameDataTable_PortalSpot,Key=1001052,Name=""Emberforge_Hunt_WM_01""),(GameDataType=EGameDataTable_PortalSpot,Key=1001053,Name=""Emberforge_Hunt_WM_02""),(GameDataType=EGameDataTable_PortalSpot,Key=1001054,Name=""Emberforge_Hunt_WM_03""),(GameDataType=EGameDataTable_PortalSpot,Key=1002052,Name=""Eisvan_Hunt_WM_01""),(GameDataType=EGameDataTable_PortalSpot,Key=1002053,Name=""Eisvan_Hunt_WM_02""),(GameDataType=EGameDataTable_PortalSpot,Key=1002054,Name=""Eisvan_Hunt_WM_03""),(GameDataType=EGameDataTable_PortalSpot,Key=1003051,Name=""Ulgar_Hunt_WM_01""),(GameDataType=EGameDataTable_PortalSpot,Key=1003052,Name=""Ulgar_Hunt_WM_02""),(GameDataType=EGameDataTable_PortalSpot,Key=1003053,Name=""Ulgar_Hunt_WM_03""))","((GameDataType=EGameDataTable_CraftList,Key=111,Name=""정예 전사의 투구""))","(Type=-,GameDataType=EGameDataTable_ItemSettingType,Key=0,Name=""None"")","(GameDataType=EGameDataTable_ItemSetOption,Key=0,Name=""None"")","((Stat=(StatType=EGameStatType_Defense,AttackStat=EGameStat_Attack_None,DefenseStat=EGameStat_Defense_ArmorClass,ExtraStat=EGameStat_Extra_None),Value=9),(Stat=(StatType=EGameStatType_Defense,AttackStat=EGameStat_Attack_None,DefenseStat=EGameStat_Defense_CriticalResist,ExtraStat=EGameStat_Extra_None),Value=7),(Stat=(StatType=EGameStatType_Defense,AttackStat=EGameStat_Attack_None,DefenseStat=EGameStat_Defense_BonusDamageReductionCritical,ExtraStat=EGameStat_Extra_None),Value=2))","","1000","100","100","True","True","-1","0","False"
"2020341001","[SET-][공용]영웅 투구 티어 Tier1","LOCTABLE(""/Game/GameData/String_Main.String_Main"", ""Item_Name_2020341001"")","""/Game/Textures/Icons/Equip/Helm/T_Helm_Iron_Eqic_01.T_Helm_Iron_Eqic_01""","None","None","None","""/Game/Blueprints/Actors/ItemDropMesh/BP_DropitemMesh_Base.BP_DropitemMesh_Base_C""","LOCTABLE(""/Game/GameData/String_Main.String_Main"", ""Item_Desc_2020341001"")","EItemType_Armor","EItemDetailType_Armor_Helm","EItemTagType_NormalItem","EUniversalGrade_Epic","True","True","False","True","True","True","False","True","True","False","True","(GameDataType=EGameDataTable_ItemEnhance,Key=3,Name=""강화테이블_방어구"")","True","12","4","0","268510","26851","1","1","ECharacterJobClass_DontCare","1","999","15","((GameDataType=EGameDataTable_PortalSpot,Key=1001052,Name=""Emberforge_Hunt_WM_01""),(GameDataType=EGameDataTable_PortalSpot,Key=1001053,Name=""Emberforge_Hunt_WM_02""),(GameDataType=EGameDataTable_PortalSpot,Key=1001054,Name=""Emberforge_Hunt_WM_03""),(GameDataType=EGameDataTable_PortalSpot,Key=1002052,Name=""Eisvan_Hunt_WM_01""),(GameDataType=EGameDataTable_PortalSpot,Key=1002053,Name=""Eisvan_Hunt_WM_02""),(GameDataType=EGameDataTable_PortalSpot,Key=1002054,Name=""Eisvan_Hunt_WM_03""),(GameDataType=EGameDataTable_PortalSpot,Key=1003051,Name=""Ulgar_Hunt_WM_01""),(GameDataType=EGameDataTable_PortalSpot,Key=1003052,Name=""Ulgar_Hunt_WM_02""),(GameDataType=EGameDataTable_PortalSpot,Key=1003053,Name=""Ulgar_Hunt_WM_03""))","((GameDataType=EGameDataTable_CraftList,Key=112,Name=""지휘관의 헬름""))","(Type=-,GameDataType=EGameDataTable_ItemSettingType,Key=0,Name=""None"")","(GameDataType=EGameDataTable_ItemSetOption,Key=0,Name=""None"")","((Stat=(StatType=EGameStatType_Defense,AttackStat=EGameStat_Attack_None,DefenseStat=EGameStat_Defense_ArmorClass,ExtraStat=EGameStat_Extra_None),Value=15),(Stat=(StatType=EGameStatType_Extra,AttackStat=EGameStat_Attack_None,DefenseStat=EGameStat_Defense_None,ExtraStat=EGameStat_Extra_MPMax),Value=330),(Stat=(StatType=EGameStatType_Extra,AttackStat=EGameStat_Attack_None,DefenseStat=EGameStat_Defense_None,ExtraStat=EGameStat_Extra_MPRecoverTick),Value=5),(Stat=(StatType=EGameStatType_Defense,AttackStat=EGameStat_Attack_None,DefenseStat=EGameStat_Defense_DamageResistNormalAttack,ExtraStat=EGameStat_Extra_None),Value=7))","","1000","100","100","True","True","-1","0","False"
"2020341002","[SET-][공용]영웅 투구 티어 Tier1","LOCTABLE(""/Game/GameData/String_Main.String_Main"", ""Item_Name_2020341002"")","""/Game/Textures/Icons/Equip/Helm/T_Helm_Cloth_Eqic_01.T_Helm_Cloth_Eqic_01""","None","None","None","""/Game/Blueprints/Actors/ItemDropMesh/BP_DropitemMesh_Base.BP_DropitemMesh_Base_C""","LOCTABLE(""/Game/GameData/String_Main.String_Main"", ""Item_Desc_2020341002"")","EItemType_Armor","EItemDetailType_Armor_Helm","EItemTagType_NormalItem","EUniversalGrade_Epic","True","True","False","True","True","True","False","True","True","False","True","(GameDataType=EGameDataTable_ItemEnhance,Key=3,Name=""강화테이블_방어구"")","True","12","4","0","268510","26851","1","1","ECharacterJobClass_DontCare","1","999","15","((GameDataType=EGameDataTable_PortalSpot,Key=1001052,Name=""Emberforge_Hunt_WM_01""),(GameDataType=EGameDataTable_PortalSpot,Key=1001053,Name=""Emberforge_Hunt_WM_02""),(GameDataType=EGameDataTable_PortalSpot,Key=1001054,Name=""Emberforge_Hunt_WM_03""),(GameDataType=EGameDataTable_PortalSpot,Key=1002052,Name=""Eisvan_Hunt_WM_01""),(GameDataType=EGameDataTable_PortalSpot,Key=1002053,Name=""Eisvan_Hunt_WM_02""),(GameDataType=EGameDataTable_PortalSpot,Key=1002054,Name=""Eisvan_Hunt_WM_03""),(GameDataType=EGameDataTable_PortalSpot,Key=1003051,Name=""Ulgar_Hunt_WM_01""),(GameDataType=EGameDataTable_PortalSpot,Key=1003052,Name=""Ulgar_Hunt_WM_02""),(GameDataType=EGameDataTable_PortalSpot,Key=1003053,Name=""Ulgar_Hunt_WM_03""))","((GameDataType=EGameDataTable_CraftList,Key=113,Name=""지휘관의 서클릿""))","(Type=-,GameDataType=EGameDataTable_ItemSettingType,Key=0,Name=""None"")","(GameDataType=EGameDataTable_ItemSetOption,Key=0,Name=""None"")","((Stat=(StatType=EGameStatType_Defense,AttackStat=EGameStat_Attack_None,DefenseStat=EGameStat_Defense_ArmorClass,ExtraStat=EGameStat_Extra_None),Value=11),(Stat=(StatType=EGameStatType_Defense,AttackStat=EGameStat_Attack_None,DefenseStat=EGameStat_Defense_ArmorClassSkill,ExtraStat=EGameStat_Extra_None),Value=9),(Stat=(StatType=EGameStatType_Extra,AttackStat=EGameStat_Attack_None,DefenseStat=EGameStat_Defense_None,ExtraStat=EGameStat_Extra_AttributeWisdom),Value=3),(Stat=(StatType=EGameStatType_Defense,AttackStat=EGameStat_Attack_None,DefenseStat=EGameStat_Defense_DamageResistSkill,ExtraStat=EGameStat_Extra_None),Value=7))","","1000","100","100","True","True","-1","0","False"
"2020341003","[SET-][공용]영웅 투구 티어 Tier1","LOCTABLE(""/Game/GameData/String_Main.String_Main"", ""Item_Name_2020341003"")","""/Game/Textures/Icons/Equip/Helm/T_Helm_Leather_Eqic_01.T_Helm_Leather_Eqic_01""","None","None","None","""/Game/Blueprints/Actors/ItemDropMesh/BP_DropitemMesh_Base.BP_DropitemMesh_Base_C""","LOCTABLE(""/Game/GameData/String_Main.String_Main"", ""Item_Desc_2020341003"")","EItemType_Armor","EItemDetailType_Armor_Helm","EItemTagType_NormalItem","EUniversalGrade_Epic","True","True","False","True","True","True","False","True","True","False","True","(GameDataType=EGameDataTable_ItemEnhance,Key=3,Name=""강화테이블_방어구"")","True","12","4","0","268510","26851","1","1","ECharacterJobClass_DontCare","1","999","15","((GameDataType=EGameDataTable_PortalSpot,Key=1001052,Name=""Emberforge_Hunt_WM_01""),(GameDataType=EGameDataTable_PortalSpot,Key=1001053,Name=""Emberforge_Hunt_WM_02""),(GameDataType=EGameDataTable_PortalSpot,Key=1001054,Name=""Emberforge_Hunt_WM_03""),(GameDataType=EGameDataTable_PortalSpot,Key=1002052,Name=""Eisvan_Hunt_WM_01""),(GameDataType=EGameDataTable_PortalSpot,Key=1002053,Name=""Eisvan_Hunt_WM_02""),(GameDataType=EGameDataTable_PortalSpot,Key=1002054,Name=""Eisvan_Hunt_WM_03""),(GameDataType=EGameDataTable_PortalSpot,Key=1003051,Name=""Ulgar_Hunt_WM_01""),(GameDataType=EGameDataTable_PortalSpot,Key=1003052,Name=""Ulgar_Hunt_WM_02""),(GameDataType=EGameDataTable_PortalSpot,Key=1003053,Name=""Ulgar_Hunt_WM_03""))","((GameDataType=EGameDataTable_CraftList,Key=114,Name=""지휘관의 투구""))","(Type=-,GameDataType=EGameDataTable_ItemSettingType,Key=0,Name=""None"")","(GameDataType=EGameDataTable_ItemSetOption,Key=0,Name=""None"")","((Stat=(StatType=EGameStatType_Defense,AttackStat=EGameStat_Attack_None,DefenseStat=EGameStat_Defense_ArmorClass,ExtraStat=EGameStat_Extra_None),Value=13),(Stat=(StatType=EGameStatType_Defense,AttackStat=EGameStat_Attack_None,DefenseStat=EGameStat_Defense_CriticalResist,ExtraStat=EGameStat_Extra_None),Value=10),(Stat=(StatType=EGameStatType_Extra,AttackStat=EGameStat_Attack_None,DefenseStat=EGameStat_Defense_None,ExtraStat=EGameStat_Extra_HPRecoverTick),Value=5),(Stat=(StatType=EGameStatType_Defense,AttackStat=EGameStat_Attack_None,DefenseStat=EGameStat_Defense_BonusDamageReductionCritical,ExtraStat=EGameStat_Extra_None),Value=4))","","1000","100","100","True","True","-1","0","False"
"2021041001","[SET-][공용]일반 상의 티어 Tier1","LOCTABLE(""/Game/GameData/String_Main.String_Main"", ""Item_Name_2021041001"")","""/Game/Textures/Icons/Equip/Top/T_Top_Iron_Common_01.T_Top_Iron_Common_01""","None","None","None","""/Game/Blueprints/Actors/ItemDropMesh/BP_DropitemMesh_Base.BP_DropitemMesh_Base_C""","LOCTABLE(""/Game/GameData/String_Main.String_Main"", ""Item_Desc_2021041001"")","EItemType_Armor","EItemDetailType_Armor_Chest","EItemTagType_NormalItem","EUniversalGrade_Common","True","True","False","True","True","True","False","True","True","False","True","(GameDataType=EGameDataTable_ItemEnhance,Key=3,Name=""강화테이블_방어구"")","True","12","4","0","300","30","1","1","ECharacterJobClass_DontCare","1","999","15","((GameDataType=EGameDataTable_PortalSpot,Key=1001052,Name=""Emberforge_Hunt_WM_01""),(GameDataType=EGameDataTable_PortalSpot,Key=1001053,Name=""Emberforge_Hunt_WM_02""),(GameDataType=EGameDataTable_PortalSpot,Key=1001054,Name=""Emberforge_Hunt_WM_03""),(GameDataType=EGameDataTable_PortalSpot,Key=1002052,Name=""Eisvan_Hunt_WM_01""),(GameDataType=EGameDataTable_PortalSpot,Key=1002053,Name=""Eisvan_Hunt_WM_02""),(GameDataType=EGameDataTable_PortalSpot,Key=1002054,Name=""Eisvan_Hunt_WM_03""),(GameDataType=EGameDataTable_PortalSpot,Key=1003051,Name=""Ulgar_Hunt_WM_01""),(GameDataType=EGameDataTable_PortalSpot,Key=1003052,Name=""Ulgar_Hunt_WM_02""),(GameDataType=EGameDataTable_PortalSpot,Key=1003053,Name=""Ulgar_Hunt_WM_03""))","((GameDataType=EGameDataTable_CraftList,Key=115,Name=""초심자의 갑옷""))","(Type=-,GameDataType=EGameDataTable_ItemSettingType,Key=0,Name=""None"")","(GameDataType=EGameDataTable_ItemSetOption,Key=0,Name=""None"")","((Stat=(StatType=EGameStatType_Defense,AttackStat=EGameStat_Attack_None,DefenseStat=EGameStat_Defense_ArmorClass,ExtraStat=EGameStat_Extra_None),Value=7),(Stat=(StatType=EGameStatType_Defense,AttackStat=EGameStat_Attack_None,DefenseStat=EGameStat_Defense_DamageReduction,ExtraStat=EGameStat_Extra_None),Value=2))","","1000","100","100","True","True","-1","0","False"
"2021041002","[SET-][공용]일반 상의 티어 Tier1","LOCTABLE(""/Game/GameData/String_Main.String_Main"", ""Item_Name_2021041002"")","""/Game/Textures/Icons/Equip/Top/T_Top_Cloth_Common_01.T_Top_Cloth_Common_01""","None","None","None","""/Game/Blueprints/Actors/ItemDropMesh/BP_DropitemMesh_Base.BP_DropitemMesh_Base_C""","LOCTABLE(""/Game/GameData/String_Main.String_Main"", ""Item_Desc_2021041002"")","EItemType_Armor","EItemDetailType_Armor_Chest","EItemTagType_NormalItem","EUniversalGrade_Common","True","True","False","True","True","True","False","True","True","False","True","(GameDataType=EGameDataTable_ItemEnhance,Key=3,Name=""강화테이블_방어구"")","True","12","4","0","300","30","1","1","ECharacterJobClass_DontCare","1","999","15","((GameDataType=EGameDataTable_PortalSpot,Key=1001052,Name=""Emberforge_Hunt_WM_01""),(GameDataType=EGameDataTable_PortalSpot,Key=1001053,Name=""Emberforge_Hunt_WM_02""),(GameDataType=EGameDataTable_PortalSpot,Key=1001054,Name=""Emberforge_Hunt_WM_03""),(GameDataType=EGameDataTable_PortalSpot,Key=1002052,Name=""Eisvan_Hunt_WM_01""),(GameDataType=EGameDataTable_PortalSpot,Key=1002053,Name=""Eisvan_Hunt_WM_02""),(GameDataType=EGameDataTable_PortalSpot,Key=1002054,Name=""Eisvan_Hunt_WM_03""),(GameDataType=EGameDataTable_PortalSpot,Key=1003051,Name=""Ulgar_Hunt_WM_01""),(GameDataType=EGameDataTable_PortalSpot,Key=1003052,Name=""Ulgar_Hunt_WM_02""),(GameDataType=EGameDataTable_PortalSpot,Key=1003053,Name=""Ulgar_Hunt_WM_03""))","((GameDataType=EGameDataTable_CraftList,Key=116,Name=""초심자의 로브""))","(Type=-,GameDataType=EGameDataTable_ItemSettingType,Key=0,Name=""None"")","(GameDataType=EGameDataTable_ItemSetOption,Key=0,Name=""None"")","((Stat=(StatType=EGameStatType_Defense,AttackStat=EGameStat_Attack_None,DefenseStat=EGameStat_Defense_ArmorClass,ExtraStat=EGameStat_Extra_None),Value=5),(Stat=(StatType=EGameStatType_Defense,AttackStat=EGameStat_Attack_None,DefenseStat=EGameStat_Defense_DamageReduction,ExtraStat=EGameStat_Extra_None),Value=1),(Stat=(StatType=EGameStatType_Defense,AttackStat=EGameStat_Attack_None,DefenseStat=EGameStat_Defense_DamageReductionSkill,ExtraStat=EGameStat_Extra_None),Value=2))","","1000","100","100","True","True","-1","0","False"
"2021041003","[SET-][공용]일반 상의 티어 Tier1","LOCTABLE(""/Game/GameData/String_Main.String_Main"", ""Item_Name_2021041003"")","""/Game/Textures/Icons/Equip/Top/T_Top_Leather_Common_01.T_Top_Leather_Common_01""","None","None","None","""/Game/Blueprints/Actors/ItemDropMesh/BP_DropitemMesh_Base.BP_DropitemMesh_Base_C""","LOCTABLE(""/Game/GameData/String_Main.String_Main"", ""Item_Desc_2021041003"")","EItemType_Armor","EItemDetailType_Armor_Chest","EItemTagType_NormalItem","EUniversalGrade_Common","True","True","False","True","True","True","False","True","True","False","True","(GameDataType=EGameDataTable_ItemEnhance,Key=3,Name=""강화테이블_방어구"")","True","12","4","0","300","30","1","1","ECharacterJobClass_DontCare","1","999","15","((GameDataType=EGameDataTable_PortalSpot,Key=1001052,Name=""Emberforge_Hunt_WM_01""),(GameDataType=EGameDataTable_PortalSpot,Key=1001053,Name=""Emberforge_Hunt_WM_02""),(GameDataType=EGameDataTable_PortalSpot,Key=1001054,Name=""Emberforge_Hunt_WM_03""),(GameDataType=EGameDataTable_PortalSpot,Key=1002052,Name=""Eisvan_Hunt_WM_01""),(GameDataType=EGameDataTable_PortalSpot,Key=1002053,Name=""Eisvan_Hunt_WM_02""),(GameDataType=EGameDataTable_PortalSpot,Key=1002054,Name=""Eisvan_Hunt_WM_03""),(GameDataType=EGameDataTable_PortalSpot,Key=1003051,Name=""Ulgar_Hunt_WM_01""),(GameDataType=EGameDataTable_PortalSpot,Key=1003052,Name=""Ulgar_Hunt_WM_02""),(GameDataType=EGameDataTable_PortalSpot,Key=1003053,Name=""Ulgar_Hunt_WM_03""))","((GameDataType=EGameDataTable_CraftList,Key=117,Name=""초심자의 재킷""))","(Type=-,GameDataType=EGameDataTable_ItemSettingType,Key=0,Name=""None"")","(GameDataType=EGameDataTable_ItemSetOption,Key=0,Name=""None"")","((Stat=(StatType=EGameStatType_Defense,AttackStat=EGameStat_Attack_None,DefenseStat=EGameStat_Defense_ArmorClass,ExtraStat=EGameStat_Extra_None),Value=6),(Stat=(StatType=EGameStatType_Defense,AttackStat=EGameStat_Attack_None,DefenseStat=EGameStat_Defense_DamageReduction,ExtraStat=EGameStat_Extra_None),Value=1),(Stat=(StatType=EGameStatType_Defense,AttackStat=EGameStat_Attack_None,DefenseStat=EGameStat_Defense_DoubleResist,ExtraStat=EGameStat_Extra_None),Value=2))","","1000","100","100","True","True","-1","0","False"
"2021042001","[SET-][공용]일반 상의 티어 Tier2","LOCTABLE(""/Game/GameData/String_Main.String_Main"", ""Item_Name_2021042001"")","""/Game/Textures/Icons/Equip/Top/T_Top_Iron_Common_02.T_Top_Iron_Common_02""","None","None","None","""/Game/Blueprints/Actors/ItemDropMesh/BP_DropitemMesh_Base.BP_DropitemMesh_Base_C""","LOCTABLE(""/Game/GameData/String_Main.String_Main"", ""Item_Desc_2021042001"")","EItemType_Armor","EItemDetailType_Armor_Chest","EItemTagType_NormalItem","EUniversalGrade_Common","True","True","False","True","True","True","False","True","True","False","True","(GameDataType=EGameDataTable_ItemEnhance,Key=3,Name=""강화테이블_방어구"")","True","12","4","0","390","39","1","1","ECharacterJobClass_DontCare","1","999","15","((GameDataType=EGameDataTable_PortalSpot,Key=1001052,Name=""Emberforge_Hunt_WM_01""),(GameDataType=EGameDataTable_PortalSpot,Key=1001053,Name=""Emberforge_Hunt_WM_02""),(GameDataType=EGameDataTable_PortalSpot,Key=1001054,Name=""Emberforge_Hunt_WM_03""),(GameDataType=EGameDataTable_PortalSpot,Key=1002052,Name=""Eisvan_Hunt_WM_01""),(GameDataType=EGameDataTable_PortalSpot,Key=1002053,Name=""Eisvan_Hunt_WM_02""),(GameDataType=EGameDataTable_PortalSpot,Key=1002054,Name=""Eisvan_Hunt_WM_03""),(GameDataType=EGameDataTable_PortalSpot,Key=1003051,Name=""Ulgar_Hunt_WM_01""),(GameDataType=EGameDataTable_PortalSpot,Key=1003052,Name=""Ulgar_Hunt_WM_02""),(GameDataType=EGameDataTable_PortalSpot,Key=1003053,Name=""Ulgar_Hunt_WM_03""))","((GameDataType=EGameDataTable_CraftList,Key=118,Name=""용병의 갑옷""))","(Type=-,GameDataType=EGameDataTable_ItemSettingType,Key=0,Name=""None"")","(GameDataType=EGameDataTable_ItemSetOption,Key=0,Name=""None"")","((Stat=(StatType=EGameStatType_Defense,AttackStat=EGameStat_Attack_None,DefenseStat=EGameStat_Defense_ArmorClass,ExtraStat=EGameStat_Extra_None),Value=7),(Stat=(StatType=EGameStatType_Defense,AttackStat=EGameStat_Attack_None,DefenseStat=EGameStat_Defense_ArmorClassSkill,ExtraStat=EGameStat_Extra_None),Value=2),(Stat=(StatType=EGameStatType_Defense,AttackStat=EGameStat_Attack_None,DefenseStat=EGameStat_Defense_DamageReduction,ExtraStat=EGameStat_Extra_None),Value=2))","","1000","100","100","True","True","-1","0","False"
"2021042002","[SET-][공용]일반 상의 티어 Tier2","LOCTABLE(""/Game/GameData/String_Main.String_Main"", ""Item_Name_2021042002"")","""/Game/Textures/Icons/Equip/Top/T_Top_Cloth_Common_02.T_Top_Cloth_Common_02""","None","None","None","""/Game/Blueprints/Actors/ItemDropMesh/BP_DropitemMesh_Base.BP_DropitemMesh_Base_C""","LOCTABLE(""/Game/GameData/String_Main.String_Main"", ""Item_Desc_2021042002"")","EItemType_Armor","EItemDetailType_Armor_Chest","EItemTagType_NormalItem","EUniversalGrade_Common","True","True","False","True","True","True","False","True","True","False","True","(GameDataType=EGameDataTable_ItemEnhance,Key=3,Name=""강화테이블_방어구"")","True","12","4","0","390","39","1","1","ECharacterJobClass_DontCare","1","999","15","((GameDataType=EGameDataTable_PortalSpot,Key=1001052,Name=""Emberforge_Hunt_WM_01""),(GameDataType=EGameDataTable_PortalSpot,Key=1001053,Name=""Emberforge_Hunt_WM_02""),(GameDataType=EGameDataTable_PortalSpot,Key=1001054,Name=""Emberforge_Hunt_WM_03""),(GameDataType=EGameDataTable_PortalSpot,Key=1002052,Name=""Eisvan_Hunt_WM_01""),(GameDataType=EGameDataTable_PortalSpot,Key=1002053,Name=""Eisvan_Hunt_WM_02""),(GameDataType=EGameDataTable_PortalSpot,Key=1002054,Name=""Eisvan_Hunt_WM_03""),(GameDataType=EGameDataTable_PortalSpot,Key=1003051,Name=""Ulgar_Hunt_WM_01""),(GameDataType=EGameDataTable_PortalSpot,Key=1003052,Name=""Ulgar_Hunt_WM_02""),(GameDataType=EGameDataTable_PortalSpot,Key=1003053,Name=""Ulgar_Hunt_WM_03""))","((GameDataType=EGameDataTable_CraftList,Key=119,Name=""용병의 로브""))","(Type=-,GameDataType=EGameDataTable_ItemSettingType,Key=0,Name=""None"")","(GameDataType=EGameDataTable_ItemSetOption,Key=0,Name=""None"")","((Stat=(StatType=EGameStatType_Defense,AttackStat=EGameStat_Attack_None,DefenseStat=EGameStat_Defense_ArmorClass,ExtraStat=EGameStat_Extra_None),Value=5),(Stat=(StatType=EGameStatType_Defense,AttackStat=EGameStat_Attack_None,DefenseStat=EGameStat_Defense_ArmorClassSkill,ExtraStat=EGameStat_Extra_None),Value=2),(Stat=(StatType=EGameStatType_Defense,AttackStat=EGameStat_Attack_None,DefenseStat=EGameStat_Defense_DamageReduction,ExtraStat=EGameStat_Extra_None),Value=1),(Stat=(StatType=EGameStatType_Defense,AttackStat=EGameStat_Attack_None,DefenseStat=EGameStat_Defense_DamageReductionSkill,ExtraStat=EGameStat_Extra_None),Value=2))","","1000","100","100","True","True","-1","0","False"
"2021042003","[SET-][공용]일반 상의 티어 Tier2","LOCTABLE(""/Game/GameData/String_Main.String_Main"", ""Item_Name_2021042003"")","""/Game/Textures/Icons/Equip/Top/T_Top_Leather_Common_02.T_Top_Leather_Common_02""","None","None","None","""/Game/Blueprints/Actors/ItemDropMesh/BP_DropitemMesh_Base.BP_DropitemMesh_Base_C""","LOCTABLE(""/Game/GameData/String_Main.String_Main"", ""Item_Desc_2021042003"")","EItemType_Armor","EItemDetailType_Armor_Chest","EItemTagType_NormalItem","EUniversalGrade_Common","True","True","False","True","True","True","False","True","True","False","True","(GameDataType=EGameDataTable_ItemEnhance,Key=3,Name=""강화테이블_방어구"")","True","12","4","0","390","39","1","1","ECharacterJobClass_DontCare","1","999","15","((GameDataType=EGameDataTable_PortalSpot,Key=1001052,Name=""Emberforge_Hunt_WM_01""),(GameDataType=EGameDataTable_PortalSpot,Key=1001053,Name=""Emberforge_Hunt_WM_02""),(GameDataType=EGameDataTable_PortalSpot,Key=1001054,Name=""Emberforge_Hunt_WM_03""),(GameDataType=EGameDataTable_PortalSpot,Key=1002052,Name=""Eisvan_Hunt_WM_01""),(GameDataType=EGameDataTable_PortalSpot,Key=1002053,Name=""Eisvan_Hunt_WM_02""),(GameDataType=EGameDataTable_PortalSpot,Key=1002054,Name=""Eisvan_Hunt_WM_03""),(GameDataType=EGameDataTable_PortalSpot,Key=1003051,Name=""Ulgar_Hunt_WM_01""),(GameDataType=EGameDataTable_PortalSpot,Key=1003052,Name=""Ulgar_Hunt_WM_02""),(GameDataType=EGameDataTable_PortalSpot,Key=1003053,Name=""Ulgar_Hunt_WM_03""))","((GameDataType=EGameDataTable_CraftList,Key=120,Name=""용병의 재킷""))","(Type=-,GameDataType=EGameDataTable_ItemSettingType,Key=0,Name=""None"")","(GameDataType=EGameDataTable_ItemSetOption,Key=0,Name=""None"")","((Stat=(StatType=EGameStatType_Defense,AttackStat=EGameStat_Attack_None,DefenseStat=EGameStat_Defense_ArmorClass,ExtraStat=EGameStat_Extra_None),Value=6),(Stat=(StatType=EGameStatType_Defense,AttackStat=EGameStat_Attack_None,DefenseStat=EGameStat_Defense_ArmorClassSkill,ExtraStat=EGameStat_Extra_None),Value=2),(Stat=(StatType=EGameStatType_Defense,AttackStat=EGameStat_Attack_None,DefenseStat=EGameStat_Defense_DamageReduction,ExtraStat=EGameStat_Extra_None),Value=1),(Stat=(StatType=EGameStatType_Defense,AttackStat=EGameStat_Attack_None,DefenseStat=EGameStat_Defense_DoubleResist,ExtraStat=EGameStat_Extra_None),Value=2))","","1000","100","100","True","True","-1","0","False"
"2021141001","[SET-][공용]고급 상의 티어 Tier1","LOCTABLE(""/Game/GameData/String_Main.String_Main"", ""Item_Name_2021141001"")","""/Game/Textures/Icons/Equip/Top/T_Top_Iron_Rare_01.T_Top_Iron_Rare_01""","None","None","None","""/Game/Blueprints/Actors/ItemDropMesh/BP_DropitemMesh_Base.BP_DropitemMesh_Base_C""","LOCTABLE(""/Game/GameData/String_Main.String_Main"", ""Item_Desc_2021141001"")","EItemType_Armor","EItemDetailType_Armor_Chest","EItemTagType_NormalItem","EUniversalGrade_Rare","True","True","False","True","True","True","False","True","True","False","True","(GameDataType=EGameDataTable_ItemEnhance,Key=3,Name=""강화테이블_방어구"")","True","12","4","0","1440","144","1","1","ECharacterJobClass_DontCare","1","999","15","((GameDataType=EGameDataTable_PortalSpot,Key=1001052,Name=""Emberforge_Hunt_WM_01""),(GameDataType=EGameDataTable_PortalSpot,Key=1001053,Name=""Emberforge_Hunt_WM_02""),(GameDataType=EGameDataTable_PortalSpot,Key=1001054,Name=""Emberforge_Hunt_WM_03""),(GameDataType=EGameDataTable_PortalSpot,Key=1002052,Name=""Eisvan_Hunt_WM_01""),(GameDataType=EGameDataTable_PortalSpot,Key=1002053,Name=""Eisvan_Hunt_WM_02""),(GameDataType=EGameDataTable_PortalSpot,Key=1002054,Name=""Eisvan_Hunt_WM_03""),(GameDataType=EGameDataTable_PortalSpot,Key=1003051,Name=""Ulgar_Hunt_WM_01""),(GameDataType=EGameDataTable_PortalSpot,Key=1003052,Name=""Ulgar_Hunt_WM_02""),(GameDataType=EGameDataTable_PortalSpot,Key=1003053,Name=""Ulgar_Hunt_WM_03""))","((GameDataType=EGameDataTable_CraftList,Key=121,Name=""숙련 모험가의 갑옷""))","(Type=-,GameDataType=EGameDataTable_ItemSettingType,Key=0,Name=""None"")","(GameDataType=EGameDataTable_ItemSetOption,Key=0,Name=""None"")","((Stat=(StatType=EGameStatType_Defense,AttackStat=EGameStat_Attack_None,DefenseStat=EGameStat_Defense_ArmorClass,ExtraStat=EGameStat_Extra_None),Value=15),(Stat=(StatType=EGameStatType_Defense,AttackStat=EGameStat_Attack_None,DefenseStat=EGameStat_Defense_DamageReduction,ExtraStat=EGameStat_Extra_None),Value=4))","","1000","100","100","True","True","-1","0","False"
"2021141002","[SET-][공용]고급 상의 티어 Tier1","LOCTABLE(""/Game/GameData/String_Main.String_Main"", ""Item_Name_2021141002"")","""/Game/Textures/Icons/Equip/Top/T_Top_Cloth_Rare_01.T_Top_Cloth_Rare_01""","None","None","None","""/Game/Blueprints/Actors/ItemDropMesh/BP_DropitemMesh_Base.BP_DropitemMesh_Base_C""","LOCTABLE(""/Game/GameData/String_Main.String_Main"", ""Item_Desc_2021141002"")","EItemType_Armor","EItemDetailType_Armor_Chest","EItemTagType_NormalItem","EUniversalGrade_Rare","True","True","False","True","True","True","False","True","True","False","True","(GameDataType=EGameDataTable_ItemEnhance,Key=3,Name=""강화테이블_방어구"")","True","12","4","0","1440","144","1","1","ECharacterJobClass_DontCare","1","999","15","((GameDataType=EGameDataTable_PortalSpot,Key=1001052,Name=""Emberforge_Hunt_WM_01""),(GameDataType=EGameDataTable_PortalSpot,Key=1001053,Name=""Emberforge_Hunt_WM_02""),(GameDataType=EGameDataTable_PortalSpot,Key=1001054,Name=""Emberforge_Hunt_WM_03""),(GameDataType=EGameDataTable_PortalSpot,Key=1002052,Name=""Eisvan_Hunt_WM_01""),(GameDataType=EGameDataTable_PortalSpot,Key=1002053,Name=""Eisvan_Hunt_WM_02""),(GameDataType=EGameDataTable_PortalSpot,Key=1002054,Name=""Eisvan_Hunt_WM_03""),(GameDataType=EGameDataTable_PortalSpot,Key=1003051,Name=""Ulgar_Hunt_WM_01""),(GameDataType=EGameDataTable_PortalSpot,Key=1003052,Name=""Ulgar_Hunt_WM_02""),(GameDataType=EGameDataTable_PortalSpot,Key=1003053,Name=""Ulgar_Hunt_WM_03""))","((GameDataType=EGameDataTable_CraftList,Key=122,Name=""숙련 모험가의 로브""))","(Type=-,GameDataType=EGameDataTable_ItemSettingType,Key=0,Name=""None"")","(GameDataType=EGameDataTable_ItemSetOption,Key=0,Name=""None"")","((Stat=(StatType=EGameStatType_Defense,AttackStat=EGameStat_Attack_None,DefenseStat=EGameStat_Defense_ArmorClass,ExtraStat=EGameStat_Extra_None),Value=13),(Stat=(StatType=EGameStatType_Defense,AttackStat=EGameStat_Attack_None,DefenseStat=EGameStat_Defense_DamageReduction,ExtraStat=EGameStat_Extra_None),Value=3),(Stat=(StatType=EGameStatType_Defense,AttackStat=EGameStat_Attack_None,DefenseStat=EGameStat_Defense_DamageReductionSkill,ExtraStat=EGameStat_Extra_None),Value=2))","","1000","100","100","True","True","-1","0","False"
"2021141003","[SET-][공용]고급 상의 티어 Tier1","LOCTABLE(""/Game/GameData/String_Main.String_Main"", ""Item_Name_2021141003"")","""/Game/Textures/Icons/Equip/Top/T_Top_Leather_Rare_01.T_Top_Leather_Rare_01""","None","None","None","""/Game/Blueprints/Actors/ItemDropMesh/BP_DropitemMesh_Base.BP_DropitemMesh_Base_C""","LOCTABLE(""/Game/GameData/String_Main.String_Main"", ""Item_Desc_2021141003"")","EItemType_Armor","EItemDetailType_Armor_Chest","EItemTagType_NormalItem","EUniversalGrade_Rare","True","True","False","True","True","True","False","True","True","False","True","(GameDataType=EGameDataTable_ItemEnhance,Key=3,Name=""강화테이블_방어구"")","True","12","4","0","1440","144","1","1","ECharacterJobClass_DontCare","1","999","15","((GameDataType=EGameDataTable_PortalSpot,Key=1001052,Name=""Emberforge_Hunt_WM_01""),(GameDataType=EGameDataTable_PortalSpot,Key=1001053,Name=""Emberforge_Hunt_WM_02""),(GameDataType=EGameDataTable_PortalSpot,Key=1001054,Name=""Emberforge_Hunt_WM_03""),(GameDataType=EGameDataTable_PortalSpot,Key=1002052,Name=""Eisvan_Hunt_WM_01""),(GameDataType=EGameDataTable_PortalSpot,Key=1002053,Name=""Eisvan_Hunt_WM_02""),(GameDataType=EGameDataTable_PortalSpot,Key=1002054,Name=""Eisvan_Hunt_WM_03""),(GameDataType=EGameDataTable_PortalSpot,Key=1003051,Name=""Ulgar_Hunt_WM_01""),(GameDataType=EGameDataTable_PortalSpot,Key=1003052,Name=""Ulgar_Hunt_WM_02""),(GameDataType=EGameDataTable_PortalSpot,Key=1003053,Name=""Ulgar_Hunt_WM_03""))","((GameDataType=EGameDataTable_CraftList,Key=123,Name=""숙련 모험가의 재킷""))","(Type=-,GameDataType=EGameDataTable_ItemSettingType,Key=0,Name=""None"")","(GameDataType=EGameDataTable_ItemSetOption,Key=0,Name=""None"")","((Stat=(StatType=EGameStatType_Defense,AttackStat=EGameStat_Attack_None,DefenseStat=EGameStat_Defense_ArmorClass,ExtraStat=EGameStat_Extra_None),Value=14),(Stat=(StatType=EGameStatType_Defense,AttackStat=EGameStat_Attack_None,DefenseStat=EGameStat_Defense_DamageReduction,ExtraStat=EGameStat_Extra_None),Value=3),(Stat=(StatType=EGameStatType_Defense,AttackStat=EGameStat_Attack_None,DefenseStat=EGameStat_Defense_DoubleResist,ExtraStat=EGameStat_Extra_None),Value=3))","","1000","100","100","True","True","-1","0","False"
"2021142001","[SET-][공용]고급 상의 티어 Tier2","LOCTABLE(""/Game/GameData/String_Main.String_Main"", ""Item_Name_2021142001"")","""/Game/Textures/Icons/Equip/Top/T_Top_Iron_Rare_02.T_Top_Iron_Rare_02""","None","None","None","""/Game/Blueprints/Actors/ItemDropMesh/BP_DropitemMesh_Base.BP_DropitemMesh_Base_C""","LOCTABLE(""/Game/GameData/String_Main.String_Main"", ""Item_Desc_2021142001"")","EItemType_Armor","EItemDetailType_Armor_Chest","EItemTagType_NormalItem","EUniversalGrade_Rare","True","True","False","True","True","True","False","True","True","False","True","(GameDataType=EGameDataTable_ItemEnhance,Key=3,Name=""강화테이블_방어구"")","True","12","4","0","1870","187","1","1","ECharacterJobClass_DontCare","1","999","15","((GameDataType=EGameDataTable_PortalSpot,Key=1001052,Name=""Emberforge_Hunt_WM_01""),(GameDataType=EGameDataTable_PortalSpot,Key=1001053,Name=""Emberforge_Hunt_WM_02""),(GameDataType=EGameDataTable_PortalSpot,Key=1001054,Name=""Emberforge_Hunt_WM_03""),(GameDataType=EGameDataTable_PortalSpot,Key=1002052,Name=""Eisvan_Hunt_WM_01""),(GameDataType=EGameDataTable_PortalSpot,Key=1002053,Name=""Eisvan_Hunt_WM_02""),(GameDataType=EGameDataTable_PortalSpot,Key=1002054,Name=""Eisvan_Hunt_WM_03""),(GameDataType=EGameDataTable_PortalSpot,Key=1003051,Name=""Ulgar_Hunt_WM_01""),(GameDataType=EGameDataTable_PortalSpot,Key=1003052,Name=""Ulgar_Hunt_WM_02""),(GameDataType=EGameDataTable_PortalSpot,Key=1003053,Name=""Ulgar_Hunt_WM_03""))","((GameDataType=EGameDataTable_CraftList,Key=124,Name=""숙련 용병의 갑옷""))","(Type=-,GameDataType=EGameDataTable_ItemSettingType,Key=0,Name=""None"")","(GameDataType=EGameDataTable_ItemSetOption,Key=0,Name=""None"")","((Stat=(StatType=EGameStatType_Defense,AttackStat=EGameStat_Attack_None,DefenseStat=EGameStat_Defense_ArmorClass,ExtraStat=EGameStat_Extra_None),Value=15),(Stat=(StatType=EGameStatType_Defense,AttackStat=EGameStat_Attack_None,DefenseStat=EGameStat_Defense_ArmorClassSkill,ExtraStat=EGameStat_Extra_None),Value=3),(Stat=(StatType=EGameStatType_Defense,AttackStat=EGameStat_Attack_None,DefenseStat=EGameStat_Defense_DamageReduction,ExtraStat=EGameStat_Extra_None),Value=4))","","1000","100","100","True","True","-1","0","False"
"2021142002","[SET-][공용]고급 상의 티어 Tier2","LOCTABLE(""/Game/GameData/String_Main.String_Main"", ""Item_Name_2021142002"")","""/Game/Textures/Icons/Equip/Top/T_Top_Cloth_Rare_02.T_Top_Cloth_Rare_02""","None","None","None","""/Game/Blueprints/Actors/ItemDropMesh/BP_DropitemMesh_Base.BP_DropitemMesh_Base_C""","LOCTABLE(""/Game/GameData/String_Main.String_Main"", ""Item_Desc_2021142002"")","EItemType_Armor","EItemDetailType_Armor_Chest","EItemTagType_NormalItem","EUniversalGrade_Rare","True","True","False","True","True","True","False","True","True","False","True","(GameDataType=EGameDataTable_ItemEnhance,Key=3,Name=""강화테이블_방어구"")","True","12","4","0","1870","187","1","1","ECharacterJobClass_DontCare","1","999","15","((GameDataType=EGameDataTable_PortalSpot,Key=1001052,Name=""Emberforge_Hunt_WM_01""),(GameDataType=EGameDataTable_PortalSpot,Key=1001053,Name=""Emberforge_Hunt_WM_02""),(GameDataType=EGameDataTable_PortalSpot,Key=1001054,Name=""Emberforge_Hunt_WM_03""),(GameDataType=EGameDataTable_PortalSpot,Key=1002052,Name=""Eisvan_Hunt_WM_01""),(GameDataType=EGameDataTable_PortalSpot,Key=1002053,Name=""Eisvan_Hunt_WM_02""),(GameDataType=EGameDataTable_PortalSpot,Key=1002054,Name=""Eisvan_Hunt_WM_03""),(GameDataType=EGameDataTable_PortalSpot,Key=1003051,Name=""Ulgar_Hunt_WM_01""),(GameDataType=EGameDataTable_PortalSpot,Key=1003052,Name=""Ulgar_Hunt_WM_02""),(GameDataType=EGameDataTable_PortalSpot,Key=1003053,Name=""Ulgar_Hunt_WM_03""))","((GameDataType=EGameDataTable_CraftList,Key=125,Name=""숙련 용병의 로브""))","(Type=-,GameDataType=EGameDataTable_ItemSettingType,Key=0,Name=""None"")","(GameDataType=EGameDataTable_ItemSetOption,Key=0,Name=""None"")","((Stat=(StatType=EGameStatType_Defense,AttackStat=EGameStat_Attack_None,DefenseStat=EGameStat_Defense_ArmorClass,ExtraStat=EGameStat_Extra_None),Value=13),(Stat=(StatType=EGameStatType_Defense,AttackStat=EGameStat_Attack_None,DefenseStat=EGameStat_Defense_ArmorClassSkill,ExtraStat=EGameStat_Extra_None),Value=3),(Stat=(StatType=EGameStatType_Defense,AttackStat=EGameStat_Attack_None,DefenseStat=EGameStat_Defense_DamageReduction,ExtraStat=EGameStat_Extra_None),Value=3),(Stat=(StatType=EGameStatType_Defense,AttackStat=EGameStat_Attack_None,DefenseStat=EGameStat_Defense_DamageReductionSkill,ExtraStat=EGameStat_Extra_None),Value=2))","","1000","100","100","True","True","-1","0","False"
"2021142003","[SET-][공용]고급 상의 티어 Tier2","LOCTABLE(""/Game/GameData/String_Main.String_Main"", ""Item_Name_2021142003"")","""/Game/Textures/Icons/Equip/Top/T_Top_Leather_Rare_02.T_Top_Leather_Rare_02""","None","None","None","""/Game/Blueprints/Actors/ItemDropMesh/BP_DropitemMesh_Base.BP_DropitemMesh_Base_C""","LOCTABLE(""/Game/GameData/String_Main.String_Main"", ""Item_Desc_2021142003"")","EItemType_Armor","EItemDetailType_Armor_Chest","EItemTagType_NormalItem","EUniversalGrade_Rare","True","True","False","True","True","True","False","True","True","False","True","(GameDataType=EGameDataTable_ItemEnhance,Key=3,Name=""강화테이블_방어구"")","True","12","4","0","1870","187","1","1","ECharacterJobClass_DontCare","1","999","15","((GameDataType=EGameDataTable_PortalSpot,Key=1001052,Name=""Emberforge_Hunt_WM_01""),(GameDataType=EGameDataTable_PortalSpot,Key=1001053,Name=""Emberforge_Hunt_WM_02""),(GameDataType=EGameDataTable_PortalSpot,Key=1001054,Name=""Emberforge_Hunt_WM_03""),(GameDataType=EGameDataTable_PortalSpot,Key=1002052,Name=""Eisvan_Hunt_WM_01""),(GameDataType=EGameDataTable_PortalSpot,Key=1002053,Name=""Eisvan_Hunt_WM_02""),(GameDataType=EGameDataTable_PortalSpot,Key=1002054,Name=""Eisvan_Hunt_WM_03""),(GameDataType=EGameDataTable_PortalSpot,Key=1003051,Name=""Ulgar_Hunt_WM_01""),(GameDataType=EGameDataTable_PortalSpot,Key=1003052,Name=""Ulgar_Hunt_WM_02""),(GameDataType=EGameDataTable_PortalSpot,Key=1003053,Name=""Ulgar_Hunt_WM_03""))","((GameDataType=EGameDataTable_CraftList,Key=126,Name=""숙련 용병의 재킷""))","(Type=-,GameDataType=EGameDataTable_ItemSettingType,Key=0,Name=""None"")","(GameDataType=EGameDataTable_ItemSetOption,Key=0,Name=""None"")","((Stat=(StatType=EGameStatType_Defense,AttackStat=EGameStat_Attack_None,DefenseStat=EGameStat_Defense_ArmorClass,ExtraStat=EGameStat_Extra_None),Value=14),(Stat=(StatType=EGameStatType_Defense,AttackStat=EGameStat_Attack_None,DefenseStat=EGameStat_Defense_ArmorClassSkill,ExtraStat=EGameStat_Extra_None),Value=3),(Stat=(StatType=EGameStatType_Defense,AttackStat=EGameStat_Attack_None,DefenseStat=EGameStat_Defense_DamageReduction,ExtraStat=EGameStat_Extra_None),Value=3),(Stat=(StatType=EGameStatType_Defense,AttackStat=EGameStat_Attack_None,DefenseStat=EGameStat_Defense_DoubleResist,ExtraStat=EGameStat_Extra_None),Value=3))","","1000","100","100","True","True","-1","0","False"
"2021143001","[SET-][공용]고급 상의 티어 Tier3","LOCTABLE(""/Game/GameData/String_Main.String_Main"", ""Item_Name_2021143001"")","""/Game/Textures/Icons/Equip/Top/T_Top_Iron_Rare_03.T_Top_Iron_Rare_03""","None","None","None","""/Game/Blueprints/Actors/ItemDropMesh/BP_DropitemMesh_Base.BP_DropitemMesh_Base_C""","LOCTABLE(""/Game/GameData/String_Main.String_Main"", ""Item_Desc_2021143001"")","EItemType_Armor","EItemDetailType_Armor_Chest","EItemTagType_NormalItem","EUniversalGrade_Rare","True","True","False","True","True","True","False","True","True","False","True","(GameDataType=EGameDataTable_ItemEnhance,Key=3,Name=""강화테이블_방어구"")","True","12","4","0","2160","216","1","1","ECharacterJobClass_DontCare","1","999","15","((GameDataType=EGameDataTable_PortalSpot,Key=1001052,Name=""Emberforge_Hunt_WM_01""),(GameDataType=EGameDataTable_PortalSpot,Key=1001053,Name=""Emberforge_Hunt_WM_02""),(GameDataType=EGameDataTable_PortalSpot,Key=1001054,Name=""Emberforge_Hunt_WM_03""),(GameDataType=EGameDataTable_PortalSpot,Key=1002052,Name=""Eisvan_Hunt_WM_01""),(GameDataType=EGameDataTable_PortalSpot,Key=1002053,Name=""Eisvan_Hunt_WM_02""),(GameDataType=EGameDataTable_PortalSpot,Key=1002054,Name=""Eisvan_Hunt_WM_03""),(GameDataType=EGameDataTable_PortalSpot,Key=1003051,Name=""Ulgar_Hunt_WM_01""),(GameDataType=EGameDataTable_PortalSpot,Key=1003052,Name=""Ulgar_Hunt_WM_02""),(GameDataType=EGameDataTable_PortalSpot,Key=1003053,Name=""Ulgar_Hunt_WM_03""))","((GameDataType=EGameDataTable_CraftList,Key=127,Name=""숙련 전사의 갑옷""))","(Type=-,GameDataType=EGameDataTable_ItemSettingType,Key=0,Name=""None"")","(GameDataType=EGameDataTable_ItemSetOption,Key=0,Name=""None"")","((Stat=(StatType=EGameStatType_Defense,AttackStat=EGameStat_Attack_None,DefenseStat=EGameStat_Defense_ArmorClass,ExtraStat=EGameStat_Extra_None),Value=15),(Stat=(StatType=EGameStatType_Defense,AttackStat=EGameStat_Attack_None,DefenseStat=EGameStat_Defense_DamageReduction,ExtraStat=EGameStat_Extra_None),Value=4),(Stat=(StatType=EGameStatType_Defense,AttackStat=EGameStat_Attack_None,DefenseStat=EGameStat_Defense_DamageResistWeapon,ExtraStat=EGameStat_Extra_None),Value=3))","","1000","100","100","True","True","-1","0","False"
"2021143002","[SET-][공용]고급 상의 티어 Tier3","LOCTABLE(""/Game/GameData/String_Main.String_Main"", ""Item_Name_2021143002"")","""/Game/Textures/Icons/Equip/Top/T_Top_Cloth_Rare_03.T_Top_Cloth_Rare_03""","None","None","None","""/Game/Blueprints/Actors/ItemDropMesh/BP_DropitemMesh_Base.BP_DropitemMesh_Base_C""","LOCTABLE(""/Game/GameData/String_Main.String_Main"", ""Item_Desc_2021143002"")","EItemType_Armor","EItemDetailType_Armor_Chest","EItemTagType_NormalItem","EUniversalGrade_Rare","True","True","False","True","True","True","False","True","True","False","True","(GameDataType=EGameDataTable_ItemEnhance,Key=3,Name=""강화테이블_방어구"")","True","12","4","0","2160","216","1","1","ECharacterJobClass_DontCare","1","999","15","((GameDataType=EGameDataTable_PortalSpot,Key=1001052,Name=""Emberforge_Hunt_WM_01""),(GameDataType=EGameDataTable_PortalSpot,Key=1001053,Name=""Emberforge_Hunt_WM_02""),(GameDataType=EGameDataTable_PortalSpot,Key=1001054,Name=""Emberforge_Hunt_WM_03""),(GameDataType=EGameDataTable_PortalSpot,Key=1002052,Name=""Eisvan_Hunt_WM_01""),(GameDataType=EGameDataTable_PortalSpot,Key=1002053,Name=""Eisvan_Hunt_WM_02""),(GameDataType=EGameDataTable_PortalSpot,Key=1002054,Name=""Eisvan_Hunt_WM_03""),(GameDataType=EGameDataTable_PortalSpot,Key=1003051,Name=""Ulgar_Hunt_WM_01""),(GameDataType=EGameDataTable_PortalSpot,Key=1003052,Name=""Ulgar_Hunt_WM_02""),(GameDataType=EGameDataTable_PortalSpot,Key=1003053,Name=""Ulgar_Hunt_WM_03""))","((GameDataType=EGameDataTable_CraftList,Key=128,Name=""숙련 전사의 로브""))","(Type=-,GameDataType=EGameDataTable_ItemSettingType,Key=0,Name=""None"")","(GameDataType=EGameDataTable_ItemSetOption,Key=0,Name=""None"")","((Stat=(StatType=EGameStatType_Defense,AttackStat=EGameStat_Attack_None,DefenseStat=EGameStat_Defense_ArmorClass,ExtraStat=EGameStat_Extra_None),Value=13),(Stat=(StatType=EGameStatType_Defense,AttackStat=EGameStat_Attack_None,DefenseStat=EGameStat_Defense_DamageReduction,ExtraStat=EGameStat_Extra_None),Value=3),(Stat=(StatType=EGameStatType_Defense,AttackStat=EGameStat_Attack_None,DefenseStat=EGameStat_Defense_DamageReductionSkill,ExtraStat=EGameStat_Extra_None),Value=2),(Stat=(StatType=EGameStatType_Defense,AttackStat=EGameStat_Attack_None,DefenseStat=EGameStat_Defense_DamageResistWeapon,ExtraStat=EGameStat_Extra_None),Value=1))","","1000","100","100","True","True","-1","0","False"
"2021143003","[SET-][공용]고급 상의 티어 Tier3","LOCTABLE(""/Game/GameData/String_Main.String_Main"", ""Item_Name_2021143003"")","""/Game/Textures/Icons/Equip/Top/T_Top_Leather_Rare_03.T_Top_Leather_Rare_03""","None","None","None","""/Game/Blueprints/Actors/ItemDropMesh/BP_DropitemMesh_Base.BP_DropitemMesh_Base_C""","LOCTABLE(""/Game/GameData/String_Main.String_Main"", ""Item_Desc_2021143003"")","EItemType_Armor","EItemDetailType_Armor_Chest","EItemTagType_NormalItem","EUniversalGrade_Rare","True","True","False","True","True","True","False","True","True","False","True","(GameDataType=EGameDataTable_ItemEnhance,Key=3,Name=""강화테이블_방어구"")","True","12","4","0","2160","216","1","1","ECharacterJobClass_DontCare","1","999","15","((GameDataType=EGameDataTable_PortalSpot,Key=1001052,Name=""Emberforge_Hunt_WM_01""),(GameDataType=EGameDataTable_PortalSpot,Key=1001053,Name=""Emberforge_Hunt_WM_02""),(GameDataType=EGameDataTable_PortalSpot,Key=1001054,Name=""Emberforge_Hunt_WM_03""),(GameDataType=EGameDataTable_PortalSpot,Key=1002052,Name=""Eisvan_Hunt_WM_01""),(GameDataType=EGameDataTable_PortalSpot,Key=1002053,Name=""Eisvan_Hunt_WM_02""),(GameDataType=EGameDataTable_PortalSpot,Key=1002054,Name=""Eisvan_Hunt_WM_03""),(GameDataType=EGameDataTable_PortalSpot,Key=1003051,Name=""Ulgar_Hunt_WM_01""),(GameDataType=EGameDataTable_PortalSpot,Key=1003052,Name=""Ulgar_Hunt_WM_02""),(GameDataType=EGameDataTable_PortalSpot,Key=1003053,Name=""Ulgar_Hunt_WM_03""))","((GameDataType=EGameDataTable_CraftList,Key=129,Name=""숙련 전사의 재킷""))","(Type=-,GameDataType=EGameDataTable_ItemSettingType,Key=0,Name=""None"")","(GameDataType=EGameDataTable_ItemSetOption,Key=0,Name=""None"")","((Stat=(StatType=EGameStatType_Defense,AttackStat=EGameStat_Attack_None,DefenseStat=EGameStat_Defense_ArmorClass,ExtraStat=EGameStat_Extra_None),Value=14),(Stat=(StatType=EGameStatType_Defense,AttackStat=EGameStat_Attack_None,DefenseStat=EGameStat_Defense_DamageReduction,ExtraStat=EGameStat_Extra_None),Value=3),(Stat=(StatType=EGameStatType_Defense,AttackStat=EGameStat_Attack_None,DefenseStat=EGameStat_Defense_DoubleResist,ExtraStat=EGameStat_Extra_None),Value=3),(Stat=(StatType=EGameStatType_Defense,AttackStat=EGameStat_Attack_None,DefenseStat=EGameStat_Defense_DamageResistWeapon,ExtraStat=EGameStat_Extra_None),Value=2))","","1000","100","100","True","True","-1","0","False"
"2021241001","[SET-][공용]희귀 상의 티어 Tier1","LOCTABLE(""/Game/GameData/String_Main.String_Main"", ""Item_Name_2021241001"")","""/Game/Textures/Icons/Equip/Top/T_Top_Iron_Unique_01.T_Top_Iron_Unique_01""","None","None","None","""/Game/Blueprints/Actors/ItemDropMesh/BP_DropitemMesh_Base.BP_DropitemMesh_Base_C""","LOCTABLE(""/Game/GameData/String_Main.String_Main"", ""Item_Desc_2021241001"")","EItemType_Armor","EItemDetailType_Armor_Chest","EItemTagType_NormalItem","EUniversalGrade_Unique","True","True","False","True","True","True","False","True","True","False","True","(GameDataType=EGameDataTable_ItemEnhance,Key=3,Name=""강화테이블_방어구"")","True","12","4","0","13820","1382","1","1","ECharacterJobClass_DontCare","1","999","15","((GameDataType=EGameDataTable_PortalSpot,Key=1001052,Name=""Emberforge_Hunt_WM_01""),(GameDataType=EGameDataTable_PortalSpot,Key=1001053,Name=""Emberforge_Hunt_WM_02""),(GameDataType=EGameDataTable_PortalSpot,Key=1001054,Name=""Emberforge_Hunt_WM_03""),(GameDataType=EGameDataTable_PortalSpot,Key=1002052,Name=""Eisvan_Hunt_WM_01""),(GameDataType=EGameDataTable_PortalSpot,Key=1002053,Name=""Eisvan_Hunt_WM_02""),(GameDataType=EGameDataTable_PortalSpot,Key=1002054,Name=""Eisvan_Hunt_WM_03""),(GameDataType=EGameDataTable_PortalSpot,Key=1003051,Name=""Ulgar_Hunt_WM_01""),(GameDataType=EGameDataTable_PortalSpot,Key=1003052,Name=""Ulgar_Hunt_WM_02""),(GameDataType=EGameDataTable_PortalSpot,Key=1003053,Name=""Ulgar_Hunt_WM_03""))","((GameDataType=EGameDataTable_CraftList,Key=130,Name=""정예 모험가의 갑옷""))","(Type=-,GameDataType=EGameDataTable_ItemSettingType,Key=0,Name=""None"")","(GameDataType=EGameDataTable_ItemSetOption,Key=0,Name=""None"")","((Stat=(StatType=EGameStatType_Defense,AttackStat=EGameStat_Attack_None,DefenseStat=EGameStat_Defense_ArmorClass,ExtraStat=EGameStat_Extra_None),Value=21),(Stat=(StatType=EGameStatType_Defense,AttackStat=EGameStat_Attack_None,DefenseStat=EGameStat_Defense_DamageReduction,ExtraStat=EGameStat_Extra_None),Value=7))","","1000","100","100","True","True","-1","0","False"
"2021241002","[SET-][공용]희귀 상의 티어 Tier1","LOCTABLE(""/Game/GameData/String_Main.String_Main"", ""Item_Name_2021241002"")","""/Game/Textures/Icons/Equip/Top/T_Top_Cloth_Unique_01.T_Top_Cloth_Unique_01""","None","None","None","""/Game/Blueprints/Actors/ItemDropMesh/BP_DropitemMesh_Base.BP_DropitemMesh_Base_C""","LOCTABLE(""/Game/GameData/String_Main.String_Main"", ""Item_Desc_2021241002"")","EItemType_Armor","EItemDetailType_Armor_Chest","EItemTagType_NormalItem","EUniversalGrade_Unique","True","True","False","True","True","True","False","True","True","False","True","(GameDataType=EGameDataTable_ItemEnhance,Key=3,Name=""강화테이블_방어구"")","True","12","4","0","13820","1382","1","1","ECharacterJobClass_DontCare","1","999","15","((GameDataType=EGameDataTable_PortalSpot,Key=1001052,Name=""Emberforge_Hunt_WM_01""),(GameDataType=EGameDataTable_PortalSpot,Key=1001053,Name=""Emberforge_Hunt_WM_02""),(GameDataType=EGameDataTable_PortalSpot,Key=1001054,Name=""Emberforge_Hunt_WM_03""),(GameDataType=EGameDataTable_PortalSpot,Key=1002052,Name=""Eisvan_Hunt_WM_01""),(GameDataType=EGameDataTable_PortalSpot,Key=1002053,Name=""Eisvan_Hunt_WM_02""),(GameDataType=EGameDataTable_PortalSpot,Key=1002054,Name=""Eisvan_Hunt_WM_03""),(GameDataType=EGameDataTable_PortalSpot,Key=1003051,Name=""Ulgar_Hunt_WM_01""),(GameDataType=EGameDataTable_PortalSpot,Key=1003052,Name=""Ulgar_Hunt_WM_02""),(GameDataType=EGameDataTable_PortalSpot,Key=1003053,Name=""Ulgar_Hunt_WM_03""))","((GameDataType=EGameDataTable_CraftList,Key=131,Name=""정예 모험가의 로브""))","(Type=-,GameDataType=EGameDataTable_ItemSettingType,Key=0,Name=""None"")","(GameDataType=EGameDataTable_ItemSetOption,Key=0,Name=""None"")","((Stat=(StatType=EGameStatType_Defense,AttackStat=EGameStat_Attack_None,DefenseStat=EGameStat_Defense_ArmorClass,ExtraStat=EGameStat_Extra_None),Value=18),(Stat=(StatType=EGameStatType_Defense,AttackStat=EGameStat_Attack_None,DefenseStat=EGameStat_Defense_DamageReduction,ExtraStat=EGameStat_Extra_None),Value=5),(Stat=(StatType=EGameStatType_Defense,AttackStat=EGameStat_Attack_None,DefenseStat=EGameStat_Defense_DamageReductionSkill,ExtraStat=EGameStat_Extra_None),Value=3))","","1000","100","100","True","True","-1","0","False"
"2021241003","[SET-][공용]희귀 상의 티어 Tier1","LOCTABLE(""/Game/GameData/String_Main.String_Main"", ""Item_Name_2021241003"")","""/Game/Textures/Icons/Equip/Top/T_Top_Leather_Unique_01.T_Top_Leather_Unique_01""","None","None","None","""/Game/Blueprints/Actors/ItemDropMesh/BP_DropitemMesh_Base.BP_DropitemMesh_Base_C""","LOCTABLE(""/Game/GameData/String_Main.String_Main"", ""Item_Desc_2021241003"")","EItemType_Armor","EItemDetailType_Armor_Chest","EItemTagType_NormalItem","EUniversalGrade_Unique","True","True","False","True","True","True","False","True","True","False","True","(GameDataType=EGameDataTable_ItemEnhance,Key=3,Name=""강화테이블_방어구"")","True","12","4","0","13820","1382","1","1","ECharacterJobClass_DontCare","1","999","15","((GameDataType=EGameDataTable_PortalSpot,Key=1001052,Name=""Emberforge_Hunt_WM_01""),(GameDataType=EGameDataTable_PortalSpot,Key=1001053,Name=""Emberforge_Hunt_WM_02""),(GameDataType=EGameDataTable_PortalSpot,Key=1001054,Name=""Emberforge_Hunt_WM_03""),(GameDataType=EGameDataTable_PortalSpot,Key=1002052,Name=""Eisvan_Hunt_WM_01""),(GameDataType=EGameDataTable_PortalSpot,Key=1002053,Name=""Eisvan_Hunt_WM_02""),(GameDataType=EGameDataTable_PortalSpot,Key=1002054,Name=""Eisvan_Hunt_WM_03""),(GameDataType=EGameDataTable_PortalSpot,Key=1003051,Name=""Ulgar_Hunt_WM_01""),(GameDataType=EGameDataTable_PortalSpot,Key=1003052,Name=""Ulgar_Hunt_WM_02""),(GameDataType=EGameDataTable_PortalSpot,Key=1003053,Name=""Ulgar_Hunt_WM_03""))","((GameDataType=EGameDataTable_CraftList,Key=132,Name=""정예 모험가의 재킷""))","(Type=-,GameDataType=EGameDataTable_ItemSettingType,Key=0,Name=""None"")","(GameDataType=EGameDataTable_ItemSetOption,Key=0,Name=""None"")","((Stat=(StatType=EGameStatType_Defense,AttackStat=EGameStat_Attack_None,DefenseStat=EGameStat_Defense_ArmorClass,ExtraStat=EGameStat_Extra_None),Value=20),(Stat=(StatType=EGameStatType_Defense,AttackStat=EGameStat_Attack_None,DefenseStat=EGameStat_Defense_DamageReduction,ExtraStat=EGameStat_Extra_None),Value=5),(Stat=(StatType=EGameStatType_Defense,AttackStat=EGameStat_Attack_None,DefenseStat=EGameStat_Defense_DoubleResist,ExtraStat=EGameStat_Extra_None),Value=4))","","1000","100","100","True","True","-1","0","False"
"2021242001","[SET-][공용]희귀 상의 티어 Tier2","LOCTABLE(""/Game/GameData/String_Main.String_Main"", ""Item_Name_2021242001"")","""/Game/Textures/Icons/Equip/Top/T_Top_Iron_Unique_02.T_Top_Iron_Unique_02""","None","None","None","""/Game/Blueprints/Actors/ItemDropMesh/BP_DropitemMesh_Base.BP_DropitemMesh_Base_C""","LOCTABLE(""/Game/GameData/String_Main.String_Main"", ""Item_Desc_2021242001"")","EItemType_Armor","EItemDetailType_Armor_Chest","EItemTagType_NormalItem","EUniversalGrade_Unique","True","True","False","True","True","True","False","True","True","False","True","(GameDataType=EGameDataTable_ItemEnhance,Key=3,Name=""강화테이블_방어구"")","True","12","4","0","17970","1797","1","1","ECharacterJobClass_DontCare","1","999","15","((GameDataType=EGameDataTable_PortalSpot,Key=1001052,Name=""Emberforge_Hunt_WM_01""),(GameDataType=EGameDataTable_PortalSpot,Key=1001053,Name=""Emberforge_Hunt_WM_02""),(GameDataType=EGameDataTable_PortalSpot,Key=1001054,Name=""Emberforge_Hunt_WM_03""),(GameDataType=EGameDataTable_PortalSpot,Key=1002052,Name=""Eisvan_Hunt_WM_01""),(GameDataType=EGameDataTable_PortalSpot,Key=1002053,Name=""Eisvan_Hunt_WM_02""),(GameDataType=EGameDataTable_PortalSpot,Key=1002054,Name=""Eisvan_Hunt_WM_03""),(GameDataType=EGameDataTable_PortalSpot,Key=1003051,Name=""Ulgar_Hunt_WM_01""),(GameDataType=EGameDataTable_PortalSpot,Key=1003052,Name=""Ulgar_Hunt_WM_02""),(GameDataType=EGameDataTable_PortalSpot,Key=1003053,Name=""Ulgar_Hunt_WM_03""))","((GameDataType=EGameDataTable_CraftList,Key=133,Name=""정예 용병의 갑옷""))","(Type=-,GameDataType=EGameDataTable_ItemSettingType,Key=0,Name=""None"")","(GameDataType=EGameDataTable_ItemSetOption,Key=0,Name=""None"")","((Stat=(StatType=EGameStatType_Defense,AttackStat=EGameStat_Attack_None,DefenseStat=EGameStat_Defense_ArmorClass,ExtraStat=EGameStat_Extra_None),Value=21),(Stat=(StatType=EGameStatType_Defense,AttackStat=EGameStat_Attack_None,DefenseStat=EGameStat_Defense_ArmorClassSkill,ExtraStat=EGameStat_Extra_None),Value=5),(Stat=(StatType=EGameStatType_Defense,AttackStat=EGameStat_Attack_None,DefenseStat=EGameStat_Defense_DamageReduction,ExtraStat=EGameStat_Extra_None),Value=7))","","1000","100","100","True","True","-1","0","False"
"2021242002","[SET-][공용]희귀 상의 티어 Tier2","LOCTABLE(""/Game/GameData/String_Main.String_Main"", ""Item_Name_2021242002"")","""/Game/Textures/Icons/Equip/Top/T_Top_Cloth_Unique_02.T_Top_Cloth_Unique_02""","None","None","None","""/Game/Blueprints/Actors/ItemDropMesh/BP_DropitemMesh_Base.BP_DropitemMesh_Base_C""","LOCTABLE(""/Game/GameData/String_Main.String_Main"", ""Item_Desc_2021242002"")","EItemType_Armor","EItemDetailType_Armor_Chest","EItemTagType_NormalItem","EUniversalGrade_Unique","True","True","False","True","True","True","False","True","True","False","True","(GameDataType=EGameDataTable_ItemEnhance,Key=3,Name=""강화테이블_방어구"")","True","12","4","0","17970","1797","1","1","ECharacterJobClass_DontCare","1","999","15","((GameDataType=EGameDataTable_PortalSpot,Key=1001052,Name=""Emberforge_Hunt_WM_01""),(GameDataType=EGameDataTable_PortalSpot,Key=1001053,Name=""Emberforge_Hunt_WM_02""),(GameDataType=EGameDataTable_PortalSpot,Key=1001054,Name=""Emberforge_Hunt_WM_03""),(GameDataType=EGameDataTable_PortalSpot,Key=1002052,Name=""Eisvan_Hunt_WM_01""),(GameDataType=EGameDataTable_PortalSpot,Key=1002053,Name=""Eisvan_Hunt_WM_02""),(GameDataType=EGameDataTable_PortalSpot,Key=1002054,Name=""Eisvan_Hunt_WM_03""),(GameDataType=EGameDataTable_PortalSpot,Key=1003051,Name=""Ulgar_Hunt_WM_01""),(GameDataType=EGameDataTable_PortalSpot,Key=1003052,Name=""Ulgar_Hunt_WM_02""),(GameDataType=EGameDataTable_PortalSpot,Key=1003053,Name=""Ulgar_Hunt_WM_03""))","((GameDataType=EGameDataTable_CraftList,Key=134,Name=""정예 용병의 로브""))","(Type=-,GameDataType=EGameDataTable_ItemSettingType,Key=0,Name=""None"")","(GameDataType=EGameDataTable_ItemSetOption,Key=0,Name=""None"")","((Stat=(StatType=EGameStatType_Defense,AttackStat=EGameStat_Attack_None,DefenseStat=EGameStat_Defense_ArmorClass,ExtraStat=EGameStat_Extra_None),Value=18),(Stat=(StatType=EGameStatType_Defense,AttackStat=EGameStat_Attack_None,DefenseStat=EGameStat_Defense_ArmorClassSkill,ExtraStat=EGameStat_Extra_None),Value=5),(Stat=(StatType=EGameStatType_Defense,AttackStat=EGameStat_Attack_None,DefenseStat=EGameStat_Defense_DamageReduction,ExtraStat=EGameStat_Extra_None),Value=5),(Stat=(StatType=EGameStatType_Defense,AttackStat=EGameStat_Attack_None,DefenseStat=EGameStat_Defense_DamageReductionSkill,ExtraStat=EGameStat_Extra_None),Value=3))","","1000","100","100","True","True","-1","0","False"
"2021242003","[SET-][공용]희귀 상의 티어 Tier2","LOCTABLE(""/Game/GameData/String_Main.String_Main"", ""Item_Name_2021242003"")","""/Game/Textures/Icons/Equip/Top/T_Top_Leather_Unique_02.T_Top_Leather_Unique_02""","None","None","None","""/Game/Blueprints/Actors/ItemDropMesh/BP_DropitemMesh_Base.BP_DropitemMesh_Base_C""","LOCTABLE(""/Game/GameData/String_Main.String_Main"", ""Item_Desc_2021242003"")","EItemType_Armor","EItemDetailType_Armor_Chest","EItemTagType_NormalItem","EUniversalGrade_Unique","True","True","False","True","True","True","False","True","True","False","True","(GameDataType=EGameDataTable_ItemEnhance,Key=3,Name=""강화테이블_방어구"")","True","12","4","0","17970","1797","1","1","ECharacterJobClass_DontCare","1","999","15","((GameDataType=EGameDataTable_PortalSpot,Key=1001052,Name=""Emberforge_Hunt_WM_01""),(GameDataType=EGameDataTable_PortalSpot,Key=1001053,Name=""Emberforge_Hunt_WM_02""),(GameDataType=EGameDataTable_PortalSpot,Key=1001054,Name=""Emberforge_Hunt_WM_03""),(GameDataType=EGameDataTable_PortalSpot,Key=1002052,Name=""Eisvan_Hunt_WM_01""),(GameDataType=EGameDataTable_PortalSpot,Key=1002053,Name=""Eisvan_Hunt_WM_02""),(GameDataType=EGameDataTable_PortalSpot,Key=1002054,Name=""Eisvan_Hunt_WM_03""),(GameDataType=EGameDataTable_PortalSpot,Key=1003051,Name=""Ulgar_Hunt_WM_01""),(GameDataType=EGameDataTable_PortalSpot,Key=1003052,Name=""Ulgar_Hunt_WM_02""),(GameDataType=EGameDataTable_PortalSpot,Key=1003053,Name=""Ulgar_Hunt_WM_03""))","((GameDataType=EGameDataTable_CraftList,Key=135,Name=""정예 용병의 재킷""))","(Type=-,GameDataType=EGameDataTable_ItemSettingType,Key=0,Name=""None"")","(GameDataType=EGameDataTable_ItemSetOption,Key=0,Name=""None"")","((Stat=(StatType=EGameStatType_Defense,AttackStat=EGameStat_Attack_None,DefenseStat=EGameStat_Defense_ArmorClass,ExtraStat=EGameStat_Extra_None),Value=20),(Stat=(StatType=EGameStatType_Defense,AttackStat=EGameStat_Attack_None,DefenseStat=EGameStat_Defense_ArmorClassSkill,ExtraStat=EGameStat_Extra_None),Value=5),(Stat=(StatType=EGameStatType_Defense,AttackStat=EGameStat_Attack_None,DefenseStat=EGameStat_Defense_DamageReduction,ExtraStat=EGameStat_Extra_None),Value=5),(Stat=(StatType=EGameStatType_Defense,AttackStat=EGameStat_Attack_None,DefenseStat=EGameStat_Defense_DoubleResist,ExtraStat=EGameStat_Extra_None),Value=4))","","1000","100","100","True","True","-1","0","False"
"2021243001","[SET-][공용]희귀 상의 티어 Tier3","LOCTABLE(""/Game/GameData/String_Main.String_Main"", ""Item_Name_2021243001"")","""/Game/Textures/Icons/Equip/Top/T_Top_Iron_Unique_03.T_Top_Iron_Unique_03""","None","None","None","""/Game/Blueprints/Actors/ItemDropMesh/BP_DropitemMesh_Base.BP_DropitemMesh_Base_C""","LOCTABLE(""/Game/GameData/String_Main.String_Main"", ""Item_Desc_2021243001"")","EItemType_Armor","EItemDetailType_Armor_Chest","EItemTagType_NormalItem","EUniversalGrade_Unique","True","True","False","True","True","True","False","True","True","False","True","(GameDataType=EGameDataTable_ItemEnhance,Key=3,Name=""강화테이블_방어구"")","True","12","4","0","20730","2073","1","1","ECharacterJobClass_DontCare","1","999","15","((GameDataType=EGameDataTable_PortalSpot,Key=1001052,Name=""Emberforge_Hunt_WM_01""),(GameDataType=EGameDataTable_PortalSpot,Key=1001053,Name=""Emberforge_Hunt_WM_02""),(GameDataType=EGameDataTable_PortalSpot,Key=1001054,Name=""Emberforge_Hunt_WM_03""),(GameDataType=EGameDataTable_PortalSpot,Key=1002052,Name=""Eisvan_Hunt_WM_01""),(GameDataType=EGameDataTable_PortalSpot,Key=1002053,Name=""Eisvan_Hunt_WM_02""),(GameDataType=EGameDataTable_PortalSpot,Key=1002054,Name=""Eisvan_Hunt_WM_03""),(GameDataType=EGameDataTable_PortalSpot,Key=1003051,Name=""Ulgar_Hunt_WM_01""),(GameDataType=EGameDataTable_PortalSpot,Key=1003052,Name=""Ulgar_Hunt_WM_02""),(GameDataType=EGameDataTable_PortalSpot,Key=1003053,Name=""Ulgar_Hunt_WM_03""))","((GameDataType=EGameDataTable_CraftList,Key=136,Name=""정예 전사의 갑옷""))","(Type=-,GameDataType=EGameDataTable_ItemSettingType,Key=0,Name=""None"")","(GameDataType=EGameDataTable_ItemSetOption,Key=0,Name=""None"")","((Stat=(StatType=EGameStatType_Defense,AttackStat=EGameStat_Attack_None,DefenseStat=EGameStat_Defense_ArmorClass,ExtraStat=EGameStat_Extra_None),Value=21),(Stat=(StatType=EGameStatType_Defense,AttackStat=EGameStat_Attack_None,DefenseStat=EGameStat_Defense_DamageReduction,ExtraStat=EGameStat_Extra_None),Value=7),(Stat=(StatType=EGameStatType_Defense,AttackStat=EGameStat_Attack_None,DefenseStat=EGameStat_Defense_DamageResistWeapon,ExtraStat=EGameStat_Extra_None),Value=6))","","1000","100","100","True","True","-1","0","False"
"2021243002","[SET-][공용]희귀 상의 티어 Tier3","LOCTABLE(""/Game/GameData/String_Main.String_Main"", ""Item_Name_2021243002"")","""/Game/Textures/Icons/Equip/Top/T_Top_Cloth_Unique_03.T_Top_Cloth_Unique_03""","None","None","None","""/Game/Blueprints/Actors/ItemDropMesh/BP_DropitemMesh_Base.BP_DropitemMesh_Base_C""","LOCTABLE(""/Game/GameData/String_Main.String_Main"", ""Item_Desc_2021243002"")","EItemType_Armor","EItemDetailType_Armor_Chest","EItemTagType_NormalItem","EUniversalGrade_Unique","True","True","False","True","True","True","False","True","True","False","True","(GameDataType=EGameDataTable_ItemEnhance,Key=3,Name=""강화테이블_방어구"")","True","12","4","0","20730","2073","1","1","ECharacterJobClass_DontCare","1","999","15","((GameDataType=EGameDataTable_PortalSpot,Key=1001052,Name=""Emberforge_Hunt_WM_01""),(GameDataType=EGameDataTable_PortalSpot,Key=1001053,Name=""Emberforge_Hunt_WM_02""),(GameDataType=EGameDataTable_PortalSpot,Key=1001054,Name=""Emberforge_Hunt_WM_03""),(GameDataType=EGameDataTable_PortalSpot,Key=1002052,Name=""Eisvan_Hunt_WM_01""),(GameDataType=EGameDataTable_PortalSpot,Key=1002053,Name=""Eisvan_Hunt_WM_02""),(GameDataType=EGameDataTable_PortalSpot,Key=1002054,Name=""Eisvan_Hunt_WM_03""),(GameDataType=EGameDataTable_PortalSpot,Key=1003051,Name=""Ulgar_Hunt_WM_01""),(GameDataType=EGameDataTable_PortalSpot,Key=1003052,Name=""Ulgar_Hunt_WM_02""),(GameDataType=EGameDataTable_PortalSpot,Key=1003053,Name=""Ulgar_Hunt_WM_03""))","((GameDataType=EGameDataTable_CraftList,Key=137,Name=""정예 전사의 로브""))","(Type=-,GameDataType=EGameDataTable_ItemSettingType,Key=0,Name=""None"")","(GameDataType=EGameDataTable_ItemSetOption,Key=0,Name=""None"")","((Stat=(StatType=EGameStatType_Defense,AttackStat=EGameStat_Attack_None,DefenseStat=EGameStat_Defense_ArmorClass,ExtraStat=EGameStat_Extra_None),Value=18),(Stat=(StatType=EGameStatType_Defense,AttackStat=EGameStat_Attack_None,DefenseStat=EGameStat_Defense_DamageReduction,ExtraStat=EGameStat_Extra_None),Value=5),(Stat=(StatType=EGameStatType_Defense,AttackStat=EGameStat_Attack_None,DefenseStat=EGameStat_Defense_DamageReductionSkill,ExtraStat=EGameStat_Extra_None),Value=3),(Stat=(StatType=EGameStatType_Defense,AttackStat=EGameStat_Attack_None,DefenseStat=EGameStat_Defense_DamageResistWeapon,ExtraStat=EGameStat_Extra_None),Value=4))","","1000","100","100","True","True","-1","0","False"
"2021243003","[SET-][공용]희귀 상의 티어 Tier3","LOCTABLE(""/Game/GameData/String_Main.String_Main"", ""Item_Name_2021243003"")","""/Game/Textures/Icons/Equip/Top/T_Top_Leather_Unique_03.T_Top_Leather_Unique_03""","None","None","None","""/Game/Blueprints/Actors/ItemDropMesh/BP_DropitemMesh_Base.BP_DropitemMesh_Base_C""","LOCTABLE(""/Game/GameData/String_Main.String_Main"", ""Item_Desc_2021243003"")","EItemType_Armor","EItemDetailType_Armor_Chest","EItemTagType_NormalItem","EUniversalGrade_Unique","True","True","False","True","True","True","False","True","True","False","True","(GameDataType=EGameDataTable_ItemEnhance,Key=3,Name=""강화테이블_방어구"")","True","12","4","0","20730","2073","1","1","ECharacterJobClass_DontCare","1","999","15","((GameDataType=EGameDataTable_PortalSpot,Key=1001052,Name=""Emberforge_Hunt_WM_01""),(GameDataType=EGameDataTable_PortalSpot,Key=1001053,Name=""Emberforge_Hunt_WM_02""),(GameDataType=EGameDataTable_PortalSpot,Key=1001054,Name=""Emberforge_Hunt_WM_03""),(GameDataType=EGameDataTable_PortalSpot,Key=1002052,Name=""Eisvan_Hunt_WM_01""),(GameDataType=EGameDataTable_PortalSpot,Key=1002053,Name=""Eisvan_Hunt_WM_02""),(GameDataType=EGameDataTable_PortalSpot,Key=1002054,Name=""Eisvan_Hunt_WM_03""),(GameDataType=EGameDataTable_PortalSpot,Key=1003051,Name=""Ulgar_Hunt_WM_01""),(GameDataType=EGameDataTable_PortalSpot,Key=1003052,Name=""Ulgar_Hunt_WM_02""),(GameDataType=EGameDataTable_PortalSpot,Key=1003053,Name=""Ulgar_Hunt_WM_03""))","((GameDataType=EGameDataTable_CraftList,Key=138,Name=""정예 전사의 재킷""))","(Type=-,GameDataType=EGameDataTable_ItemSettingType,Key=0,Name=""None"")","(GameDataType=EGameDataTable_ItemSetOption,Key=0,Name=""None"")","((Stat=(StatType=EGameStatType_Defense,AttackStat=EGameStat_Attack_None,DefenseStat=EGameStat_Defense_ArmorClass,ExtraStat=EGameStat_Extra_None),Value=20),(Stat=(StatType=EGameStatType_Defense,AttackStat=EGameStat_Attack_None,DefenseStat=EGameStat_Defense_DamageReduction,ExtraStat=EGameStat_Extra_None),Value=5),(Stat=(StatType=EGameStatType_Defense,AttackStat=EGameStat_Attack_None,DefenseStat=EGameStat_Defense_DoubleResist,ExtraStat=EGameStat_Extra_None),Value=4),(Stat=(StatType=EGameStatType_Defense,AttackStat=EGameStat_Attack_None,DefenseStat=EGameStat_Defense_DamageResistWeapon,ExtraStat=EGameStat_Extra_None),Value=5))","","1000","100","100","True","True","-1","0","False"
"2021341001","[SET-][공용]영웅 상의 티어 Tier1","LOCTABLE(""/Game/GameData/String_Main.String_Main"", ""Item_Name_2021341001"")","""/Game/Textures/Icons/Equip/Top/T_Top_Iron_Eqic_01.T_Top_Iron_Eqic_01""","None","None","None","""/Game/Blueprints/Actors/ItemDropMesh/BP_DropitemMesh_Base.BP_DropitemMesh_Base_C""","LOCTABLE(""/Game/GameData/String_Main.String_Main"", ""Item_Desc_2021341001"")","EItemType_Armor","EItemDetailType_Armor_Chest","EItemTagType_NormalItem","EUniversalGrade_Epic","True","True","False","True","True","True","False","True","True","False","True","(GameDataType=EGameDataTable_ItemEnhance,Key=3,Name=""강화테이블_방어구"")","True","12","4","0","262650","26265","1","1","ECharacterJobClass_DontCare","1","999","15","((GameDataType=EGameDataTable_PortalSpot,Key=1001052,Name=""Emberforge_Hunt_WM_01""),(GameDataType=EGameDataTable_PortalSpot,Key=1001053,Name=""Emberforge_Hunt_WM_02""),(GameDataType=EGameDataTable_PortalSpot,Key=1001054,Name=""Emberforge_Hunt_WM_03""),(GameDataType=EGameDataTable_PortalSpot,Key=1002052,Name=""Eisvan_Hunt_WM_01""),(GameDataType=EGameDataTable_PortalSpot,Key=1002053,Name=""Eisvan_Hunt_WM_02""),(GameDataType=EGameDataTable_PortalSpot,Key=1002054,Name=""Eisvan_Hunt_WM_03""),(GameDataType=EGameDataTable_PortalSpot,Key=1003051,Name=""Ulgar_Hunt_WM_01""),(GameDataType=EGameDataTable_PortalSpot,Key=1003052,Name=""Ulgar_Hunt_WM_02""),(GameDataType=EGameDataTable_PortalSpot,Key=1003053,Name=""Ulgar_Hunt_WM_03""))","((GameDataType=EGameDataTable_CraftList,Key=139,Name=""지휘관의 갑옷""))","(Type=-,GameDataType=EGameDataTable_ItemSettingType,Key=0,Name=""None"")","(GameDataType=EGameDataTable_ItemSetOption,Key=0,Name=""None"")","((Stat=(StatType=EGameStatType_Defense,AttackStat=EGameStat_Attack_None,DefenseStat=EGameStat_Defense_ArmorClass,ExtraStat=EGameStat_Extra_None),Value=27),(Stat=(StatType=EGameStatType_Defense,AttackStat=EGameStat_Attack_None,DefenseStat=EGameStat_Defense_ArmorClassSkill,ExtraStat=EGameStat_Extra_None),Value=10),(Stat=(StatType=EGameStatType_Defense,AttackStat=EGameStat_Attack_None,DefenseStat=EGameStat_Defense_DamageReduction,ExtraStat=EGameStat_Extra_None),Value=10),(Stat=(StatType=EGameStatType_Defense,AttackStat=EGameStat_Attack_None,DefenseStat=EGameStat_Defense_DamageResistWeapon,ExtraStat=EGameStat_Extra_None),Value=10))","","1000","100","100","True","True","-1","0","False"
"2021341002","[SET-][공용]영웅 상의 티어 Tier1","LOCTABLE(""/Game/GameData/String_Main.String_Main"", ""Item_Name_2021341002"")","""/Game/Textures/Icons/Equip/Top/T_Top_Cloth_Eqic_01.T_Top_Cloth_Eqic_01""","None","None","None","""/Game/Blueprints/Actors/ItemDropMesh/BP_DropitemMesh_Base.BP_DropitemMesh_Base_C""","LOCTABLE(""/Game/GameData/String_Main.String_Main"", ""Item_Desc_2021341002"")","EItemType_Armor","EItemDetailType_Armor_Chest","EItemTagType_NormalItem","EUniversalGrade_Epic","True","True","False","True","True","True","False","True","True","False","True","(GameDataType=EGameDataTable_ItemEnhance,Key=3,Name=""강화테이블_방어구"")","True","12","4","0","262650","26265","1","1","ECharacterJobClass_DontCare","1","999","15","((GameDataType=EGameDataTable_PortalSpot,Key=1001052,Name=""Emberforge_Hunt_WM_01""),(GameDataType=EGameDataTable_PortalSpot,Key=1001053,Name=""Emberforge_Hunt_WM_02""),(GameDataType=EGameDataTable_PortalSpot,Key=1001054,Name=""Emberforge_Hunt_WM_03""),(GameDataType=EGameDataTable_PortalSpot,Key=1002052,Name=""Eisvan_Hunt_WM_01""),(GameDataType=EGameDataTable_PortalSpot,Key=1002053,Name=""Eisvan_Hunt_WM_02""),(GameDataType=EGameDataTable_PortalSpot,Key=1002054,Name=""Eisvan_Hunt_WM_03""),(GameDataType=EGameDataTable_PortalSpot,Key=1003051,Name=""Ulgar_Hunt_WM_01""),(GameDataType=EGameDataTable_PortalSpot,Key=1003052,Name=""Ulgar_Hunt_WM_02""),(GameDataType=EGameDataTable_PortalSpot,Key=1003053,Name=""Ulgar_Hunt_WM_03""))","((GameDataType=EGameDataTable_CraftList,Key=140,Name=""지휘관의 로브""))","(Type=-,GameDataType=EGameDataTable_ItemSettingType,Key=0,Name=""None"")","(GameDataType=EGameDataTable_ItemSetOption,Key=0,Name=""None"")","((Stat=(StatType=EGameStatType_Defense,AttackStat=EGameStat_Attack_None,DefenseStat=EGameStat_Defense_ArmorClass,ExtraStat=EGameStat_Extra_None),Value=24),(Stat=(StatType=EGameStatType_Defense,AttackStat=EGameStat_Attack_None,DefenseStat=EGameStat_Defense_ArmorClassSkill,ExtraStat=EGameStat_Extra_None),Value=10),(Stat=(StatType=EGameStatType_Defense,AttackStat=EGameStat_Attack_None,DefenseStat=EGameStat_Defense_DamageReduction,ExtraStat=EGameStat_Extra_None),Value=8),(Stat=(StatType=EGameStatType_Defense,AttackStat=EGameStat_Attack_None,DefenseStat=EGameStat_Defense_DamageReductionSkill,ExtraStat=EGameStat_Extra_None),Value=4),(Stat=(StatType=EGameStatType_Defense,AttackStat=EGameStat_Attack_None,DefenseStat=EGameStat_Defense_DamageResistWeapon,ExtraStat=EGameStat_Extra_None),Value=6))","","1000","100","100","True","True","-1","0","False"
"2021341003","[SET-][공용]영웅 상의 티어 Tier1","LOCTABLE(""/Game/GameData/String_Main.String_Main"", ""Item_Name_2021341003"")","""/Game/Textures/Icons/Equip/Top/T_Top_Leather_Eqic_01.T_Top_Leather_Eqic_01""","None","None","None","""/Game/Blueprints/Actors/ItemDropMesh/BP_DropitemMesh_Base.BP_DropitemMesh_Base_C""","LOCTABLE(""/Game/GameData/String_Main.String_Main"", ""Item_Desc_2021341003"")","EItemType_Armor","EItemDetailType_Armor_Chest","EItemTagType_NormalItem","EUniversalGrade_Epic","True","True","False","True","True","True","False","True","True","False","True","(GameDataType=EGameDataTable_ItemEnhance,Key=3,Name=""강화테이블_방어구"")","True","12","4","0","262650","26265","1","1","ECharacterJobClass_DontCare","1","999","15","((GameDataType=EGameDataTable_PortalSpot,Key=1001052,Name=""Emberforge_Hunt_WM_01""),(GameDataType=EGameDataTable_PortalSpot,Key=1001053,Name=""Emberforge_Hunt_WM_02""),(GameDataType=EGameDataTable_PortalSpot,Key=1001054,Name=""Emberforge_Hunt_WM_03""),(GameDataType=EGameDataTable_PortalSpot,Key=1002052,Name=""Eisvan_Hunt_WM_01""),(GameDataType=EGameDataTable_PortalSpot,Key=1002053,Name=""Eisvan_Hunt_WM_02""),(GameDataType=EGameDataTable_PortalSpot,Key=1002054,Name=""Eisvan_Hunt_WM_03""),(GameDataType=EGameDataTable_PortalSpot,Key=1003051,Name=""Ulgar_Hunt_WM_01""),(GameDataType=EGameDataTable_PortalSpot,Key=1003052,Name=""Ulgar_Hunt_WM_02""),(GameDataType=EGameDataTable_PortalSpot,Key=1003053,Name=""Ulgar_Hunt_WM_03""))","((GameDataType=EGameDataTable_CraftList,Key=141,Name=""지휘관의 재킷""))","(Type=-,GameDataType=EGameDataTable_ItemSettingType,Key=0,Name=""None"")","(GameDataType=EGameDataTable_ItemSetOption,Key=0,Name=""None"")","((Stat=(StatType=EGameStatType_Defense,AttackStat=EGameStat_Attack_None,DefenseStat=EGameStat_Defense_ArmorClass,ExtraStat=EGameStat_Extra_None),Value=26),(Stat=(StatType=EGameStatType_Defense,AttackStat=EGameStat_Attack_None,DefenseStat=EGameStat_Defense_ArmorClassSkill,ExtraStat=EGameStat_Extra_None),Value=10),(Stat=(StatType=EGameStatType_Defense,AttackStat=EGameStat_Attack_None,DefenseStat=EGameStat_Defense_DamageReduction,ExtraStat=EGameStat_Extra_None),Value=8),(Stat=(StatType=EGameStatType_Defense,AttackStat=EGameStat_Attack_None,DefenseStat=EGameStat_Defense_DoubleResist,ExtraStat=EGameStat_Extra_None),Value=6),(Stat=(StatType=EGameStatType_Defense,AttackStat=EGameStat_Attack_None,DefenseStat=EGameStat_Defense_DamageResistWeapon,ExtraStat=EGameStat_Extra_None),Value=8))","","1000","100","100","True","True","-1","0","False"
"2022041001","[SET-][공용]일반 하의 티어 Tier1","LOCTABLE(""/Game/GameData/String_Main.String_Main"", ""Item_Name_2022041001"")","""/Game/Textures/Icons/Equip/Bottom/T_Bottom_Iron_Common_01.T_Bottom_Iron_Common_01""","None","None","None","""/Game/Blueprints/Actors/ItemDropMesh/BP_DropitemMesh_Base.BP_DropitemMesh_Base_C""","LOCTABLE(""/Game/GameData/String_Main.String_Main"", ""Item_Desc_2022041001"")","EItemType_Armor","EItemDetailType_Armor_Pants","EItemTagType_NormalItem","EUniversalGrade_Common","True","True","False","True","True","True","False","True","True","False","True","(GameDataType=EGameDataTable_ItemEnhance,Key=3,Name=""강화테이블_방어구"")","True","12","4","0","300","30","1","1","ECharacterJobClass_DontCare","1","999","15","((GameDataType=EGameDataTable_PortalSpot,Key=1001052,Name=""Emberforge_Hunt_WM_01""),(GameDataType=EGameDataTable_PortalSpot,Key=1001053,Name=""Emberforge_Hunt_WM_02""),(GameDataType=EGameDataTable_PortalSpot,Key=1001054,Name=""Emberforge_Hunt_WM_03""),(GameDataType=EGameDataTable_PortalSpot,Key=1002052,Name=""Eisvan_Hunt_WM_01""),(GameDataType=EGameDataTable_PortalSpot,Key=1002053,Name=""Eisvan_Hunt_WM_02""),(GameDataType=EGameDataTable_PortalSpot,Key=1002054,Name=""Eisvan_Hunt_WM_03""),(GameDataType=EGameDataTable_PortalSpot,Key=1003051,Name=""Ulgar_Hunt_WM_01""),(GameDataType=EGameDataTable_PortalSpot,Key=1003052,Name=""Ulgar_Hunt_WM_02""),(GameDataType=EGameDataTable_PortalSpot,Key=1003053,Name=""Ulgar_Hunt_WM_03""))","((GameDataType=EGameDataTable_CraftList,Key=142,Name=""초심자의 각반""))","(Type=-,GameDataType=EGameDataTable_ItemSettingType,Key=0,Name=""None"")","(GameDataType=EGameDataTable_ItemSetOption,Key=0,Name=""None"")","((Stat=(StatType=EGameStatType_Defense,AttackStat=EGameStat_Attack_None,DefenseStat=EGameStat_Defense_ArmorClass,ExtraStat=EGameStat_Extra_None),Value=5),(Stat=(StatType=EGameStatType_Extra,AttackStat=EGameStat_Attack_None,DefenseStat=EGameStat_Defense_None,ExtraStat=EGameStat_Extra_HPMax),Value=180))","","1000","100","100","True","True","-1","0","False"
"2022041002","[SET-][공용]일반 하의 티어 Tier1","LOCTABLE(""/Game/GameData/String_Main.String_Main"", ""Item_Name_2022041002"")","""/Game/Textures/Icons/Equip/Bottom/T_Bottom_Cloth_Common_01.T_Bottom_Cloth_Common_01""","None","None","None","""/Game/Blueprints/Actors/ItemDropMesh/BP_DropitemMesh_Base.BP_DropitemMesh_Base_C""","LOCTABLE(""/Game/GameData/String_Main.String_Main"", ""Item_Desc_2022041002"")","EItemType_Armor","EItemDetailType_Armor_Pants","EItemTagType_NormalItem","EUniversalGrade_Common","True","True","False","True","True","True","False","True","True","False","True","(GameDataType=EGameDataTable_ItemEnhance,Key=3,Name=""강화테이블_방어구"")","True","12","4","0","300","30","1","1","ECharacterJobClass_DontCare","1","999","15","((GameDataType=EGameDataTable_PortalSpot,Key=1001052,Name=""Emberforge_Hunt_WM_01""),(GameDataType=EGameDataTable_PortalSpot,Key=1001053,Name=""Emberforge_Hunt_WM_02""),(GameDataType=EGameDataTable_PortalSpot,Key=1001054,Name=""Emberforge_Hunt_WM_03""),(GameDataType=EGameDataTable_PortalSpot,Key=1002052,Name=""Eisvan_Hunt_WM_01""),(GameDataType=EGameDataTable_PortalSpot,Key=1002053,Name=""Eisvan_Hunt_WM_02""),(GameDataType=EGameDataTable_PortalSpot,Key=1002054,Name=""Eisvan_Hunt_WM_03""),(GameDataType=EGameDataTable_PortalSpot,Key=1003051,Name=""Ulgar_Hunt_WM_01""),(GameDataType=EGameDataTable_PortalSpot,Key=1003052,Name=""Ulgar_Hunt_WM_02""),(GameDataType=EGameDataTable_PortalSpot,Key=1003053,Name=""Ulgar_Hunt_WM_03""))","((GameDataType=EGameDataTable_CraftList,Key=143,Name=""초심자의 천 바지""))","(Type=-,GameDataType=EGameDataTable_ItemSettingType,Key=0,Name=""None"")","(GameDataType=EGameDataTable_ItemSetOption,Key=0,Name=""None"")","((Stat=(StatType=EGameStatType_Defense,AttackStat=EGameStat_Attack_None,DefenseStat=EGameStat_Defense_ArmorClass,ExtraStat=EGameStat_Extra_None),Value=4),(Stat=(StatType=EGameStatType_Extra,AttackStat=EGameStat_Attack_None,DefenseStat=EGameStat_Defense_None,ExtraStat=EGameStat_Extra_HPMax),Value=90),(Stat=(StatType=EGameStatType_Extra,AttackStat=EGameStat_Attack_None,DefenseStat=EGameStat_Defense_None,ExtraStat=EGameStat_Extra_MPMax),Value=50))","","1000","100","100","True","True","-1","0","False"
"2022041003","[SET-][공용]일반 하의 티어 Tier1","LOCTABLE(""/Game/GameData/String_Main.String_Main"", ""Item_Name_2022041003"")","""/Game/Textures/Icons/Equip/Bottom/T_Bottom_Leather_Common_01.T_Bottom_Leather_Common_01""","None","None","None","""/Game/Blueprints/Actors/ItemDropMesh/BP_DropitemMesh_Base.BP_DropitemMesh_Base_C""","LOCTABLE(""/Game/GameData/String_Main.String_Main"", ""Item_Desc_2022041003"")","EItemType_Armor","EItemDetailType_Armor_Pants","EItemTagType_NormalItem","EUniversalGrade_Common","True","True","False","True","True","True","False","True","True","False","True","(GameDataType=EGameDataTable_ItemEnhance,Key=3,Name=""강화테이블_방어구"")","True","12","4","0","300","30","1","1","ECharacterJobClass_DontCare","1","999","15","((GameDataType=EGameDataTable_PortalSpot,Key=1001052,Name=""Emberforge_Hunt_WM_01""),(GameDataType=EGameDataTable_PortalSpot,Key=1001053,Name=""Emberforge_Hunt_WM_02""),(GameDataType=EGameDataTable_PortalSpot,Key=1001054,Name=""Emberforge_Hunt_WM_03""),(GameDataType=EGameDataTable_PortalSpot,Key=1002052,Name=""Eisvan_Hunt_WM_01""),(GameDataType=EGameDataTable_PortalSpot,Key=1002053,Name=""Eisvan_Hunt_WM_02""),(GameDataType=EGameDataTable_PortalSpot,Key=1002054,Name=""Eisvan_Hunt_WM_03""),(GameDataType=EGameDataTable_PortalSpot,Key=1003051,Name=""Ulgar_Hunt_WM_01""),(GameDataType=EGameDataTable_PortalSpot,Key=1003052,Name=""Ulgar_Hunt_WM_02""),(GameDataType=EGameDataTable_PortalSpot,Key=1003053,Name=""Ulgar_Hunt_WM_03""))","((GameDataType=EGameDataTable_CraftList,Key=144,Name=""초심자의 가죽 바지""))","(Type=-,GameDataType=EGameDataTable_ItemSettingType,Key=0,Name=""None"")","(GameDataType=EGameDataTable_ItemSetOption,Key=0,Name=""None"")","((Stat=(StatType=EGameStatType_Defense,AttackStat=EGameStat_Attack_None,DefenseStat=EGameStat_Defense_ArmorClass,ExtraStat=EGameStat_Extra_None),Value=4),(Stat=(StatType=EGameStatType_Extra,AttackStat=EGameStat_Attack_None,DefenseStat=EGameStat_Defense_None,ExtraStat=EGameStat_Extra_HPMax),Value=135),(Stat=(StatType=EGameStatType_Defense,AttackStat=EGameStat_Attack_None,DefenseStat=EGameStat_Defense_DamageResistAoE,ExtraStat=EGameStat_Extra_None),Value=2))","","1000","100","100","True","True","-1","0","False"
"2022042001","[SET-][공용]일반 하의 티어 Tier2","LOCTABLE(""/Game/GameData/String_Main.String_Main"", ""Item_Name_2022042001"")","""/Game/Textures/Icons/Equip/Bottom/T_Bottom_Iron_Common_02.T_Bottom_Iron_Common_02""","None","None","None","""/Game/Blueprints/Actors/ItemDropMesh/BP_DropitemMesh_Base.BP_DropitemMesh_Base_C""","LOCTABLE(""/Game/GameData/String_Main.String_Main"", ""Item_Desc_2022042001"")","EItemType_Armor","EItemDetailType_Armor_Pants","EItemTagType_NormalItem","EUniversalGrade_Common","True","True","False","True","True","True","False","True","True","False","True","(GameDataType=EGameDataTable_ItemEnhance,Key=3,Name=""강화테이블_방어구"")","True","12","4","0","390","39","1","1","ECharacterJobClass_DontCare","1","999","15","((GameDataType=EGameDataTable_PortalSpot,Key=1001052,Name=""Emberforge_Hunt_WM_01""),(GameDataType=EGameDataTable_PortalSpot,Key=1001053,Name=""Emberforge_Hunt_WM_02""),(GameDataType=EGameDataTable_PortalSpot,Key=1001054,Name=""Emberforge_Hunt_WM_03""),(GameDataType=EGameDataTable_PortalSpot,Key=1002052,Name=""Eisvan_Hunt_WM_01""),(GameDataType=EGameDataTable_PortalSpot,Key=1002053,Name=""Eisvan_Hunt_WM_02""),(GameDataType=EGameDataTable_PortalSpot,Key=1002054,Name=""Eisvan_Hunt_WM_03""),(GameDataType=EGameDataTable_PortalSpot,Key=1003051,Name=""Ulgar_Hunt_WM_01""),(GameDataType=EGameDataTable_PortalSpot,Key=1003052,Name=""Ulgar_Hunt_WM_02""),(GameDataType=EGameDataTable_PortalSpot,Key=1003053,Name=""Ulgar_Hunt_WM_03""))","((GameDataType=EGameDataTable_CraftList,Key=145,Name=""용병의 각반""))","(Type=-,GameDataType=EGameDataTable_ItemSettingType,Key=0,Name=""None"")","(GameDataType=EGameDataTable_ItemSetOption,Key=0,Name=""None"")","((Stat=(StatType=EGameStatType_Defense,AttackStat=EGameStat_Attack_None,DefenseStat=EGameStat_Defense_ArmorClass,ExtraStat=EGameStat_Extra_None),Value=5),(Stat=(StatType=EGameStatType_Extra,AttackStat=EGameStat_Attack_None,DefenseStat=EGameStat_Defense_None,ExtraStat=EGameStat_Extra_HPMax),Value=180),(Stat=(StatType=EGameStatType_Extra,AttackStat=EGameStat_Attack_None,DefenseStat=EGameStat_Defense_None,ExtraStat=EGameStat_Extra_HPRecoverTick),Value=2))","","1000","100","100","True","True","-1","0","False"
"2022042002","[SET-][공용]일반 하의 티어 Tier2","LOCTABLE(""/Game/GameData/String_Main.String_Main"", ""Item_Name_2022042002"")","""/Game/Textures/Icons/Equip/Bottom/T_Bottom_Cloth_Common_02.T_Bottom_Cloth_Common_02""","None","None","None","""/Game/Blueprints/Actors/ItemDropMesh/BP_DropitemMesh_Base.BP_DropitemMesh_Base_C""","LOCTABLE(""/Game/GameData/String_Main.String_Main"", ""Item_Desc_2022042002"")","EItemType_Armor","EItemDetailType_Armor_Pants","EItemTagType_NormalItem","EUniversalGrade_Common","True","True","False","True","True","True","False","True","True","False","True","(GameDataType=EGameDataTable_ItemEnhance,Key=3,Name=""강화테이블_방어구"")","True","12","4","0","390","39","1","1","ECharacterJobClass_DontCare","1","999","15","((GameDataType=EGameDataTable_PortalSpot,Key=1001052,Name=""Emberforge_Hunt_WM_01""),(GameDataType=EGameDataTable_PortalSpot,Key=1001053,Name=""Emberforge_Hunt_WM_02""),(GameDataType=EGameDataTable_PortalSpot,Key=1001054,Name=""Emberforge_Hunt_WM_03""),(GameDataType=EGameDataTable_PortalSpot,Key=1002052,Name=""Eisvan_Hunt_WM_01""),(GameDataType=EGameDataTable_PortalSpot,Key=1002053,Name=""Eisvan_Hunt_WM_02""),(GameDataType=EGameDataTable_PortalSpot,Key=1002054,Name=""Eisvan_Hunt_WM_03""),(GameDataType=EGameDataTable_PortalSpot,Key=1003051,Name=""Ulgar_Hunt_WM_01""),(GameDataType=EGameDataTable_PortalSpot,Key=1003052,Name=""Ulgar_Hunt_WM_02""),(GameDataType=EGameDataTable_PortalSpot,Key=1003053,Name=""Ulgar_Hunt_WM_03""))","((GameDataType=EGameDataTable_CraftList,Key=146,Name=""용병의 천 바지""))","(Type=-,GameDataType=EGameDataTable_ItemSettingType,Key=0,Name=""None"")","(GameDataType=EGameDataTable_ItemSetOption,Key=0,Name=""None"")","((Stat=(StatType=EGameStatType_Defense,AttackStat=EGameStat_Attack_None,DefenseStat=EGameStat_Defense_ArmorClass,ExtraStat=EGameStat_Extra_None),Value=4),(Stat=(StatType=EGameStatType_Extra,AttackStat=EGameStat_Attack_None,DefenseStat=EGameStat_Defense_None,ExtraStat=EGameStat_Extra_HPMax),Value=90),(Stat=(StatType=EGameStatType_Extra,AttackStat=EGameStat_Attack_None,DefenseStat=EGameStat_Defense_None,ExtraStat=EGameStat_Extra_MPMax),Value=50),(Stat=(StatType=EGameStatType_Extra,AttackStat=EGameStat_Attack_None,DefenseStat=EGameStat_Defense_None,ExtraStat=EGameStat_Extra_MPRecoverTick),Value=2))","","1000","100","100","True","True","-1","0","False"
"2022042003","[SET-][공용]일반 하의 티어 Tier2","LOCTABLE(""/Game/GameData/String_Main.String_Main"", ""Item_Name_2022042003"")","""/Game/Textures/Icons/Equip/Bottom/T_Bottom_Leather_Common_02.T_Bottom_Leather_Common_02""","None","None","None","""/Game/Blueprints/Actors/ItemDropMesh/BP_DropitemMesh_Base.BP_DropitemMesh_Base_C""","LOCTABLE(""/Game/GameData/String_Main.String_Main"", ""Item_Desc_2022042003"")","EItemType_Armor","EItemDetailType_Armor_Pants","EItemTagType_NormalItem","EUniversalGrade_Common","True","True","False","True","True","True","False","True","True","False","True","(GameDataType=EGameDataTable_ItemEnhance,Key=3,Name=""강화테이블_방어구"")","True","12","4","0","390","39","1","1","ECharacterJobClass_DontCare","1","999","15","((GameDataType=EGameDataTable_PortalSpot,Key=1001052,Name=""Emberforge_Hunt_WM_01""),(GameDataType=EGameDataTable_PortalSpot,Key=1001053,Name=""Emberforge_Hunt_WM_02""),(GameDataType=EGameDataTable_PortalSpot,Key=1001054,Name=""Emberforge_Hunt_WM_03""),(GameDataType=EGameDataTable_PortalSpot,Key=1002052,Name=""Eisvan_Hunt_WM_01""),(GameDataType=EGameDataTable_PortalSpot,Key=1002053,Name=""Eisvan_Hunt_WM_02""),(GameDataType=EGameDataTable_PortalSpot,Key=1002054,Name=""Eisvan_Hunt_WM_03""),(GameDataType=EGameDataTable_PortalSpot,Key=1003051,Name=""Ulgar_Hunt_WM_01""),(GameDataType=EGameDataTable_PortalSpot,Key=1003052,Name=""Ulgar_Hunt_WM_02""),(GameDataType=EGameDataTable_PortalSpot,Key=1003053,Name=""Ulgar_Hunt_WM_03""))","((GameDataType=EGameDataTable_CraftList,Key=147,Name=""용병의 가죽 바지""))","(Type=-,GameDataType=EGameDataTable_ItemSettingType,Key=0,Name=""None"")","(GameDataType=EGameDataTable_ItemSetOption,Key=0,Name=""None"")","((Stat=(StatType=EGameStatType_Defense,AttackStat=EGameStat_Attack_None,DefenseStat=EGameStat_Defense_ArmorClass,ExtraStat=EGameStat_Extra_None),Value=4),(Stat=(StatType=EGameStatType_Extra,AttackStat=EGameStat_Attack_None,DefenseStat=EGameStat_Defense_None,ExtraStat=EGameStat_Extra_HPMax),Value=135),(Stat=(StatType=EGameStatType_Defense,AttackStat=EGameStat_Attack_None,DefenseStat=EGameStat_Defense_DamageResistAoE,ExtraStat=EGameStat_Extra_None),Value=2),(Stat=(StatType=EGameStatType_Extra,AttackStat=EGameStat_Attack_None,DefenseStat=EGameStat_Defense_None,ExtraStat=EGameStat_Extra_HPRecoverTick),Value=2))","","1000","100","100","True","True","-1","0","False"
"2022141001","[SET-][공용]고급 하의 티어 Tier1","LOCTABLE(""/Game/GameData/String_Main.String_Main"", ""Item_Name_2022141001"")","""/Game/Textures/Icons/Equip/Bottom/T_Bottom_Iron_Rare_01.T_Bottom_Iron_Rare_01""","None","None","None","""/Game/Blueprints/Actors/ItemDropMesh/BP_DropitemMesh_Base.BP_DropitemMesh_Base_C""","LOCTABLE(""/Game/GameData/String_Main.String_Main"", ""Item_Desc_2022141001"")","EItemType_Armor","EItemDetailType_Armor_Pants","EItemTagType_NormalItem","EUniversalGrade_Rare","True","True","False","True","True","True","False","True","True","False","True","(GameDataType=EGameDataTable_ItemEnhance,Key=3,Name=""강화테이블_방어구"")","True","12","4","0","1440","144","1","1","ECharacterJobClass_DontCare","1","999","15","((GameDataType=EGameDataTable_PortalSpot,Key=1001052,Name=""Emberforge_Hunt_WM_01""),(GameDataType=EGameDataTable_PortalSpot,Key=1001053,Name=""Emberforge_Hunt_WM_02""),(GameDataType=EGameDataTable_PortalSpot,Key=1001054,Name=""Emberforge_Hunt_WM_03""),(GameDataType=EGameDataTable_PortalSpot,Key=1002052,Name=""Eisvan_Hunt_WM_01""),(GameDataType=EGameDataTable_PortalSpot,Key=1002053,Name=""Eisvan_Hunt_WM_02""),(GameDataType=EGameDataTable_PortalSpot,Key=1002054,Name=""Eisvan_Hunt_WM_03""),(GameDataType=EGameDataTable_PortalSpot,Key=1003051,Name=""Ulgar_Hunt_WM_01""),(GameDataType=EGameDataTable_PortalSpot,Key=1003052,Name=""Ulgar_Hunt_WM_02""),(GameDataType=EGameDataTable_PortalSpot,Key=1003053,Name=""Ulgar_Hunt_WM_03""))","((GameDataType=EGameDataTable_CraftList,Key=148,Name=""숙련 모험가의 각반""))","(Type=-,GameDataType=EGameDataTable_ItemSettingType,Key=0,Name=""None"")","(GameDataType=EGameDataTable_ItemSetOption,Key=0,Name=""None"")","((Stat=(StatType=EGameStatType_Defense,AttackStat=EGameStat_Attack_None,DefenseStat=EGameStat_Defense_ArmorClass,ExtraStat=EGameStat_Extra_None),Value=12),(Stat=(StatType=EGameStatType_Extra,AttackStat=EGameStat_Attack_None,DefenseStat=EGameStat_Defense_None,ExtraStat=EGameStat_Extra_HPMax),Value=260))","","1000","100","100","True","True","-1","0","False"
"2022141002","[SET-][공용]고급 하의 티어 Tier1","LOCTABLE(""/Game/GameData/String_Main.String_Main"", ""Item_Name_2022141002"")","""/Game/Textures/Icons/Equip/Bottom/T_Bottom_Cloth_Rare_01.T_Bottom_Cloth_Rare_01""","None","None","None","""/Game/Blueprints/Actors/ItemDropMesh/BP_DropitemMesh_Base.BP_DropitemMesh_Base_C""","LOCTABLE(""/Game/GameData/String_Main.String_Main"", ""Item_Desc_2022141002"")","EItemType_Armor","EItemDetailType_Armor_Pants","EItemTagType_NormalItem","EUniversalGrade_Rare","True","True","False","True","True","True","False","True","True","False","True","(GameDataType=EGameDataTable_ItemEnhance,Key=3,Name=""강화테이블_방어구"")","True","12","4","0","1440","144","1","1","ECharacterJobClass_DontCare","1","999","15","((GameDataType=EGameDataTable_PortalSpot,Key=1001052,Name=""Emberforge_Hunt_WM_01""),(GameDataType=EGameDataTable_PortalSpot,Key=1001053,Name=""Emberforge_Hunt_WM_02""),(GameDataType=EGameDataTable_PortalSpot,Key=1001054,Name=""Emberforge_Hunt_WM_03""),(GameDataType=EGameDataTable_PortalSpot,Key=1002052,Name=""Eisvan_Hunt_WM_01""),(GameDataType=EGameDataTable_PortalSpot,Key=1002053,Name=""Eisvan_Hunt_WM_02""),(GameDataType=EGameDataTable_PortalSpot,Key=1002054,Name=""Eisvan_Hunt_WM_03""),(GameDataType=EGameDataTable_PortalSpot,Key=1003051,Name=""Ulgar_Hunt_WM_01""),(GameDataType=EGameDataTable_PortalSpot,Key=1003052,Name=""Ulgar_Hunt_WM_02""),(GameDataType=EGameDataTable_PortalSpot,Key=1003053,Name=""Ulgar_Hunt_WM_03""))","((GameDataType=EGameDataTable_CraftList,Key=149,Name=""숙련 모험가의 천 바지""))","(Type=-,GameDataType=EGameDataTable_ItemSettingType,Key=0,Name=""None"")","(GameDataType=EGameDataTable_ItemSetOption,Key=0,Name=""None"")","((Stat=(StatType=EGameStatType_Defense,AttackStat=EGameStat_Attack_None,DefenseStat=EGameStat_Defense_ArmorClass,ExtraStat=EGameStat_Extra_None),Value=10),(Stat=(StatType=EGameStatType_Extra,AttackStat=EGameStat_Attack_None,DefenseStat=EGameStat_Defense_None,ExtraStat=EGameStat_Extra_HPMax),Value=130),(Stat=(StatType=EGameStatType_Extra,AttackStat=EGameStat_Attack_None,DefenseStat=EGameStat_Defense_None,ExtraStat=EGameStat_Extra_MPMax),Value=80))","","1000","100","100","True","True","-1","0","False"
"2022141003","[SET-][공용]고급 하의 티어 Tier1","LOCTABLE(""/Game/GameData/String_Main.String_Main"", ""Item_Name_2022141003"")","""/Game/Textures/Icons/Equip/Bottom/T_Bottom_Leather_Rare_01.T_Bottom_Leather_Rare_01""","None","None","None","""/Game/Blueprints/Actors/ItemDropMesh/BP_DropitemMesh_Base.BP_DropitemMesh_Base_C""","LOCTABLE(""/Game/GameData/String_Main.String_Main"", ""Item_Desc_2022141003"")","EItemType_Armor","EItemDetailType_Armor_Pants","EItemTagType_NormalItem","EUniversalGrade_Rare","True","True","False","True","True","True","False","True","True","False","True","(GameDataType=EGameDataTable_ItemEnhance,Key=3,Name=""강화테이블_방어구"")","True","12","4","0","1440","144","1","1","ECharacterJobClass_DontCare","1","999","15","((GameDataType=EGameDataTable_PortalSpot,Key=1001052,Name=""Emberforge_Hunt_WM_01""),(GameDataType=EGameDataTable_PortalSpot,Key=1001053,Name=""Emberforge_Hunt_WM_02""),(GameDataType=EGameDataTable_PortalSpot,Key=1001054,Name=""Emberforge_Hunt_WM_03""),(GameDataType=EGameDataTable_PortalSpot,Key=1002052,Name=""Eisvan_Hunt_WM_01""),(GameDataType=EGameDataTable_PortalSpot,Key=1002053,Name=""Eisvan_Hunt_WM_02""),(GameDataType=EGameDataTable_PortalSpot,Key=1002054,Name=""Eisvan_Hunt_WM_03""),(GameDataType=EGameDataTable_PortalSpot,Key=1003051,Name=""Ulgar_Hunt_WM_01""),(GameDataType=EGameDataTable_PortalSpot,Key=1003052,Name=""Ulgar_Hunt_WM_02""),(GameDataType=EGameDataTable_PortalSpot,Key=1003053,Name=""Ulgar_Hunt_WM_03""))","((GameDataType=EGameDataTable_CraftList,Key=150,Name=""숙련 모험가의 가죽 바지""))","(Type=-,GameDataType=EGameDataTable_ItemSettingType,Key=0,Name=""None"")","(GameDataType=EGameDataTable_ItemSetOption,Key=0,Name=""None"")","((Stat=(StatType=EGameStatType_Defense,AttackStat=EGameStat_Attack_None,DefenseStat=EGameStat_Defense_ArmorClass,ExtraStat=EGameStat_Extra_None),Value=11),(Stat=(StatType=EGameStatType_Extra,AttackStat=EGameStat_Attack_None,DefenseStat=EGameStat_Defense_None,ExtraStat=EGameStat_Extra_HPMax),Value=195),(Stat=(StatType=EGameStatType_Defense,AttackStat=EGameStat_Attack_None,DefenseStat=EGameStat_Defense_DamageResistAoE,ExtraStat=EGameStat_Extra_None),Value=3))","","1000","100","100","True","True","-1","0","False"
"2022142001","[SET-][공용]고급 하의 티어 Tier2","LOCTABLE(""/Game/GameData/String_Main.String_Main"", ""Item_Name_2022142001"")","""/Game/Textures/Icons/Equip/Bottom/T_Bottom_Iron_Rare_02.T_Bottom_Iron_Rare_02""","None","None","None","""/Game/Blueprints/Actors/ItemDropMesh/BP_DropitemMesh_Base.BP_DropitemMesh_Base_C""","LOCTABLE(""/Game/GameData/String_Main.String_Main"", ""Item_Desc_2022142001"")","EItemType_Armor","EItemDetailType_Armor_Pants","EItemTagType_NormalItem","EUniversalGrade_Rare","True","True","False","True","True","True","False","True","True","False","True","(GameDataType=EGameDataTable_ItemEnhance,Key=3,Name=""강화테이블_방어구"")","True","12","4","0","1870","187","1","1","ECharacterJobClass_DontCare","1","999","15","((GameDataType=EGameDataTable_PortalSpot,Key=1001052,Name=""Emberforge_Hunt_WM_01""),(GameDataType=EGameDataTable_PortalSpot,Key=1001053,Name=""Emberforge_Hunt_WM_02""),(GameDataType=EGameDataTable_PortalSpot,Key=1001054,Name=""Emberforge_Hunt_WM_03""),(GameDataType=EGameDataTable_PortalSpot,Key=1002052,Name=""Eisvan_Hunt_WM_01""),(GameDataType=EGameDataTable_PortalSpot,Key=1002053,Name=""Eisvan_Hunt_WM_02""),(GameDataType=EGameDataTable_PortalSpot,Key=1002054,Name=""Eisvan_Hunt_WM_03""),(GameDataType=EGameDataTable_PortalSpot,Key=1003051,Name=""Ulgar_Hunt_WM_01""),(GameDataType=EGameDataTable_PortalSpot,Key=1003052,Name=""Ulgar_Hunt_WM_02""),(GameDataType=EGameDataTable_PortalSpot,Key=1003053,Name=""Ulgar_Hunt_WM_03""))","((GameDataType=EGameDataTable_CraftList,Key=151,Name=""숙련 용병의 각반""))","(Type=-,GameDataType=EGameDataTable_ItemSettingType,Key=0,Name=""None"")","(GameDataType=EGameDataTable_ItemSetOption,Key=0,Name=""None"")","((Stat=(StatType=EGameStatType_Defense,AttackStat=EGameStat_Attack_None,DefenseStat=EGameStat_Defense_ArmorClass,ExtraStat=EGameStat_Extra_None),Value=12),(Stat=(StatType=EGameStatType_Extra,AttackStat=EGameStat_Attack_None,DefenseStat=EGameStat_Defense_None,ExtraStat=EGameStat_Extra_HPMax),Value=260),(Stat=(StatType=EGameStatType_Extra,AttackStat=EGameStat_Attack_None,DefenseStat=EGameStat_Defense_None,ExtraStat=EGameStat_Extra_HPRecoverTick),Value=5))","","1000","100","100","True","True","-1","0","False"
"2022142002","[SET-][공용]고급 하의 티어 Tier2","LOCTABLE(""/Game/GameData/String_Main.String_Main"", ""Item_Name_2022142002"")","""/Game/Textures/Icons/Equip/Bottom/T_Bottom_Cloth_Rare_02.T_Bottom_Cloth_Rare_02""","None","None","None","""/Game/Blueprints/Actors/ItemDropMesh/BP_DropitemMesh_Base.BP_DropitemMesh_Base_C""","LOCTABLE(""/Game/GameData/String_Main.String_Main"", ""Item_Desc_2022142002"")","EItemType_Armor","EItemDetailType_Armor_Pants","EItemTagType_NormalItem","EUniversalGrade_Rare","True","True","False","True","True","True","False","True","True","False","True","(GameDataType=EGameDataTable_ItemEnhance,Key=3,Name=""강화테이블_방어구"")","True","12","4","0","1870","187","1","1","ECharacterJobClass_DontCare","1","999","15","((GameDataType=EGameDataTable_PortalSpot,Key=1001052,Name=""Emberforge_Hunt_WM_01""),(GameDataType=EGameDataTable_PortalSpot,Key=1001053,Name=""Emberforge_Hunt_WM_02""),(GameDataType=EGameDataTable_PortalSpot,Key=1001054,Name=""Emberforge_Hunt_WM_03""),(GameDataType=EGameDataTable_PortalSpot,Key=1002052,Name=""Eisvan_Hunt_WM_01""),(GameDataType=EGameDataTable_PortalSpot,Key=1002053,Name=""Eisvan_Hunt_WM_02""),(GameDataType=EGameDataTable_PortalSpot,Key=1002054,Name=""Eisvan_Hunt_WM_03""),(GameDataType=EGameDataTable_PortalSpot,Key=1003051,Name=""Ulgar_Hunt_WM_01""),(GameDataType=EGameDataTable_PortalSpot,Key=1003052,Name=""Ulgar_Hunt_WM_02""),(GameDataType=EGameDataTable_PortalSpot,Key=1003053,Name=""Ulgar_Hunt_WM_03""))","((GameDataType=EGameDataTable_CraftList,Key=152,Name=""숙련 용병의 천 바지""))","(Type=-,GameDataType=EGameDataTable_ItemSettingType,Key=0,Name=""None"")","(GameDataType=EGameDataTable_ItemSetOption,Key=0,Name=""None"")","((Stat=(StatType=EGameStatType_Defense,AttackStat=EGameStat_Attack_None,DefenseStat=EGameStat_Defense_ArmorClass,ExtraStat=EGameStat_Extra_None),Value=10),(Stat=(StatType=EGameStatType_Extra,AttackStat=EGameStat_Attack_None,DefenseStat=EGameStat_Defense_None,ExtraStat=EGameStat_Extra_HPMax),Value=130),(Stat=(StatType=EGameStatType_Extra,AttackStat=EGameStat_Attack_None,DefenseStat=EGameStat_Defense_None,ExtraStat=EGameStat_Extra_MPMax),Value=80),(Stat=(StatType=EGameStatType_Extra,AttackStat=EGameStat_Attack_None,DefenseStat=EGameStat_Defense_None,ExtraStat=EGameStat_Extra_MPRecoverTick),Value=5))","","1000","100","100","True","True","-1","0","False"
"2022142003","[SET-][공용]고급 하의 티어 Tier2","LOCTABLE(""/Game/GameData/String_Main.String_Main"", ""Item_Name_2022142003"")","""/Game/Textures/Icons/Equip/Bottom/T_Bottom_Leather_Rare_02.T_Bottom_Leather_Rare_02""","None","None","None","""/Game/Blueprints/Actors/ItemDropMesh/BP_DropitemMesh_Base.BP_DropitemMesh_Base_C""","LOCTABLE(""/Game/GameData/String_Main.String_Main"", ""Item_Desc_2022142003"")","EItemType_Armor","EItemDetailType_Armor_Pants","EItemTagType_NormalItem","EUniversalGrade_Rare","True","True","False","True","True","True","False","True","True","False","True","(GameDataType=EGameDataTable_ItemEnhance,Key=3,Name=""강화테이블_방어구"")","True","12","4","0","1870","187","1","1","ECharacterJobClass_DontCare","1","999","15","((GameDataType=EGameDataTable_PortalSpot,Key=1001052,Name=""Emberforge_Hunt_WM_01""),(GameDataType=EGameDataTable_PortalSpot,Key=1001053,Name=""Emberforge_Hunt_WM_02""),(GameDataType=EGameDataTable_PortalSpot,Key=1001054,Name=""Emberforge_Hunt_WM_03""),(GameDataType=EGameDataTable_PortalSpot,Key=1002052,Name=""Eisvan_Hunt_WM_01""),(GameDataType=EGameDataTable_PortalSpot,Key=1002053,Name=""Eisvan_Hunt_WM_02""),(GameDataType=EGameDataTable_PortalSpot,Key=1002054,Name=""Eisvan_Hunt_WM_03""),(GameDataType=EGameDataTable_PortalSpot,Key=1003051,Name=""Ulgar_Hunt_WM_01""),(GameDataType=EGameDataTable_PortalSpot,Key=1003052,Name=""Ulgar_Hunt_WM_02""),(GameDataType=EGameDataTable_PortalSpot,Key=1003053,Name=""Ulgar_Hunt_WM_03""))","((GameDataType=EGameDataTable_CraftList,Key=153,Name=""숙련 용병의 가죽 바지""))","(Type=-,GameDataType=EGameDataTable_ItemSettingType,Key=0,Name=""None"")","(GameDataType=EGameDataTable_ItemSetOption,Key=0,Name=""None"")","((Stat=(StatType=EGameStatType_Defense,AttackStat=EGameStat_Attack_None,DefenseStat=EGameStat_Defense_ArmorClass,ExtraStat=EGameStat_Extra_None),Value=11),(Stat=(StatType=EGameStatType_Extra,AttackStat=EGameStat_Attack_None,DefenseStat=EGameStat_Defense_None,ExtraStat=EGameStat_Extra_HPMax),Value=195),(Stat=(StatType=EGameStatType_Defense,AttackStat=EGameStat_Attack_None,DefenseStat=EGameStat_Defense_DamageResistAoE,ExtraStat=EGameStat_Extra_None),Value=3),(Stat=(StatType=EGameStatType_Extra,AttackStat=EGameStat_Attack_None,DefenseStat=EGameStat_Defense_None,ExtraStat=EGameStat_Extra_HPRecoverTick),Value=5))","","1000","100","100","True","True","-1","0","False"
"2022143001","[SET-][공용]고급 하의 티어 Tier3","LOCTABLE(""/Game/GameData/String_Main.String_Main"", ""Item_Name_2022143001"")","""/Game/Textures/Icons/Equip/Bottom/T_Bottom_Iron_Rare_03.T_Bottom_Iron_Rare_03""","None","None","None","""/Game/Blueprints/Actors/ItemDropMesh/BP_DropitemMesh_Base.BP_DropitemMesh_Base_C""","LOCTABLE(""/Game/GameData/String_Main.String_Main"", ""Item_Desc_2022143001"")","EItemType_Armor","EItemDetailType_Armor_Pants","EItemTagType_NormalItem","EUniversalGrade_Rare","True","True","False","True","True","True","False","True","True","False","True","(GameDataType=EGameDataTable_ItemEnhance,Key=3,Name=""강화테이블_방어구"")","True","12","4","0","2160","216","1","1","ECharacterJobClass_DontCare","1","999","15","((GameDataType=EGameDataTable_PortalSpot,Key=1001052,Name=""Emberforge_Hunt_WM_01""),(GameDataType=EGameDataTable_PortalSpot,Key=1001053,Name=""Emberforge_Hunt_WM_02""),(GameDataType=EGameDataTable_PortalSpot,Key=1001054,Name=""Emberforge_Hunt_WM_03""),(GameDataType=EGameDataTable_PortalSpot,Key=1002052,Name=""Eisvan_Hunt_WM_01""),(GameDataType=EGameDataTable_PortalSpot,Key=1002053,Name=""Eisvan_Hunt_WM_02""),(GameDataType=EGameDataTable_PortalSpot,Key=1002054,Name=""Eisvan_Hunt_WM_03""),(GameDataType=EGameDataTable_PortalSpot,Key=1003051,Name=""Ulgar_Hunt_WM_01""),(GameDataType=EGameDataTable_PortalSpot,Key=1003052,Name=""Ulgar_Hunt_WM_02""),(GameDataType=EGameDataTable_PortalSpot,Key=1003053,Name=""Ulgar_Hunt_WM_03""))","((GameDataType=EGameDataTable_CraftList,Key=154,Name=""숙련 전사의 각반""))","(Type=-,GameDataType=EGameDataTable_ItemSettingType,Key=0,Name=""None"")","(GameDataType=EGameDataTable_ItemSetOption,Key=0,Name=""None"")","((Stat=(StatType=EGameStatType_Defense,AttackStat=EGameStat_Attack_None,DefenseStat=EGameStat_Defense_ArmorClass,ExtraStat=EGameStat_Extra_None),Value=12),(Stat=(StatType=EGameStatType_Extra,AttackStat=EGameStat_Attack_None,DefenseStat=EGameStat_Defense_None,ExtraStat=EGameStat_Extra_HPMax),Value=260),(Stat=(StatType=EGameStatType_Defense,AttackStat=EGameStat_Attack_None,DefenseStat=EGameStat_Defense_BonusDamageReductionCritical,ExtraStat=EGameStat_Extra_None),Value=3))","","1000","100","100","True","True","-1","0","False"
"2022143002","[SET-][공용]고급 하의 티어 Tier3","LOCTABLE(""/Game/GameData/String_Main.String_Main"", ""Item_Name_2022143002"")","""/Game/Textures/Icons/Equip/Bottom/T_Bottom_Cloth_Rare_03.T_Bottom_Cloth_Rare_03""","None","None","None","""/Game/Blueprints/Actors/ItemDropMesh/BP_DropitemMesh_Base.BP_DropitemMesh_Base_C""","LOCTABLE(""/Game/GameData/String_Main.String_Main"", ""Item_Desc_2022143002"")","EItemType_Armor","EItemDetailType_Armor_Pants","EItemTagType_NormalItem","EUniversalGrade_Rare","True","True","False","True","True","True","False","True","True","False","True","(GameDataType=EGameDataTable_ItemEnhance,Key=3,Name=""강화테이블_방어구"")","True","12","4","0","2160","216","1","1","ECharacterJobClass_DontCare","1","999","15","((GameDataType=EGameDataTable_PortalSpot,Key=1001052,Name=""Emberforge_Hunt_WM_01""),(GameDataType=EGameDataTable_PortalSpot,Key=1001053,Name=""Emberforge_Hunt_WM_02""),(GameDataType=EGameDataTable_PortalSpot,Key=1001054,Name=""Emberforge_Hunt_WM_03""),(GameDataType=EGameDataTable_PortalSpot,Key=1002052,Name=""Eisvan_Hunt_WM_01""),(GameDataType=EGameDataTable_PortalSpot,Key=1002053,Name=""Eisvan_Hunt_WM_02""),(GameDataType=EGameDataTable_PortalSpot,Key=1002054,Name=""Eisvan_Hunt_WM_03""),(GameDataType=EGameDataTable_PortalSpot,Key=1003051,Name=""Ulgar_Hunt_WM_01""),(GameDataType=EGameDataTable_PortalSpot,Key=1003052,Name=""Ulgar_Hunt_WM_02""),(GameDataType=EGameDataTable_PortalSpot,Key=1003053,Name=""Ulgar_Hunt_WM_03""))","((GameDataType=EGameDataTable_CraftList,Key=155,Name=""숙련 전사의 천 바지""))","(Type=-,GameDataType=EGameDataTable_ItemSettingType,Key=0,Name=""None"")","(GameDataType=EGameDataTable_ItemSetOption,Key=0,Name=""None"")","((Stat=(StatType=EGameStatType_Defense,AttackStat=EGameStat_Attack_None,DefenseStat=EGameStat_Defense_ArmorClass,ExtraStat=EGameStat_Extra_None),Value=10),(Stat=(StatType=EGameStatType_Extra,AttackStat=EGameStat_Attack_None,DefenseStat=EGameStat_Defense_None,ExtraStat=EGameStat_Extra_HPMax),Value=130),(Stat=(StatType=EGameStatType_Extra,AttackStat=EGameStat_Attack_None,DefenseStat=EGameStat_Defense_None,ExtraStat=EGameStat_Extra_MPMax),Value=80),(Stat=(StatType=EGameStatType_Defense,AttackStat=EGameStat_Attack_None,DefenseStat=EGameStat_Defense_BonusDamageReductionCritical,ExtraStat=EGameStat_Extra_None),Value=3))","","1000","100","100","True","True","-1","0","False"
"2022143003","[SET-][공용]고급 하의 티어 Tier3","LOCTABLE(""/Game/GameData/String_Main.String_Main"", ""Item_Name_2022143003"")","""/Game/Textures/Icons/Equip/Bottom/T_Bottom_Leather_Rare_03.T_Bottom_Leather_Rare_03""","None","None","None","""/Game/Blueprints/Actors/ItemDropMesh/BP_DropitemMesh_Base.BP_DropitemMesh_Base_C""","LOCTABLE(""/Game/GameData/String_Main.String_Main"", ""Item_Desc_2022143003"")","EItemType_Armor","EItemDetailType_Armor_Pants","EItemTagType_NormalItem","EUniversalGrade_Rare","True","True","False","True","True","True","False","True","True","False","True","(GameDataType=EGameDataTable_ItemEnhance,Key=3,Name=""강화테이블_방어구"")","True","12","4","0","2160","216","1","1","ECharacterJobClass_DontCare","1","999","15","((GameDataType=EGameDataTable_PortalSpot,Key=1001052,Name=""Emberforge_Hunt_WM_01""),(GameDataType=EGameDataTable_PortalSpot,Key=1001053,Name=""Emberforge_Hunt_WM_02""),(GameDataType=EGameDataTable_PortalSpot,Key=1001054,Name=""Emberforge_Hunt_WM_03""),(GameDataType=EGameDataTable_PortalSpot,Key=1002052,Name=""Eisvan_Hunt_WM_01""),(GameDataType=EGameDataTable_PortalSpot,Key=1002053,Name=""Eisvan_Hunt_WM_02""),(GameDataType=EGameDataTable_PortalSpot,Key=1002054,Name=""Eisvan_Hunt_WM_03""),(GameDataType=EGameDataTable_PortalSpot,Key=1003051,Name=""Ulgar_Hunt_WM_01""),(GameDataType=EGameDataTable_PortalSpot,Key=1003052,Name=""Ulgar_Hunt_WM_02""),(GameDataType=EGameDataTable_PortalSpot,Key=1003053,Name=""Ulgar_Hunt_WM_03""))","((GameDataType=EGameDataTable_CraftList,Key=156,Name=""숙련 전사의 가죽 바지""))","(Type=-,GameDataType=EGameDataTable_ItemSettingType,Key=0,Name=""None"")","(GameDataType=EGameDataTable_ItemSetOption,Key=0,Name=""None"")","((Stat=(StatType=EGameStatType_Defense,AttackStat=EGameStat_Attack_None,DefenseStat=EGameStat_Defense_ArmorClass,ExtraStat=EGameStat_Extra_None),Value=11),(Stat=(StatType=EGameStatType_Extra,AttackStat=EGameStat_Attack_None,DefenseStat=EGameStat_Defense_None,ExtraStat=EGameStat_Extra_HPMax),Value=195),(Stat=(StatType=EGameStatType_Defense,AttackStat=EGameStat_Attack_None,DefenseStat=EGameStat_Defense_DamageResistAoE,ExtraStat=EGameStat_Extra_None),Value=3),(Stat=(StatType=EGameStatType_Defense,AttackStat=EGameStat_Attack_None,DefenseStat=EGameStat_Defense_BonusDamageReductionCritical,ExtraStat=EGameStat_Extra_None),Value=3))","","1000","100","100","True","True","-1","0","False"
"2022241001","[SET-][공용]희귀 하의 티어 Tier1","LOCTABLE(""/Game/GameData/String_Main.String_Main"", ""Item_Name_2022241001"")","""/Game/Textures/Icons/Equip/Bottom/T_Bottom_Iron_Unique_01.T_Bottom_Iron_Unique_01""","None","None","None","""/Game/Blueprints/Actors/ItemDropMesh/BP_DropitemMesh_Base.BP_DropitemMesh_Base_C""","LOCTABLE(""/Game/GameData/String_Main.String_Main"", ""Item_Desc_2022241001"")","EItemType_Armor","EItemDetailType_Armor_Pants","EItemTagType_NormalItem","EUniversalGrade_Unique","True","True","False","True","True","True","False","True","True","False","True","(GameDataType=EGameDataTable_ItemEnhance,Key=3,Name=""강화테이블_방어구"")","True","12","4","0","13820","1382","1","1","ECharacterJobClass_DontCare","1","999","15","((GameDataType=EGameDataTable_PortalSpot,Key=1001052,Name=""Emberforge_Hunt_WM_01""),(GameDataType=EGameDataTable_PortalSpot,Key=1001053,Name=""Emberforge_Hunt_WM_02""),(GameDataType=EGameDataTable_PortalSpot,Key=1001054,Name=""Emberforge_Hunt_WM_03""),(GameDataType=EGameDataTable_PortalSpot,Key=1002052,Name=""Eisvan_Hunt_WM_01""),(GameDataType=EGameDataTable_PortalSpot,Key=1002053,Name=""Eisvan_Hunt_WM_02""),(GameDataType=EGameDataTable_PortalSpot,Key=1002054,Name=""Eisvan_Hunt_WM_03""),(GameDataType=EGameDataTable_PortalSpot,Key=1003051,Name=""Ulgar_Hunt_WM_01""),(GameDataType=EGameDataTable_PortalSpot,Key=1003052,Name=""Ulgar_Hunt_WM_02""),(GameDataType=EGameDataTable_PortalSpot,Key=1003053,Name=""Ulgar_Hunt_WM_03""))","((GameDataType=EGameDataTable_CraftList,Key=157,Name=""정예 모험가의 각반""))","(Type=-,GameDataType=EGameDataTable_ItemSettingType,Key=0,Name=""None"")","(GameDataType=EGameDataTable_ItemSetOption,Key=0,Name=""None"")","((Stat=(StatType=EGameStatType_Defense,AttackStat=EGameStat_Attack_None,DefenseStat=EGameStat_Defense_ArmorClass,ExtraStat=EGameStat_Extra_None),Value=16),(Stat=(StatType=EGameStatType_Extra,AttackStat=EGameStat_Attack_None,DefenseStat=EGameStat_Defense_None,ExtraStat=EGameStat_Extra_HPMax),Value=410))","","1000","100","100","True","True","-1","0","False"
"2022241002","[SET-][공용]희귀 하의 티어 Tier1","LOCTABLE(""/Game/GameData/String_Main.String_Main"", ""Item_Name_2022241002"")","""/Game/Textures/Icons/Equip/Bottom/T_Bottom_Cloth_Unique_01.T_Bottom_Cloth_Unique_01""","None","None","None","""/Game/Blueprints/Actors/ItemDropMesh/BP_DropitemMesh_Base.BP_DropitemMesh_Base_C""","LOCTABLE(""/Game/GameData/String_Main.String_Main"", ""Item_Desc_2022241002"")","EItemType_Armor","EItemDetailType_Armor_Pants","EItemTagType_NormalItem","EUniversalGrade_Unique","True","True","False","True","True","True","False","True","True","False","True","(GameDataType=EGameDataTable_ItemEnhance,Key=3,Name=""강화테이블_방어구"")","True","12","4","0","13820","1382","1","1","ECharacterJobClass_DontCare","1","999","15","((GameDataType=EGameDataTable_PortalSpot,Key=1001052,Name=""Emberforge_Hunt_WM_01""),(GameDataType=EGameDataTable_PortalSpot,Key=1001053,Name=""Emberforge_Hunt_WM_02""),(GameDataType=EGameDataTable_PortalSpot,Key=1001054,Name=""Emberforge_Hunt_WM_03""),(GameDataType=EGameDataTable_PortalSpot,Key=1002052,Name=""Eisvan_Hunt_WM_01""),(GameDataType=EGameDataTable_PortalSpot,Key=1002053,Name=""Eisvan_Hunt_WM_02""),(GameDataType=EGameDataTable_PortalSpot,Key=1002054,Name=""Eisvan_Hunt_WM_03""),(GameDataType=EGameDataTable_PortalSpot,Key=1003051,Name=""Ulgar_Hunt_WM_01""),(GameDataType=EGameDataTable_PortalSpot,Key=1003052,Name=""Ulgar_Hunt_WM_02""),(GameDataType=EGameDataTable_PortalSpot,Key=1003053,Name=""Ulgar_Hunt_WM_03""))","((GameDataType=EGameDataTable_CraftList,Key=158,Name=""정예 모험가의 천 바지""))","(Type=-,GameDataType=EGameDataTable_ItemSettingType,Key=0,Name=""None"")","(GameDataType=EGameDataTable_ItemSetOption,Key=0,Name=""None"")","((Stat=(StatType=EGameStatType_Defense,AttackStat=EGameStat_Attack_None,DefenseStat=EGameStat_Defense_ArmorClass,ExtraStat=EGameStat_Extra_None),Value=14),(Stat=(StatType=EGameStatType_Extra,AttackStat=EGameStat_Attack_None,DefenseStat=EGameStat_Defense_None,ExtraStat=EGameStat_Extra_HPMax),Value=205),(Stat=(StatType=EGameStatType_Extra,AttackStat=EGameStat_Attack_None,DefenseStat=EGameStat_Defense_None,ExtraStat=EGameStat_Extra_MPMax),Value=120))","","1000","100","100","True","True","-1","0","False"
"2022241003","[SET-][공용]희귀 하의 티어 Tier1","LOCTABLE(""/Game/GameData/String_Main.String_Main"", ""Item_Name_2022241003"")","""/Game/Textures/Icons/Equip/Bottom/T_Bottom_Leather_Unique_01.T_Bottom_Leather_Unique_01""","None","None","None","""/Game/Blueprints/Actors/ItemDropMesh/BP_DropitemMesh_Base.BP_DropitemMesh_Base_C""","LOCTABLE(""/Game/GameData/String_Main.String_Main"", ""Item_Desc_2022241003"")","EItemType_Armor","EItemDetailType_Armor_Pants","EItemTagType_NormalItem","EUniversalGrade_Unique","True","True","False","True","True","True","False","True","True","False","True","(GameDataType=EGameDataTable_ItemEnhance,Key=3,Name=""강화테이블_방어구"")","True","12","4","0","13820","1382","1","1","ECharacterJobClass_DontCare","1","999","15","((GameDataType=EGameDataTable_PortalSpot,Key=1001052,Name=""Emberforge_Hunt_WM_01""),(GameDataType=EGameDataTable_PortalSpot,Key=1001053,Name=""Emberforge_Hunt_WM_02""),(GameDataType=EGameDataTable_PortalSpot,Key=1001054,Name=""Emberforge_Hunt_WM_03""),(GameDataType=EGameDataTable_PortalSpot,Key=1002052,Name=""Eisvan_Hunt_WM_01""),(GameDataType=EGameDataTable_PortalSpot,Key=1002053,Name=""Eisvan_Hunt_WM_02""),(GameDataType=EGameDataTable_PortalSpot,Key=1002054,Name=""Eisvan_Hunt_WM_03""),(GameDataType=EGameDataTable_PortalSpot,Key=1003051,Name=""Ulgar_Hunt_WM_01""),(GameDataType=EGameDataTable_PortalSpot,Key=1003052,Name=""Ulgar_Hunt_WM_02""),(GameDataType=EGameDataTable_PortalSpot,Key=1003053,Name=""Ulgar_Hunt_WM_03""))","((GameDataType=EGameDataTable_CraftList,Key=159,Name=""정예 모험가의 가죽 바지""))","(Type=-,GameDataType=EGameDataTable_ItemSettingType,Key=0,Name=""None"")","(GameDataType=EGameDataTable_ItemSetOption,Key=0,Name=""None"")","((Stat=(StatType=EGameStatType_Defense,AttackStat=EGameStat_Attack_None,DefenseStat=EGameStat_Defense_ArmorClass,ExtraStat=EGameStat_Extra_None),Value=15),(Stat=(StatType=EGameStatType_Extra,AttackStat=EGameStat_Attack_None,DefenseStat=EGameStat_Defense_None,ExtraStat=EGameStat_Extra_HPMax),Value=310),(Stat=(StatType=EGameStatType_Defense,AttackStat=EGameStat_Attack_None,DefenseStat=EGameStat_Defense_DamageResistAoE,ExtraStat=EGameStat_Extra_None),Value=5))","","1000","100","100","True","True","-1","0","False"
"2022242001","[SET-][공용]희귀 하의 티어 Tier2","LOCTABLE(""/Game/GameData/String_Main.String_Main"", ""Item_Name_2022242001"")","""/Game/Textures/Icons/Equip/Bottom/T_Bottom_Iron_Unique_02.T_Bottom_Iron_Unique_02""","None","None","None","""/Game/Blueprints/Actors/ItemDropMesh/BP_DropitemMesh_Base.BP_DropitemMesh_Base_C""","LOCTABLE(""/Game/GameData/String_Main.String_Main"", ""Item_Desc_2022242001"")","EItemType_Armor","EItemDetailType_Armor_Pants","EItemTagType_NormalItem","EUniversalGrade_Unique","True","True","False","True","True","True","False","True","True","False","True","(GameDataType=EGameDataTable_ItemEnhance,Key=3,Name=""강화테이블_방어구"")","True","12","4","0","17970","1797","1","1","ECharacterJobClass_DontCare","1","999","15","((GameDataType=EGameDataTable_PortalSpot,Key=1001052,Name=""Emberforge_Hunt_WM_01""),(GameDataType=EGameDataTable_PortalSpot,Key=1001053,Name=""Emberforge_Hunt_WM_02""),(GameDataType=EGameDataTable_PortalSpot,Key=1001054,Name=""Emberforge_Hunt_WM_03""),(GameDataType=EGameDataTable_PortalSpot,Key=1002052,Name=""Eisvan_Hunt_WM_01""),(GameDataType=EGameDataTable_PortalSpot,Key=1002053,Name=""Eisvan_Hunt_WM_02""),(GameDataType=EGameDataTable_PortalSpot,Key=1002054,Name=""Eisvan_Hunt_WM_03""),(GameDataType=EGameDataTable_PortalSpot,Key=1003051,Name=""Ulgar_Hunt_WM_01""),(GameDataType=EGameDataTable_PortalSpot,Key=1003052,Name=""Ulgar_Hunt_WM_02""),(GameDataType=EGameDataTable_PortalSpot,Key=1003053,Name=""Ulgar_Hunt_WM_03""))","((GameDataType=EGameDataTable_CraftList,Key=160,Name=""정예 용병의 각반""))","(Type=-,GameDataType=EGameDataTable_ItemSettingType,Key=0,Name=""None"")","(GameDataType=EGameDataTable_ItemSetOption,Key=0,Name=""None"")","((Stat=(StatType=EGameStatType_Defense,AttackStat=EGameStat_Attack_None,DefenseStat=EGameStat_Defense_ArmorClass,ExtraStat=EGameStat_Extra_None),Value=16),(Stat=(StatType=EGameStatType_Extra,AttackStat=EGameStat_Attack_None,DefenseStat=EGameStat_Defense_None,ExtraStat=EGameStat_Extra_HPMax),Value=410),(Stat=(StatType=EGameStatType_Extra,AttackStat=EGameStat_Attack_None,DefenseStat=EGameStat_Defense_None,ExtraStat=EGameStat_Extra_HPRecoverTick),Value=8))","","1000","100","100","True","True","-1","0","False"
"2022242002","[SET-][공용]희귀 하의 티어 Tier2","LOCTABLE(""/Game/GameData/String_Main.String_Main"", ""Item_Name_2022242002"")","""/Game/Textures/Icons/Equip/Bottom/T_Bottom_Cloth_Unique_02.T_Bottom_Cloth_Unique_02""","None","None","None","""/Game/Blueprints/Actors/ItemDropMesh/BP_DropitemMesh_Base.BP_DropitemMesh_Base_C""","LOCTABLE(""/Game/GameData/String_Main.String_Main"", ""Item_Desc_2022242002"")","EItemType_Armor","EItemDetailType_Armor_Pants","EItemTagType_NormalItem","EUniversalGrade_Unique","True","True","False","True","True","True","False","True","True","False","True","(GameDataType=EGameDataTable_ItemEnhance,Key=3,Name=""강화테이블_방어구"")","True","12","4","0","17970","1797","1","1","ECharacterJobClass_DontCare","1","999","15","((GameDataType=EGameDataTable_PortalSpot,Key=1001052,Name=""Emberforge_Hunt_WM_01""),(GameDataType=EGameDataTable_PortalSpot,Key=1001053,Name=""Emberforge_Hunt_WM_02""),(GameDataType=EGameDataTable_PortalSpot,Key=1001054,Name=""Emberforge_Hunt_WM_03""),(GameDataType=EGameDataTable_PortalSpot,Key=1002052,Name=""Eisvan_Hunt_WM_01""),(GameDataType=EGameDataTable_PortalSpot,Key=1002053,Name=""Eisvan_Hunt_WM_02""),(GameDataType=EGameDataTable_PortalSpot,Key=1002054,Name=""Eisvan_Hunt_WM_03""),(GameDataType=EGameDataTable_PortalSpot,Key=1003051,Name=""Ulgar_Hunt_WM_01""),(GameDataType=EGameDataTable_PortalSpot,Key=1003052,Name=""Ulgar_Hunt_WM_02""),(GameDataType=EGameDataTable_PortalSpot,Key=1003053,Name=""Ulgar_Hunt_WM_03""))","((GameDataType=EGameDataTable_CraftList,Key=161,Name=""정예 용병의 천 바지""))","(Type=-,GameDataType=EGameDataTable_ItemSettingType,Key=0,Name=""None"")","(GameDataType=EGameDataTable_ItemSetOption,Key=0,Name=""None"")","((Stat=(StatType=EGameStatType_Defense,AttackStat=EGameStat_Attack_None,DefenseStat=EGameStat_Defense_ArmorClass,ExtraStat=EGameStat_Extra_None),Value=14),(Stat=(StatType=EGameStatType_Extra,AttackStat=EGameStat_Attack_None,DefenseStat=EGameStat_Defense_None,ExtraStat=EGameStat_Extra_HPMax),Value=205),(Stat=(StatType=EGameStatType_Extra,AttackStat=EGameStat_Attack_None,DefenseStat=EGameStat_Defense_None,ExtraStat=EGameStat_Extra_MPMax),Value=120),(Stat=(StatType=EGameStatType_Extra,AttackStat=EGameStat_Attack_None,DefenseStat=EGameStat_Defense_None,ExtraStat=EGameStat_Extra_MPRecoverTick),Value=8))","","1000","100","100","True","True","-1","0","False"
"2022242003","[SET-][공용]희귀 하의 티어 Tier2","LOCTABLE(""/Game/GameData/String_Main.String_Main"", ""Item_Name_2022242003"")","""/Game/Textures/Icons/Equip/Bottom/T_Bottom_Leather_Unique_02.T_Bottom_Leather_Unique_02""","None","None","None","""/Game/Blueprints/Actors/ItemDropMesh/BP_DropitemMesh_Base.BP_DropitemMesh_Base_C""","LOCTABLE(""/Game/GameData/String_Main.String_Main"", ""Item_Desc_2022242003"")","EItemType_Armor","EItemDetailType_Armor_Pants","EItemTagType_NormalItem","EUniversalGrade_Unique","True","True","False","True","True","True","False","True","True","False","True","(GameDataType=EGameDataTable_ItemEnhance,Key=3,Name=""강화테이블_방어구"")","True","12","4","0","17970","1797","1","1","ECharacterJobClass_DontCare","1","999","15","((GameDataType=EGameDataTable_PortalSpot,Key=1001052,Name=""Emberforge_Hunt_WM_01""),(GameDataType=EGameDataTable_PortalSpot,Key=1001053,Name=""Emberforge_Hunt_WM_02""),(GameDataType=EGameDataTable_PortalSpot,Key=1001054,Name=""Emberforge_Hunt_WM_03""),(GameDataType=EGameDataTable_PortalSpot,Key=1002052,Name=""Eisvan_Hunt_WM_01""),(GameDataType=EGameDataTable_PortalSpot,Key=1002053,Name=""Eisvan_Hunt_WM_02""),(GameDataType=EGameDataTable_PortalSpot,Key=1002054,Name=""Eisvan_Hunt_WM_03""),(GameDataType=EGameDataTable_PortalSpot,Key=1003051,Name=""Ulgar_Hunt_WM_01""),(GameDataType=EGameDataTable_PortalSpot,Key=1003052,Name=""Ulgar_Hunt_WM_02""),(GameDataType=EGameDataTable_PortalSpot,Key=1003053,Name=""Ulgar_Hunt_WM_03""))","((GameDataType=EGameDataTable_CraftList,Key=162,Name=""정예 용병의 가죽 바지""))","(Type=-,GameDataType=EGameDataTable_ItemSettingType,Key=0,Name=""None"")","(GameDataType=EGameDataTable_ItemSetOption,Key=0,Name=""None"")","((Stat=(StatType=EGameStatType_Defense,AttackStat=EGameStat_Attack_None,DefenseStat=EGameStat_Defense_ArmorClass,ExtraStat=EGameStat_Extra_None),Value=15),(Stat=(StatType=EGameStatType_Extra,AttackStat=EGameStat_Attack_None,DefenseStat=EGameStat_Defense_None,ExtraStat=EGameStat_Extra_HPMax),Value=310),(Stat=(StatType=EGameStatType_Defense,AttackStat=EGameStat_Attack_None,DefenseStat=EGameStat_Defense_DamageResistAoE,ExtraStat=EGameStat_Extra_None),Value=5),(Stat=(StatType=EGameStatType_Extra,AttackStat=EGameStat_Attack_None,DefenseStat=EGameStat_Defense_None,ExtraStat=EGameStat_Extra_HPRecoverTick),Value=8))","","1000","100","100","True","True","-1","0","False"
"2022243001","[SET-][공용]희귀 하의 티어 Tier3","LOCTABLE(""/Game/GameData/String_Main.String_Main"", ""Item_Name_2022243001"")","""/Game/Textures/Icons/Equip/Bottom/T_Bottom_Iron_Unique_03.T_Bottom_Iron_Unique_03""","None","None","None","""/Game/Blueprints/Actors/ItemDropMesh/BP_DropitemMesh_Base.BP_DropitemMesh_Base_C""","LOCTABLE(""/Game/GameData/String_Main.String_Main"", ""Item_Desc_2022243001"")","EItemType_Armor","EItemDetailType_Armor_Pants","EItemTagType_NormalItem","EUniversalGrade_Unique","True","True","False","True","True","True","False","True","True","False","True","(GameDataType=EGameDataTable_ItemEnhance,Key=3,Name=""강화테이블_방어구"")","True","12","4","0","20730","2073","1","1","ECharacterJobClass_DontCare","1","999","15","((GameDataType=EGameDataTable_PortalSpot,Key=1001052,Name=""Emberforge_Hunt_WM_01""),(GameDataType=EGameDataTable_PortalSpot,Key=1001053,Name=""Emberforge_Hunt_WM_02""),(GameDataType=EGameDataTable_PortalSpot,Key=1001054,Name=""Emberforge_Hunt_WM_03""),(GameDataType=EGameDataTable_PortalSpot,Key=1002052,Name=""Eisvan_Hunt_WM_01""),(GameDataType=EGameDataTable_PortalSpot,Key=1002053,Name=""Eisvan_Hunt_WM_02""),(GameDataType=EGameDataTable_PortalSpot,Key=1002054,Name=""Eisvan_Hunt_WM_03""),(GameDataType=EGameDataTable_PortalSpot,Key=1003051,Name=""Ulgar_Hunt_WM_01""),(GameDataType=EGameDataTable_PortalSpot,Key=1003052,Name=""Ulgar_Hunt_WM_02""),(GameDataType=EGameDataTable_PortalSpot,Key=1003053,Name=""Ulgar_Hunt_WM_03""))","((GameDataType=EGameDataTable_CraftList,Key=163,Name=""정예 전사의 각반""))","(Type=-,GameDataType=EGameDataTable_ItemSettingType,Key=0,Name=""None"")","(GameDataType=EGameDataTable_ItemSetOption,Key=0,Name=""None"")","((Stat=(StatType=EGameStatType_Defense,AttackStat=EGameStat_Attack_None,DefenseStat=EGameStat_Defense_ArmorClass,ExtraStat=EGameStat_Extra_None),Value=16),(Stat=(StatType=EGameStatType_Extra,AttackStat=EGameStat_Attack_None,DefenseStat=EGameStat_Defense_None,ExtraStat=EGameStat_Extra_HPMax),Value=410),(Stat=(StatType=EGameStatType_Defense,AttackStat=EGameStat_Attack_None,DefenseStat=EGameStat_Defense_BonusDamageReductionCritical,ExtraStat=EGameStat_Extra_None),Value=7))","","1000","100","100","True","True","-1","0","False"
"2022243002","[SET-][공용]희귀 하의 티어 Tier3","LOCTABLE(""/Game/GameData/String_Main.String_Main"", ""Item_Name_2022243002"")","""/Game/Textures/Icons/Equip/Bottom/T_Bottom_Cloth_Unique_03.T_Bottom_Cloth_Unique_03""","None","None","None","""/Game/Blueprints/Actors/ItemDropMesh/BP_DropitemMesh_Base.BP_DropitemMesh_Base_C""","LOCTABLE(""/Game/GameData/String_Main.String_Main"", ""Item_Desc_2022243002"")","EItemType_Armor","EItemDetailType_Armor_Pants","EItemTagType_NormalItem","EUniversalGrade_Unique","True","True","False","True","True","True","False","True","True","False","True","(GameDataType=EGameDataTable_ItemEnhance,Key=3,Name=""강화테이블_방어구"")","True","12","4","0","20730","2073","1","1","ECharacterJobClass_DontCare","1","999","15","((GameDataType=EGameDataTable_PortalSpot,Key=1001052,Name=""Emberforge_Hunt_WM_01""),(GameDataType=EGameDataTable_PortalSpot,Key=1001053,Name=""Emberforge_Hunt_WM_02""),(GameDataType=EGameDataTable_PortalSpot,Key=1001054,Name=""Emberforge_Hunt_WM_03""),(GameDataType=EGameDataTable_PortalSpot,Key=1002052,Name=""Eisvan_Hunt_WM_01""),(GameDataType=EGameDataTable_PortalSpot,Key=1002053,Name=""Eisvan_Hunt_WM_02""),(GameDataType=EGameDataTable_PortalSpot,Key=1002054,Name=""Eisvan_Hunt_WM_03""),(GameDataType=EGameDataTable_PortalSpot,Key=1003051,Name=""Ulgar_Hunt_WM_01""),(GameDataType=EGameDataTable_PortalSpot,Key=1003052,Name=""Ulgar_Hunt_WM_02""),(GameDataType=EGameDataTable_PortalSpot,Key=1003053,Name=""Ulgar_Hunt_WM_03""))","((GameDataType=EGameDataTable_CraftList,Key=164,Name=""정예 전사의 천 바지""))","(Type=-,GameDataType=EGameDataTable_ItemSettingType,Key=0,Name=""None"")","(GameDataType=EGameDataTable_ItemSetOption,Key=0,Name=""None"")","((Stat=(StatType=EGameStatType_Defense,AttackStat=EGameStat_Attack_None,DefenseStat=EGameStat_Defense_ArmorClass,ExtraStat=EGameStat_Extra_None),Value=14),(Stat=(StatType=EGameStatType_Extra,AttackStat=EGameStat_Attack_None,DefenseStat=EGameStat_Defense_None,ExtraStat=EGameStat_Extra_HPMax),Value=205),(Stat=(StatType=EGameStatType_Extra,AttackStat=EGameStat_Attack_None,DefenseStat=EGameStat_Defense_None,ExtraStat=EGameStat_Extra_MPMax),Value=120),(Stat=(StatType=EGameStatType_Defense,AttackStat=EGameStat_Attack_None,DefenseStat=EGameStat_Defense_BonusDamageReductionCritical,ExtraStat=EGameStat_Extra_None),Value=7))","","1000","100","100","True","True","-1","0","False"
"2022243003","[SET-][공용]희귀 하의 티어 Tier3","LOCTABLE(""/Game/GameData/String_Main.String_Main"", ""Item_Name_2022243003"")","""/Game/Textures/Icons/Equip/Bottom/T_Bottom_Leather_Unique_03.T_Bottom_Leather_Unique_03""","None","None","None","""/Game/Blueprints/Actors/ItemDropMesh/BP_DropitemMesh_Base.BP_DropitemMesh_Base_C""","LOCTABLE(""/Game/GameData/String_Main.String_Main"", ""Item_Desc_2022243003"")","EItemType_Armor","EItemDetailType_Armor_Pants","EItemTagType_NormalItem","EUniversalGrade_Unique","True","True","False","True","True","True","False","True","True","False","True","(GameDataType=EGameDataTable_ItemEnhance,Key=3,Name=""강화테이블_방어구"")","True","12","4","0","20730","2073","1","1","ECharacterJobClass_DontCare","1","999","15","((GameDataType=EGameDataTable_PortalSpot,Key=1001052,Name=""Emberforge_Hunt_WM_01""),(GameDataType=EGameDataTable_PortalSpot,Key=1001053,Name=""Emberforge_Hunt_WM_02""),(GameDataType=EGameDataTable_PortalSpot,Key=1001054,Name=""Emberforge_Hunt_WM_03""),(GameDataType=EGameDataTable_PortalSpot,Key=1002052,Name=""Eisvan_Hunt_WM_01""),(GameDataType=EGameDataTable_PortalSpot,Key=1002053,Name=""Eisvan_Hunt_WM_02""),(GameDataType=EGameDataTable_PortalSpot,Key=1002054,Name=""Eisvan_Hunt_WM_03""),(GameDataType=EGameDataTable_PortalSpot,Key=1003051,Name=""Ulgar_Hunt_WM_01""),(GameDataType=EGameDataTable_PortalSpot,Key=1003052,Name=""Ulgar_Hunt_WM_02""),(GameDataType=EGameDataTable_PortalSpot,Key=1003053,Name=""Ulgar_Hunt_WM_03""))","((GameDataType=EGameDataTable_CraftList,Key=165,Name=""정예 전사의 가죽 바지""))","(Type=-,GameDataType=EGameDataTable_ItemSettingType,Key=0,Name=""None"")","(GameDataType=EGameDataTable_ItemSetOption,Key=0,Name=""None"")","((Stat=(StatType=EGameStatType_Defense,AttackStat=EGameStat_Attack_None,DefenseStat=EGameStat_Defense_ArmorClass,ExtraStat=EGameStat_Extra_None),Value=15),(Stat=(StatType=EGameStatType_Extra,AttackStat=EGameStat_Attack_None,DefenseStat=EGameStat_Defense_None,ExtraStat=EGameStat_Extra_HPMax),Value=310),(Stat=(StatType=EGameStatType_Defense,AttackStat=EGameStat_Attack_None,DefenseStat=EGameStat_Defense_DamageResistAoE,ExtraStat=EGameStat_Extra_None),Value=5),(Stat=(StatType=EGameStatType_Defense,AttackStat=EGameStat_Attack_None,DefenseStat=EGameStat_Defense_BonusDamageReductionCritical,ExtraStat=EGameStat_Extra_None),Value=7))","","1000","100","100","True","True","-1","0","False"
"2022341001","[SET-][공용]영웅 하의 티어 Tier1","LOCTABLE(""/Game/GameData/String_Main.String_Main"", ""Item_Name_2022341001"")","""/Game/Textures/Icons/Equip/Bottom/T_Bottom_Iron_Eqic_01.T_Bottom_Iron_Eqic_01""","None","None","None","""/Game/Blueprints/Actors/ItemDropMesh/BP_DropitemMesh_Base.BP_DropitemMesh_Base_C""","LOCTABLE(""/Game/GameData/String_Main.String_Main"", ""Item_Desc_2022341001"")","EItemType_Armor","EItemDetailType_Armor_Pants","EItemTagType_NormalItem","EUniversalGrade_Epic","True","True","False","True","True","True","False","True","True","False","True","(GameDataType=EGameDataTable_ItemEnhance,Key=3,Name=""강화테이블_방어구"")","True","12","4","0","262650","26265","1","1","ECharacterJobClass_DontCare","1","999","15","((GameDataType=EGameDataTable_PortalSpot,Key=1001052,Name=""Emberforge_Hunt_WM_01""),(GameDataType=EGameDataTable_PortalSpot,Key=1001053,Name=""Emberforge_Hunt_WM_02""),(GameDataType=EGameDataTable_PortalSpot,Key=1001054,Name=""Emberforge_Hunt_WM_03""),(GameDataType=EGameDataTable_PortalSpot,Key=1002052,Name=""Eisvan_Hunt_WM_01""),(GameDataType=EGameDataTable_PortalSpot,Key=1002053,Name=""Eisvan_Hunt_WM_02""),(GameDataType=EGameDataTable_PortalSpot,Key=1002054,Name=""Eisvan_Hunt_WM_03""),(GameDataType=EGameDataTable_PortalSpot,Key=1003051,Name=""Ulgar_Hunt_WM_01""),(GameDataType=EGameDataTable_PortalSpot,Key=1003052,Name=""Ulgar_Hunt_WM_02""),(GameDataType=EGameDataTable_PortalSpot,Key=1003053,Name=""Ulgar_Hunt_WM_03""))","((GameDataType=EGameDataTable_CraftList,Key=166,Name=""지휘관의 각반""))","(Type=-,GameDataType=EGameDataTable_ItemSettingType,Key=0,Name=""None"")","(GameDataType=EGameDataTable_ItemSetOption,Key=0,Name=""None"")","((Stat=(StatType=EGameStatType_Defense,AttackStat=EGameStat_Attack_None,DefenseStat=EGameStat_Defense_ArmorClass,ExtraStat=EGameStat_Extra_None),Value=21),(Stat=(StatType=EGameStatType_Extra,AttackStat=EGameStat_Attack_None,DefenseStat=EGameStat_Defense_None,ExtraStat=EGameStat_Extra_HPMax),Value=630),(Stat=(StatType=EGameStatType_Extra,AttackStat=EGameStat_Attack_None,DefenseStat=EGameStat_Defense_None,ExtraStat=EGameStat_Extra_HPRecoverTick),Value=8),(Stat=(StatType=EGameStatType_Defense,AttackStat=EGameStat_Attack_None,DefenseStat=EGameStat_Defense_BonusDamageReductionCritical,ExtraStat=EGameStat_Extra_None),Value=12))","","1000","100","100","True","True","-1","0","False"
"2022341002","[SET-][공용]영웅 하의 티어 Tier1","LOCTABLE(""/Game/GameData/String_Main.String_Main"", ""Item_Name_2022341002"")","""/Game/Textures/Icons/Equip/Bottom/T_Bottom_Cloth_Eqic_01.T_Bottom_Cloth_Eqic_01""","None","None","None","""/Game/Blueprints/Actors/ItemDropMesh/BP_DropitemMesh_Base.BP_DropitemMesh_Base_C""","LOCTABLE(""/Game/GameData/String_Main.String_Main"", ""Item_Desc_2022341002"")","EItemType_Armor","EItemDetailType_Armor_Pants","EItemTagType_NormalItem","EUniversalGrade_Epic","True","True","False","True","True","True","False","True","True","False","True","(GameDataType=EGameDataTable_ItemEnhance,Key=3,Name=""강화테이블_방어구"")","True","12","4","0","262650","26265","1","1","ECharacterJobClass_DontCare","1","999","15","((GameDataType=EGameDataTable_PortalSpot,Key=1001052,Name=""Emberforge_Hunt_WM_01""),(GameDataType=EGameDataTable_PortalSpot,Key=1001053,Name=""Emberforge_Hunt_WM_02""),(GameDataType=EGameDataTable_PortalSpot,Key=1001054,Name=""Emberforge_Hunt_WM_03""),(GameDataType=EGameDataTable_PortalSpot,Key=1002052,Name=""Eisvan_Hunt_WM_01""),(GameDataType=EGameDataTable_PortalSpot,Key=1002053,Name=""Eisvan_Hunt_WM_02""),(GameDataType=EGameDataTable_PortalSpot,Key=1002054,Name=""Eisvan_Hunt_WM_03""),(GameDataType=EGameDataTable_PortalSpot,Key=1003051,Name=""Ulgar_Hunt_WM_01""),(GameDataType=EGameDataTable_PortalSpot,Key=1003052,Name=""Ulgar_Hunt_WM_02""),(GameDataType=EGameDataTable_PortalSpot,Key=1003053,Name=""Ulgar_Hunt_WM_03""))","((GameDataType=EGameDataTable_CraftList,Key=167,Name=""지휘관의 천 바지""))","(Type=-,GameDataType=EGameDataTable_ItemSettingType,Key=0,Name=""None"")","(GameDataType=EGameDataTable_ItemSetOption,Key=0,Name=""None"")","((Stat=(StatType=EGameStatType_Defense,AttackStat=EGameStat_Attack_None,DefenseStat=EGameStat_Defense_ArmorClass,ExtraStat=EGameStat_Extra_None),Value=18),(Stat=(StatType=EGameStatType_Extra,AttackStat=EGameStat_Attack_None,DefenseStat=EGameStat_Defense_None,ExtraStat=EGameStat_Extra_HPMax),Value=315),(Stat=(StatType=EGameStatType_Extra,AttackStat=EGameStat_Attack_None,DefenseStat=EGameStat_Defense_None,ExtraStat=EGameStat_Extra_MPMax),Value=190),(Stat=(StatType=EGameStatType_Extra,AttackStat=EGameStat_Attack_None,DefenseStat=EGameStat_Defense_None,ExtraStat=EGameStat_Extra_MPRecoverTick),Value=8),(Stat=(StatType=EGameStatType_Defense,AttackStat=EGameStat_Attack_None,DefenseStat=EGameStat_Defense_BonusDamageReductionCritical,ExtraStat=EGameStat_Extra_None),Value=12))","","1000","100","100","True","True","-1","0","False"
"2022341003","[SET-][공용]영웅 하의 티어 Tier1","LOCTABLE(""/Game/GameData/String_Main.String_Main"", ""Item_Name_2022341003"")","""/Game/Textures/Icons/Equip/Bottom/T_Bottom_Leather_Eqic_01.T_Bottom_Leather_Eqic_01""","None","None","None","""/Game/Blueprints/Actors/ItemDropMesh/BP_DropitemMesh_Base.BP_DropitemMesh_Base_C""","LOCTABLE(""/Game/GameData/String_Main.String_Main"", ""Item_Desc_2022341003"")","EItemType_Armor","EItemDetailType_Armor_Pants","EItemTagType_NormalItem","EUniversalGrade_Epic","True","True","False","True","True","True","False","True","True","False","True","(GameDataType=EGameDataTable_ItemEnhance,Key=3,Name=""강화테이블_방어구"")","True","12","4","0","262650","26265","1","1","ECharacterJobClass_DontCare","1","999","15","((GameDataType=EGameDataTable_PortalSpot,Key=1001052,Name=""Emberforge_Hunt_WM_01""),(GameDataType=EGameDataTable_PortalSpot,Key=1001053,Name=""Emberforge_Hunt_WM_02""),(GameDataType=EGameDataTable_PortalSpot,Key=1001054,Name=""Emberforge_Hunt_WM_03""),(GameDataType=EGameDataTable_PortalSpot,Key=1002052,Name=""Eisvan_Hunt_WM_01""),(GameDataType=EGameDataTable_PortalSpot,Key=1002053,Name=""Eisvan_Hunt_WM_02""),(GameDataType=EGameDataTable_PortalSpot,Key=1002054,Name=""Eisvan_Hunt_WM_03""),(GameDataType=EGameDataTable_PortalSpot,Key=1003051,Name=""Ulgar_Hunt_WM_01""),(GameDataType=EGameDataTable_PortalSpot,Key=1003052,Name=""Ulgar_Hunt_WM_02""),(GameDataType=EGameDataTable_PortalSpot,Key=1003053,Name=""Ulgar_Hunt_WM_03""))","((GameDataType=EGameDataTable_CraftList,Key=168,Name=""지휘관의 가죽 바지""))","(Type=-,GameDataType=EGameDataTable_ItemSettingType,Key=0,Name=""None"")","(GameDataType=EGameDataTable_ItemSetOption,Key=0,Name=""None"")","((Stat=(StatType=EGameStatType_Defense,AttackStat=EGameStat_Attack_None,DefenseStat=EGameStat_Defense_ArmorClass,ExtraStat=EGameStat_Extra_None),Value=20),(Stat=(StatType=EGameStatType_Extra,AttackStat=EGameStat_Attack_None,DefenseStat=EGameStat_Defense_None,ExtraStat=EGameStat_Extra_HPMax),Value=470),(Stat=(StatType=EGameStatType_Defense,AttackStat=EGameStat_Attack_None,DefenseStat=EGameStat_Defense_DamageResistAoE,ExtraStat=EGameStat_Extra_None),Value=7),(Stat=(StatType=EGameStatType_Extra,AttackStat=EGameStat_Attack_None,DefenseStat=EGameStat_Defense_None,ExtraStat=EGameStat_Extra_HPRecoverTick),Value=8),(Stat=(StatType=EGameStatType_Defense,AttackStat=EGameStat_Attack_None,DefenseStat=EGameStat_Defense_BonusDamageReductionCritical,ExtraStat=EGameStat_Extra_None),Value=12))","","1000","100","100","True","True","-1","0","False"
"2023041001","[SET-][공용]일반 장갑 티어 Tier1","LOCTABLE(""/Game/GameData/String_Main.String_Main"", ""Item_Name_2023041001"")","""/Game/Textures/Icons/Equip/Gloves/T_Gloves_Iron_Common_01.T_Gloves_Iron_Common_01""","None","None","None","""/Game/Blueprints/Actors/ItemDropMesh/BP_DropitemMesh_Base.BP_DropitemMesh_Base_C""","LOCTABLE(""/Game/GameData/String_Main.String_Main"", ""Item_Desc_2023041001"")","EItemType_Armor","EItemDetailType_Armor_Gloves","EItemTagType_NormalItem","EUniversalGrade_Common","True","True","False","True","True","True","False","True","True","False","True","(GameDataType=EGameDataTable_ItemEnhance,Key=3,Name=""강화테이블_방어구"")","True","12","4","0","1350","135","1","1","ECharacterJobClass_DontCare","1","999","15","((GameDataType=EGameDataTable_PortalSpot,Key=1001052,Name=""Emberforge_Hunt_WM_01""),(GameDataType=EGameDataTable_PortalSpot,Key=1001053,Name=""Emberforge_Hunt_WM_02""),(GameDataType=EGameDataTable_PortalSpot,Key=1001054,Name=""Emberforge_Hunt_WM_03""),(GameDataType=EGameDataTable_PortalSpot,Key=1002052,Name=""Eisvan_Hunt_WM_01""),(GameDataType=EGameDataTable_PortalSpot,Key=1002053,Name=""Eisvan_Hunt_WM_02""),(GameDataType=EGameDataTable_PortalSpot,Key=1002054,Name=""Eisvan_Hunt_WM_03""),(GameDataType=EGameDataTable_PortalSpot,Key=1003051,Name=""Ulgar_Hunt_WM_01""),(GameDataType=EGameDataTable_PortalSpot,Key=1003052,Name=""Ulgar_Hunt_WM_02""),(GameDataType=EGameDataTable_PortalSpot,Key=1003053,Name=""Ulgar_Hunt_WM_03""))","((GameDataType=EGameDataTable_CraftList,Key=169,Name=""초심자의 건틀렛""))","(Type=-,GameDataType=EGameDataTable_ItemSettingType,Key=0,Name=""None"")","(GameDataType=EGameDataTable_ItemSetOption,Key=0,Name=""None"")","((Stat=(StatType=EGameStatType_Defense,AttackStat=EGameStat_Attack_None,DefenseStat=EGameStat_Defense_ArmorClass,ExtraStat=EGameStat_Extra_None),Value=2),(Stat=(StatType=EGameStatType_Attack,AttackStat=EGameStat_Attack_AccuracyMelee,DefenseStat=EGameStat_Defense_None,ExtraStat=EGameStat_Extra_None),Value=2))","","1000","100","100","True","True","-1","0","False"
"2023041002","[SET-][공용]일반 장갑 티어 Tier1","LOCTABLE(""/Game/GameData/String_Main.String_Main"", ""Item_Name_2023041002"")","""/Game/Textures/Icons/Equip/Gloves/T_Gloves_Cloth_Common_01.T_Gloves_Cloth_Common_01""","None","None","None","""/Game/Blueprints/Actors/ItemDropMesh/BP_DropitemMesh_Base.BP_DropitemMesh_Base_C""","LOCTABLE(""/Game/GameData/String_Main.String_Main"", ""Item_Desc_2023041002"")","EItemType_Armor","EItemDetailType_Armor_Gloves","EItemTagType_NormalItem","EUniversalGrade_Common","True","True","False","True","True","True","False","True","True","False","True","(GameDataType=EGameDataTable_ItemEnhance,Key=3,Name=""강화테이블_방어구"")","True","12","4","0","1350","135","1","1","ECharacterJobClass_DontCare","1","999","15","((GameDataType=EGameDataTable_PortalSpot,Key=1001052,Name=""Emberforge_Hunt_WM_01""),(GameDataType=EGameDataTable_PortalSpot,Key=1001053,Name=""Emberforge_Hunt_WM_02""),(GameDataType=EGameDataTable_PortalSpot,Key=1001054,Name=""Emberforge_Hunt_WM_03""),(GameDataType=EGameDataTable_PortalSpot,Key=1002052,Name=""Eisvan_Hunt_WM_01""),(GameDataType=EGameDataTable_PortalSpot,Key=1002053,Name=""Eisvan_Hunt_WM_02""),(GameDataType=EGameDataTable_PortalSpot,Key=1002054,Name=""Eisvan_Hunt_WM_03""),(GameDataType=EGameDataTable_PortalSpot,Key=1003051,Name=""Ulgar_Hunt_WM_01""),(GameDataType=EGameDataTable_PortalSpot,Key=1003052,Name=""Ulgar_Hunt_WM_02""),(GameDataType=EGameDataTable_PortalSpot,Key=1003053,Name=""Ulgar_Hunt_WM_03""))","((GameDataType=EGameDataTable_CraftList,Key=170,Name=""초심자의 장갑""))","(Type=-,GameDataType=EGameDataTable_ItemSettingType,Key=0,Name=""None"")","(GameDataType=EGameDataTable_ItemSetOption,Key=0,Name=""None"")","((Stat=(StatType=EGameStatType_Defense,AttackStat=EGameStat_Attack_None,DefenseStat=EGameStat_Defense_ArmorClass,ExtraStat=EGameStat_Extra_None),Value=1),(Stat=(StatType=EGameStatType_Attack,AttackStat=EGameStat_Attack_AccuracyRange,DefenseStat=EGameStat_Defense_None,ExtraStat=EGameStat_Extra_None),Value=2))","","1000","100","100","True","True","-1","0","False"
"2023041003","[SET-][공용]일반 장갑 티어 Tier1","LOCTABLE(""/Game/GameData/String_Main.String_Main"", ""Item_Name_2023041003"")","""/Game/Textures/Icons/Equip/Gloves/T_Gloves_Leather_Common_01.T_Gloves_Leather_Common_01""","None","None","None","""/Game/Blueprints/Actors/ItemDropMesh/BP_DropitemMesh_Base.BP_DropitemMesh_Base_C""","LOCTABLE(""/Game/GameData/String_Main.String_Main"", ""Item_Desc_2023041003"")","EItemType_Armor","EItemDetailType_Armor_Gloves","EItemTagType_NormalItem","EUniversalGrade_Common","True","True","False","True","True","True","False","True","True","False","True","(GameDataType=EGameDataTable_ItemEnhance,Key=3,Name=""강화테이블_방어구"")","True","12","4","0","1350","135","1","1","ECharacterJobClass_DontCare","1","999","15","((GameDataType=EGameDataTable_PortalSpot,Key=1001052,Name=""Emberforge_Hunt_WM_01""),(GameDataType=EGameDataTable_PortalSpot,Key=1001053,Name=""Emberforge_Hunt_WM_02""),(GameDataType=EGameDataTable_PortalSpot,Key=1001054,Name=""Emberforge_Hunt_WM_03""),(GameDataType=EGameDataTable_PortalSpot,Key=1002052,Name=""Eisvan_Hunt_WM_01""),(GameDataType=EGameDataTable_PortalSpot,Key=1002053,Name=""Eisvan_Hunt_WM_02""),(GameDataType=EGameDataTable_PortalSpot,Key=1002054,Name=""Eisvan_Hunt_WM_03""),(GameDataType=EGameDataTable_PortalSpot,Key=1003051,Name=""Ulgar_Hunt_WM_01""),(GameDataType=EGameDataTable_PortalSpot,Key=1003052,Name=""Ulgar_Hunt_WM_02""),(GameDataType=EGameDataTable_PortalSpot,Key=1003053,Name=""Ulgar_Hunt_WM_03""))","((GameDataType=EGameDataTable_CraftList,Key=171,Name=""초심자의 글러브""))","(Type=-,GameDataType=EGameDataTable_ItemSettingType,Key=0,Name=""None"")","(GameDataType=EGameDataTable_ItemSetOption,Key=0,Name=""None"")","((Stat=(StatType=EGameStatType_Defense,AttackStat=EGameStat_Attack_None,DefenseStat=EGameStat_Defense_ArmorClass,ExtraStat=EGameStat_Extra_None),Value=1),(Stat=(StatType=EGameStatType_Attack,AttackStat=EGameStat_Attack_AccuracyMagic,DefenseStat=EGameStat_Defense_None,ExtraStat=EGameStat_Extra_None),Value=2))","","1000","100","100","True","True","-1","0","False"
"2023042001","[SET-][공용]일반 장갑 티어 Tier2","LOCTABLE(""/Game/GameData/String_Main.String_Main"", ""Item_Name_2023042001"")","""/Game/Textures/Icons/Equip/Gloves/T_Gloves_Iron_Common_02.T_Gloves_Iron_Common_02""","None","None","None","""/Game/Blueprints/Actors/ItemDropMesh/BP_DropitemMesh_Base.BP_DropitemMesh_Base_C""","LOCTABLE(""/Game/GameData/String_Main.String_Main"", ""Item_Desc_2023042001"")","EItemType_Armor","EItemDetailType_Armor_Gloves","EItemTagType_NormalItem","EUniversalGrade_Common","True","True","False","True","True","True","False","True","True","False","True","(GameDataType=EGameDataTable_ItemEnhance,Key=3,Name=""강화테이블_방어구"")","True","12","4","0","1620","162","1","1","ECharacterJobClass_DontCare","1","999","15","((GameDataType=EGameDataTable_PortalSpot,Key=1001052,Name=""Emberforge_Hunt_WM_01""),(GameDataType=EGameDataTable_PortalSpot,Key=1001053,Name=""Emberforge_Hunt_WM_02""),(GameDataType=EGameDataTable_PortalSpot,Key=1001054,Name=""Emberforge_Hunt_WM_03""),(GameDataType=EGameDataTable_PortalSpot,Key=1002052,Name=""Eisvan_Hunt_WM_01""),(GameDataType=EGameDataTable_PortalSpot,Key=1002053,Name=""Eisvan_Hunt_WM_02""),(GameDataType=EGameDataTable_PortalSpot,Key=1002054,Name=""Eisvan_Hunt_WM_03""),(GameDataType=EGameDataTable_PortalSpot,Key=1003051,Name=""Ulgar_Hunt_WM_01""),(GameDataType=EGameDataTable_PortalSpot,Key=1003052,Name=""Ulgar_Hunt_WM_02""),(GameDataType=EGameDataTable_PortalSpot,Key=1003053,Name=""Ulgar_Hunt_WM_03""))","((GameDataType=EGameDataTable_CraftList,Key=172,Name=""용병의 건틀렛""))","(Type=-,GameDataType=EGameDataTable_ItemSettingType,Key=0,Name=""None"")","(GameDataType=EGameDataTable_ItemSetOption,Key=0,Name=""None"")","((Stat=(StatType=EGameStatType_Defense,AttackStat=EGameStat_Attack_None,DefenseStat=EGameStat_Defense_ArmorClass,ExtraStat=EGameStat_Extra_None),Value=2),(Stat=(StatType=EGameStatType_Attack,AttackStat=EGameStat_Attack_AccuracyMelee,DefenseStat=EGameStat_Defense_None,ExtraStat=EGameStat_Extra_None),Value=3),(Stat=(StatType=EGameStatType_Attack,AttackStat=EGameStat_Attack_DamageNormalAttack,DefenseStat=EGameStat_Defense_None,ExtraStat=EGameStat_Extra_None),Value=1))","","1000","100","100","True","True","-1","0","False"
"2023042002","[SET-][공용]일반 장갑 티어 Tier2","LOCTABLE(""/Game/GameData/String_Main.String_Main"", ""Item_Name_2023042002"")","""/Game/Textures/Icons/Equip/Gloves/T_Gloves_Cloth_Common_02.T_Gloves_Cloth_Common_02""","None","None","None","""/Game/Blueprints/Actors/ItemDropMesh/BP_DropitemMesh_Base.BP_DropitemMesh_Base_C""","LOCTABLE(""/Game/GameData/String_Main.String_Main"", ""Item_Desc_2023042002"")","EItemType_Armor","EItemDetailType_Armor_Gloves","EItemTagType_NormalItem","EUniversalGrade_Common","True","True","False","True","True","True","False","True","True","False","True","(GameDataType=EGameDataTable_ItemEnhance,Key=3,Name=""강화테이블_방어구"")","True","12","4","0","1620","162","1","1","ECharacterJobClass_DontCare","1","999","15","((GameDataType=EGameDataTable_PortalSpot,Key=1001052,Name=""Emberforge_Hunt_WM_01""),(GameDataType=EGameDataTable_PortalSpot,Key=1001053,Name=""Emberforge_Hunt_WM_02""),(GameDataType=EGameDataTable_PortalSpot,Key=1001054,Name=""Emberforge_Hunt_WM_03""),(GameDataType=EGameDataTable_PortalSpot,Key=1002052,Name=""Eisvan_Hunt_WM_01""),(GameDataType=EGameDataTable_PortalSpot,Key=1002053,Name=""Eisvan_Hunt_WM_02""),(GameDataType=EGameDataTable_PortalSpot,Key=1002054,Name=""Eisvan_Hunt_WM_03""),(GameDataType=EGameDataTable_PortalSpot,Key=1003051,Name=""Ulgar_Hunt_WM_01""),(GameDataType=EGameDataTable_PortalSpot,Key=1003052,Name=""Ulgar_Hunt_WM_02""),(GameDataType=EGameDataTable_PortalSpot,Key=1003053,Name=""Ulgar_Hunt_WM_03""))","((GameDataType=EGameDataTable_CraftList,Key=173,Name=""용병의 장갑""))","(Type=-,GameDataType=EGameDataTable_ItemSettingType,Key=0,Name=""None"")","(GameDataType=EGameDataTable_ItemSetOption,Key=0,Name=""None"")","((Stat=(StatType=EGameStatType_Defense,AttackStat=EGameStat_Attack_None,DefenseStat=EGameStat_Defense_ArmorClass,ExtraStat=EGameStat_Extra_None),Value=1),(Stat=(StatType=EGameStatType_Attack,AttackStat=EGameStat_Attack_AccuracyRange,DefenseStat=EGameStat_Defense_None,ExtraStat=EGameStat_Extra_None),Value=3),(Stat=(StatType=EGameStatType_Attack,AttackStat=EGameStat_Attack_DamageSkill,DefenseStat=EGameStat_Defense_None,ExtraStat=EGameStat_Extra_None),Value=1))","","1000","100","100","True","True","-1","0","False"
"2023042003","[SET-][공용]일반 장갑 티어 Tier2","LOCTABLE(""/Game/GameData/String_Main.String_Main"", ""Item_Name_2023042003"")","""/Game/Textures/Icons/Equip/Gloves/T_Gloves_Leather_Common_02.T_Gloves_Leather_Common_02""","None","None","None","""/Game/Blueprints/Actors/ItemDropMesh/BP_DropitemMesh_Base.BP_DropitemMesh_Base_C""","LOCTABLE(""/Game/GameData/String_Main.String_Main"", ""Item_Desc_2023042003"")","EItemType_Armor","EItemDetailType_Armor_Gloves","EItemTagType_NormalItem","EUniversalGrade_Common","True","True","False","True","True","True","False","True","True","False","True","(GameDataType=EGameDataTable_ItemEnhance,Key=3,Name=""강화테이블_방어구"")","True","12","4","0","1620","162","1","1","ECharacterJobClass_DontCare","1","999","15","((GameDataType=EGameDataTable_PortalSpot,Key=1001052,Name=""Emberforge_Hunt_WM_01""),(GameDataType=EGameDataTable_PortalSpot,Key=1001053,Name=""Emberforge_Hunt_WM_02""),(GameDataType=EGameDataTable_PortalSpot,Key=1001054,Name=""Emberforge_Hunt_WM_03""),(GameDataType=EGameDataTable_PortalSpot,Key=1002052,Name=""Eisvan_Hunt_WM_01""),(GameDataType=EGameDataTable_PortalSpot,Key=1002053,Name=""Eisvan_Hunt_WM_02""),(GameDataType=EGameDataTable_PortalSpot,Key=1002054,Name=""Eisvan_Hunt_WM_03""),(GameDataType=EGameDataTable_PortalSpot,Key=1003051,Name=""Ulgar_Hunt_WM_01""),(GameDataType=EGameDataTable_PortalSpot,Key=1003052,Name=""Ulgar_Hunt_WM_02""),(GameDataType=EGameDataTable_PortalSpot,Key=1003053,Name=""Ulgar_Hunt_WM_03""))","((GameDataType=EGameDataTable_CraftList,Key=174,Name=""용병의 글러브""))","(Type=-,GameDataType=EGameDataTable_ItemSettingType,Key=0,Name=""None"")","(GameDataType=EGameDataTable_ItemSetOption,Key=0,Name=""None"")","((Stat=(StatType=EGameStatType_Defense,AttackStat=EGameStat_Attack_None,DefenseStat=EGameStat_Defense_ArmorClass,ExtraStat=EGameStat_Extra_None),Value=1),(Stat=(StatType=EGameStatType_Attack,AttackStat=EGameStat_Attack_AccuracyMagic,DefenseStat=EGameStat_Defense_None,ExtraStat=EGameStat_Extra_None),Value=3),(Stat=(StatType=EGameStatType_Attack,AttackStat=EGameStat_Attack_BonusDamageCritical,DefenseStat=EGameStat_Defense_None,ExtraStat=EGameStat_Extra_None),Value=2))","","1000","100","100","True","True","-1","0","False"
"2023141001","[SET-][공용]고급 장갑 티어 Tier1","LOCTABLE(""/Game/GameData/String_Main.String_Main"", ""Item_Name_2023141001"")","""/Game/Textures/Icons/Equip/Gloves/T_Gloves_Iron_Rare_01.T_Gloves_Iron_Rare_01""","None","None","None","""/Game/Blueprints/Actors/ItemDropMesh/BP_DropitemMesh_Base.BP_DropitemMesh_Base_C""","LOCTABLE(""/Game/GameData/String_Main.String_Main"", ""Item_Desc_2023141001"")","EItemType_Armor","EItemDetailType_Armor_Gloves","EItemTagType_NormalItem","EUniversalGrade_Rare","True","True","False","True","True","True","False","True","True","False","True","(GameDataType=EGameDataTable_ItemEnhance,Key=3,Name=""강화테이블_방어구"")","True","12","4","0","1750","175","1","1","ECharacterJobClass_DontCare","1","999","15","((GameDataType=EGameDataTable_PortalSpot,Key=1001052,Name=""Emberforge_Hunt_WM_01""),(GameDataType=EGameDataTable_PortalSpot,Key=1001053,Name=""Emberforge_Hunt_WM_02""),(GameDataType=EGameDataTable_PortalSpot,Key=1001054,Name=""Emberforge_Hunt_WM_03""),(GameDataType=EGameDataTable_PortalSpot,Key=1002052,Name=""Eisvan_Hunt_WM_01""),(GameDataType=EGameDataTable_PortalSpot,Key=1002053,Name=""Eisvan_Hunt_WM_02""),(GameDataType=EGameDataTable_PortalSpot,Key=1002054,Name=""Eisvan_Hunt_WM_03""),(GameDataType=EGameDataTable_PortalSpot,Key=1003051,Name=""Ulgar_Hunt_WM_01""),(GameDataType=EGameDataTable_PortalSpot,Key=1003052,Name=""Ulgar_Hunt_WM_02""),(GameDataType=EGameDataTable_PortalSpot,Key=1003053,Name=""Ulgar_Hunt_WM_03""))","((GameDataType=EGameDataTable_CraftList,Key=175,Name=""숙련 모험가의 건틀렛""))","(Type=-,GameDataType=EGameDataTable_ItemSettingType,Key=0,Name=""None"")","(GameDataType=EGameDataTable_ItemSetOption,Key=0,Name=""None"")","((Stat=(StatType=EGameStatType_Defense,AttackStat=EGameStat_Attack_None,DefenseStat=EGameStat_Defense_ArmorClass,ExtraStat=EGameStat_Extra_None),Value=4),(Stat=(StatType=EGameStatType_Attack,AttackStat=EGameStat_Attack_AccuracyMelee,DefenseStat=EGameStat_Defense_None,ExtraStat=EGameStat_Extra_None),Value=5))","","1000","100","100","True","True","-1","0","False"
"2023141002","[SET-][공용]고급 장갑 티어 Tier1","LOCTABLE(""/Game/GameData/String_Main.String_Main"", ""Item_Name_2023141002"")","""/Game/Textures/Icons/Equip/Gloves/T_Gloves_Cloth_Rare_01.T_Gloves_Cloth_Rare_01""","None","None","None","""/Game/Blueprints/Actors/ItemDropMesh/BP_DropitemMesh_Base.BP_DropitemMesh_Base_C""","LOCTABLE(""/Game/GameData/String_Main.String_Main"", ""Item_Desc_2023141002"")","EItemType_Armor","EItemDetailType_Armor_Gloves","EItemTagType_NormalItem","EUniversalGrade_Rare","True","True","False","True","True","True","False","True","True","False","True","(GameDataType=EGameDataTable_ItemEnhance,Key=3,Name=""강화테이블_방어구"")","True","12","4","0","1750","175","1","1","ECharacterJobClass_DontCare","1","999","15","((GameDataType=EGameDataTable_PortalSpot,Key=1001052,Name=""Emberforge_Hunt_WM_01""),(GameDataType=EGameDataTable_PortalSpot,Key=1001053,Name=""Emberforge_Hunt_WM_02""),(GameDataType=EGameDataTable_PortalSpot,Key=1001054,Name=""Emberforge_Hunt_WM_03""),(GameDataType=EGameDataTable_PortalSpot,Key=1002052,Name=""Eisvan_Hunt_WM_01""),(GameDataType=EGameDataTable_PortalSpot,Key=1002053,Name=""Eisvan_Hunt_WM_02""),(GameDataType=EGameDataTable_PortalSpot,Key=1002054,Name=""Eisvan_Hunt_WM_03""),(GameDataType=EGameDataTable_PortalSpot,Key=1003051,Name=""Ulgar_Hunt_WM_01""),(GameDataType=EGameDataTable_PortalSpot,Key=1003052,Name=""Ulgar_Hunt_WM_02""),(GameDataType=EGameDataTable_PortalSpot,Key=1003053,Name=""Ulgar_Hunt_WM_03""))","((GameDataType=EGameDataTable_CraftList,Key=176,Name=""숙련 모험가의 장갑""))","(Type=-,GameDataType=EGameDataTable_ItemSettingType,Key=0,Name=""None"")","(GameDataType=EGameDataTable_ItemSetOption,Key=0,Name=""None"")","((Stat=(StatType=EGameStatType_Defense,AttackStat=EGameStat_Attack_None,DefenseStat=EGameStat_Defense_ArmorClass,ExtraStat=EGameStat_Extra_None),Value=3),(Stat=(StatType=EGameStatType_Attack,AttackStat=EGameStat_Attack_AccuracyRange,DefenseStat=EGameStat_Defense_None,ExtraStat=EGameStat_Extra_None),Value=5))","","1000","100","100","True","True","-1","0","False"
"2023141003","[SET-][공용]고급 장갑 티어 Tier1","LOCTABLE(""/Game/GameData/String_Main.String_Main"", ""Item_Name_2023141003"")","""/Game/Textures/Icons/Equip/Gloves/T_Gloves_Leather_Rare_01.T_Gloves_Leather_Rare_01""","None","None","None","""/Game/Blueprints/Actors/ItemDropMesh/BP_DropitemMesh_Base.BP_DropitemMesh_Base_C""","LOCTABLE(""/Game/GameData/String_Main.String_Main"", ""Item_Desc_2023141003"")","EItemType_Armor","EItemDetailType_Armor_Gloves","EItemTagType_NormalItem","EUniversalGrade_Rare","True","True","False","True","True","True","False","True","True","False","True","(GameDataType=EGameDataTable_ItemEnhance,Key=3,Name=""강화테이블_방어구"")","True","12","4","0","1750","175","1","1","ECharacterJobClass_DontCare","1","999","15","((GameDataType=EGameDataTable_PortalSpot,Key=1001052,Name=""Emberforge_Hunt_WM_01""),(GameDataType=EGameDataTable_PortalSpot,Key=1001053,Name=""Emberforge_Hunt_WM_02""),(GameDataType=EGameDataTable_PortalSpot,Key=1001054,Name=""Emberforge_Hunt_WM_03""),(GameDataType=EGameDataTable_PortalSpot,Key=1002052,Name=""Eisvan_Hunt_WM_01""),(GameDataType=EGameDataTable_PortalSpot,Key=1002053,Name=""Eisvan_Hunt_WM_02""),(GameDataType=EGameDataTable_PortalSpot,Key=1002054,Name=""Eisvan_Hunt_WM_03""),(GameDataType=EGameDataTable_PortalSpot,Key=1003051,Name=""Ulgar_Hunt_WM_01""),(GameDataType=EGameDataTable_PortalSpot,Key=1003052,Name=""Ulgar_Hunt_WM_02""),(GameDataType=EGameDataTable_PortalSpot,Key=1003053,Name=""Ulgar_Hunt_WM_03""))","((GameDataType=EGameDataTable_CraftList,Key=177,Name=""숙련 모험가의 글러브""))","(Type=-,GameDataType=EGameDataTable_ItemSettingType,Key=0,Name=""None"")","(GameDataType=EGameDataTable_ItemSetOption,Key=0,Name=""None"")","((Stat=(StatType=EGameStatType_Defense,AttackStat=EGameStat_Attack_None,DefenseStat=EGameStat_Defense_ArmorClass,ExtraStat=EGameStat_Extra_None),Value=3),(Stat=(StatType=EGameStatType_Attack,AttackStat=EGameStat_Attack_AccuracyMagic,DefenseStat=EGameStat_Defense_None,ExtraStat=EGameStat_Extra_None),Value=5))","","1000","100","100","True","True","-1","0","False"
"2023142001","[SET-][공용]고급 장갑 티어 Tier2","LOCTABLE(""/Game/GameData/String_Main.String_Main"", ""Item_Name_2023142001"")","""/Game/Textures/Icons/Equip/Gloves/T_Gloves_Iron_Rare_02.T_Gloves_Iron_Rare_02""","None","None","None","""/Game/Blueprints/Actors/ItemDropMesh/BP_DropitemMesh_Base.BP_DropitemMesh_Base_C""","LOCTABLE(""/Game/GameData/String_Main.String_Main"", ""Item_Desc_2023142001"")","EItemType_Armor","EItemDetailType_Armor_Gloves","EItemTagType_NormalItem","EUniversalGrade_Rare","True","True","False","True","True","True","False","True","True","False","True","(GameDataType=EGameDataTable_ItemEnhance,Key=3,Name=""강화테이블_방어구"")","True","12","4","0","2100","210","1","1","ECharacterJobClass_DontCare","1","999","15","((GameDataType=EGameDataTable_PortalSpot,Key=1001052,Name=""Emberforge_Hunt_WM_01""),(GameDataType=EGameDataTable_PortalSpot,Key=1001053,Name=""Emberforge_Hunt_WM_02""),(GameDataType=EGameDataTable_PortalSpot,Key=1001054,Name=""Emberforge_Hunt_WM_03""),(GameDataType=EGameDataTable_PortalSpot,Key=1002052,Name=""Eisvan_Hunt_WM_01""),(GameDataType=EGameDataTable_PortalSpot,Key=1002053,Name=""Eisvan_Hunt_WM_02""),(GameDataType=EGameDataTable_PortalSpot,Key=1002054,Name=""Eisvan_Hunt_WM_03""),(GameDataType=EGameDataTable_PortalSpot,Key=1003051,Name=""Ulgar_Hunt_WM_01""),(GameDataType=EGameDataTable_PortalSpot,Key=1003052,Name=""Ulgar_Hunt_WM_02""),(GameDataType=EGameDataTable_PortalSpot,Key=1003053,Name=""Ulgar_Hunt_WM_03""))","((GameDataType=EGameDataTable_CraftList,Key=178,Name=""숙련 용병의 건틀렛""))","(Type=-,GameDataType=EGameDataTable_ItemSettingType,Key=0,Name=""None"")","(GameDataType=EGameDataTable_ItemSetOption,Key=0,Name=""None"")","((Stat=(StatType=EGameStatType_Defense,AttackStat=EGameStat_Attack_None,DefenseStat=EGameStat_Defense_ArmorClass,ExtraStat=EGameStat_Extra_None),Value=4),(Stat=(StatType=EGameStatType_Attack,AttackStat=EGameStat_Attack_AccuracyMelee,DefenseStat=EGameStat_Defense_None,ExtraStat=EGameStat_Extra_None),Value=6),(Stat=(StatType=EGameStatType_Attack,AttackStat=EGameStat_Attack_DamageNormalAttack,DefenseStat=EGameStat_Defense_None,ExtraStat=EGameStat_Extra_None),Value=2))","","1000","100","100","True","True","-1","0","False"
"2023142002","[SET-][공용]고급 장갑 티어 Tier2","LOCTABLE(""/Game/GameData/String_Main.String_Main"", ""Item_Name_2023142002"")","""/Game/Textures/Icons/Equip/Gloves/T_Gloves_Cloth_Rare_02.T_Gloves_Cloth_Rare_02""","None","None","None","""/Game/Blueprints/Actors/ItemDropMesh/BP_DropitemMesh_Base.BP_DropitemMesh_Base_C""","LOCTABLE(""/Game/GameData/String_Main.String_Main"", ""Item_Desc_2023142002"")","EItemType_Armor","EItemDetailType_Armor_Gloves","EItemTagType_NormalItem","EUniversalGrade_Rare","True","True","False","True","True","True","False","True","True","False","True","(GameDataType=EGameDataTable_ItemEnhance,Key=3,Name=""강화테이블_방어구"")","True","12","4","0","2100","210","1","1","ECharacterJobClass_DontCare","1","999","15","((GameDataType=EGameDataTable_PortalSpot,Key=1001052,Name=""Emberforge_Hunt_WM_01""),(GameDataType=EGameDataTable_PortalSpot,Key=1001053,Name=""Emberforge_Hunt_WM_02""),(GameDataType=EGameDataTable_PortalSpot,Key=1001054,Name=""Emberforge_Hunt_WM_03""),(GameDataType=EGameDataTable_PortalSpot,Key=1002052,Name=""Eisvan_Hunt_WM_01""),(GameDataType=EGameDataTable_PortalSpot,Key=1002053,Name=""Eisvan_Hunt_WM_02""),(GameDataType=EGameDataTable_PortalSpot,Key=1002054,Name=""Eisvan_Hunt_WM_03""),(GameDataType=EGameDataTable_PortalSpot,Key=1003051,Name=""Ulgar_Hunt_WM_01""),(GameDataType=EGameDataTable_PortalSpot,Key=1003052,Name=""Ulgar_Hunt_WM_02""),(GameDataType=EGameDataTable_PortalSpot,Key=1003053,Name=""Ulgar_Hunt_WM_03""))","((GameDataType=EGameDataTable_CraftList,Key=179,Name=""숙련 용병의 장갑""))","(Type=-,GameDataType=EGameDataTable_ItemSettingType,Key=0,Name=""None"")","(GameDataType=EGameDataTable_ItemSetOption,Key=0,Name=""None"")","((Stat=(StatType=EGameStatType_Defense,AttackStat=EGameStat_Attack_None,DefenseStat=EGameStat_Defense_ArmorClass,ExtraStat=EGameStat_Extra_None),Value=3),(Stat=(StatType=EGameStatType_Attack,AttackStat=EGameStat_Attack_AccuracyRange,DefenseStat=EGameStat_Defense_None,ExtraStat=EGameStat_Extra_None),Value=6),(Stat=(StatType=EGameStatType_Attack,AttackStat=EGameStat_Attack_DamageSkill,DefenseStat=EGameStat_Defense_None,ExtraStat=EGameStat_Extra_None),Value=2))","","1000","100","100","True","True","-1","0","False"
"2023142003","[SET-][공용]고급 장갑 티어 Tier2","LOCTABLE(""/Game/GameData/String_Main.String_Main"", ""Item_Name_2023142003"")","""/Game/Textures/Icons/Equip/Gloves/T_Gloves_Leather_Rare_02.T_Gloves_Leather_Rare_02""","None","None","None","""/Game/Blueprints/Actors/ItemDropMesh/BP_DropitemMesh_Base.BP_DropitemMesh_Base_C""","LOCTABLE(""/Game/GameData/String_Main.String_Main"", ""Item_Desc_2023142003"")","EItemType_Armor","EItemDetailType_Armor_Gloves","EItemTagType_NormalItem","EUniversalGrade_Rare","True","True","False","True","True","True","False","True","True","False","True","(GameDataType=EGameDataTable_ItemEnhance,Key=3,Name=""강화테이블_방어구"")","True","12","4","0","2100","210","1","1","ECharacterJobClass_DontCare","1","999","15","((GameDataType=EGameDataTable_PortalSpot,Key=1001052,Name=""Emberforge_Hunt_WM_01""),(GameDataType=EGameDataTable_PortalSpot,Key=1001053,Name=""Emberforge_Hunt_WM_02""),(GameDataType=EGameDataTable_PortalSpot,Key=1001054,Name=""Emberforge_Hunt_WM_03""),(GameDataType=EGameDataTable_PortalSpot,Key=1002052,Name=""Eisvan_Hunt_WM_01""),(GameDataType=EGameDataTable_PortalSpot,Key=1002053,Name=""Eisvan_Hunt_WM_02""),(GameDataType=EGameDataTable_PortalSpot,Key=1002054,Name=""Eisvan_Hunt_WM_03""),(GameDataType=EGameDataTable_PortalSpot,Key=1003051,Name=""Ulgar_Hunt_WM_01""),(GameDataType=EGameDataTable_PortalSpot,Key=1003052,Name=""Ulgar_Hunt_WM_02""),(GameDataType=EGameDataTable_PortalSpot,Key=1003053,Name=""Ulgar_Hunt_WM_03""))","((GameDataType=EGameDataTable_CraftList,Key=180,Name=""숙련 용병의 글러브""))","(Type=-,GameDataType=EGameDataTable_ItemSettingType,Key=0,Name=""None"")","(GameDataType=EGameDataTable_ItemSetOption,Key=0,Name=""None"")","((Stat=(StatType=EGameStatType_Defense,AttackStat=EGameStat_Attack_None,DefenseStat=EGameStat_Defense_ArmorClass,ExtraStat=EGameStat_Extra_None),Value=3),(Stat=(StatType=EGameStatType_Attack,AttackStat=EGameStat_Attack_AccuracyMagic,DefenseStat=EGameStat_Defense_None,ExtraStat=EGameStat_Extra_None),Value=6),(Stat=(StatType=EGameStatType_Attack,AttackStat=EGameStat_Attack_BonusDamageCritical,DefenseStat=EGameStat_Defense_None,ExtraStat=EGameStat_Extra_None),Value=3))","","1000","100","100","True","True","-1","0","False"
"2023143001","[SET-][공용]고급 장갑 티어 Tier3","LOCTABLE(""/Game/GameData/String_Main.String_Main"", ""Item_Name_2023143001"")","""/Game/Textures/Icons/Equip/Gloves/T_Gloves_Iron_Rare_03.T_Gloves_Iron_Rare_03""","None","None","None","""/Game/Blueprints/Actors/ItemDropMesh/BP_DropitemMesh_Base.BP_DropitemMesh_Base_C""","LOCTABLE(""/Game/GameData/String_Main.String_Main"", ""Item_Desc_2023143001"")","EItemType_Armor","EItemDetailType_Armor_Gloves","EItemTagType_NormalItem","EUniversalGrade_Rare","True","True","False","True","True","True","False","True","True","False","True","(GameDataType=EGameDataTable_ItemEnhance,Key=3,Name=""강화테이블_방어구"")","True","12","4","0","2450","245","1","1","ECharacterJobClass_DontCare","1","999","15","((GameDataType=EGameDataTable_PortalSpot,Key=1001052,Name=""Emberforge_Hunt_WM_01""),(GameDataType=EGameDataTable_PortalSpot,Key=1001053,Name=""Emberforge_Hunt_WM_02""),(GameDataType=EGameDataTable_PortalSpot,Key=1001054,Name=""Emberforge_Hunt_WM_03""),(GameDataType=EGameDataTable_PortalSpot,Key=1002052,Name=""Eisvan_Hunt_WM_01""),(GameDataType=EGameDataTable_PortalSpot,Key=1002053,Name=""Eisvan_Hunt_WM_02""),(GameDataType=EGameDataTable_PortalSpot,Key=1002054,Name=""Eisvan_Hunt_WM_03""),(GameDataType=EGameDataTable_PortalSpot,Key=1003051,Name=""Ulgar_Hunt_WM_01""),(GameDataType=EGameDataTable_PortalSpot,Key=1003052,Name=""Ulgar_Hunt_WM_02""),(GameDataType=EGameDataTable_PortalSpot,Key=1003053,Name=""Ulgar_Hunt_WM_03""))","((GameDataType=EGameDataTable_CraftList,Key=181,Name=""숙련 전사의 건틀렛""))","(Type=-,GameDataType=EGameDataTable_ItemSettingType,Key=0,Name=""None"")","(GameDataType=EGameDataTable_ItemSetOption,Key=0,Name=""None"")","((Stat=(StatType=EGameStatType_Defense,AttackStat=EGameStat_Attack_None,DefenseStat=EGameStat_Defense_ArmorClass,ExtraStat=EGameStat_Extra_None),Value=4),(Stat=(StatType=EGameStatType_Attack,AttackStat=EGameStat_Attack_AccuracyMelee,DefenseStat=EGameStat_Defense_None,ExtraStat=EGameStat_Extra_None),Value=7),(Stat=(StatType=EGameStatType_Attack,AttackStat=EGameStat_Attack_CriticalChanceMelee,DefenseStat=EGameStat_Defense_None,ExtraStat=EGameStat_Extra_None),Value=3))","","1000","100","100","True","True","-1","0","False"
"2023143002","[SET-][공용]고급 장갑 티어 Tier3","LOCTABLE(""/Game/GameData/String_Main.String_Main"", ""Item_Name_2023143002"")","""/Game/Textures/Icons/Equip/Gloves/T_Gloves_Cloth_Rare_03.T_Gloves_Cloth_Rare_03""","None","None","None","""/Game/Blueprints/Actors/ItemDropMesh/BP_DropitemMesh_Base.BP_DropitemMesh_Base_C""","LOCTABLE(""/Game/GameData/String_Main.String_Main"", ""Item_Desc_2023143002"")","EItemType_Armor","EItemDetailType_Armor_Gloves","EItemTagType_NormalItem","EUniversalGrade_Rare","True","True","False","True","True","True","False","True","True","False","True","(GameDataType=EGameDataTable_ItemEnhance,Key=3,Name=""강화테이블_방어구"")","True","12","4","0","2450","245","1","1","ECharacterJobClass_DontCare","1","999","15","((GameDataType=EGameDataTable_PortalSpot,Key=1001052,Name=""Emberforge_Hunt_WM_01""),(GameDataType=EGameDataTable_PortalSpot,Key=1001053,Name=""Emberforge_Hunt_WM_02""),(GameDataType=EGameDataTable_PortalSpot,Key=1001054,Name=""Emberforge_Hunt_WM_03""),(GameDataType=EGameDataTable_PortalSpot,Key=1002052,Name=""Eisvan_Hunt_WM_01""),(GameDataType=EGameDataTable_PortalSpot,Key=1002053,Name=""Eisvan_Hunt_WM_02""),(GameDataType=EGameDataTable_PortalSpot,Key=1002054,Name=""Eisvan_Hunt_WM_03""),(GameDataType=EGameDataTable_PortalSpot,Key=1003051,Name=""Ulgar_Hunt_WM_01""),(GameDataType=EGameDataTable_PortalSpot,Key=1003052,Name=""Ulgar_Hunt_WM_02""),(GameDataType=EGameDataTable_PortalSpot,Key=1003053,Name=""Ulgar_Hunt_WM_03""))","((GameDataType=EGameDataTable_CraftList,Key=182,Name=""숙련 전사의 장갑""))","(Type=-,GameDataType=EGameDataTable_ItemSettingType,Key=0,Name=""None"")","(GameDataType=EGameDataTable_ItemSetOption,Key=0,Name=""None"")","((Stat=(StatType=EGameStatType_Defense,AttackStat=EGameStat_Attack_None,DefenseStat=EGameStat_Defense_ArmorClass,ExtraStat=EGameStat_Extra_None),Value=3),(Stat=(StatType=EGameStatType_Attack,AttackStat=EGameStat_Attack_AccuracyRange,DefenseStat=EGameStat_Defense_None,ExtraStat=EGameStat_Extra_None),Value=7),(Stat=(StatType=EGameStatType_Attack,AttackStat=EGameStat_Attack_CriticalChanceRange,DefenseStat=EGameStat_Defense_None,ExtraStat=EGameStat_Extra_None),Value=3))","","1000","100","100","True","True","-1","0","False"
"2023143003","[SET-][공용]고급 장갑 티어 Tier3","LOCTABLE(""/Game/GameData/String_Main.String_Main"", ""Item_Name_2023143003"")","""/Game/Textures/Icons/Equip/Gloves/T_Gloves_Leather_Rare_03.T_Gloves_Leather_Rare_03""","None","None","None","""/Game/Blueprints/Actors/ItemDropMesh/BP_DropitemMesh_Base.BP_DropitemMesh_Base_C""","LOCTABLE(""/Game/GameData/String_Main.String_Main"", ""Item_Desc_2023143003"")","EItemType_Armor","EItemDetailType_Armor_Gloves","EItemTagType_NormalItem","EUniversalGrade_Rare","True","True","False","True","True","True","False","True","True","False","True","(GameDataType=EGameDataTable_ItemEnhance,Key=3,Name=""강화테이블_방어구"")","True","12","4","0","2450","245","1","1","ECharacterJobClass_DontCare","1","999","15","((GameDataType=EGameDataTable_PortalSpot,Key=1001052,Name=""Emberforge_Hunt_WM_01""),(GameDataType=EGameDataTable_PortalSpot,Key=1001053,Name=""Emberforge_Hunt_WM_02""),(GameDataType=EGameDataTable_PortalSpot,Key=1001054,Name=""Emberforge_Hunt_WM_03""),(GameDataType=EGameDataTable_PortalSpot,Key=1002052,Name=""Eisvan_Hunt_WM_01""),(GameDataType=EGameDataTable_PortalSpot,Key=1002053,Name=""Eisvan_Hunt_WM_02""),(GameDataType=EGameDataTable_PortalSpot,Key=1002054,Name=""Eisvan_Hunt_WM_03""),(GameDataType=EGameDataTable_PortalSpot,Key=1003051,Name=""Ulgar_Hunt_WM_01""),(GameDataType=EGameDataTable_PortalSpot,Key=1003052,Name=""Ulgar_Hunt_WM_02""),(GameDataType=EGameDataTable_PortalSpot,Key=1003053,Name=""Ulgar_Hunt_WM_03""))","((GameDataType=EGameDataTable_CraftList,Key=183,Name=""숙련 전사의 글러브""))","(Type=-,GameDataType=EGameDataTable_ItemSettingType,Key=0,Name=""None"")","(GameDataType=EGameDataTable_ItemSetOption,Key=0,Name=""None"")","((Stat=(StatType=EGameStatType_Defense,AttackStat=EGameStat_Attack_None,DefenseStat=EGameStat_Defense_ArmorClass,ExtraStat=EGameStat_Extra_None),Value=3),(Stat=(StatType=EGameStatType_Attack,AttackStat=EGameStat_Attack_AccuracyMagic,DefenseStat=EGameStat_Defense_None,ExtraStat=EGameStat_Extra_None),Value=7),(Stat=(StatType=EGameStatType_Attack,AttackStat=EGameStat_Attack_CriticalChanceMagic,DefenseStat=EGameStat_Defense_None,ExtraStat=EGameStat_Extra_None),Value=3))","","1000","100","100","True","True","-1","0","False"
"2023241001","[SET-][공용]희귀 장갑 티어 Tier1","LOCTABLE(""/Game/GameData/String_Main.String_Main"", ""Item_Name_2023241001"")","""/Game/Textures/Icons/Equip/Gloves/T_Gloves_Iron_Unique_01.T_Gloves_Iron_Unique_01""","None","None","None","""/Game/Blueprints/Actors/ItemDropMesh/BP_DropitemMesh_Base.BP_DropitemMesh_Base_C""","LOCTABLE(""/Game/GameData/String_Main.String_Main"", ""Item_Desc_2023241001"")","EItemType_Armor","EItemDetailType_Armor_Gloves","EItemTagType_NormalItem","EUniversalGrade_Unique","True","True","False","True","True","True","False","True","True","False","True","(GameDataType=EGameDataTable_ItemEnhance,Key=3,Name=""강화테이블_방어구"")","True","12","4","0","14910","1491","1","1","ECharacterJobClass_DontCare","1","999","15","((GameDataType=EGameDataTable_PortalSpot,Key=1001052,Name=""Emberforge_Hunt_WM_01""),(GameDataType=EGameDataTable_PortalSpot,Key=1001053,Name=""Emberforge_Hunt_WM_02""),(GameDataType=EGameDataTable_PortalSpot,Key=1001054,Name=""Emberforge_Hunt_WM_03""),(GameDataType=EGameDataTable_PortalSpot,Key=1002052,Name=""Eisvan_Hunt_WM_01""),(GameDataType=EGameDataTable_PortalSpot,Key=1002053,Name=""Eisvan_Hunt_WM_02""),(GameDataType=EGameDataTable_PortalSpot,Key=1002054,Name=""Eisvan_Hunt_WM_03""),(GameDataType=EGameDataTable_PortalSpot,Key=1003051,Name=""Ulgar_Hunt_WM_01""),(GameDataType=EGameDataTable_PortalSpot,Key=1003052,Name=""Ulgar_Hunt_WM_02""),(GameDataType=EGameDataTable_PortalSpot,Key=1003053,Name=""Ulgar_Hunt_WM_03""))","((GameDataType=EGameDataTable_CraftList,Key=184,Name=""정예 모험가의 건틀렛""))","(Type=-,GameDataType=EGameDataTable_ItemSettingType,Key=0,Name=""None"")","(GameDataType=EGameDataTable_ItemSetOption,Key=0,Name=""None"")","((Stat=(StatType=EGameStatType_Defense,AttackStat=EGameStat_Attack_None,DefenseStat=EGameStat_Defense_ArmorClass,ExtraStat=EGameStat_Extra_None),Value=7),(Stat=(StatType=EGameStatType_Attack,AttackStat=EGameStat_Attack_AccuracyMelee,DefenseStat=EGameStat_Defense_None,ExtraStat=EGameStat_Extra_None),Value=10))","","1000","100","100","True","True","-1","0","False"
"2023241002","[SET-][공용]희귀 장갑 티어 Tier1","LOCTABLE(""/Game/GameData/String_Main.String_Main"", ""Item_Name_2023241002"")","""/Game/Textures/Icons/Equip/Gloves/T_Gloves_Cloth_Unique_01.T_Gloves_Cloth_Unique_01""","None","None","None","""/Game/Blueprints/Actors/ItemDropMesh/BP_DropitemMesh_Base.BP_DropitemMesh_Base_C""","LOCTABLE(""/Game/GameData/String_Main.String_Main"", ""Item_Desc_2023241002"")","EItemType_Armor","EItemDetailType_Armor_Gloves","EItemTagType_NormalItem","EUniversalGrade_Unique","True","True","False","True","True","True","False","True","True","False","True","(GameDataType=EGameDataTable_ItemEnhance,Key=3,Name=""강화테이블_방어구"")","True","12","4","0","14910","1491","1","1","ECharacterJobClass_DontCare","1","999","15","((GameDataType=EGameDataTable_PortalSpot,Key=1001052,Name=""Emberforge_Hunt_WM_01""),(GameDataType=EGameDataTable_PortalSpot,Key=1001053,Name=""Emberforge_Hunt_WM_02""),(GameDataType=EGameDataTable_PortalSpot,Key=1001054,Name=""Emberforge_Hunt_WM_03""),(GameDataType=EGameDataTable_PortalSpot,Key=1002052,Name=""Eisvan_Hunt_WM_01""),(GameDataType=EGameDataTable_PortalSpot,Key=1002053,Name=""Eisvan_Hunt_WM_02""),(GameDataType=EGameDataTable_PortalSpot,Key=1002054,Name=""Eisvan_Hunt_WM_03""),(GameDataType=EGameDataTable_PortalSpot,Key=1003051,Name=""Ulgar_Hunt_WM_01""),(GameDataType=EGameDataTable_PortalSpot,Key=1003052,Name=""Ulgar_Hunt_WM_02""),(GameDataType=EGameDataTable_PortalSpot,Key=1003053,Name=""Ulgar_Hunt_WM_03""))","((GameDataType=EGameDataTable_CraftList,Key=185,Name=""정예 모험가의 장갑""))","(Type=-,GameDataType=EGameDataTable_ItemSettingType,Key=0,Name=""None"")","(GameDataType=EGameDataTable_ItemSetOption,Key=0,Name=""None"")","((Stat=(StatType=EGameStatType_Defense,AttackStat=EGameStat_Attack_None,DefenseStat=EGameStat_Defense_ArmorClass,ExtraStat=EGameStat_Extra_None),Value=5),(Stat=(StatType=EGameStatType_Attack,AttackStat=EGameStat_Attack_AccuracyRange,DefenseStat=EGameStat_Defense_None,ExtraStat=EGameStat_Extra_None),Value=10))","","1000","100","100","True","True","-1","0","False"
"2023241003","[SET-][공용]희귀 장갑 티어 Tier1","LOCTABLE(""/Game/GameData/String_Main.String_Main"", ""Item_Name_2023241003"")","""/Game/Textures/Icons/Equip/Gloves/T_Gloves_Leather_Unique_01.T_Gloves_Leather_Unique_01""","None","None","None","""/Game/Blueprints/Actors/ItemDropMesh/BP_DropitemMesh_Base.BP_DropitemMesh_Base_C""","LOCTABLE(""/Game/GameData/String_Main.String_Main"", ""Item_Desc_2023241003"")","EItemType_Armor","EItemDetailType_Armor_Gloves","EItemTagType_NormalItem","EUniversalGrade_Unique","True","True","False","True","True","True","False","True","True","False","True","(GameDataType=EGameDataTable_ItemEnhance,Key=3,Name=""강화테이블_방어구"")","True","12","4","0","14910","1491","1","1","ECharacterJobClass_DontCare","1","999","15","((GameDataType=EGameDataTable_PortalSpot,Key=1001052,Name=""Emberforge_Hunt_WM_01""),(GameDataType=EGameDataTable_PortalSpot,Key=1001053,Name=""Emberforge_Hunt_WM_02""),(GameDataType=EGameDataTable_PortalSpot,Key=1001054,Name=""Emberforge_Hunt_WM_03""),(GameDataType=EGameDataTable_PortalSpot,Key=1002052,Name=""Eisvan_Hunt_WM_01""),(GameDataType=EGameDataTable_PortalSpot,Key=1002053,Name=""Eisvan_Hunt_WM_02""),(GameDataType=EGameDataTable_PortalSpot,Key=1002054,Name=""Eisvan_Hunt_WM_03""),(GameDataType=EGameDataTable_PortalSpot,Key=1003051,Name=""Ulgar_Hunt_WM_01""),(GameDataType=EGameDataTable_PortalSpot,Key=1003052,Name=""Ulgar_Hunt_WM_02""),(GameDataType=EGameDataTable_PortalSpot,Key=1003053,Name=""Ulgar_Hunt_WM_03""))","((GameDataType=EGameDataTable_CraftList,Key=186,Name=""정예 모험가의 글러브""))","(Type=-,GameDataType=EGameDataTable_ItemSettingType,Key=0,Name=""None"")","(GameDataType=EGameDataTable_ItemSetOption,Key=0,Name=""None"")","((Stat=(StatType=EGameStatType_Defense,AttackStat=EGameStat_Attack_None,DefenseStat=EGameStat_Defense_ArmorClass,ExtraStat=EGameStat_Extra_None),Value=6),(Stat=(StatType=EGameStatType_Attack,AttackStat=EGameStat_Attack_AccuracyMagic,DefenseStat=EGameStat_Defense_None,ExtraStat=EGameStat_Extra_None),Value=10))","","1000","100","100","True","True","-1","0","False"
"2023242001","[SET-][공용]희귀 장갑 티어 Tier2","LOCTABLE(""/Game/GameData/String_Main.String_Main"", ""Item_Name_2023242001"")","""/Game/Textures/Icons/Equip/Gloves/T_Gloves_Iron_Unique_02.T_Gloves_Iron_Unique_02""","None","None","None","""/Game/Blueprints/Actors/ItemDropMesh/BP_DropitemMesh_Base.BP_DropitemMesh_Base_C""","LOCTABLE(""/Game/GameData/String_Main.String_Main"", ""Item_Desc_2023242001"")","EItemType_Armor","EItemDetailType_Armor_Gloves","EItemTagType_NormalItem","EUniversalGrade_Unique","True","True","False","True","True","True","False","True","True","False","True","(GameDataType=EGameDataTable_ItemEnhance,Key=3,Name=""강화테이블_방어구"")","True","12","4","0","17900","1790","1","1","ECharacterJobClass_DontCare","1","999","15","((GameDataType=EGameDataTable_PortalSpot,Key=1001052,Name=""Emberforge_Hunt_WM_01""),(GameDataType=EGameDataTable_PortalSpot,Key=1001053,Name=""Emberforge_Hunt_WM_02""),(GameDataType=EGameDataTable_PortalSpot,Key=1001054,Name=""Emberforge_Hunt_WM_03""),(GameDataType=EGameDataTable_PortalSpot,Key=1002052,Name=""Eisvan_Hunt_WM_01""),(GameDataType=EGameDataTable_PortalSpot,Key=1002053,Name=""Eisvan_Hunt_WM_02""),(GameDataType=EGameDataTable_PortalSpot,Key=1002054,Name=""Eisvan_Hunt_WM_03""),(GameDataType=EGameDataTable_PortalSpot,Key=1003051,Name=""Ulgar_Hunt_WM_01""),(GameDataType=EGameDataTable_PortalSpot,Key=1003052,Name=""Ulgar_Hunt_WM_02""),(GameDataType=EGameDataTable_PortalSpot,Key=1003053,Name=""Ulgar_Hunt_WM_03""))","((GameDataType=EGameDataTable_CraftList,Key=187,Name=""정예 용병의 건틀렛""))","(Type=-,GameDataType=EGameDataTable_ItemSettingType,Key=0,Name=""None"")","(GameDataType=EGameDataTable_ItemSetOption,Key=0,Name=""None"")","((Stat=(StatType=EGameStatType_Defense,AttackStat=EGameStat_Attack_None,DefenseStat=EGameStat_Defense_ArmorClass,ExtraStat=EGameStat_Extra_None),Value=7),(Stat=(StatType=EGameStatType_Attack,AttackStat=EGameStat_Attack_AccuracyMelee,DefenseStat=EGameStat_Defense_None,ExtraStat=EGameStat_Extra_None),Value=11),(Stat=(StatType=EGameStatType_Attack,AttackStat=EGameStat_Attack_DamageNormalAttack,DefenseStat=EGameStat_Defense_None,ExtraStat=EGameStat_Extra_None),Value=3))","","1000","100","100","True","True","-1","0","False"
"2023242002","[SET-][공용]희귀 장갑 티어 Tier2","LOCTABLE(""/Game/GameData/String_Main.String_Main"", ""Item_Name_2023242002"")","""/Game/Textures/Icons/Equip/Gloves/T_Gloves_Cloth_Unique_02.T_Gloves_Cloth_Unique_02""","None","None","None","""/Game/Blueprints/Actors/ItemDropMesh/BP_DropitemMesh_Base.BP_DropitemMesh_Base_C""","LOCTABLE(""/Game/GameData/String_Main.String_Main"", ""Item_Desc_2023242002"")","EItemType_Armor","EItemDetailType_Armor_Gloves","EItemTagType_NormalItem","EUniversalGrade_Unique","True","True","False","True","True","True","False","True","True","False","True","(GameDataType=EGameDataTable_ItemEnhance,Key=3,Name=""강화테이블_방어구"")","True","12","4","0","17900","1790","1","1","ECharacterJobClass_DontCare","1","999","15","((GameDataType=EGameDataTable_PortalSpot,Key=1001052,Name=""Emberforge_Hunt_WM_01""),(GameDataType=EGameDataTable_PortalSpot,Key=1001053,Name=""Emberforge_Hunt_WM_02""),(GameDataType=EGameDataTable_PortalSpot,Key=1001054,Name=""Emberforge_Hunt_WM_03""),(GameDataType=EGameDataTable_PortalSpot,Key=1002052,Name=""Eisvan_Hunt_WM_01""),(GameDataType=EGameDataTable_PortalSpot,Key=1002053,Name=""Eisvan_Hunt_WM_02""),(GameDataType=EGameDataTable_PortalSpot,Key=1002054,Name=""Eisvan_Hunt_WM_03""),(GameDataType=EGameDataTable_PortalSpot,Key=1003051,Name=""Ulgar_Hunt_WM_01""),(GameDataType=EGameDataTable_PortalSpot,Key=1003052,Name=""Ulgar_Hunt_WM_02""),(GameDataType=EGameDataTable_PortalSpot,Key=1003053,Name=""Ulgar_Hunt_WM_03""))","((GameDataType=EGameDataTable_CraftList,Key=188,Name=""정예 용병의 장갑""))","(Type=-,GameDataType=EGameDataTable_ItemSettingType,Key=0,Name=""None"")","(GameDataType=EGameDataTable_ItemSetOption,Key=0,Name=""None"")","((Stat=(StatType=EGameStatType_Defense,AttackStat=EGameStat_Attack_None,DefenseStat=EGameStat_Defense_ArmorClass,ExtraStat=EGameStat_Extra_None),Value=5),(Stat=(StatType=EGameStatType_Attack,AttackStat=EGameStat_Attack_AccuracyRange,DefenseStat=EGameStat_Defense_None,ExtraStat=EGameStat_Extra_None),Value=11),(Stat=(StatType=EGameStatType_Attack,AttackStat=EGameStat_Attack_DamageSkill,DefenseStat=EGameStat_Defense_None,ExtraStat=EGameStat_Extra_None),Value=3))","","1000","100","100","True","True","-1","0","False"
"2023242003","[SET-][공용]희귀 장갑 티어 Tier2","LOCTABLE(""/Game/GameData/String_Main.String_Main"", ""Item_Name_2023242003"")","""/Game/Textures/Icons/Equip/Gloves/T_Gloves_Leather_Unique_02.T_Gloves_Leather_Unique_02""","None","None","None","""/Game/Blueprints/Actors/ItemDropMesh/BP_DropitemMesh_Base.BP_DropitemMesh_Base_C""","LOCTABLE(""/Game/GameData/String_Main.String_Main"", ""Item_Desc_2023242003"")","EItemType_Armor","EItemDetailType_Armor_Gloves","EItemTagType_NormalItem","EUniversalGrade_Unique","True","True","False","True","True","True","False","True","True","False","True","(GameDataType=EGameDataTable_ItemEnhance,Key=3,Name=""강화테이블_방어구"")","True","12","4","0","17900","1790","1","1","ECharacterJobClass_DontCare","1","999","15","((GameDataType=EGameDataTable_PortalSpot,Key=1001052,Name=""Emberforge_Hunt_WM_01""),(GameDataType=EGameDataTable_PortalSpot,Key=1001053,Name=""Emberforge_Hunt_WM_02""),(GameDataType=EGameDataTable_PortalSpot,Key=1001054,Name=""Emberforge_Hunt_WM_03""),(GameDataType=EGameDataTable_PortalSpot,Key=1002052,Name=""Eisvan_Hunt_WM_01""),(GameDataType=EGameDataTable_PortalSpot,Key=1002053,Name=""Eisvan_Hunt_WM_02""),(GameDataType=EGameDataTable_PortalSpot,Key=1002054,Name=""Eisvan_Hunt_WM_03""),(GameDataType=EGameDataTable_PortalSpot,Key=1003051,Name=""Ulgar_Hunt_WM_01""),(GameDataType=EGameDataTable_PortalSpot,Key=1003052,Name=""Ulgar_Hunt_WM_02""),(GameDataType=EGameDataTable_PortalSpot,Key=1003053,Name=""Ulgar_Hunt_WM_03""))","((GameDataType=EGameDataTable_CraftList,Key=189,Name=""정예 용병의 글러브""))","(Type=-,GameDataType=EGameDataTable_ItemSettingType,Key=0,Name=""None"")","(GameDataType=EGameDataTable_ItemSetOption,Key=0,Name=""None"")","((Stat=(StatType=EGameStatType_Defense,AttackStat=EGameStat_Attack_None,DefenseStat=EGameStat_Defense_ArmorClass,ExtraStat=EGameStat_Extra_None),Value=6),(Stat=(StatType=EGameStatType_Attack,AttackStat=EGameStat_Attack_AccuracyMagic,DefenseStat=EGameStat_Defense_None,ExtraStat=EGameStat_Extra_None),Value=11),(Stat=(StatType=EGameStatType_Attack,AttackStat=EGameStat_Attack_BonusDamageCritical,DefenseStat=EGameStat_Defense_None,ExtraStat=EGameStat_Extra_None),Value=5))","","1000","100","100","True","True","-1","0","False"
"2023243001","[SET-][공용]희귀 장갑 티어 Tier3","LOCTABLE(""/Game/GameData/String_Main.String_Main"", ""Item_Name_2023243001"")","""/Game/Textures/Icons/Equip/Gloves/T_Gloves_Iron_Unique_03.T_Gloves_Iron_Unique_03""","None","None","None","""/Game/Blueprints/Actors/ItemDropMesh/BP_DropitemMesh_Base.BP_DropitemMesh_Base_C""","LOCTABLE(""/Game/GameData/String_Main.String_Main"", ""Item_Desc_2023243001"")","EItemType_Armor","EItemDetailType_Armor_Gloves","EItemTagType_NormalItem","EUniversalGrade_Unique","True","True","False","True","True","True","False","True","True","False","True","(GameDataType=EGameDataTable_ItemEnhance,Key=3,Name=""강화테이블_방어구"")","True","12","4","0","20880","2088","1","1","ECharacterJobClass_DontCare","1","999","15","((GameDataType=EGameDataTable_PortalSpot,Key=1001052,Name=""Emberforge_Hunt_WM_01""),(GameDataType=EGameDataTable_PortalSpot,Key=1001053,Name=""Emberforge_Hunt_WM_02""),(GameDataType=EGameDataTable_PortalSpot,Key=1001054,Name=""Emberforge_Hunt_WM_03""),(GameDataType=EGameDataTable_PortalSpot,Key=1002052,Name=""Eisvan_Hunt_WM_01""),(GameDataType=EGameDataTable_PortalSpot,Key=1002053,Name=""Eisvan_Hunt_WM_02""),(GameDataType=EGameDataTable_PortalSpot,Key=1002054,Name=""Eisvan_Hunt_WM_03""),(GameDataType=EGameDataTable_PortalSpot,Key=1003051,Name=""Ulgar_Hunt_WM_01""),(GameDataType=EGameDataTable_PortalSpot,Key=1003052,Name=""Ulgar_Hunt_WM_02""),(GameDataType=EGameDataTable_PortalSpot,Key=1003053,Name=""Ulgar_Hunt_WM_03""))","((GameDataType=EGameDataTable_CraftList,Key=190,Name=""정예 전사의 건틀렛""))","(Type=-,GameDataType=EGameDataTable_ItemSettingType,Key=0,Name=""None"")","(GameDataType=EGameDataTable_ItemSetOption,Key=0,Name=""None"")","((Stat=(StatType=EGameStatType_Defense,AttackStat=EGameStat_Attack_None,DefenseStat=EGameStat_Defense_ArmorClass,ExtraStat=EGameStat_Extra_None),Value=7),(Stat=(StatType=EGameStatType_Attack,AttackStat=EGameStat_Attack_AccuracyMelee,DefenseStat=EGameStat_Defense_None,ExtraStat=EGameStat_Extra_None),Value=12),(Stat=(StatType=EGameStatType_Attack,AttackStat=EGameStat_Attack_CriticalChanceMelee,DefenseStat=EGameStat_Defense_None,ExtraStat=EGameStat_Extra_None),Value=5))","","1000","100","100","True","True","-1","0","False"
"2023243002","[SET-][공용]희귀 장갑 티어 Tier3","LOCTABLE(""/Game/GameData/String_Main.String_Main"", ""Item_Name_2023243002"")","""/Game/Textures/Icons/Equip/Gloves/T_Gloves_Cloth_Unique_03.T_Gloves_Cloth_Unique_03""","None","None","None","""/Game/Blueprints/Actors/ItemDropMesh/BP_DropitemMesh_Base.BP_DropitemMesh_Base_C""","LOCTABLE(""/Game/GameData/String_Main.String_Main"", ""Item_Desc_2023243002"")","EItemType_Armor","EItemDetailType_Armor_Gloves","EItemTagType_NormalItem","EUniversalGrade_Unique","True","True","False","True","True","True","False","True","True","False","True","(GameDataType=EGameDataTable_ItemEnhance,Key=3,Name=""강화테이블_방어구"")","True","12","4","0","20880","2088","1","1","ECharacterJobClass_DontCare","1","999","15","((GameDataType=EGameDataTable_PortalSpot,Key=1001052,Name=""Emberforge_Hunt_WM_01""),(GameDataType=EGameDataTable_PortalSpot,Key=1001053,Name=""Emberforge_Hunt_WM_02""),(GameDataType=EGameDataTable_PortalSpot,Key=1001054,Name=""Emberforge_Hunt_WM_03""),(GameDataType=EGameDataTable_PortalSpot,Key=1002052,Name=""Eisvan_Hunt_WM_01""),(GameDataType=EGameDataTable_PortalSpot,Key=1002053,Name=""Eisvan_Hunt_WM_02""),(GameDataType=EGameDataTable_PortalSpot,Key=1002054,Name=""Eisvan_Hunt_WM_03""),(GameDataType=EGameDataTable_PortalSpot,Key=1003051,Name=""Ulgar_Hunt_WM_01""),(GameDataType=EGameDataTable_PortalSpot,Key=1003052,Name=""Ulgar_Hunt_WM_02""),(GameDataType=EGameDataTable_PortalSpot,Key=1003053,Name=""Ulgar_Hunt_WM_03""))","((GameDataType=EGameDataTable_CraftList,Key=191,Name=""정예 전사의 장갑""))","(Type=-,GameDataType=EGameDataTable_ItemSettingType,Key=0,Name=""None"")","(GameDataType=EGameDataTable_ItemSetOption,Key=0,Name=""None"")","((Stat=(StatType=EGameStatType_Defense,AttackStat=EGameStat_Attack_None,DefenseStat=EGameStat_Defense_ArmorClass,ExtraStat=EGameStat_Extra_None),Value=5),(Stat=(StatType=EGameStatType_Attack,AttackStat=EGameStat_Attack_AccuracyRange,DefenseStat=EGameStat_Defense_None,ExtraStat=EGameStat_Extra_None),Value=12),(Stat=(StatType=EGameStatType_Attack,AttackStat=EGameStat_Attack_CriticalChanceRange,DefenseStat=EGameStat_Defense_None,ExtraStat=EGameStat_Extra_None),Value=5))","","1000","100","100","True","True","-1","0","False"
"2023243003","[SET-][공용]희귀 장갑 티어 Tier3","LOCTABLE(""/Game/GameData/String_Main.String_Main"", ""Item_Name_2023243003"")","""/Game/Textures/Icons/Equip/Gloves/T_Gloves_Leather_Unique_03.T_Gloves_Leather_Unique_03""","None","None","None","""/Game/Blueprints/Actors/ItemDropMesh/BP_DropitemMesh_Base.BP_DropitemMesh_Base_C""","LOCTABLE(""/Game/GameData/String_Main.String_Main"", ""Item_Desc_2023243003"")","EItemType_Armor","EItemDetailType_Armor_Gloves","EItemTagType_NormalItem","EUniversalGrade_Unique","True","True","False","True","True","True","False","True","True","False","True","(GameDataType=EGameDataTable_ItemEnhance,Key=3,Name=""강화테이블_방어구"")","True","12","4","0","20880","2088","1","1","ECharacterJobClass_DontCare","1","999","15","((GameDataType=EGameDataTable_PortalSpot,Key=1001052,Name=""Emberforge_Hunt_WM_01""),(GameDataType=EGameDataTable_PortalSpot,Key=1001053,Name=""Emberforge_Hunt_WM_02""),(GameDataType=EGameDataTable_PortalSpot,Key=1001054,Name=""Emberforge_Hunt_WM_03""),(GameDataType=EGameDataTable_PortalSpot,Key=1002052,Name=""Eisvan_Hunt_WM_01""),(GameDataType=EGameDataTable_PortalSpot,Key=1002053,Name=""Eisvan_Hunt_WM_02""),(GameDataType=EGameDataTable_PortalSpot,Key=1002054,Name=""Eisvan_Hunt_WM_03""),(GameDataType=EGameDataTable_PortalSpot,Key=1003051,Name=""Ulgar_Hunt_WM_01""),(GameDataType=EGameDataTable_PortalSpot,Key=1003052,Name=""Ulgar_Hunt_WM_02""),(GameDataType=EGameDataTable_PortalSpot,Key=1003053,Name=""Ulgar_Hunt_WM_03""))","((GameDataType=EGameDataTable_CraftList,Key=192,Name=""정예 전사의 글러브""))","(Type=-,GameDataType=EGameDataTable_ItemSettingType,Key=0,Name=""None"")","(GameDataType=EGameDataTable_ItemSetOption,Key=0,Name=""None"")","((Stat=(StatType=EGameStatType_Defense,AttackStat=EGameStat_Attack_None,DefenseStat=EGameStat_Defense_ArmorClass,ExtraStat=EGameStat_Extra_None),Value=6),(Stat=(StatType=EGameStatType_Attack,AttackStat=EGameStat_Attack_AccuracyMagic,DefenseStat=EGameStat_Defense_None,ExtraStat=EGameStat_Extra_None),Value=12),(Stat=(StatType=EGameStatType_Attack,AttackStat=EGameStat_Attack_CriticalChanceMagic,DefenseStat=EGameStat_Defense_None,ExtraStat=EGameStat_Extra_None),Value=5))","","1000","100","100","True","True","-1","0","False"
"2023341001","[SET-][공용]영웅 장갑 티어 Tier1","LOCTABLE(""/Game/GameData/String_Main.String_Main"", ""Item_Name_2023341001"")","""/Game/Textures/Icons/Equip/Gloves/T_Gloves_Iron_Eqic_01.T_Gloves_Iron_Eqic_01""","None","None","None","""/Game/Blueprints/Actors/ItemDropMesh/BP_DropitemMesh_Base.BP_DropitemMesh_Base_C""","LOCTABLE(""/Game/GameData/String_Main.String_Main"", ""Item_Desc_2023341001"")","EItemType_Armor","EItemDetailType_Armor_Gloves","EItemTagType_NormalItem","EUniversalGrade_Epic","True","True","False","True","True","True","False","True","True","False","True","(GameDataType=EGameDataTable_ItemEnhance,Key=3,Name=""강화테이블_방어구"")","True","12","4","0","268510","26851","1","1","ECharacterJobClass_DontCare","1","999","15","((GameDataType=EGameDataTable_PortalSpot,Key=1001052,Name=""Emberforge_Hunt_WM_01""),(GameDataType=EGameDataTable_PortalSpot,Key=1001053,Name=""Emberforge_Hunt_WM_02""),(GameDataType=EGameDataTable_PortalSpot,Key=1001054,Name=""Emberforge_Hunt_WM_03""),(GameDataType=EGameDataTable_PortalSpot,Key=1002052,Name=""Eisvan_Hunt_WM_01""),(GameDataType=EGameDataTable_PortalSpot,Key=1002053,Name=""Eisvan_Hunt_WM_02""),(GameDataType=EGameDataTable_PortalSpot,Key=1002054,Name=""Eisvan_Hunt_WM_03""),(GameDataType=EGameDataTable_PortalSpot,Key=1003051,Name=""Ulgar_Hunt_WM_01""),(GameDataType=EGameDataTable_PortalSpot,Key=1003052,Name=""Ulgar_Hunt_WM_02""),(GameDataType=EGameDataTable_PortalSpot,Key=1003053,Name=""Ulgar_Hunt_WM_03""))","((GameDataType=EGameDataTable_CraftList,Key=193,Name=""지휘관의 건틀렛""))","(Type=-,GameDataType=EGameDataTable_ItemSettingType,Key=0,Name=""None"")","(GameDataType=EGameDataTable_ItemSetOption,Key=0,Name=""None"")","((Stat=(StatType=EGameStatType_Defense,AttackStat=EGameStat_Attack_None,DefenseStat=EGameStat_Defense_ArmorClass,ExtraStat=EGameStat_Extra_None),Value=10),(Stat=(StatType=EGameStatType_Attack,AttackStat=EGameStat_Attack_AccuracyMelee,DefenseStat=EGameStat_Defense_None,ExtraStat=EGameStat_Extra_None),Value=16),(Stat=(StatType=EGameStatType_Attack,AttackStat=EGameStat_Attack_CriticalChanceMelee,DefenseStat=EGameStat_Defense_None,ExtraStat=EGameStat_Extra_None),Value=7),(Stat=(StatType=EGameStatType_Attack,AttackStat=EGameStat_Attack_DamageNormalAttack,DefenseStat=EGameStat_Defense_None,ExtraStat=EGameStat_Extra_None),Value=5))","","1000","100","100","True","True","-1","0","False"
"2023341002","[SET-][공용]영웅 장갑 티어 Tier1","LOCTABLE(""/Game/GameData/String_Main.String_Main"", ""Item_Name_2023341002"")","""/Game/Textures/Icons/Equip/Gloves/T_Gloves_Cloth_Eqic_01.T_Gloves_Cloth_Eqic_01""","None","None","None","""/Game/Blueprints/Actors/ItemDropMesh/BP_DropitemMesh_Base.BP_DropitemMesh_Base_C""","LOCTABLE(""/Game/GameData/String_Main.String_Main"", ""Item_Desc_2023341002"")","EItemType_Armor","EItemDetailType_Armor_Gloves","EItemTagType_NormalItem","EUniversalGrade_Epic","True","True","False","True","True","True","False","True","True","False","True","(GameDataType=EGameDataTable_ItemEnhance,Key=3,Name=""강화테이블_방어구"")","True","12","4","0","268510","26851","1","1","ECharacterJobClass_DontCare","1","999","15","((GameDataType=EGameDataTable_PortalSpot,Key=1001052,Name=""Emberforge_Hunt_WM_01""),(GameDataType=EGameDataTable_PortalSpot,Key=1001053,Name=""Emberforge_Hunt_WM_02""),(GameDataType=EGameDataTable_PortalSpot,Key=1001054,Name=""Emberforge_Hunt_WM_03""),(GameDataType=EGameDataTable_PortalSpot,Key=1002052,Name=""Eisvan_Hunt_WM_01""),(GameDataType=EGameDataTable_PortalSpot,Key=1002053,Name=""Eisvan_Hunt_WM_02""),(GameDataType=EGameDataTable_PortalSpot,Key=1002054,Name=""Eisvan_Hunt_WM_03""),(GameDataType=EGameDataTable_PortalSpot,Key=1003051,Name=""Ulgar_Hunt_WM_01""),(GameDataType=EGameDataTable_PortalSpot,Key=1003052,Name=""Ulgar_Hunt_WM_02""),(GameDataType=EGameDataTable_PortalSpot,Key=1003053,Name=""Ulgar_Hunt_WM_03""))","((GameDataType=EGameDataTable_CraftList,Key=194,Name=""지휘관의 장갑""))","(Type=-,GameDataType=EGameDataTable_ItemSettingType,Key=0,Name=""None"")","(GameDataType=EGameDataTable_ItemSetOption,Key=0,Name=""None"")","((Stat=(StatType=EGameStatType_Defense,AttackStat=EGameStat_Attack_None,DefenseStat=EGameStat_Defense_ArmorClass,ExtraStat=EGameStat_Extra_None),Value=8),(Stat=(StatType=EGameStatType_Attack,AttackStat=EGameStat_Attack_AccuracyRange,DefenseStat=EGameStat_Defense_None,ExtraStat=EGameStat_Extra_None),Value=16),(Stat=(StatType=EGameStatType_Attack,AttackStat=EGameStat_Attack_CriticalChanceRange,DefenseStat=EGameStat_Defense_None,ExtraStat=EGameStat_Extra_None),Value=7),(Stat=(StatType=EGameStatType_Attack,AttackStat=EGameStat_Attack_DamageSkill,DefenseStat=EGameStat_Defense_None,ExtraStat=EGameStat_Extra_None),Value=5))","","1000","100","100","True","True","-1","0","False"
"2023341003","[SET-][공용]영웅 장갑 티어 Tier1","LOCTABLE(""/Game/GameData/String_Main.String_Main"", ""Item_Name_2023341003"")","""/Game/Textures/Icons/Equip/Gloves/T_Gloves_Leather_Eqic_01.T_Gloves_Leather_Eqic_01""","None","None","None","""/Game/Blueprints/Actors/ItemDropMesh/BP_DropitemMesh_Base.BP_DropitemMesh_Base_C""","LOCTABLE(""/Game/GameData/String_Main.String_Main"", ""Item_Desc_2023341003"")","EItemType_Armor","EItemDetailType_Armor_Gloves","EItemTagType_NormalItem","EUniversalGrade_Epic","True","True","False","True","True","True","False","True","True","False","True","(GameDataType=EGameDataTable_ItemEnhance,Key=3,Name=""강화테이블_방어구"")","True","12","4","0","268510","26851","1","1","ECharacterJobClass_DontCare","1","999","15","((GameDataType=EGameDataTable_PortalSpot,Key=1001052,Name=""Emberforge_Hunt_WM_01""),(GameDataType=EGameDataTable_PortalSpot,Key=1001053,Name=""Emberforge_Hunt_WM_02""),(GameDataType=EGameDataTable_PortalSpot,Key=1001054,Name=""Emberforge_Hunt_WM_03""),(GameDataType=EGameDataTable_PortalSpot,Key=1002052,Name=""Eisvan_Hunt_WM_01""),(GameDataType=EGameDataTable_PortalSpot,Key=1002053,Name=""Eisvan_Hunt_WM_02""),(GameDataType=EGameDataTable_PortalSpot,Key=1002054,Name=""Eisvan_Hunt_WM_03""),(GameDataType=EGameDataTable_PortalSpot,Key=1003051,Name=""Ulgar_Hunt_WM_01""),(GameDataType=EGameDataTable_PortalSpot,Key=1003052,Name=""Ulgar_Hunt_WM_02""),(GameDataType=EGameDataTable_PortalSpot,Key=1003053,Name=""Ulgar_Hunt_WM_03""))","((GameDataType=EGameDataTable_CraftList,Key=195,Name=""지휘관의 글러브""))","(Type=-,GameDataType=EGameDataTable_ItemSettingType,Key=0,Name=""None"")","(GameDataType=EGameDataTable_ItemSetOption,Key=0,Name=""None"")","((Stat=(StatType=EGameStatType_Defense,AttackStat=EGameStat_Attack_None,DefenseStat=EGameStat_Defense_ArmorClass,ExtraStat=EGameStat_Extra_None),Value=9),(Stat=(StatType=EGameStatType_Attack,AttackStat=EGameStat_Attack_AccuracyMagic,DefenseStat=EGameStat_Defense_None,ExtraStat=EGameStat_Extra_None),Value=16),(Stat=(StatType=EGameStatType_Attack,AttackStat=EGameStat_Attack_CriticalChanceMagic,DefenseStat=EGameStat_Defense_None,ExtraStat=EGameStat_Extra_None),Value=7),(Stat=(StatType=EGameStatType_Attack,AttackStat=EGameStat_Attack_BonusDamageCritical,DefenseStat=EGameStat_Defense_None,ExtraStat=EGameStat_Extra_None),Value=7))","","1000","100","100","True","True","-1","0","False"
"2024041001","[SET-][공용]일반 신발 티어 Tier1","LOCTABLE(""/Game/GameData/String_Main.String_Main"", ""Item_Name_2024041001"")","""/Game/Textures/Icons/Equip/Boots/T_Boots_Iron_Common_01.T_Boots_Iron_Common_01""","None","None","None","""/Game/Blueprints/Actors/ItemDropMesh/BP_DropitemMesh_Base.BP_DropitemMesh_Base_C""","LOCTABLE(""/Game/GameData/String_Main.String_Main"", ""Item_Desc_2024041001"")","EItemType_Armor","EItemDetailType_Armor_Boots","EItemTagType_NormalItem","EUniversalGrade_Common","True","True","False","True","True","True","False","True","True","False","True","(GameDataType=EGameDataTable_ItemEnhance,Key=3,Name=""강화테이블_방어구"")","True","12","4","0","300","30","1","1","ECharacterJobClass_DontCare","1","999","15","((GameDataType=EGameDataTable_PortalSpot,Key=1001052,Name=""Emberforge_Hunt_WM_01""),(GameDataType=EGameDataTable_PortalSpot,Key=1001053,Name=""Emberforge_Hunt_WM_02""),(GameDataType=EGameDataTable_PortalSpot,Key=1001054,Name=""Emberforge_Hunt_WM_03""),(GameDataType=EGameDataTable_PortalSpot,Key=1002052,Name=""Eisvan_Hunt_WM_01""),(GameDataType=EGameDataTable_PortalSpot,Key=1002053,Name=""Eisvan_Hunt_WM_02""),(GameDataType=EGameDataTable_PortalSpot,Key=1002054,Name=""Eisvan_Hunt_WM_03""),(GameDataType=EGameDataTable_PortalSpot,Key=1003051,Name=""Ulgar_Hunt_WM_01""),(GameDataType=EGameDataTable_PortalSpot,Key=1003052,Name=""Ulgar_Hunt_WM_02""),(GameDataType=EGameDataTable_PortalSpot,Key=1003053,Name=""Ulgar_Hunt_WM_03""))","((GameDataType=EGameDataTable_CraftList,Key=196,Name=""초심자의 그리브""))","(Type=-,GameDataType=EGameDataTable_ItemSettingType,Key=0,Name=""None"")","(GameDataType=EGameDataTable_ItemSetOption,Key=0,Name=""None"")","((Stat=(StatType=EGameStatType_Defense,AttackStat=EGameStat_Attack_None,DefenseStat=EGameStat_Defense_ArmorClass,ExtraStat=EGameStat_Extra_None),Value=4),(Stat=(StatType=EGameStatType_Defense,AttackStat=EGameStat_Attack_None,DefenseStat=EGameStat_Defense_EvasionRange,ExtraStat=EGameStat_Extra_None),Value=3))","","1000","100","100","True","True","-1","0","False"
"2024041002","[SET-][공용]일반 신발 티어 Tier1","LOCTABLE(""/Game/GameData/String_Main.String_Main"", ""Item_Name_2024041002"")","""/Game/Textures/Icons/Equip/Boots/T_Boots_Cloth_Common_01.T_Boots_Cloth_Common_01""","None","None","None","""/Game/Blueprints/Actors/ItemDropMesh/BP_DropitemMesh_Base.BP_DropitemMesh_Base_C""","LOCTABLE(""/Game/GameData/String_Main.String_Main"", ""Item_Desc_2024041002"")","EItemType_Armor","EItemDetailType_Armor_Boots","EItemTagType_NormalItem","EUniversalGrade_Common","True","True","False","True","True","True","False","True","True","False","True","(GameDataType=EGameDataTable_ItemEnhance,Key=3,Name=""강화테이블_방어구"")","True","12","4","0","300","30","1","1","ECharacterJobClass_DontCare","1","999","15","((GameDataType=EGameDataTable_PortalSpot,Key=1001052,Name=""Emberforge_Hunt_WM_01""),(GameDataType=EGameDataTable_PortalSpot,Key=1001053,Name=""Emberforge_Hunt_WM_02""),(GameDataType=EGameDataTable_PortalSpot,Key=1001054,Name=""Emberforge_Hunt_WM_03""),(GameDataType=EGameDataTable_PortalSpot,Key=1002052,Name=""Eisvan_Hunt_WM_01""),(GameDataType=EGameDataTable_PortalSpot,Key=1002053,Name=""Eisvan_Hunt_WM_02""),(GameDataType=EGameDataTable_PortalSpot,Key=1002054,Name=""Eisvan_Hunt_WM_03""),(GameDataType=EGameDataTable_PortalSpot,Key=1003051,Name=""Ulgar_Hunt_WM_01""),(GameDataType=EGameDataTable_PortalSpot,Key=1003052,Name=""Ulgar_Hunt_WM_02""),(GameDataType=EGameDataTable_PortalSpot,Key=1003053,Name=""Ulgar_Hunt_WM_03""))","((GameDataType=EGameDataTable_CraftList,Key=197,Name=""초심자의 신발""))","(Type=-,GameDataType=EGameDataTable_ItemSettingType,Key=0,Name=""None"")","(GameDataType=EGameDataTable_ItemSetOption,Key=0,Name=""None"")","((Stat=(StatType=EGameStatType_Defense,AttackStat=EGameStat_Attack_None,DefenseStat=EGameStat_Defense_ArmorClass,ExtraStat=EGameStat_Extra_None),Value=3),(Stat=(StatType=EGameStatType_Defense,AttackStat=EGameStat_Attack_None,DefenseStat=EGameStat_Defense_Evasion,ExtraStat=EGameStat_Extra_None),Value=2))","","1000","100","100","True","True","-1","0","False"
"2024041003","[SET-][공용]일반 신발 티어 Tier1","LOCTABLE(""/Game/GameData/String_Main.String_Main"", ""Item_Name_2024041003"")","""/Game/Textures/Icons/Equip/Boots/T_Boots_Leather_Common_01.T_Boots_Leather_Common_01""","None","None","None","""/Game/Blueprints/Actors/ItemDropMesh/BP_DropitemMesh_Base.BP_DropitemMesh_Base_C""","LOCTABLE(""/Game/GameData/String_Main.String_Main"", ""Item_Desc_2024041003"")","EItemType_Armor","EItemDetailType_Armor_Boots","EItemTagType_NormalItem","EUniversalGrade_Common","True","True","False","True","True","True","False","True","True","False","True","(GameDataType=EGameDataTable_ItemEnhance,Key=3,Name=""강화테이블_방어구"")","True","12","4","0","300","30","1","1","ECharacterJobClass_DontCare","1","999","15","((GameDataType=EGameDataTable_PortalSpot,Key=1001052,Name=""Emberforge_Hunt_WM_01""),(GameDataType=EGameDataTable_PortalSpot,Key=1001053,Name=""Emberforge_Hunt_WM_02""),(GameDataType=EGameDataTable_PortalSpot,Key=1001054,Name=""Emberforge_Hunt_WM_03""),(GameDataType=EGameDataTable_PortalSpot,Key=1002052,Name=""Eisvan_Hunt_WM_01""),(GameDataType=EGameDataTable_PortalSpot,Key=1002053,Name=""Eisvan_Hunt_WM_02""),(GameDataType=EGameDataTable_PortalSpot,Key=1002054,Name=""Eisvan_Hunt_WM_03""),(GameDataType=EGameDataTable_PortalSpot,Key=1003051,Name=""Ulgar_Hunt_WM_01""),(GameDataType=EGameDataTable_PortalSpot,Key=1003052,Name=""Ulgar_Hunt_WM_02""),(GameDataType=EGameDataTable_PortalSpot,Key=1003053,Name=""Ulgar_Hunt_WM_03""))","((GameDataType=EGameDataTable_CraftList,Key=198,Name=""초심자의 부츠""))","(Type=-,GameDataType=EGameDataTable_ItemSettingType,Key=0,Name=""None"")","(GameDataType=EGameDataTable_ItemSetOption,Key=0,Name=""None"")","((Stat=(StatType=EGameStatType_Defense,AttackStat=EGameStat_Attack_None,DefenseStat=EGameStat_Defense_ArmorClass,ExtraStat=EGameStat_Extra_None),Value=3),(Stat=(StatType=EGameStatType_Defense,AttackStat=EGameStat_Attack_None,DefenseStat=EGameStat_Defense_EvasionMelee,ExtraStat=EGameStat_Extra_None),Value=3))","","1000","100","100","True","True","-1","0","False"
"2024042001","[SET-][공용]일반 신발 티어 Tier2","LOCTABLE(""/Game/GameData/String_Main.String_Main"", ""Item_Name_2024042001"")","""/Game/Textures/Icons/Equip/Boots/T_Boots_Iron_Common_02.T_Boots_Iron_Common_02""","None","None","None","""/Game/Blueprints/Actors/ItemDropMesh/BP_DropitemMesh_Base.BP_DropitemMesh_Base_C""","LOCTABLE(""/Game/GameData/String_Main.String_Main"", ""Item_Desc_2024042001"")","EItemType_Armor","EItemDetailType_Armor_Boots","EItemTagType_NormalItem","EUniversalGrade_Common","True","True","False","True","True","True","False","True","True","False","True","(GameDataType=EGameDataTable_ItemEnhance,Key=3,Name=""강화테이블_방어구"")","True","12","4","0","390","39","1","1","ECharacterJobClass_DontCare","1","999","15","((GameDataType=EGameDataTable_PortalSpot,Key=1001052,Name=""Emberforge_Hunt_WM_01""),(GameDataType=EGameDataTable_PortalSpot,Key=1001053,Name=""Emberforge_Hunt_WM_02""),(GameDataType=EGameDataTable_PortalSpot,Key=1001054,Name=""Emberforge_Hunt_WM_03""),(GameDataType=EGameDataTable_PortalSpot,Key=1002052,Name=""Eisvan_Hunt_WM_01""),(GameDataType=EGameDataTable_PortalSpot,Key=1002053,Name=""Eisvan_Hunt_WM_02""),(GameDataType=EGameDataTable_PortalSpot,Key=1002054,Name=""Eisvan_Hunt_WM_03""),(GameDataType=EGameDataTable_PortalSpot,Key=1003051,Name=""Ulgar_Hunt_WM_01""),(GameDataType=EGameDataTable_PortalSpot,Key=1003052,Name=""Ulgar_Hunt_WM_02""),(GameDataType=EGameDataTable_PortalSpot,Key=1003053,Name=""Ulgar_Hunt_WM_03""))","((GameDataType=EGameDataTable_CraftList,Key=199,Name=""용병의 그리브""))","(Type=-,GameDataType=EGameDataTable_ItemSettingType,Key=0,Name=""None"")","(GameDataType=EGameDataTable_ItemSetOption,Key=0,Name=""None"")","((Stat=(StatType=EGameStatType_Defense,AttackStat=EGameStat_Attack_None,DefenseStat=EGameStat_Defense_ArmorClass,ExtraStat=EGameStat_Extra_None),Value=4),(Stat=(StatType=EGameStatType_Defense,AttackStat=EGameStat_Attack_None,DefenseStat=EGameStat_Defense_EvasionRange,ExtraStat=EGameStat_Extra_None),Value=3),(Stat=(StatType=EGameStatType_Defense,AttackStat=EGameStat_Attack_None,DefenseStat=EGameStat_Defense_DamageResistWeapon,ExtraStat=EGameStat_Extra_None),Value=3))","","1000","100","100","True","True","-1","0","False"
"2024042002","[SET-][공용]일반 신발 티어 Tier2","LOCTABLE(""/Game/GameData/String_Main.String_Main"", ""Item_Name_2024042002"")","""/Game/Textures/Icons/Equip/Boots/T_Boots_Cloth_Common_02.T_Boots_Cloth_Common_02""","None","None","None","""/Game/Blueprints/Actors/ItemDropMesh/BP_DropitemMesh_Base.BP_DropitemMesh_Base_C""","LOCTABLE(""/Game/GameData/String_Main.String_Main"", ""Item_Desc_2024042002"")","EItemType_Armor","EItemDetailType_Armor_Boots","EItemTagType_NormalItem","EUniversalGrade_Common","True","True","False","True","True","True","False","True","True","False","True","(GameDataType=EGameDataTable_ItemEnhance,Key=3,Name=""강화테이블_방어구"")","True","12","4","0","390","39","1","1","ECharacterJobClass_DontCare","1","999","15","((GameDataType=EGameDataTable_PortalSpot,Key=1001052,Name=""Emberforge_Hunt_WM_01""),(GameDataType=EGameDataTable_PortalSpot,Key=1001053,Name=""Emberforge_Hunt_WM_02""),(GameDataType=EGameDataTable_PortalSpot,Key=1001054,Name=""Emberforge_Hunt_WM_03""),(GameDataType=EGameDataTable_PortalSpot,Key=1002052,Name=""Eisvan_Hunt_WM_01""),(GameDataType=EGameDataTable_PortalSpot,Key=1002053,Name=""Eisvan_Hunt_WM_02""),(GameDataType=EGameDataTable_PortalSpot,Key=1002054,Name=""Eisvan_Hunt_WM_03""),(GameDataType=EGameDataTable_PortalSpot,Key=1003051,Name=""Ulgar_Hunt_WM_01""),(GameDataType=EGameDataTable_PortalSpot,Key=1003052,Name=""Ulgar_Hunt_WM_02""),(GameDataType=EGameDataTable_PortalSpot,Key=1003053,Name=""Ulgar_Hunt_WM_03""))","((GameDataType=EGameDataTable_CraftList,Key=200,Name=""용병의 신발""))","(Type=-,GameDataType=EGameDataTable_ItemSettingType,Key=0,Name=""None"")","(GameDataType=EGameDataTable_ItemSetOption,Key=0,Name=""None"")","((Stat=(StatType=EGameStatType_Defense,AttackStat=EGameStat_Attack_None,DefenseStat=EGameStat_Defense_ArmorClass,ExtraStat=EGameStat_Extra_None),Value=3),(Stat=(StatType=EGameStatType_Defense,AttackStat=EGameStat_Attack_None,DefenseStat=EGameStat_Defense_Evasion,ExtraStat=EGameStat_Extra_None),Value=2),(Stat=(StatType=EGameStatType_Defense,AttackStat=EGameStat_Attack_None,DefenseStat=EGameStat_Defense_DamageResistWeapon,ExtraStat=EGameStat_Extra_None),Value=3))","","1000","100","100","True","True","-1","0","False"
"2024042003","[SET-][공용]일반 신발 티어 Tier2","LOCTABLE(""/Game/GameData/String_Main.String_Main"", ""Item_Name_2024042003"")","""/Game/Textures/Icons/Equip/Boots/T_Boots_Leather_Common_02.T_Boots_Leather_Common_02""","None","None","None","""/Game/Blueprints/Actors/ItemDropMesh/BP_DropitemMesh_Base.BP_DropitemMesh_Base_C""","LOCTABLE(""/Game/GameData/String_Main.String_Main"", ""Item_Desc_2024042003"")","EItemType_Armor","EItemDetailType_Armor_Boots","EItemTagType_NormalItem","EUniversalGrade_Common","True","True","False","True","True","True","False","True","True","False","True","(GameDataType=EGameDataTable_ItemEnhance,Key=3,Name=""강화테이블_방어구"")","True","12","4","0","390","39","1","1","ECharacterJobClass_DontCare","1","999","15","((GameDataType=EGameDataTable_PortalSpot,Key=1001052,Name=""Emberforge_Hunt_WM_01""),(GameDataType=EGameDataTable_PortalSpot,Key=1001053,Name=""Emberforge_Hunt_WM_02""),(GameDataType=EGameDataTable_PortalSpot,Key=1001054,Name=""Emberforge_Hunt_WM_03""),(GameDataType=EGameDataTable_PortalSpot,Key=1002052,Name=""Eisvan_Hunt_WM_01""),(GameDataType=EGameDataTable_PortalSpot,Key=1002053,Name=""Eisvan_Hunt_WM_02""),(GameDataType=EGameDataTable_PortalSpot,Key=1002054,Name=""Eisvan_Hunt_WM_03""),(GameDataType=EGameDataTable_PortalSpot,Key=1003051,Name=""Ulgar_Hunt_WM_01""),(GameDataType=EGameDataTable_PortalSpot,Key=1003052,Name=""Ulgar_Hunt_WM_02""),(GameDataType=EGameDataTable_PortalSpot,Key=1003053,Name=""Ulgar_Hunt_WM_03""))","((GameDataType=EGameDataTable_CraftList,Key=201,Name=""용병의 부츠""))","(Type=-,GameDataType=EGameDataTable_ItemSettingType,Key=0,Name=""None"")","(GameDataType=EGameDataTable_ItemSetOption,Key=0,Name=""None"")","((Stat=(StatType=EGameStatType_Defense,AttackStat=EGameStat_Attack_None,DefenseStat=EGameStat_Defense_ArmorClass,ExtraStat=EGameStat_Extra_None),Value=3),(Stat=(StatType=EGameStatType_Defense,AttackStat=EGameStat_Attack_None,DefenseStat=EGameStat_Defense_EvasionMelee,ExtraStat=EGameStat_Extra_None),Value=3),(Stat=(StatType=EGameStatType_Defense,AttackStat=EGameStat_Attack_None,DefenseStat=EGameStat_Defense_DamageResistWeapon,ExtraStat=EGameStat_Extra_None),Value=3))","","1000","100","100","True","True","-1","0","False"
"2024141001","[SET-][공용]고급 신발 티어 Tier1","LOCTABLE(""/Game/GameData/String_Main.String_Main"", ""Item_Name_2024141001"")","""/Game/Textures/Icons/Equip/Boots/T_Boots_Iron_Rare_01.T_Boots_Iron_Rare_01""","None","None","None","""/Game/Blueprints/Actors/ItemDropMesh/BP_DropitemMesh_Base.BP_DropitemMesh_Base_C""","LOCTABLE(""/Game/GameData/String_Main.String_Main"", ""Item_Desc_2024141001"")","EItemType_Armor","EItemDetailType_Armor_Boots","EItemTagType_NormalItem","EUniversalGrade_Rare","True","True","False","True","True","True","False","True","True","False","True","(GameDataType=EGameDataTable_ItemEnhance,Key=3,Name=""강화테이블_방어구"")","True","12","4","0","1440","144","1","1","ECharacterJobClass_DontCare","1","999","15","((GameDataType=EGameDataTable_PortalSpot,Key=1001052,Name=""Emberforge_Hunt_WM_01""),(GameDataType=EGameDataTable_PortalSpot,Key=1001053,Name=""Emberforge_Hunt_WM_02""),(GameDataType=EGameDataTable_PortalSpot,Key=1001054,Name=""Emberforge_Hunt_WM_03""),(GameDataType=EGameDataTable_PortalSpot,Key=1002052,Name=""Eisvan_Hunt_WM_01""),(GameDataType=EGameDataTable_PortalSpot,Key=1002053,Name=""Eisvan_Hunt_WM_02""),(GameDataType=EGameDataTable_PortalSpot,Key=1002054,Name=""Eisvan_Hunt_WM_03""),(GameDataType=EGameDataTable_PortalSpot,Key=1003051,Name=""Ulgar_Hunt_WM_01""),(GameDataType=EGameDataTable_PortalSpot,Key=1003052,Name=""Ulgar_Hunt_WM_02""),(GameDataType=EGameDataTable_PortalSpot,Key=1003053,Name=""Ulgar_Hunt_WM_03""))","((GameDataType=EGameDataTable_CraftList,Key=202,Name=""숙련 모험가의 그리브""))","(Type=-,GameDataType=EGameDataTable_ItemSettingType,Key=0,Name=""None"")","(GameDataType=EGameDataTable_ItemSetOption,Key=0,Name=""None"")","((Stat=(StatType=EGameStatType_Defense,AttackStat=EGameStat_Attack_None,DefenseStat=EGameStat_Defense_ArmorClass,ExtraStat=EGameStat_Extra_None),Value=8),(Stat=(StatType=EGameStatType_Defense,AttackStat=EGameStat_Attack_None,DefenseStat=EGameStat_Defense_EvasionRange,ExtraStat=EGameStat_Extra_None),Value=7),(Stat=(StatType=EGameStatType_Defense,AttackStat=EGameStat_Attack_None,DefenseStat=EGameStat_Defense_DamageResistWeapon,ExtraStat=EGameStat_Extra_None),Value=3))","","1000","100","100","True","True","-1","0","False"
"2024141002","[SET-][공용]고급 신발 티어 Tier1","LOCTABLE(""/Game/GameData/String_Main.String_Main"", ""Item_Name_2024141002"")","""/Game/Textures/Icons/Equip/Boots/T_Boots_Cloth_Rare_01.T_Boots_Cloth_Rare_01""","None","None","None","""/Game/Blueprints/Actors/ItemDropMesh/BP_DropitemMesh_Base.BP_DropitemMesh_Base_C""","LOCTABLE(""/Game/GameData/String_Main.String_Main"", ""Item_Desc_2024141002"")","EItemType_Armor","EItemDetailType_Armor_Boots","EItemTagType_NormalItem","EUniversalGrade_Rare","True","True","False","True","True","True","False","True","True","False","True","(GameDataType=EGameDataTable_ItemEnhance,Key=3,Name=""강화테이블_방어구"")","True","12","4","0","1440","144","1","1","ECharacterJobClass_DontCare","1","999","15","((GameDataType=EGameDataTable_PortalSpot,Key=1001052,Name=""Emberforge_Hunt_WM_01""),(GameDataType=EGameDataTable_PortalSpot,Key=1001053,Name=""Emberforge_Hunt_WM_02""),(GameDataType=EGameDataTable_PortalSpot,Key=1001054,Name=""Emberforge_Hunt_WM_03""),(GameDataType=EGameDataTable_PortalSpot,Key=1002052,Name=""Eisvan_Hunt_WM_01""),(GameDataType=EGameDataTable_PortalSpot,Key=1002053,Name=""Eisvan_Hunt_WM_02""),(GameDataType=EGameDataTable_PortalSpot,Key=1002054,Name=""Eisvan_Hunt_WM_03""),(GameDataType=EGameDataTable_PortalSpot,Key=1003051,Name=""Ulgar_Hunt_WM_01""),(GameDataType=EGameDataTable_PortalSpot,Key=1003052,Name=""Ulgar_Hunt_WM_02""),(GameDataType=EGameDataTable_PortalSpot,Key=1003053,Name=""Ulgar_Hunt_WM_03""))","((GameDataType=EGameDataTable_CraftList,Key=203,Name=""숙련 모험가의 신발""))","(Type=-,GameDataType=EGameDataTable_ItemSettingType,Key=0,Name=""None"")","(GameDataType=EGameDataTable_ItemSetOption,Key=0,Name=""None"")","((Stat=(StatType=EGameStatType_Defense,AttackStat=EGameStat_Attack_None,DefenseStat=EGameStat_Defense_ArmorClass,ExtraStat=EGameStat_Extra_None),Value=7),(Stat=(StatType=EGameStatType_Defense,AttackStat=EGameStat_Attack_None,DefenseStat=EGameStat_Defense_Evasion,ExtraStat=EGameStat_Extra_None),Value=5),(Stat=(StatType=EGameStatType_Defense,AttackStat=EGameStat_Attack_None,DefenseStat=EGameStat_Defense_DamageResistWeapon,ExtraStat=EGameStat_Extra_None),Value=3))","","1000","100","100","True","True","-1","0","False"
"2024141003","[SET-][공용]고급 신발 티어 Tier1","LOCTABLE(""/Game/GameData/String_Main.String_Main"", ""Item_Name_2024141003"")","""/Game/Textures/Icons/Equip/Boots/T_Boots_Leather_Rare_01.T_Boots_Leather_Rare_01""","None","None","None","""/Game/Blueprints/Actors/ItemDropMesh/BP_DropitemMesh_Base.BP_DropitemMesh_Base_C""","LOCTABLE(""/Game/GameData/String_Main.String_Main"", ""Item_Desc_2024141003"")","EItemType_Armor","EItemDetailType_Armor_Boots","EItemTagType_NormalItem","EUniversalGrade_Rare","True","True","False","True","True","True","False","True","True","False","True","(GameDataType=EGameDataTable_ItemEnhance,Key=3,Name=""강화테이블_방어구"")","True","12","4","0","1440","144","1","1","ECharacterJobClass_DontCare","1","999","15","((GameDataType=EGameDataTable_PortalSpot,Key=1001052,Name=""Emberforge_Hunt_WM_01""),(GameDataType=EGameDataTable_PortalSpot,Key=1001053,Name=""Emberforge_Hunt_WM_02""),(GameDataType=EGameDataTable_PortalSpot,Key=1001054,Name=""Emberforge_Hunt_WM_03""),(GameDataType=EGameDataTable_PortalSpot,Key=1002052,Name=""Eisvan_Hunt_WM_01""),(GameDataType=EGameDataTable_PortalSpot,Key=1002053,Name=""Eisvan_Hunt_WM_02""),(GameDataType=EGameDataTable_PortalSpot,Key=1002054,Name=""Eisvan_Hunt_WM_03""),(GameDataType=EGameDataTable_PortalSpot,Key=1003051,Name=""Ulgar_Hunt_WM_01""),(GameDataType=EGameDataTable_PortalSpot,Key=1003052,Name=""Ulgar_Hunt_WM_02""),(GameDataType=EGameDataTable_PortalSpot,Key=1003053,Name=""Ulgar_Hunt_WM_03""))","((GameDataType=EGameDataTable_CraftList,Key=204,Name=""숙련 모험가의 부츠""))","(Type=-,GameDataType=EGameDataTable_ItemSettingType,Key=0,Name=""None"")","(GameDataType=EGameDataTable_ItemSetOption,Key=0,Name=""None"")","((Stat=(StatType=EGameStatType_Defense,AttackStat=EGameStat_Attack_None,DefenseStat=EGameStat_Defense_ArmorClass,ExtraStat=EGameStat_Extra_None),Value=7),(Stat=(StatType=EGameStatType_Defense,AttackStat=EGameStat_Attack_None,DefenseStat=EGameStat_Defense_EvasionMelee,ExtraStat=EGameStat_Extra_None),Value=7),(Stat=(StatType=EGameStatType_Defense,AttackStat=EGameStat_Attack_None,DefenseStat=EGameStat_Defense_DamageResistWeapon,ExtraStat=EGameStat_Extra_None),Value=3))","","1000","100","100","True","True","-1","0","False"
"2024142001","[SET-][공용]고급 신발 티어 Tier2","LOCTABLE(""/Game/GameData/String_Main.String_Main"", ""Item_Name_2024142001"")","""/Game/Textures/Icons/Equip/Boots/T_Boots_Iron_Rare_02.T_Boots_Iron_Rare_02""","None","None","None","""/Game/Blueprints/Actors/ItemDropMesh/BP_DropitemMesh_Base.BP_DropitemMesh_Base_C""","LOCTABLE(""/Game/GameData/String_Main.String_Main"", ""Item_Desc_2024142001"")","EItemType_Armor","EItemDetailType_Armor_Boots","EItemTagType_NormalItem","EUniversalGrade_Rare","True","True","False","True","True","True","False","True","True","False","True","(GameDataType=EGameDataTable_ItemEnhance,Key=3,Name=""강화테이블_방어구"")","True","12","4","0","1870","187","1","1","ECharacterJobClass_DontCare","1","999","15","((GameDataType=EGameDataTable_PortalSpot,Key=1001052,Name=""Emberforge_Hunt_WM_01""),(GameDataType=EGameDataTable_PortalSpot,Key=1001053,Name=""Emberforge_Hunt_WM_02""),(GameDataType=EGameDataTable_PortalSpot,Key=1001054,Name=""Emberforge_Hunt_WM_03""),(GameDataType=EGameDataTable_PortalSpot,Key=1002052,Name=""Eisvan_Hunt_WM_01""),(GameDataType=EGameDataTable_PortalSpot,Key=1002053,Name=""Eisvan_Hunt_WM_02""),(GameDataType=EGameDataTable_PortalSpot,Key=1002054,Name=""Eisvan_Hunt_WM_03""),(GameDataType=EGameDataTable_PortalSpot,Key=1003051,Name=""Ulgar_Hunt_WM_01""),(GameDataType=EGameDataTable_PortalSpot,Key=1003052,Name=""Ulgar_Hunt_WM_02""),(GameDataType=EGameDataTable_PortalSpot,Key=1003053,Name=""Ulgar_Hunt_WM_03""))","((GameDataType=EGameDataTable_CraftList,Key=205,Name=""숙련 용병의 그리브""))","(Type=-,GameDataType=EGameDataTable_ItemSettingType,Key=0,Name=""None"")","(GameDataType=EGameDataTable_ItemSetOption,Key=0,Name=""None"")","((Stat=(StatType=EGameStatType_Defense,AttackStat=EGameStat_Attack_None,DefenseStat=EGameStat_Defense_ArmorClass,ExtraStat=EGameStat_Extra_None),Value=8),(Stat=(StatType=EGameStatType_Defense,AttackStat=EGameStat_Attack_None,DefenseStat=EGameStat_Defense_EvasionRange,ExtraStat=EGameStat_Extra_None),Value=7),(Stat=(StatType=EGameStatType_Defense,AttackStat=EGameStat_Attack_None,DefenseStat=EGameStat_Defense_DamageResistWeapon,ExtraStat=EGameStat_Extra_None),Value=5))","","1000","100","100","True","True","-1","0","False"
"2024142002","[SET-][공용]고급 신발 티어 Tier2","LOCTABLE(""/Game/GameData/String_Main.String_Main"", ""Item_Name_2024142002"")","""/Game/Textures/Icons/Equip/Boots/T_Boots_Cloth_Rare_02.T_Boots_Cloth_Rare_02""","None","None","None","""/Game/Blueprints/Actors/ItemDropMesh/BP_DropitemMesh_Base.BP_DropitemMesh_Base_C""","LOCTABLE(""/Game/GameData/String_Main.String_Main"", ""Item_Desc_2024142002"")","EItemType_Armor","EItemDetailType_Armor_Boots","EItemTagType_NormalItem","EUniversalGrade_Rare","True","True","False","True","True","True","False","True","True","False","True","(GameDataType=EGameDataTable_ItemEnhance,Key=3,Name=""강화테이블_방어구"")","True","12","4","0","1870","187","1","1","ECharacterJobClass_DontCare","1","999","15","((GameDataType=EGameDataTable_PortalSpot,Key=1001052,Name=""Emberforge_Hunt_WM_01""),(GameDataType=EGameDataTable_PortalSpot,Key=1001053,Name=""Emberforge_Hunt_WM_02""),(GameDataType=EGameDataTable_PortalSpot,Key=1001054,Name=""Emberforge_Hunt_WM_03""),(GameDataType=EGameDataTable_PortalSpot,Key=1002052,Name=""Eisvan_Hunt_WM_01""),(GameDataType=EGameDataTable_PortalSpot,Key=1002053,Name=""Eisvan_Hunt_WM_02""),(GameDataType=EGameDataTable_PortalSpot,Key=1002054,Name=""Eisvan_Hunt_WM_03""),(GameDataType=EGameDataTable_PortalSpot,Key=1003051,Name=""Ulgar_Hunt_WM_01""),(GameDataType=EGameDataTable_PortalSpot,Key=1003052,Name=""Ulgar_Hunt_WM_02""),(GameDataType=EGameDataTable_PortalSpot,Key=1003053,Name=""Ulgar_Hunt_WM_03""))","((GameDataType=EGameDataTable_CraftList,Key=206,Name=""숙련 용병의 신발""))","(Type=-,GameDataType=EGameDataTable_ItemSettingType,Key=0,Name=""None"")","(GameDataType=EGameDataTable_ItemSetOption,Key=0,Name=""None"")","((Stat=(StatType=EGameStatType_Defense,AttackStat=EGameStat_Attack_None,DefenseStat=EGameStat_Defense_ArmorClass,ExtraStat=EGameStat_Extra_None),Value=7),(Stat=(StatType=EGameStatType_Defense,AttackStat=EGameStat_Attack_None,DefenseStat=EGameStat_Defense_Evasion,ExtraStat=EGameStat_Extra_None),Value=5),(Stat=(StatType=EGameStatType_Defense,AttackStat=EGameStat_Attack_None,DefenseStat=EGameStat_Defense_DamageResistWeapon,ExtraStat=EGameStat_Extra_None),Value=5))","","1000","100","100","True","True","-1","0","False"
"2024142003","[SET-][공용]고급 신발 티어 Tier2","LOCTABLE(""/Game/GameData/String_Main.String_Main"", ""Item_Name_2024142003"")","""/Game/Textures/Icons/Equip/Boots/T_Boots_Leather_Rare_02.T_Boots_Leather_Rare_02""","None","None","None","""/Game/Blueprints/Actors/ItemDropMesh/BP_DropitemMesh_Base.BP_DropitemMesh_Base_C""","LOCTABLE(""/Game/GameData/String_Main.String_Main"", ""Item_Desc_2024142003"")","EItemType_Armor","EItemDetailType_Armor_Boots","EItemTagType_NormalItem","EUniversalGrade_Rare","True","True","False","True","True","True","False","True","True","False","True","(GameDataType=EGameDataTable_ItemEnhance,Key=3,Name=""강화테이블_방어구"")","True","12","4","0","1870","187","1","1","ECharacterJobClass_DontCare","1","999","15","((GameDataType=EGameDataTable_PortalSpot,Key=1001052,Name=""Emberforge_Hunt_WM_01""),(GameDataType=EGameDataTable_PortalSpot,Key=1001053,Name=""Emberforge_Hunt_WM_02""),(GameDataType=EGameDataTable_PortalSpot,Key=1001054,Name=""Emberforge_Hunt_WM_03""),(GameDataType=EGameDataTable_PortalSpot,Key=1002052,Name=""Eisvan_Hunt_WM_01""),(GameDataType=EGameDataTable_PortalSpot,Key=1002053,Name=""Eisvan_Hunt_WM_02""),(GameDataType=EGameDataTable_PortalSpot,Key=1002054,Name=""Eisvan_Hunt_WM_03""),(GameDataType=EGameDataTable_PortalSpot,Key=1003051,Name=""Ulgar_Hunt_WM_01""),(GameDataType=EGameDataTable_PortalSpot,Key=1003052,Name=""Ulgar_Hunt_WM_02""),(GameDataType=EGameDataTable_PortalSpot,Key=1003053,Name=""Ulgar_Hunt_WM_03""))","((GameDataType=EGameDataTable_CraftList,Key=207,Name=""숙련 용병의 부츠""))","(Type=-,GameDataType=EGameDataTable_ItemSettingType,Key=0,Name=""None"")","(GameDataType=EGameDataTable_ItemSetOption,Key=0,Name=""None"")","((Stat=(StatType=EGameStatType_Defense,AttackStat=EGameStat_Attack_None,DefenseStat=EGameStat_Defense_ArmorClass,ExtraStat=EGameStat_Extra_None),Value=7),(Stat=(StatType=EGameStatType_Defense,AttackStat=EGameStat_Attack_None,DefenseStat=EGameStat_Defense_EvasionMelee,ExtraStat=EGameStat_Extra_None),Value=7),(Stat=(StatType=EGameStatType_Defense,AttackStat=EGameStat_Attack_None,DefenseStat=EGameStat_Defense_DamageResistWeapon,ExtraStat=EGameStat_Extra_None),Value=5))","","1000","100","100","True","True","-1","0","False"
"2024143001","[SET-][공용]고급 신발 티어 Tier3","LOCTABLE(""/Game/GameData/String_Main.String_Main"", ""Item_Name_2024143001"")","""/Game/Textures/Icons/Equip/Boots/T_Boots_Iron_Rare_03.T_Boots_Iron_Rare_03""","None","None","None","""/Game/Blueprints/Actors/ItemDropMesh/BP_DropitemMesh_Base.BP_DropitemMesh_Base_C""","LOCTABLE(""/Game/GameData/String_Main.String_Main"", ""Item_Desc_2024143001"")","EItemType_Armor","EItemDetailType_Armor_Boots","EItemTagType_NormalItem","EUniversalGrade_Rare","True","True","False","True","True","True","False","True","True","False","True","(GameDataType=EGameDataTable_ItemEnhance,Key=3,Name=""강화테이블_방어구"")","True","12","4","0","2160","216","1","1","ECharacterJobClass_DontCare","1","999","15","((GameDataType=EGameDataTable_PortalSpot,Key=1001052,Name=""Emberforge_Hunt_WM_01""),(GameDataType=EGameDataTable_PortalSpot,Key=1001053,Name=""Emberforge_Hunt_WM_02""),(GameDataType=EGameDataTable_PortalSpot,Key=1001054,Name=""Emberforge_Hunt_WM_03""),(GameDataType=EGameDataTable_PortalSpot,Key=1002052,Name=""Eisvan_Hunt_WM_01""),(GameDataType=EGameDataTable_PortalSpot,Key=1002053,Name=""Eisvan_Hunt_WM_02""),(GameDataType=EGameDataTable_PortalSpot,Key=1002054,Name=""Eisvan_Hunt_WM_03""),(GameDataType=EGameDataTable_PortalSpot,Key=1003051,Name=""Ulgar_Hunt_WM_01""),(GameDataType=EGameDataTable_PortalSpot,Key=1003052,Name=""Ulgar_Hunt_WM_02""),(GameDataType=EGameDataTable_PortalSpot,Key=1003053,Name=""Ulgar_Hunt_WM_03""))","((GameDataType=EGameDataTable_CraftList,Key=208,Name=""숙련 전사의 그리브""))","(Type=-,GameDataType=EGameDataTable_ItemSettingType,Key=0,Name=""None"")","(GameDataType=EGameDataTable_ItemSetOption,Key=0,Name=""None"")","((Stat=(StatType=EGameStatType_Defense,AttackStat=EGameStat_Attack_None,DefenseStat=EGameStat_Defense_ArmorClass,ExtraStat=EGameStat_Extra_None),Value=8),(Stat=(StatType=EGameStatType_Defense,AttackStat=EGameStat_Attack_None,DefenseStat=EGameStat_Defense_EvasionRange,ExtraStat=EGameStat_Extra_None),Value=7),(Stat=(StatType=EGameStatType_Defense,AttackStat=EGameStat_Attack_None,DefenseStat=EGameStat_Defense_DamageResistWeapon,ExtraStat=EGameStat_Extra_None),Value=5),(Stat=(StatType=EGameStatType_Extra,AttackStat=EGameStat_Attack_None,DefenseStat=EGameStat_Defense_None,ExtraStat=EGameStat_Extra_PotionRecover),Value=3))","","1000","100","100","True","True","-1","0","False"
"2024143002","[SET-][공용]고급 신발 티어 Tier3","LOCTABLE(""/Game/GameData/String_Main.String_Main"", ""Item_Name_2024143002"")","""/Game/Textures/Icons/Equip/Boots/T_Boots_Cloth_Rare_03.T_Boots_Cloth_Rare_03""","None","None","None","""/Game/Blueprints/Actors/ItemDropMesh/BP_DropitemMesh_Base.BP_DropitemMesh_Base_C""","LOCTABLE(""/Game/GameData/String_Main.String_Main"", ""Item_Desc_2024143002"")","EItemType_Armor","EItemDetailType_Armor_Boots","EItemTagType_NormalItem","EUniversalGrade_Rare","True","True","False","True","True","True","False","True","True","False","True","(GameDataType=EGameDataTable_ItemEnhance,Key=3,Name=""강화테이블_방어구"")","True","12","4","0","2160","216","1","1","ECharacterJobClass_DontCare","1","999","15","((GameDataType=EGameDataTable_PortalSpot,Key=1001052,Name=""Emberforge_Hunt_WM_01""),(GameDataType=EGameDataTable_PortalSpot,Key=1001053,Name=""Emberforge_Hunt_WM_02""),(GameDataType=EGameDataTable_PortalSpot,Key=1001054,Name=""Emberforge_Hunt_WM_03""),(GameDataType=EGameDataTable_PortalSpot,Key=1002052,Name=""Eisvan_Hunt_WM_01""),(GameDataType=EGameDataTable_PortalSpot,Key=1002053,Name=""Eisvan_Hunt_WM_02""),(GameDataType=EGameDataTable_PortalSpot,Key=1002054,Name=""Eisvan_Hunt_WM_03""),(GameDataType=EGameDataTable_PortalSpot,Key=1003051,Name=""Ulgar_Hunt_WM_01""),(GameDataType=EGameDataTable_PortalSpot,Key=1003052,Name=""Ulgar_Hunt_WM_02""),(GameDataType=EGameDataTable_PortalSpot,Key=1003053,Name=""Ulgar_Hunt_WM_03""))","((GameDataType=EGameDataTable_CraftList,Key=209,Name=""숙련 전사의 신발""))","(Type=-,GameDataType=EGameDataTable_ItemSettingType,Key=0,Name=""None"")","(GameDataType=EGameDataTable_ItemSetOption,Key=0,Name=""None"")","((Stat=(StatType=EGameStatType_Defense,AttackStat=EGameStat_Attack_None,DefenseStat=EGameStat_Defense_ArmorClass,ExtraStat=EGameStat_Extra_None),Value=7),(Stat=(StatType=EGameStatType_Defense,AttackStat=EGameStat_Attack_None,DefenseStat=EGameStat_Defense_Evasion,ExtraStat=EGameStat_Extra_None),Value=5),(Stat=(StatType=EGameStatType_Defense,AttackStat=EGameStat_Attack_None,DefenseStat=EGameStat_Defense_DamageResistWeapon,ExtraStat=EGameStat_Extra_None),Value=5),(Stat=(StatType=EGameStatType_Extra,AttackStat=EGameStat_Attack_None,DefenseStat=EGameStat_Defense_None,ExtraStat=EGameStat_Extra_PotionRecover),Value=3))","","1000","100","100","True","True","-1","0","False"
"2024143003","[SET-][공용]고급 신발 티어 Tier3","LOCTABLE(""/Game/GameData/String_Main.String_Main"", ""Item_Name_2024143003"")","""/Game/Textures/Icons/Equip/Boots/T_Boots_Leather_Rare_03.T_Boots_Leather_Rare_03""","None","None","None","""/Game/Blueprints/Actors/ItemDropMesh/BP_DropitemMesh_Base.BP_DropitemMesh_Base_C""","LOCTABLE(""/Game/GameData/String_Main.String_Main"", ""Item_Desc_2024143003"")","EItemType_Armor","EItemDetailType_Armor_Boots","EItemTagType_NormalItem","EUniversalGrade_Rare","True","True","False","True","True","True","False","True","True","False","True","(GameDataType=EGameDataTable_ItemEnhance,Key=3,Name=""강화테이블_방어구"")","True","12","4","0","2160","216","1","1","ECharacterJobClass_DontCare","1","999","15","((GameDataType=EGameDataTable_PortalSpot,Key=1001052,Name=""Emberforge_Hunt_WM_01""),(GameDataType=EGameDataTable_PortalSpot,Key=1001053,Name=""Emberforge_Hunt_WM_02""),(GameDataType=EGameDataTable_PortalSpot,Key=1001054,Name=""Emberforge_Hunt_WM_03""),(GameDataType=EGameDataTable_PortalSpot,Key=1002052,Name=""Eisvan_Hunt_WM_01""),(GameDataType=EGameDataTable_PortalSpot,Key=1002053,Name=""Eisvan_Hunt_WM_02""),(GameDataType=EGameDataTable_PortalSpot,Key=1002054,Name=""Eisvan_Hunt_WM_03""),(GameDataType=EGameDataTable_PortalSpot,Key=1003051,Name=""Ulgar_Hunt_WM_01""),(GameDataType=EGameDataTable_PortalSpot,Key=1003052,Name=""Ulgar_Hunt_WM_02""),(GameDataType=EGameDataTable_PortalSpot,Key=1003053,Name=""Ulgar_Hunt_WM_03""))","((GameDataType=EGameDataTable_CraftList,Key=210,Name=""숙련 전사의 부츠""))","(Type=-,GameDataType=EGameDataTable_ItemSettingType,Key=0,Name=""None"")","(GameDataType=EGameDataTable_ItemSetOption,Key=0,Name=""None"")","((Stat=(StatType=EGameStatType_Defense,AttackStat=EGameStat_Attack_None,DefenseStat=EGameStat_Defense_ArmorClass,ExtraStat=EGameStat_Extra_None),Value=7),(Stat=(StatType=EGameStatType_Defense,AttackStat=EGameStat_Attack_None,DefenseStat=EGameStat_Defense_EvasionMelee,ExtraStat=EGameStat_Extra_None),Value=7),(Stat=(StatType=EGameStatType_Defense,AttackStat=EGameStat_Attack_None,DefenseStat=EGameStat_Defense_DamageResistWeapon,ExtraStat=EGameStat_Extra_None),Value=5),(Stat=(StatType=EGameStatType_Extra,AttackStat=EGameStat_Attack_None,DefenseStat=EGameStat_Defense_None,ExtraStat=EGameStat_Extra_PotionRecover),Value=3))","","1000","100","100","True","True","-1","0","False"
"2024241001","[SET-][공용]희귀 신발 티어 Tier1","LOCTABLE(""/Game/GameData/String_Main.String_Main"", ""Item_Name_2024241001"")","""/Game/Textures/Icons/Equip/Boots/T_Boots_Iron_Unique_01.T_Boots_Iron_Unique_01""","None","None","None","""/Game/Blueprints/Actors/ItemDropMesh/BP_DropitemMesh_Base.BP_DropitemMesh_Base_C""","LOCTABLE(""/Game/GameData/String_Main.String_Main"", ""Item_Desc_2024241001"")","EItemType_Armor","EItemDetailType_Armor_Boots","EItemTagType_NormalItem","EUniversalGrade_Unique","True","True","False","True","True","True","False","True","True","False","True","(GameDataType=EGameDataTable_ItemEnhance,Key=3,Name=""강화테이블_방어구"")","True","12","4","0","13820","1382","1","1","ECharacterJobClass_DontCare","1","999","15","((GameDataType=EGameDataTable_PortalSpot,Key=1001052,Name=""Emberforge_Hunt_WM_01""),(GameDataType=EGameDataTable_PortalSpot,Key=1001053,Name=""Emberforge_Hunt_WM_02""),(GameDataType=EGameDataTable_PortalSpot,Key=1001054,Name=""Emberforge_Hunt_WM_03""),(GameDataType=EGameDataTable_PortalSpot,Key=1002052,Name=""Eisvan_Hunt_WM_01""),(GameDataType=EGameDataTable_PortalSpot,Key=1002053,Name=""Eisvan_Hunt_WM_02""),(GameDataType=EGameDataTable_PortalSpot,Key=1002054,Name=""Eisvan_Hunt_WM_03""),(GameDataType=EGameDataTable_PortalSpot,Key=1003051,Name=""Ulgar_Hunt_WM_01""),(GameDataType=EGameDataTable_PortalSpot,Key=1003052,Name=""Ulgar_Hunt_WM_02""),(GameDataType=EGameDataTable_PortalSpot,Key=1003053,Name=""Ulgar_Hunt_WM_03""))","((GameDataType=EGameDataTable_CraftList,Key=211,Name=""정예 모험가의 그리브""))","(Type=-,GameDataType=EGameDataTable_ItemSettingType,Key=0,Name=""None"")","(GameDataType=EGameDataTable_ItemSetOption,Key=0,Name=""None"")","((Stat=(StatType=EGameStatType_Defense,AttackStat=EGameStat_Attack_None,DefenseStat=EGameStat_Defense_ArmorClass,ExtraStat=EGameStat_Extra_None),Value=12),(Stat=(StatType=EGameStatType_Defense,AttackStat=EGameStat_Attack_None,DefenseStat=EGameStat_Defense_EvasionRange,ExtraStat=EGameStat_Extra_None),Value=10),(Stat=(StatType=EGameStatType_Defense,AttackStat=EGameStat_Attack_None,DefenseStat=EGameStat_Defense_DamageResistWeapon,ExtraStat=EGameStat_Extra_None),Value=5),(Stat=(StatType=EGameStatType_Extra,AttackStat=EGameStat_Attack_None,DefenseStat=EGameStat_Defense_None,ExtraStat=EGameStat_Extra_PotionRecover),Value=3))","","1000","100","100","True","True","-1","0","False"
"2024241002","[SET-][공용]희귀 신발 티어 Tier1","LOCTABLE(""/Game/GameData/String_Main.String_Main"", ""Item_Name_2024241002"")","""/Game/Textures/Icons/Equip/Boots/T_Boots_Cloth_Unique_01.T_Boots_Cloth_Unique_01""","None","None","None","""/Game/Blueprints/Actors/ItemDropMesh/BP_DropitemMesh_Base.BP_DropitemMesh_Base_C""","LOCTABLE(""/Game/GameData/String_Main.String_Main"", ""Item_Desc_2024241002"")","EItemType_Armor","EItemDetailType_Armor_Boots","EItemTagType_NormalItem","EUniversalGrade_Unique","True","True","False","True","True","True","False","True","True","False","True","(GameDataType=EGameDataTable_ItemEnhance,Key=3,Name=""강화테이블_방어구"")","True","12","4","0","13820","1382","1","1","ECharacterJobClass_DontCare","1","999","15","((GameDataType=EGameDataTable_PortalSpot,Key=1001052,Name=""Emberforge_Hunt_WM_01""),(GameDataType=EGameDataTable_PortalSpot,Key=1001053,Name=""Emberforge_Hunt_WM_02""),(GameDataType=EGameDataTable_PortalSpot,Key=1001054,Name=""Emberforge_Hunt_WM_03""),(GameDataType=EGameDataTable_PortalSpot,Key=1002052,Name=""Eisvan_Hunt_WM_01""),(GameDataType=EGameDataTable_PortalSpot,Key=1002053,Name=""Eisvan_Hunt_WM_02""),(GameDataType=EGameDataTable_PortalSpot,Key=1002054,Name=""Eisvan_Hunt_WM_03""),(GameDataType=EGameDataTable_PortalSpot,Key=1003051,Name=""Ulgar_Hunt_WM_01""),(GameDataType=EGameDataTable_PortalSpot,Key=1003052,Name=""Ulgar_Hunt_WM_02""),(GameDataType=EGameDataTable_PortalSpot,Key=1003053,Name=""Ulgar_Hunt_WM_03""))","((GameDataType=EGameDataTable_CraftList,Key=212,Name=""정예 모험가의 신발""))","(Type=-,GameDataType=EGameDataTable_ItemSettingType,Key=0,Name=""None"")","(GameDataType=EGameDataTable_ItemSetOption,Key=0,Name=""None"")","((Stat=(StatType=EGameStatType_Defense,AttackStat=EGameStat_Attack_None,DefenseStat=EGameStat_Defense_ArmorClass,ExtraStat=EGameStat_Extra_None),Value=11),(Stat=(StatType=EGameStatType_Defense,AttackStat=EGameStat_Attack_None,DefenseStat=EGameStat_Defense_Evasion,ExtraStat=EGameStat_Extra_None),Value=7),(Stat=(StatType=EGameStatType_Defense,AttackStat=EGameStat_Attack_None,DefenseStat=EGameStat_Defense_DamageResistWeapon,ExtraStat=EGameStat_Extra_None),Value=5),(Stat=(StatType=EGameStatType_Extra,AttackStat=EGameStat_Attack_None,DefenseStat=EGameStat_Defense_None,ExtraStat=EGameStat_Extra_PotionRecover),Value=3))","","1000","100","100","True","True","-1","0","False"
"2024241003","[SET-][공용]희귀 신발 티어 Tier1","LOCTABLE(""/Game/GameData/String_Main.String_Main"", ""Item_Name_2024241003"")","""/Game/Textures/Icons/Equip/Boots/T_Boots_Leather_Unique_01.T_Boots_Leather_Unique_01""","None","None","None","""/Game/Blueprints/Actors/ItemDropMesh/BP_DropitemMesh_Base.BP_DropitemMesh_Base_C""","LOCTABLE(""/Game/GameData/String_Main.String_Main"", ""Item_Desc_2024241003"")","EItemType_Armor","EItemDetailType_Armor_Boots","EItemTagType_NormalItem","EUniversalGrade_Unique","True","True","False","True","True","True","False","True","True","False","True","(GameDataType=EGameDataTable_ItemEnhance,Key=3,Name=""강화테이블_방어구"")","True","12","4","0","13820","1382","1","1","ECharacterJobClass_DontCare","1","999","15","((GameDataType=EGameDataTable_PortalSpot,Key=1001052,Name=""Emberforge_Hunt_WM_01""),(GameDataType=EGameDataTable_PortalSpot,Key=1001053,Name=""Emberforge_Hunt_WM_02""),(GameDataType=EGameDataTable_PortalSpot,Key=1001054,Name=""Emberforge_Hunt_WM_03""),(GameDataType=EGameDataTable_PortalSpot,Key=1002052,Name=""Eisvan_Hunt_WM_01""),(GameDataType=EGameDataTable_PortalSpot,Key=1002053,Name=""Eisvan_Hunt_WM_02""),(GameDataType=EGameDataTable_PortalSpot,Key=1002054,Name=""Eisvan_Hunt_WM_03""),(GameDataType=EGameDataTable_PortalSpot,Key=1003051,Name=""Ulgar_Hunt_WM_01""),(GameDataType=EGameDataTable_PortalSpot,Key=1003052,Name=""Ulgar_Hunt_WM_02""),(GameDataType=EGameDataTable_PortalSpot,Key=1003053,Name=""Ulgar_Hunt_WM_03""))","((GameDataType=EGameDataTable_CraftList,Key=213,Name=""정예 모험가의 부츠""))","(Type=-,GameDataType=EGameDataTable_ItemSettingType,Key=0,Name=""None"")","(GameDataType=EGameDataTable_ItemSetOption,Key=0,Name=""None"")","((Stat=(StatType=EGameStatType_Defense,AttackStat=EGameStat_Attack_None,DefenseStat=EGameStat_Defense_ArmorClass,ExtraStat=EGameStat_Extra_None),Value=11),(Stat=(StatType=EGameStatType_Defense,AttackStat=EGameStat_Attack_None,DefenseStat=EGameStat_Defense_EvasionMelee,ExtraStat=EGameStat_Extra_None),Value=10),(Stat=(StatType=EGameStatType_Defense,AttackStat=EGameStat_Attack_None,DefenseStat=EGameStat_Defense_DamageResistWeapon,ExtraStat=EGameStat_Extra_None),Value=5),(Stat=(StatType=EGameStatType_Extra,AttackStat=EGameStat_Attack_None,DefenseStat=EGameStat_Defense_None,ExtraStat=EGameStat_Extra_PotionRecover),Value=3))","","1000","100","100","True","True","-1","0","False"
"2024242001","[SET-][공용]희귀 신발 티어 Tier2","LOCTABLE(""/Game/GameData/String_Main.String_Main"", ""Item_Name_2024242001"")","""/Game/Textures/Icons/Equip/Boots/T_Boots_Iron_Unique_02.T_Boots_Iron_Unique_02""","None","None","None","""/Game/Blueprints/Actors/ItemDropMesh/BP_DropitemMesh_Base.BP_DropitemMesh_Base_C""","LOCTABLE(""/Game/GameData/String_Main.String_Main"", ""Item_Desc_2024242001"")","EItemType_Armor","EItemDetailType_Armor_Boots","EItemTagType_NormalItem","EUniversalGrade_Unique","True","True","False","True","True","True","False","True","True","False","True","(GameDataType=EGameDataTable_ItemEnhance,Key=3,Name=""강화테이블_방어구"")","True","12","4","0","17970","1797","1","1","ECharacterJobClass_DontCare","1","999","15","((GameDataType=EGameDataTable_PortalSpot,Key=1001052,Name=""Emberforge_Hunt_WM_01""),(GameDataType=EGameDataTable_PortalSpot,Key=1001053,Name=""Emberforge_Hunt_WM_02""),(GameDataType=EGameDataTable_PortalSpot,Key=1001054,Name=""Emberforge_Hunt_WM_03""),(GameDataType=EGameDataTable_PortalSpot,Key=1002052,Name=""Eisvan_Hunt_WM_01""),(GameDataType=EGameDataTable_PortalSpot,Key=1002053,Name=""Eisvan_Hunt_WM_02""),(GameDataType=EGameDataTable_PortalSpot,Key=1002054,Name=""Eisvan_Hunt_WM_03""),(GameDataType=EGameDataTable_PortalSpot,Key=1003051,Name=""Ulgar_Hunt_WM_01""),(GameDataType=EGameDataTable_PortalSpot,Key=1003052,Name=""Ulgar_Hunt_WM_02""),(GameDataType=EGameDataTable_PortalSpot,Key=1003053,Name=""Ulgar_Hunt_WM_03""))","((GameDataType=EGameDataTable_CraftList,Key=214,Name=""정예 용병의 그리브""))","(Type=-,GameDataType=EGameDataTable_ItemSettingType,Key=0,Name=""None"")","(GameDataType=EGameDataTable_ItemSetOption,Key=0,Name=""None"")","((Stat=(StatType=EGameStatType_Defense,AttackStat=EGameStat_Attack_None,DefenseStat=EGameStat_Defense_ArmorClass,ExtraStat=EGameStat_Extra_None),Value=12),(Stat=(StatType=EGameStatType_Defense,AttackStat=EGameStat_Attack_None,DefenseStat=EGameStat_Defense_EvasionRange,ExtraStat=EGameStat_Extra_None),Value=10),(Stat=(StatType=EGameStatType_Defense,AttackStat=EGameStat_Attack_None,DefenseStat=EGameStat_Defense_DamageResistWeapon,ExtraStat=EGameStat_Extra_None),Value=7),(Stat=(StatType=EGameStatType_Extra,AttackStat=EGameStat_Attack_None,DefenseStat=EGameStat_Defense_None,ExtraStat=EGameStat_Extra_PotionRecover),Value=3))","","1000","100","100","True","True","-1","0","False"
"2024242002","[SET-][공용]희귀 신발 티어 Tier2","LOCTABLE(""/Game/GameData/String_Main.String_Main"", ""Item_Name_2024242002"")","""/Game/Textures/Icons/Equip/Boots/T_Boots_Cloth_Unique_02.T_Boots_Cloth_Unique_02""","None","None","None","""/Game/Blueprints/Actors/ItemDropMesh/BP_DropitemMesh_Base.BP_DropitemMesh_Base_C""","LOCTABLE(""/Game/GameData/String_Main.String_Main"", ""Item_Desc_2024242002"")","EItemType_Armor","EItemDetailType_Armor_Boots","EItemTagType_NormalItem","EUniversalGrade_Unique","True","True","False","True","True","True","False","True","True","False","True","(GameDataType=EGameDataTable_ItemEnhance,Key=3,Name=""강화테이블_방어구"")","True","12","4","0","17970","1797","1","1","ECharacterJobClass_DontCare","1","999","15","((GameDataType=EGameDataTable_PortalSpot,Key=1001052,Name=""Emberforge_Hunt_WM_01""),(GameDataType=EGameDataTable_PortalSpot,Key=1001053,Name=""Emberforge_Hunt_WM_02""),(GameDataType=EGameDataTable_PortalSpot,Key=1001054,Name=""Emberforge_Hunt_WM_03""),(GameDataType=EGameDataTable_PortalSpot,Key=1002052,Name=""Eisvan_Hunt_WM_01""),(GameDataType=EGameDataTable_PortalSpot,Key=1002053,Name=""Eisvan_Hunt_WM_02""),(GameDataType=EGameDataTable_PortalSpot,Key=1002054,Name=""Eisvan_Hunt_WM_03""),(GameDataType=EGameDataTable_PortalSpot,Key=1003051,Name=""Ulgar_Hunt_WM_01""),(GameDataType=EGameDataTable_PortalSpot,Key=1003052,Name=""Ulgar_Hunt_WM_02""),(GameDataType=EGameDataTable_PortalSpot,Key=1003053,Name=""Ulgar_Hunt_WM_03""))","((GameDataType=EGameDataTable_CraftList,Key=215,Name=""정예 용병의 신발""))","(Type=-,GameDataType=EGameDataTable_ItemSettingType,Key=0,Name=""None"")","(GameDataType=EGameDataTable_ItemSetOption,Key=0,Name=""None"")","((Stat=(StatType=EGameStatType_Defense,AttackStat=EGameStat_Attack_None,DefenseStat=EGameStat_Defense_ArmorClass,ExtraStat=EGameStat_Extra_None),Value=11),(Stat=(StatType=EGameStatType_Defense,AttackStat=EGameStat_Attack_None,DefenseStat=EGameStat_Defense_Evasion,ExtraStat=EGameStat_Extra_None),Value=7),(Stat=(StatType=EGameStatType_Defense,AttackStat=EGameStat_Attack_None,DefenseStat=EGameStat_Defense_DamageResistWeapon,ExtraStat=EGameStat_Extra_None),Value=7),(Stat=(StatType=EGameStatType_Extra,AttackStat=EGameStat_Attack_None,DefenseStat=EGameStat_Defense_None,ExtraStat=EGameStat_Extra_PotionRecover),Value=3))","","1000","100","100","True","True","-1","0","False"
"2024242003","[SET-][공용]희귀 신발 티어 Tier2","LOCTABLE(""/Game/GameData/String_Main.String_Main"", ""Item_Name_2024242003"")","""/Game/Textures/Icons/Equip/Boots/T_Boots_Leather_Unique_02.T_Boots_Leather_Unique_02""","None","None","None","""/Game/Blueprints/Actors/ItemDropMesh/BP_DropitemMesh_Base.BP_DropitemMesh_Base_C""","LOCTABLE(""/Game/GameData/String_Main.String_Main"", ""Item_Desc_2024242003"")","EItemType_Armor","EItemDetailType_Armor_Boots","EItemTagType_NormalItem","EUniversalGrade_Unique","True","True","False","True","True","True","False","True","True","False","True","(GameDataType=EGameDataTable_ItemEnhance,Key=3,Name=""강화테이블_방어구"")","True","12","4","0","17970","1797","1","1","ECharacterJobClass_DontCare","1","999","15","((GameDataType=EGameDataTable_PortalSpot,Key=1001052,Name=""Emberforge_Hunt_WM_01""),(GameDataType=EGameDataTable_PortalSpot,Key=1001053,Name=""Emberforge_Hunt_WM_02""),(GameDataType=EGameDataTable_PortalSpot,Key=1001054,Name=""Emberforge_Hunt_WM_03""),(GameDataType=EGameDataTable_PortalSpot,Key=1002052,Name=""Eisvan_Hunt_WM_01""),(GameDataType=EGameDataTable_PortalSpot,Key=1002053,Name=""Eisvan_Hunt_WM_02""),(GameDataType=EGameDataTable_PortalSpot,Key=1002054,Name=""Eisvan_Hunt_WM_03""),(GameDataType=EGameDataTable_PortalSpot,Key=1003051,Name=""Ulgar_Hunt_WM_01""),(GameDataType=EGameDataTable_PortalSpot,Key=1003052,Name=""Ulgar_Hunt_WM_02""),(GameDataType=EGameDataTable_PortalSpot,Key=1003053,Name=""Ulgar_Hunt_WM_03""))","((GameDataType=EGameDataTable_CraftList,Key=216,Name=""정예 용병의 부츠""))","(Type=-,GameDataType=EGameDataTable_ItemSettingType,Key=0,Name=""None"")","(GameDataType=EGameDataTable_ItemSetOption,Key=0,Name=""None"")","((Stat=(StatType=EGameStatType_Defense,AttackStat=EGameStat_Attack_None,DefenseStat=EGameStat_Defense_ArmorClass,ExtraStat=EGameStat_Extra_None),Value=11),(Stat=(StatType=EGameStatType_Defense,AttackStat=EGameStat_Attack_None,DefenseStat=EGameStat_Defense_EvasionMelee,ExtraStat=EGameStat_Extra_None),Value=10),(Stat=(StatType=EGameStatType_Defense,AttackStat=EGameStat_Attack_None,DefenseStat=EGameStat_Defense_DamageResistWeapon,ExtraStat=EGameStat_Extra_None),Value=7),(Stat=(StatType=EGameStatType_Extra,AttackStat=EGameStat_Attack_None,DefenseStat=EGameStat_Defense_None,ExtraStat=EGameStat_Extra_PotionRecover),Value=3))","","1000","100","100","True","True","-1","0","False"
"2024243001","[SET-][공용]희귀 신발 티어 Tier3","LOCTABLE(""/Game/GameData/String_Main.String_Main"", ""Item_Name_2024243001"")","""/Game/Textures/Icons/Equip/Boots/T_Boots_Iron_Unique_03.T_Boots_Iron_Unique_03""","None","None","None","""/Game/Blueprints/Actors/ItemDropMesh/BP_DropitemMesh_Base.BP_DropitemMesh_Base_C""","LOCTABLE(""/Game/GameData/String_Main.String_Main"", ""Item_Desc_2024243001"")","EItemType_Armor","EItemDetailType_Armor_Boots","EItemTagType_NormalItem","EUniversalGrade_Unique","True","True","False","True","True","True","False","True","True","False","True","(GameDataType=EGameDataTable_ItemEnhance,Key=3,Name=""강화테이블_방어구"")","True","12","4","0","20730","2073","1","1","ECharacterJobClass_DontCare","1","999","15","((GameDataType=EGameDataTable_PortalSpot,Key=1001052,Name=""Emberforge_Hunt_WM_01""),(GameDataType=EGameDataTable_PortalSpot,Key=1001053,Name=""Emberforge_Hunt_WM_02""),(GameDataType=EGameDataTable_PortalSpot,Key=1001054,Name=""Emberforge_Hunt_WM_03""),(GameDataType=EGameDataTable_PortalSpot,Key=1002052,Name=""Eisvan_Hunt_WM_01""),(GameDataType=EGameDataTable_PortalSpot,Key=1002053,Name=""Eisvan_Hunt_WM_02""),(GameDataType=EGameDataTable_PortalSpot,Key=1002054,Name=""Eisvan_Hunt_WM_03""),(GameDataType=EGameDataTable_PortalSpot,Key=1003051,Name=""Ulgar_Hunt_WM_01""),(GameDataType=EGameDataTable_PortalSpot,Key=1003052,Name=""Ulgar_Hunt_WM_02""),(GameDataType=EGameDataTable_PortalSpot,Key=1003053,Name=""Ulgar_Hunt_WM_03""))","((GameDataType=EGameDataTable_CraftList,Key=217,Name=""정예 전사의 그리브""))","(Type=-,GameDataType=EGameDataTable_ItemSettingType,Key=0,Name=""None"")","(GameDataType=EGameDataTable_ItemSetOption,Key=0,Name=""None"")","((Stat=(StatType=EGameStatType_Defense,AttackStat=EGameStat_Attack_None,DefenseStat=EGameStat_Defense_ArmorClass,ExtraStat=EGameStat_Extra_None),Value=12),(Stat=(StatType=EGameStatType_Defense,AttackStat=EGameStat_Attack_None,DefenseStat=EGameStat_Defense_EvasionRange,ExtraStat=EGameStat_Extra_None),Value=10),(Stat=(StatType=EGameStatType_Defense,AttackStat=EGameStat_Attack_None,DefenseStat=EGameStat_Defense_DamageResistWeapon,ExtraStat=EGameStat_Extra_None),Value=7),(Stat=(StatType=EGameStatType_Extra,AttackStat=EGameStat_Attack_None,DefenseStat=EGameStat_Defense_None,ExtraStat=EGameStat_Extra_PotionRecover),Value=6))","","1000","100","100","True","True","-1","0","False"
"2024243002","[SET-][공용]희귀 신발 티어 Tier3","LOCTABLE(""/Game/GameData/String_Main.String_Main"", ""Item_Name_2024243002"")","""/Game/Textures/Icons/Equip/Boots/T_Boots_Cloth_Unique_03.T_Boots_Cloth_Unique_03""","None","None","None","""/Game/Blueprints/Actors/ItemDropMesh/BP_DropitemMesh_Base.BP_DropitemMesh_Base_C""","LOCTABLE(""/Game/GameData/String_Main.String_Main"", ""Item_Desc_2024243002"")","EItemType_Armor","EItemDetailType_Armor_Boots","EItemTagType_NormalItem","EUniversalGrade_Unique","True","True","False","True","True","True","False","True","True","False","True","(GameDataType=EGameDataTable_ItemEnhance,Key=3,Name=""강화테이블_방어구"")","True","12","4","0","20730","2073","1","1","ECharacterJobClass_DontCare","1","999","15","((GameDataType=EGameDataTable_PortalSpot,Key=1001052,Name=""Emberforge_Hunt_WM_01""),(GameDataType=EGameDataTable_PortalSpot,Key=1001053,Name=""Emberforge_Hunt_WM_02""),(GameDataType=EGameDataTable_PortalSpot,Key=1001054,Name=""Emberforge_Hunt_WM_03""),(GameDataType=EGameDataTable_PortalSpot,Key=1002052,Name=""Eisvan_Hunt_WM_01""),(GameDataType=EGameDataTable_PortalSpot,Key=1002053,Name=""Eisvan_Hunt_WM_02""),(GameDataType=EGameDataTable_PortalSpot,Key=1002054,Name=""Eisvan_Hunt_WM_03""),(GameDataType=EGameDataTable_PortalSpot,Key=1003051,Name=""Ulgar_Hunt_WM_01""),(GameDataType=EGameDataTable_PortalSpot,Key=1003052,Name=""Ulgar_Hunt_WM_02""),(GameDataType=EGameDataTable_PortalSpot,Key=1003053,Name=""Ulgar_Hunt_WM_03""))","((GameDataType=EGameDataTable_CraftList,Key=218,Name=""정예 전사의 신발""))","(Type=-,GameDataType=EGameDataTable_ItemSettingType,Key=0,Name=""None"")","(GameDataType=EGameDataTable_ItemSetOption,Key=0,Name=""None"")","((Stat=(StatType=EGameStatType_Defense,AttackStat=EGameStat_Attack_None,DefenseStat=EGameStat_Defense_ArmorClass,ExtraStat=EGameStat_Extra_None),Value=11),(Stat=(StatType=EGameStatType_Defense,AttackStat=EGameStat_Attack_None,DefenseStat=EGameStat_Defense_Evasion,ExtraStat=EGameStat_Extra_None),Value=7),(Stat=(StatType=EGameStatType_Defense,AttackStat=EGameStat_Attack_None,DefenseStat=EGameStat_Defense_DamageResistWeapon,ExtraStat=EGameStat_Extra_None),Value=7),(Stat=(StatType=EGameStatType_Extra,AttackStat=EGameStat_Attack_None,DefenseStat=EGameStat_Defense_None,ExtraStat=EGameStat_Extra_PotionRecover),Value=6))","","1000","100","100","True","True","-1","0","False"
"2024243003","[SET-][공용]희귀 신발 티어 Tier3","LOCTABLE(""/Game/GameData/String_Main.String_Main"", ""Item_Name_2024243003"")","""/Game/Textures/Icons/Equip/Boots/T_Boots_Leather_Unique_03.T_Boots_Leather_Unique_03""","None","None","None","""/Game/Blueprints/Actors/ItemDropMesh/BP_DropitemMesh_Base.BP_DropitemMesh_Base_C""","LOCTABLE(""/Game/GameData/String_Main.String_Main"", ""Item_Desc_2024243003"")","EItemType_Armor","EItemDetailType_Armor_Boots","EItemTagType_NormalItem","EUniversalGrade_Unique","True","True","False","True","True","True","False","True","True","False","True","(GameDataType=EGameDataTable_ItemEnhance,Key=3,Name=""강화테이블_방어구"")","True","12","4","0","20730","2073","1","1","ECharacterJobClass_DontCare","1","999","15","((GameDataType=EGameDataTable_PortalSpot,Key=1001052,Name=""Emberforge_Hunt_WM_01""),(GameDataType=EGameDataTable_PortalSpot,Key=1001053,Name=""Emberforge_Hunt_WM_02""),(GameDataType=EGameDataTable_PortalSpot,Key=1001054,Name=""Emberforge_Hunt_WM_03""),(GameDataType=EGameDataTable_PortalSpot,Key=1002052,Name=""Eisvan_Hunt_WM_01""),(GameDataType=EGameDataTable_PortalSpot,Key=1002053,Name=""Eisvan_Hunt_WM_02""),(GameDataType=EGameDataTable_PortalSpot,Key=1002054,Name=""Eisvan_Hunt_WM_03""),(GameDataType=EGameDataTable_PortalSpot,Key=1003051,Name=""Ulgar_Hunt_WM_01""),(GameDataType=EGameDataTable_PortalSpot,Key=1003052,Name=""Ulgar_Hunt_WM_02""),(GameDataType=EGameDataTable_PortalSpot,Key=1003053,Name=""Ulgar_Hunt_WM_03""))","((GameDataType=EGameDataTable_CraftList,Key=219,Name=""정예 전사의 부츠""))","(Type=-,GameDataType=EGameDataTable_ItemSettingType,Key=0,Name=""None"")","(GameDataType=EGameDataTable_ItemSetOption,Key=0,Name=""None"")","((Stat=(StatType=EGameStatType_Defense,AttackStat=EGameStat_Attack_None,DefenseStat=EGameStat_Defense_ArmorClass,ExtraStat=EGameStat_Extra_None),Value=11),(Stat=(StatType=EGameStatType_Defense,AttackStat=EGameStat_Attack_None,DefenseStat=EGameStat_Defense_EvasionMelee,ExtraStat=EGameStat_Extra_None),Value=10),(Stat=(StatType=EGameStatType_Defense,AttackStat=EGameStat_Attack_None,DefenseStat=EGameStat_Defense_DamageResistWeapon,ExtraStat=EGameStat_Extra_None),Value=7),(Stat=(StatType=EGameStatType_Extra,AttackStat=EGameStat_Attack_None,DefenseStat=EGameStat_Defense_None,ExtraStat=EGameStat_Extra_PotionRecover),Value=6))","","1000","100","100","True","True","-1","0","False"
"2024341001","[SET-][공용]영웅 신발 티어 Tier1","LOCTABLE(""/Game/GameData/String_Main.String_Main"", ""Item_Name_2024341001"")","""/Game/Textures/Icons/Equip/Boots/T_Boots_Iron_Eqic_01.T_Boots_Iron_Eqic_01""","None","None","None","""/Game/Blueprints/Actors/ItemDropMesh/BP_DropitemMesh_Base.BP_DropitemMesh_Base_C""","LOCTABLE(""/Game/GameData/String_Main.String_Main"", ""Item_Desc_2024341001"")","EItemType_Armor","EItemDetailType_Armor_Boots","EItemTagType_NormalItem","EUniversalGrade_Epic","True","True","False","True","True","True","False","True","True","False","True","(GameDataType=EGameDataTable_ItemEnhance,Key=3,Name=""강화테이블_방어구"")","True","12","4","0","262650","26265","1","1","ECharacterJobClass_DontCare","1","999","15","((GameDataType=EGameDataTable_PortalSpot,Key=1001052,Name=""Emberforge_Hunt_WM_01""),(GameDataType=EGameDataTable_PortalSpot,Key=1001053,Name=""Emberforge_Hunt_WM_02""),(GameDataType=EGameDataTable_PortalSpot,Key=1001054,Name=""Emberforge_Hunt_WM_03""),(GameDataType=EGameDataTable_PortalSpot,Key=1002052,Name=""Eisvan_Hunt_WM_01""),(GameDataType=EGameDataTable_PortalSpot,Key=1002053,Name=""Eisvan_Hunt_WM_02""),(GameDataType=EGameDataTable_PortalSpot,Key=1002054,Name=""Eisvan_Hunt_WM_03""),(GameDataType=EGameDataTable_PortalSpot,Key=1003051,Name=""Ulgar_Hunt_WM_01""),(GameDataType=EGameDataTable_PortalSpot,Key=1003052,Name=""Ulgar_Hunt_WM_02""),(GameDataType=EGameDataTable_PortalSpot,Key=1003053,Name=""Ulgar_Hunt_WM_03""))","((GameDataType=EGameDataTable_CraftList,Key=220,Name=""지휘관의 그리브""))","(Type=-,GameDataType=EGameDataTable_ItemSettingType,Key=0,Name=""None"")","(GameDataType=EGameDataTable_ItemSetOption,Key=0,Name=""None"")","((Stat=(StatType=EGameStatType_Defense,AttackStat=EGameStat_Attack_None,DefenseStat=EGameStat_Defense_ArmorClass,ExtraStat=EGameStat_Extra_None),Value=17),(Stat=(StatType=EGameStatType_Defense,AttackStat=EGameStat_Attack_None,DefenseStat=EGameStat_Defense_EvasionRange,ExtraStat=EGameStat_Extra_None),Value=15),(Stat=(StatType=EGameStatType_Defense,AttackStat=EGameStat_Attack_None,DefenseStat=EGameStat_Defense_DamageResistWeapon,ExtraStat=EGameStat_Extra_None),Value=10),(Stat=(StatType=EGameStatType_Extra,AttackStat=EGameStat_Attack_None,DefenseStat=EGameStat_Defense_None,ExtraStat=EGameStat_Extra_PotionRecover),Value=10),(Stat=(StatType=EGameStatType_Defense,AttackStat=EGameStat_Attack_None,DefenseStat=EGameStat_Defense_DamageResistPvP,ExtraStat=EGameStat_Extra_None),Value=10))","","1000","100","100","True","True","-1","0","False"
"2024341002","[SET-][공용]영웅 신발 티어 Tier1","LOCTABLE(""/Game/GameData/String_Main.String_Main"", ""Item_Name_2024341002"")","""/Game/Textures/Icons/Equip/Boots/T_Boots_Cloth_Eqic_01.T_Boots_Cloth_Eqic_01""","None","None","None","""/Game/Blueprints/Actors/ItemDropMesh/BP_DropitemMesh_Base.BP_DropitemMesh_Base_C""","LOCTABLE(""/Game/GameData/String_Main.String_Main"", ""Item_Desc_2024341002"")","EItemType_Armor","EItemDetailType_Armor_Boots","EItemTagType_NormalItem","EUniversalGrade_Epic","True","True","False","True","True","True","False","True","True","False","True","(GameDataType=EGameDataTable_ItemEnhance,Key=3,Name=""강화테이블_방어구"")","True","12","4","0","262650","26265","1","1","ECharacterJobClass_DontCare","1","999","15","((GameDataType=EGameDataTable_PortalSpot,Key=1001052,Name=""Emberforge_Hunt_WM_01""),(GameDataType=EGameDataTable_PortalSpot,Key=1001053,Name=""Emberforge_Hunt_WM_02""),(GameDataType=EGameDataTable_PortalSpot,Key=1001054,Name=""Emberforge_Hunt_WM_03""),(GameDataType=EGameDataTable_PortalSpot,Key=1002052,Name=""Eisvan_Hunt_WM_01""),(GameDataType=EGameDataTable_PortalSpot,Key=1002053,Name=""Eisvan_Hunt_WM_02""),(GameDataType=EGameDataTable_PortalSpot,Key=1002054,Name=""Eisvan_Hunt_WM_03""),(GameDataType=EGameDataTable_PortalSpot,Key=1003051,Name=""Ulgar_Hunt_WM_01""),(GameDataType=EGameDataTable_PortalSpot,Key=1003052,Name=""Ulgar_Hunt_WM_02""),(GameDataType=EGameDataTable_PortalSpot,Key=1003053,Name=""Ulgar_Hunt_WM_03""))","((GameDataType=EGameDataTable_CraftList,Key=221,Name=""지휘관의 신발""))","(Type=-,GameDataType=EGameDataTable_ItemSettingType,Key=0,Name=""None"")","(GameDataType=EGameDataTable_ItemSetOption,Key=0,Name=""None"")","((Stat=(StatType=EGameStatType_Defense,AttackStat=EGameStat_Attack_None,DefenseStat=EGameStat_Defense_ArmorClass,ExtraStat=EGameStat_Extra_None),Value=16),(Stat=(StatType=EGameStatType_Defense,AttackStat=EGameStat_Attack_None,DefenseStat=EGameStat_Defense_Evasion,ExtraStat=EGameStat_Extra_None),Value=10),(Stat=(StatType=EGameStatType_Defense,AttackStat=EGameStat_Attack_None,DefenseStat=EGameStat_Defense_DamageResistWeapon,ExtraStat=EGameStat_Extra_None),Value=10),(Stat=(StatType=EGameStatType_Extra,AttackStat=EGameStat_Attack_None,DefenseStat=EGameStat_Defense_None,ExtraStat=EGameStat_Extra_PotionRecover),Value=10),(Stat=(StatType=EGameStatType_Defense,AttackStat=EGameStat_Attack_None,DefenseStat=EGameStat_Defense_DamageResistPvP,ExtraStat=EGameStat_Extra_None),Value=10))","","1000","100","100","True","True","-1","0","False"
"2024341003","[SET-][공용]영웅 신발 티어 Tier1","LOCTABLE(""/Game/GameData/String_Main.String_Main"", ""Item_Name_2024341003"")","""/Game/Textures/Icons/Equip/Boots/T_Boots_Leather_Eqic_01.T_Boots_Leather_Eqic_01""","None","None","None","""/Game/Blueprints/Actors/ItemDropMesh/BP_DropitemMesh_Base.BP_DropitemMesh_Base_C""","LOCTABLE(""/Game/GameData/String_Main.String_Main"", ""Item_Desc_2024341003"")","EItemType_Armor","EItemDetailType_Armor_Boots","EItemTagType_NormalItem","EUniversalGrade_Epic","True","True","False","True","True","True","False","True","True","False","True","(GameDataType=EGameDataTable_ItemEnhance,Key=3,Name=""강화테이블_방어구"")","True","12","4","0","262650","26265","1","1","ECharacterJobClass_DontCare","1","999","15","((GameDataType=EGameDataTable_PortalSpot,Key=1001052,Name=""Emberforge_Hunt_WM_01""),(GameDataType=EGameDataTable_PortalSpot,Key=1001053,Name=""Emberforge_Hunt_WM_02""),(GameDataType=EGameDataTable_PortalSpot,Key=1001054,Name=""Emberforge_Hunt_WM_03""),(GameDataType=EGameDataTable_PortalSpot,Key=1002052,Name=""Eisvan_Hunt_WM_01""),(GameDataType=EGameDataTable_PortalSpot,Key=1002053,Name=""Eisvan_Hunt_WM_02""),(GameDataType=EGameDataTable_PortalSpot,Key=1002054,Name=""Eisvan_Hunt_WM_03""),(GameDataType=EGameDataTable_PortalSpot,Key=1003051,Name=""Ulgar_Hunt_WM_01""),(GameDataType=EGameDataTable_PortalSpot,Key=1003052,Name=""Ulgar_Hunt_WM_02""),(GameDataType=EGameDataTable_PortalSpot,Key=1003053,Name=""Ulgar_Hunt_WM_03""))","((GameDataType=EGameDataTable_CraftList,Key=222,Name=""지휘관의 부츠""))","(Type=-,GameDataType=EGameDataTable_ItemSettingType,Key=0,Name=""None"")","(GameDataType=EGameDataTable_ItemSetOption,Key=0,Name=""None"")","((Stat=(StatType=EGameStatType_Defense,AttackStat=EGameStat_Attack_None,DefenseStat=EGameStat_Defense_ArmorClass,ExtraStat=EGameStat_Extra_None),Value=16),(Stat=(StatType=EGameStatType_Defense,AttackStat=EGameStat_Attack_None,DefenseStat=EGameStat_Defense_EvasionMelee,ExtraStat=EGameStat_Extra_None),Value=15),(Stat=(StatType=EGameStatType_Defense,AttackStat=EGameStat_Attack_None,DefenseStat=EGameStat_Defense_DamageResistWeapon,ExtraStat=EGameStat_Extra_None),Value=10),(Stat=(StatType=EGameStatType_Extra,AttackStat=EGameStat_Attack_None,DefenseStat=EGameStat_Defense_None,ExtraStat=EGameStat_Extra_PotionRecover),Value=10),(Stat=(StatType=EGameStatType_Defense,AttackStat=EGameStat_Attack_None,DefenseStat=EGameStat_Defense_DamageResistPvP,ExtraStat=EGameStat_Extra_None),Value=10))","","1000","100","100","True","True","-1","0","False"
"2025041001","[SET-][공용]일반 셔츠 티어 Tier1","LOCTABLE(""/Game/GameData/String_Main.String_Main"", ""Item_Name_2025041001"")","""/Game/Textures/Icons/Equip/Shirt/T_Shirt_Common_01.T_Shirt_Common_01""","None","None","None","""/Game/Blueprints/Actors/ItemDropMesh/BP_DropitemMesh_Base.BP_DropitemMesh_Base_C""","LOCTABLE(""/Game/GameData/String_Main.String_Main"", ""Item_Desc_2025041001"")","EItemType_Armor","EItemDetailType_Armor_Shirts","EItemTagType_NormalItem","EUniversalGrade_Common","True","True","False","True","True","True","False","True","True","False","True","(GameDataType=EGameDataTable_ItemEnhance,Key=3,Name=""강화테이블_방어구"")","True","12","4","0","72000","7200","1","1","ECharacterJobClass_DontCare","1","999","15","((GameDataType=EGameDataTable_PortalSpot,Key=1001052,Name=""Emberforge_Hunt_WM_01""),(GameDataType=EGameDataTable_PortalSpot,Key=1001053,Name=""Emberforge_Hunt_WM_02""),(GameDataType=EGameDataTable_PortalSpot,Key=1001054,Name=""Emberforge_Hunt_WM_03""),(GameDataType=EGameDataTable_PortalSpot,Key=1002052,Name=""Eisvan_Hunt_WM_01""),(GameDataType=EGameDataTable_PortalSpot,Key=1002053,Name=""Eisvan_Hunt_WM_02""),(GameDataType=EGameDataTable_PortalSpot,Key=1002054,Name=""Eisvan_Hunt_WM_03""),(GameDataType=EGameDataTable_PortalSpot,Key=1003051,Name=""Ulgar_Hunt_WM_01""),(GameDataType=EGameDataTable_PortalSpot,Key=1003052,Name=""Ulgar_Hunt_WM_02""),(GameDataType=EGameDataTable_PortalSpot,Key=1003053,Name=""Ulgar_Hunt_WM_03""))","((GameDataType=EGameDataTable_CraftList,Key=223,Name=""초심자의 셔츠""))","(Type=-,GameDataType=EGameDataTable_ItemSettingType,Key=0,Name=""None"")","(GameDataType=EGameDataTable_ItemSetOption,Key=0,Name=""None"")","((Stat=(StatType=EGameStatType_Defense,AttackStat=EGameStat_Attack_None,DefenseStat=EGameStat_Defense_ArmorClass,ExtraStat=EGameStat_Extra_None),Value=1),(Stat=(StatType=EGameStatType_Attack,AttackStat=EGameStat_Attack_Damage,DefenseStat=EGameStat_Defense_None,ExtraStat=EGameStat_Extra_None),Value=1))","","1000","100","100","True","True","-1","0","False"
"2025141001","[SET-][공용]고급 셔츠 티어 Tier1","LOCTABLE(""/Game/GameData/String_Main.String_Main"", ""Item_Name_2025141001"")","""/Game/Textures/Icons/Equip/Shirt/T_Shirt_Rare_01.T_Shirt_Rare_01""","None","None","None","""/Game/Blueprints/Actors/ItemDropMesh/BP_DropitemMesh_Base.BP_DropitemMesh_Base_C""","LOCTABLE(""/Game/GameData/String_Main.String_Main"", ""Item_Desc_2025141001"")","EItemType_Armor","EItemDetailType_Armor_Shirts","EItemTagType_NormalItem","EUniversalGrade_Rare","True","True","False","True","True","True","False","True","True","False","True","(GameDataType=EGameDataTable_ItemEnhance,Key=3,Name=""강화테이블_방어구"")","True","12","4","0","339360","33936","1","1","ECharacterJobClass_DontCare","1","999","15","((GameDataType=EGameDataTable_PortalSpot,Key=1001052,Name=""Emberforge_Hunt_WM_01""),(GameDataType=EGameDataTable_PortalSpot,Key=1001053,Name=""Emberforge_Hunt_WM_02""),(GameDataType=EGameDataTable_PortalSpot,Key=1001054,Name=""Emberforge_Hunt_WM_03""),(GameDataType=EGameDataTable_PortalSpot,Key=1002052,Name=""Eisvan_Hunt_WM_01""),(GameDataType=EGameDataTable_PortalSpot,Key=1002053,Name=""Eisvan_Hunt_WM_02""),(GameDataType=EGameDataTable_PortalSpot,Key=1002054,Name=""Eisvan_Hunt_WM_03""),(GameDataType=EGameDataTable_PortalSpot,Key=1003051,Name=""Ulgar_Hunt_WM_01""),(GameDataType=EGameDataTable_PortalSpot,Key=1003052,Name=""Ulgar_Hunt_WM_02""),(GameDataType=EGameDataTable_PortalSpot,Key=1003053,Name=""Ulgar_Hunt_WM_03""))","((GameDataType=EGameDataTable_CraftList,Key=224,Name=""숙련 모험가의 셔츠""))","(Type=-,GameDataType=EGameDataTable_ItemSettingType,Key=0,Name=""None"")","(GameDataType=EGameDataTable_ItemSetOption,Key=0,Name=""None"")","((Stat=(StatType=EGameStatType_Defense,AttackStat=EGameStat_Attack_None,DefenseStat=EGameStat_Defense_ArmorClass,ExtraStat=EGameStat_Extra_None),Value=2),(Stat=(StatType=EGameStatType_Attack,AttackStat=EGameStat_Attack_Damage,DefenseStat=EGameStat_Defense_None,ExtraStat=EGameStat_Extra_None),Value=2),(Stat=(StatType=EGameStatType_Attack,AttackStat=EGameStat_Attack_TripleChance,DefenseStat=EGameStat_Defense_None,ExtraStat=EGameStat_Extra_None),Value=3))","","1000","100","100","True","True","-1","0","False"
"2025241001","[SET-][공용]희귀 셔츠 티어 Tier1","LOCTABLE(""/Game/GameData/String_Main.String_Main"", ""Item_Name_2025241001"")","""/Game/Textures/Icons/Equip/Shirt/T_Shirt_Unique_01.T_Shirt_Unique_01""","None","None","None","""/Game/Blueprints/Actors/ItemDropMesh/BP_DropitemMesh_Base.BP_DropitemMesh_Base_C""","LOCTABLE(""/Game/GameData/String_Main.String_Main"", ""Item_Desc_2025241001"")","EItemType_Armor","EItemDetailType_Armor_Shirts","EItemTagType_NormalItem","EUniversalGrade_Unique","True","True","False","True","True","True","False","True","True","False","True","(GameDataType=EGameDataTable_ItemEnhance,Key=3,Name=""강화테이블_방어구"")","True","12","4","0","1569600","156960","1","1","ECharacterJobClass_DontCare","1","999","15","((GameDataType=EGameDataTable_PortalSpot,Key=1001052,Name=""Emberforge_Hunt_WM_01""),(GameDataType=EGameDataTable_PortalSpot,Key=1001053,Name=""Emberforge_Hunt_WM_02""),(GameDataType=EGameDataTable_PortalSpot,Key=1001054,Name=""Emberforge_Hunt_WM_03""),(GameDataType=EGameDataTable_PortalSpot,Key=1002052,Name=""Eisvan_Hunt_WM_01""),(GameDataType=EGameDataTable_PortalSpot,Key=1002053,Name=""Eisvan_Hunt_WM_02""),(GameDataType=EGameDataTable_PortalSpot,Key=1002054,Name=""Eisvan_Hunt_WM_03""),(GameDataType=EGameDataTable_PortalSpot,Key=1003051,Name=""Ulgar_Hunt_WM_01""),(GameDataType=EGameDataTable_PortalSpot,Key=1003052,Name=""Ulgar_Hunt_WM_02""),(GameDataType=EGameDataTable_PortalSpot,Key=1003053,Name=""Ulgar_Hunt_WM_03""))","((GameDataType=EGameDataTable_CraftList,Key=225,Name=""정예 모험가의 셔츠""))","(Type=-,GameDataType=EGameDataTable_ItemSettingType,Key=0,Name=""None"")","(GameDataType=EGameDataTable_ItemSetOption,Key=0,Name=""None"")","((Stat=(StatType=EGameStatType_Defense,AttackStat=EGameStat_Attack_None,DefenseStat=EGameStat_Defense_ArmorClass,ExtraStat=EGameStat_Extra_None),Value=3),(Stat=(StatType=EGameStatType_Attack,AttackStat=EGameStat_Attack_Damage,DefenseStat=EGameStat_Defense_None,ExtraStat=EGameStat_Extra_None),Value=3),(Stat=(StatType=EGameStatType_Attack,AttackStat=EGameStat_Attack_TripleChance,DefenseStat=EGameStat_Defense_None,ExtraStat=EGameStat_Extra_None),Value=7),(Stat=(StatType=EGameStatType_Defense,AttackStat=EGameStat_Attack_None,DefenseStat=EGameStat_Defense_ArmorClassBoost,ExtraStat=EGameStat_Extra_None),Value=5))","","1000","100","100","True","True","-1","0","False"
"2025341001","[SET-][공용]영웅 셔츠 티어 Tier1","LOCTABLE(""/Game/GameData/String_Main.String_Main"", ""Item_Name_2025341001"")","""/Game/Textures/Icons/Equip/Shirt/T_Shirt_Cash_01.T_Shirt_Cash_01""","None","None","None","""/Game/Blueprints/Actors/ItemDropMesh/BP_DropitemMesh_Base.BP_DropitemMesh_Base_C""","LOCTABLE(""/Game/GameData/String_Main.String_Main"", ""Item_Desc_2025341001"")","EItemType_Armor","EItemDetailType_Armor_Shirts","EItemTagType_NormalItem","EUniversalGrade_Epic","True","True","False","True","True","True","False","True","True","False","True","(GameDataType=EGameDataTable_ItemEnhance,Key=3,Name=""강화테이블_방어구"")","True","12","4","0","3232800","323280","1","1","ECharacterJobClass_DontCare","1","999","15","((GameDataType=EGameDataTable_PortalSpot,Key=1001052,Name=""Emberforge_Hunt_WM_01""),(GameDataType=EGameDataTable_PortalSpot,Key=1001053,Name=""Emberforge_Hunt_WM_02""),(GameDataType=EGameDataTable_PortalSpot,Key=1001054,Name=""Emberforge_Hunt_WM_03""),(GameDataType=EGameDataTable_PortalSpot,Key=1002052,Name=""Eisvan_Hunt_WM_01""),(GameDataType=EGameDataTable_PortalSpot,Key=1002053,Name=""Eisvan_Hunt_WM_02""),(GameDataType=EGameDataTable_PortalSpot,Key=1002054,Name=""Eisvan_Hunt_WM_03""),(GameDataType=EGameDataTable_PortalSpot,Key=1003051,Name=""Ulgar_Hunt_WM_01""),(GameDataType=EGameDataTable_PortalSpot,Key=1003052,Name=""Ulgar_Hunt_WM_02""),(GameDataType=EGameDataTable_PortalSpot,Key=1003053,Name=""Ulgar_Hunt_WM_03""))","((GameDataType=EGameDataTable_CraftList,Key=226,Name=""지휘관의 셔츠""))","(Type=-,GameDataType=EGameDataTable_ItemSettingType,Key=0,Name=""None"")","(GameDataType=EGameDataTable_ItemSetOption,Key=0,Name=""None"")","((Stat=(StatType=EGameStatType_Defense,AttackStat=EGameStat_Attack_None,DefenseStat=EGameStat_Defense_ArmorClass,ExtraStat=EGameStat_Extra_None),Value=4),(Stat=(StatType=EGameStatType_Attack,AttackStat=EGameStat_Attack_Damage,DefenseStat=EGameStat_Defense_None,ExtraStat=EGameStat_Extra_None),Value=5),(Stat=(StatType=EGameStatType_Attack,AttackStat=EGameStat_Attack_TripleChance,DefenseStat=EGameStat_Defense_None,ExtraStat=EGameStat_Extra_None),Value=10),(Stat=(StatType=EGameStatType_Defense,AttackStat=EGameStat_Attack_None,DefenseStat=EGameStat_Defense_ArmorClassBoost,ExtraStat=EGameStat_Extra_None),Value=10),(Stat=(StatType=EGameStatType_Defense,AttackStat=EGameStat_Attack_None,DefenseStat=EGameStat_Defense_DamageReductionBoost,ExtraStat=EGameStat_Extra_None),Value=15))","","1000","100","100","True","True","-1","0","False"
"2026041000","[SET-][공용]일반 망토 티어 Tier1","LOCTABLE(""/Game/GameData/String_Main.String_Main"", ""Item_Name_2026041000"")","""/Game/Textures/Icons/Equip/Cloak/T_Cloak_Common_01.T_Cloak_Common_01""","None","None","None","""/Game/Blueprints/Actors/ItemDropMesh/BP_DropitemMesh_Base.BP_DropitemMesh_Base_C""","LOCTABLE(""/Game/GameData/String_Main.String_Main"", ""Item_Desc_2026041000"")","EItemType_Armor","EItemDetailType_Armor_Cloak","EItemTagType_NormalItem","EUniversalGrade_Common","False","False","False","True","True","True","False","False","True","False","True","(GameDataType=EGameDataTable_ItemEnhance,Key=3,Name=""강화테이블_방어구"")","True","12","4","0","72000","7200","1","1","ECharacterJobClass_DontCare","1","999","15","((GameDataType=EGameDataTable_PortalSpot,Key=1001052,Name=""Emberforge_Hunt_WM_01""),(GameDataType=EGameDataTable_PortalSpot,Key=1001053,Name=""Emberforge_Hunt_WM_02""),(GameDataType=EGameDataTable_PortalSpot,Key=1001054,Name=""Emberforge_Hunt_WM_03""),(GameDataType=EGameDataTable_PortalSpot,Key=1002052,Name=""Eisvan_Hunt_WM_01""),(GameDataType=EGameDataTable_PortalSpot,Key=1002053,Name=""Eisvan_Hunt_WM_02""),(GameDataType=EGameDataTable_PortalSpot,Key=1002054,Name=""Eisvan_Hunt_WM_03""),(GameDataType=EGameDataTable_PortalSpot,Key=1003051,Name=""Ulgar_Hunt_WM_01""),(GameDataType=EGameDataTable_PortalSpot,Key=1003052,Name=""Ulgar_Hunt_WM_02""),(GameDataType=EGameDataTable_PortalSpot,Key=1003053,Name=""Ulgar_Hunt_WM_03""))","((GameDataType=EGameDataTable_CraftList,Key=227,Name=""초심자의 망토""))","(Type=-,GameDataType=EGameDataTable_ItemSettingType,Key=0,Name=""None"")","(GameDataType=EGameDataTable_ItemSetOption,Key=0,Name=""None"")","((Stat=(StatType=EGameStatType_Defense,AttackStat=EGameStat_Attack_None,DefenseStat=EGameStat_Defense_ArmorClass,ExtraStat=EGameStat_Extra_None),Value=3),(Stat=(StatType=EGameStatType_Extra,AttackStat=EGameStat_Attack_None,DefenseStat=EGameStat_Defense_None,ExtraStat=EGameStat_Extra_HPMax),Value=230),(Stat=(StatType=EGameStatType_Extra,AttackStat=EGameStat_Attack_None,DefenseStat=EGameStat_Defense_None,ExtraStat=EGameStat_Extra_MPRecoverTick),Value=3))","","1000","100","100","True","True","-1","0","False"
"2026042000","[SET-][공용]일반 망토 티어 Tier2","LOCTABLE(""/Game/GameData/String_Main.String_Main"", ""Item_Name_2026042000"")","""/Game/Textures/Icons/Equip/Cloak/T_Cloak_Common_02.T_Cloak_Common_02""","None","None","None","""/Game/Blueprints/Actors/ItemDropMesh/BP_DropitemMesh_Base.BP_DropitemMesh_Base_C""","LOCTABLE(""/Game/GameData/String_Main.String_Main"", ""Item_Desc_2026042000"")","EItemType_Armor","EItemDetailType_Armor_Cloak","EItemTagType_NormalItem","EUniversalGrade_Common","False","False","False","True","True","True","False","False","True","False","True","(GameDataType=EGameDataTable_ItemEnhance,Key=3,Name=""강화테이블_방어구"")","True","12","4","0","86400","8640","1","1","ECharacterJobClass_DontCare","1","999","15","((GameDataType=EGameDataTable_PortalSpot,Key=1001052,Name=""Emberforge_Hunt_WM_01""),(GameDataType=EGameDataTable_PortalSpot,Key=1001053,Name=""Emberforge_Hunt_WM_02""),(GameDataType=EGameDataTable_PortalSpot,Key=1001054,Name=""Emberforge_Hunt_WM_03""),(GameDataType=EGameDataTable_PortalSpot,Key=1002052,Name=""Eisvan_Hunt_WM_01""),(GameDataType=EGameDataTable_PortalSpot,Key=1002053,Name=""Eisvan_Hunt_WM_02""),(GameDataType=EGameDataTable_PortalSpot,Key=1002054,Name=""Eisvan_Hunt_WM_03""),(GameDataType=EGameDataTable_PortalSpot,Key=1003051,Name=""Ulgar_Hunt_WM_01""),(GameDataType=EGameDataTable_PortalSpot,Key=1003052,Name=""Ulgar_Hunt_WM_02""),(GameDataType=EGameDataTable_PortalSpot,Key=1003053,Name=""Ulgar_Hunt_WM_03""))","((GameDataType=EGameDataTable_CraftList,Key=228,Name=""용병의 망토""))","(Type=-,GameDataType=EGameDataTable_ItemSettingType,Key=0,Name=""None"")","(GameDataType=EGameDataTable_ItemSetOption,Key=0,Name=""None"")","((Stat=(StatType=EGameStatType_Defense,AttackStat=EGameStat_Attack_None,DefenseStat=EGameStat_Defense_ArmorClass,ExtraStat=EGameStat_Extra_None),Value=3),(Stat=(StatType=EGameStatType_Extra,AttackStat=EGameStat_Attack_None,DefenseStat=EGameStat_Defense_None,ExtraStat=EGameStat_Extra_HPMax),Value=230),(Stat=(StatType=EGameStatType_Extra,AttackStat=EGameStat_Attack_None,DefenseStat=EGameStat_Defense_None,ExtraStat=EGameStat_Extra_MPRecoverTick),Value=3))","","1000","100","100","True","True","-1","0","False"
"2026141000","[SET-][공용]고급 망토 티어 Tier1","LOCTABLE(""/Game/GameData/String_Main.String_Main"", ""Item_Name_2026141000"")","""/Game/Textures/Icons/Equip/Cloak/T_Cloak_Rare_01.T_Cloak_Rare_01""","None","None","None","""/Game/Blueprints/Actors/ItemDropMesh/BP_DropitemMesh_Base.BP_DropitemMesh_Base_C""","LOCTABLE(""/Game/GameData/String_Main.String_Main"", ""Item_Desc_2026141000"")","EItemType_Armor","EItemDetailType_Armor_Cloak","EItemTagType_NormalItem","EUniversalGrade_Rare","False","False","False","True","True","True","False","False","True","False","True","(GameDataType=EGameDataTable_ItemEnhance,Key=3,Name=""강화테이블_방어구"")","True","12","4","0","339360","33936","1","1","ECharacterJobClass_DontCare","1","999","15","((GameDataType=EGameDataTable_PortalSpot,Key=1001052,Name=""Emberforge_Hunt_WM_01""),(GameDataType=EGameDataTable_PortalSpot,Key=1001053,Name=""Emberforge_Hunt_WM_02""),(GameDataType=EGameDataTable_PortalSpot,Key=1001054,Name=""Emberforge_Hunt_WM_03""),(GameDataType=EGameDataTable_PortalSpot,Key=1002052,Name=""Eisvan_Hunt_WM_01""),(GameDataType=EGameDataTable_PortalSpot,Key=1002053,Name=""Eisvan_Hunt_WM_02""),(GameDataType=EGameDataTable_PortalSpot,Key=1002054,Name=""Eisvan_Hunt_WM_03""),(GameDataType=EGameDataTable_PortalSpot,Key=1003051,Name=""Ulgar_Hunt_WM_01""),(GameDataType=EGameDataTable_PortalSpot,Key=1003052,Name=""Ulgar_Hunt_WM_02""),(GameDataType=EGameDataTable_PortalSpot,Key=1003053,Name=""Ulgar_Hunt_WM_03""))","((GameDataType=EGameDataTable_CraftList,Key=229,Name=""숙련 모험가의 망토""))","(Type=-,GameDataType=EGameDataTable_ItemSettingType,Key=0,Name=""None"")","(GameDataType=EGameDataTable_ItemSetOption,Key=0,Name=""None"")","((Stat=(StatType=EGameStatType_Defense,AttackStat=EGameStat_Attack_None,DefenseStat=EGameStat_Defense_ArmorClass,ExtraStat=EGameStat_Extra_None),Value=6),(Stat=(StatType=EGameStatType_Extra,AttackStat=EGameStat_Attack_None,DefenseStat=EGameStat_Defense_None,ExtraStat=EGameStat_Extra_HPMax),Value=510),(Stat=(StatType=EGameStatType_Extra,AttackStat=EGameStat_Attack_None,DefenseStat=EGameStat_Defense_None,ExtraStat=EGameStat_Extra_MPRecoverTick),Value=5))","","1000","100","100","True","True","-1","0","False"
"2026142000","[SET-][공용]고급 망토 티어 Tier2","LOCTABLE(""/Game/GameData/String_Main.String_Main"", ""Item_Name_2026142000"")","""/Game/Textures/Icons/Equip/Cloak/T_Cloak_Rare_02.T_Cloak_Rare_02""","None","None","None","""/Game/Blueprints/Actors/ItemDropMesh/BP_DropitemMesh_Base.BP_DropitemMesh_Base_C""","LOCTABLE(""/Game/GameData/String_Main.String_Main"", ""Item_Desc_2026142000"")","EItemType_Armor","EItemDetailType_Armor_Cloak","EItemTagType_NormalItem","EUniversalGrade_Rare","False","False","False","True","True","True","False","False","True","False","True","(GameDataType=EGameDataTable_ItemEnhance,Key=3,Name=""강화테이블_방어구"")","True","12","4","0","407232","40723.2","1","1","ECharacterJobClass_DontCare","1","999","15","((GameDataType=EGameDataTable_PortalSpot,Key=1001052,Name=""Emberforge_Hunt_WM_01""),(GameDataType=EGameDataTable_PortalSpot,Key=1001053,Name=""Emberforge_Hunt_WM_02""),(GameDataType=EGameDataTable_PortalSpot,Key=1001054,Name=""Emberforge_Hunt_WM_03""),(GameDataType=EGameDataTable_PortalSpot,Key=1002052,Name=""Eisvan_Hunt_WM_01""),(GameDataType=EGameDataTable_PortalSpot,Key=1002053,Name=""Eisvan_Hunt_WM_02""),(GameDataType=EGameDataTable_PortalSpot,Key=1002054,Name=""Eisvan_Hunt_WM_03""),(GameDataType=EGameDataTable_PortalSpot,Key=1003051,Name=""Ulgar_Hunt_WM_01""),(GameDataType=EGameDataTable_PortalSpot,Key=1003052,Name=""Ulgar_Hunt_WM_02""),(GameDataType=EGameDataTable_PortalSpot,Key=1003053,Name=""Ulgar_Hunt_WM_03""))","((GameDataType=EGameDataTable_CraftList,Key=230,Name=""숙련 용병의 망토""))","(Type=-,GameDataType=EGameDataTable_ItemSettingType,Key=0,Name=""None"")","(GameDataType=EGameDataTable_ItemSetOption,Key=0,Name=""None"")","((Stat=(StatType=EGameStatType_Defense,AttackStat=EGameStat_Attack_None,DefenseStat=EGameStat_Defense_ArmorClass,ExtraStat=EGameStat_Extra_None),Value=6),(Stat=(StatType=EGameStatType_Extra,AttackStat=EGameStat_Attack_None,DefenseStat=EGameStat_Defense_None,ExtraStat=EGameStat_Extra_HPMax),Value=510),(Stat=(StatType=EGameStatType_Extra,AttackStat=EGameStat_Attack_None,DefenseStat=EGameStat_Defense_None,ExtraStat=EGameStat_Extra_MPRecoverTick),Value=5))","","1000","100","100","True","True","-1","0","False"
"2026143000","[SET-][공용]고급 망토 티어 Tier3","LOCTABLE(""/Game/GameData/String_Main.String_Main"", ""Item_Name_2026143000"")","""/Game/Textures/Icons/Equip/Cloak/T_Cloak_Rare_03.T_Cloak_Rare_03""","None","None","None","""/Game/Blueprints/Actors/ItemDropMesh/BP_DropitemMesh_Base.BP_DropitemMesh_Base_C""","LOCTABLE(""/Game/GameData/String_Main.String_Main"", ""Item_Desc_2026143000"")","EItemType_Armor","EItemDetailType_Armor_Cloak","EItemTagType_NormalItem","EUniversalGrade_Rare","False","False","False","True","True","True","False","False","True","False","True","(GameDataType=EGameDataTable_ItemEnhance,Key=3,Name=""강화테이블_방어구"")","True","12","4","0","475103.99999999994","47510.399999999994","1","1","ECharacterJobClass_DontCare","1","999","15","((GameDataType=EGameDataTable_PortalSpot,Key=1001052,Name=""Emberforge_Hunt_WM_01""),(GameDataType=EGameDataTable_PortalSpot,Key=1001053,Name=""Emberforge_Hunt_WM_02""),(GameDataType=EGameDataTable_PortalSpot,Key=1001054,Name=""Emberforge_Hunt_WM_03""),(GameDataType=EGameDataTable_PortalSpot,Key=1002052,Name=""Eisvan_Hunt_WM_01""),(GameDataType=EGameDataTable_PortalSpot,Key=1002053,Name=""Eisvan_Hunt_WM_02""),(GameDataType=EGameDataTable_PortalSpot,Key=1002054,Name=""Eisvan_Hunt_WM_03""),(GameDataType=EGameDataTable_PortalSpot,Key=1003051,Name=""Ulgar_Hunt_WM_01""),(GameDataType=EGameDataTable_PortalSpot,Key=1003052,Name=""Ulgar_Hunt_WM_02""),(GameDataType=EGameDataTable_PortalSpot,Key=1003053,Name=""Ulgar_Hunt_WM_03""))","((GameDataType=EGameDataTable_CraftList,Key=231,Name=""숙련 전사의 망토""))","(Type=-,GameDataType=EGameDataTable_ItemSettingType,Key=0,Name=""None"")","(GameDataType=EGameDataTable_ItemSetOption,Key=0,Name=""None"")","((Stat=(StatType=EGameStatType_Defense,AttackStat=EGameStat_Attack_None,DefenseStat=EGameStat_Defense_ArmorClass,ExtraStat=EGameStat_Extra_None),Value=6),(Stat=(StatType=EGameStatType_Extra,AttackStat=EGameStat_Attack_None,DefenseStat=EGameStat_Defense_None,ExtraStat=EGameStat_Extra_HPMax),Value=510),(Stat=(StatType=EGameStatType_Extra,AttackStat=EGameStat_Attack_None,DefenseStat=EGameStat_Defense_None,ExtraStat=EGameStat_Extra_MPRecoverTick),Value=5))","","1000","100","100","True","True","-1","0","False"
"2026241000","[SET-][공용]희귀 망토 티어 Tier1","LOCTABLE(""/Game/GameData/String_Main.String_Main"", ""Item_Name_2026241000"")","""/Game/Textures/Icons/Equip/Cloak/T_Cloak_Unique_01.T_Cloak_Unique_01""","None","None","None","""/Game/Blueprints/Actors/ItemDropMesh/BP_DropitemMesh_Base.BP_DropitemMesh_Base_C""","LOCTABLE(""/Game/GameData/String_Main.String_Main"", ""Item_Desc_2026241000"")","EItemType_Armor","EItemDetailType_Armor_Cloak","EItemTagType_NormalItem","EUniversalGrade_Unique","False","False","False","True","True","True","False","False","True","False","True","(GameDataType=EGameDataTable_ItemEnhance,Key=3,Name=""강화테이블_방어구"")","True","12","4","0","1569600","156960","1","1","ECharacterJobClass_DontCare","1","999","15","((GameDataType=EGameDataTable_PortalSpot,Key=1001052,Name=""Emberforge_Hunt_WM_01""),(GameDataType=EGameDataTable_PortalSpot,Key=1001053,Name=""Emberforge_Hunt_WM_02""),(GameDataType=EGameDataTable_PortalSpot,Key=1001054,Name=""Emberforge_Hunt_WM_03""),(GameDataType=EGameDataTable_PortalSpot,Key=1002052,Name=""Eisvan_Hunt_WM_01""),(GameDataType=EGameDataTable_PortalSpot,Key=1002053,Name=""Eisvan_Hunt_WM_02""),(GameDataType=EGameDataTable_PortalSpot,Key=1002054,Name=""Eisvan_Hunt_WM_03""),(GameDataType=EGameDataTable_PortalSpot,Key=1003051,Name=""Ulgar_Hunt_WM_01""),(GameDataType=EGameDataTable_PortalSpot,Key=1003052,Name=""Ulgar_Hunt_WM_02""),(GameDataType=EGameDataTable_PortalSpot,Key=1003053,Name=""Ulgar_Hunt_WM_03""))","((GameDataType=EGameDataTable_CraftList,Key=232,Name=""정예 모험가의 망토""))","(Type=-,GameDataType=EGameDataTable_ItemSettingType,Key=0,Name=""None"")","(GameDataType=EGameDataTable_ItemSetOption,Key=0,Name=""None"")","((Stat=(StatType=EGameStatType_Defense,AttackStat=EGameStat_Attack_None,DefenseStat=EGameStat_Defense_ArmorClass,ExtraStat=EGameStat_Extra_None),Value=9),(Stat=(StatType=EGameStatType_Extra,AttackStat=EGameStat_Attack_None,DefenseStat=EGameStat_Defense_None,ExtraStat=EGameStat_Extra_HPMax),Value=780),(Stat=(StatType=EGameStatType_Extra,AttackStat=EGameStat_Attack_None,DefenseStat=EGameStat_Defense_None,ExtraStat=EGameStat_Extra_MPRecoverTick),Value=7))","","1000","100","100","True","True","-1","0","False"
"2026242000","[SET-][공용]희귀 망토 티어 Tier2","LOCTABLE(""/Game/GameData/String_Main.String_Main"", ""Item_Name_2026242000"")","""/Game/Textures/Icons/Equip/Cloak/T_Cloak_Unique_02.T_Cloak_Unique_02""","None","None","None","""/Game/Blueprints/Actors/ItemDropMesh/BP_DropitemMesh_Base.BP_DropitemMesh_Base_C""","LOCTABLE(""/Game/GameData/String_Main.String_Main"", ""Item_Desc_2026242000"")","EItemType_Armor","EItemDetailType_Armor_Cloak","EItemTagType_NormalItem","EUniversalGrade_Unique","False","False","False","True","True","True","False","False","True","False","True","(GameDataType=EGameDataTable_ItemEnhance,Key=3,Name=""강화테이블_방어구"")","True","12","4","0","1883520","188352","1","1","ECharacterJobClass_DontCare","1","999","15","((GameDataType=EGameDataTable_PortalSpot,Key=1001052,Name=""Emberforge_Hunt_WM_01""),(GameDataType=EGameDataTable_PortalSpot,Key=1001053,Name=""Emberforge_Hunt_WM_02""),(GameDataType=EGameDataTable_PortalSpot,Key=1001054,Name=""Emberforge_Hunt_WM_03""),(GameDataType=EGameDataTable_PortalSpot,Key=1002052,Name=""Eisvan_Hunt_WM_01""),(GameDataType=EGameDataTable_PortalSpot,Key=1002053,Name=""Eisvan_Hunt_WM_02""),(GameDataType=EGameDataTable_PortalSpot,Key=1002054,Name=""Eisvan_Hunt_WM_03""),(GameDataType=EGameDataTable_PortalSpot,Key=1003051,Name=""Ulgar_Hunt_WM_01""),(GameDataType=EGameDataTable_PortalSpot,Key=1003052,Name=""Ulgar_Hunt_WM_02""),(GameDataType=EGameDataTable_PortalSpot,Key=1003053,Name=""Ulgar_Hunt_WM_03""))","((GameDataType=EGameDataTable_CraftList,Key=233,Name=""정예 용병의 망토""))","(Type=-,GameDataType=EGameDataTable_ItemSettingType,Key=0,Name=""None"")","(GameDataType=EGameDataTable_ItemSetOption,Key=0,Name=""None"")","((Stat=(StatType=EGameStatType_Defense,AttackStat=EGameStat_Attack_None,DefenseStat=EGameStat_Defense_ArmorClass,ExtraStat=EGameStat_Extra_None),Value=9),(Stat=(StatType=EGameStatType_Extra,AttackStat=EGameStat_Attack_None,DefenseStat=EGameStat_Defense_None,ExtraStat=EGameStat_Extra_HPMax),Value=780),(Stat=(StatType=EGameStatType_Extra,AttackStat=EGameStat_Attack_None,DefenseStat=EGameStat_Defense_None,ExtraStat=EGameStat_Extra_MPRecoverTick),Value=7))","","1000","100","100","True","True","-1","0","False"
"2026243000","[SET-][공용]희귀 망토 티어 Tier3","LOCTABLE(""/Game/GameData/String_Main.String_Main"", ""Item_Name_2026243000"")","""/Game/Textures/Icons/Equip/Cloak/T_Cloak_Unique_03.T_Cloak_Unique_03""","None","None","None","""/Game/Blueprints/Actors/ItemDropMesh/BP_DropitemMesh_Base.BP_DropitemMesh_Base_C""","LOCTABLE(""/Game/GameData/String_Main.String_Main"", ""Item_Desc_2026243000"")","EItemType_Armor","EItemDetailType_Armor_Cloak","EItemTagType_NormalItem","EUniversalGrade_Unique","False","False","False","True","True","True","False","False","True","False","True","(GameDataType=EGameDataTable_ItemEnhance,Key=3,Name=""강화테이블_방어구"")","True","12","4","0","2197440","219744","1","1","ECharacterJobClass_DontCare","1","999","15","((GameDataType=EGameDataTable_PortalSpot,Key=1001052,Name=""Emberforge_Hunt_WM_01""),(GameDataType=EGameDataTable_PortalSpot,Key=1001053,Name=""Emberforge_Hunt_WM_02""),(GameDataType=EGameDataTable_PortalSpot,Key=1001054,Name=""Emberforge_Hunt_WM_03""),(GameDataType=EGameDataTable_PortalSpot,Key=1002052,Name=""Eisvan_Hunt_WM_01""),(GameDataType=EGameDataTable_PortalSpot,Key=1002053,Name=""Eisvan_Hunt_WM_02""),(GameDataType=EGameDataTable_PortalSpot,Key=1002054,Name=""Eisvan_Hunt_WM_03""),(GameDataType=EGameDataTable_PortalSpot,Key=1003051,Name=""Ulgar_Hunt_WM_01""),(GameDataType=EGameDataTable_PortalSpot,Key=1003052,Name=""Ulgar_Hunt_WM_02""),(GameDataType=EGameDataTable_PortalSpot,Key=1003053,Name=""Ulgar_Hunt_WM_03""))","((GameDataType=EGameDataTable_CraftList,Key=234,Name=""정예 전사의 망토""))","(Type=-,GameDataType=EGameDataTable_ItemSettingType,Key=0,Name=""None"")","(GameDataType=EGameDataTable_ItemSetOption,Key=0,Name=""None"")","((Stat=(StatType=EGameStatType_Defense,AttackStat=EGameStat_Attack_None,DefenseStat=EGameStat_Defense_ArmorClass,ExtraStat=EGameStat_Extra_None),Value=9),(Stat=(StatType=EGameStatType_Extra,AttackStat=EGameStat_Attack_None,DefenseStat=EGameStat_Defense_None,ExtraStat=EGameStat_Extra_HPMax),Value=780),(Stat=(StatType=EGameStatType_Extra,AttackStat=EGameStat_Attack_None,DefenseStat=EGameStat_Defense_None,ExtraStat=EGameStat_Extra_MPRecoverTick),Value=7))","","1000","100","100","True","True","-1","0","False"
"2026341000","[SET-][공용]영웅 망토 티어 Tier1","LOCTABLE(""/Game/GameData/String_Main.String_Main"", ""Item_Name_2026341000"")","""/Game/Textures/Icons/Equip/Cloak/T_Cloak_Epic_01.T_Cloak_Epic_01""","None","None","None","""/Game/Blueprints/Actors/ItemDropMesh/BP_DropitemMesh_Base.BP_DropitemMesh_Base_C""","LOCTABLE(""/Game/GameData/String_Main.String_Main"", ""Item_Desc_2026341000"")","EItemType_Armor","EItemDetailType_Armor_Cloak","EItemTagType_NormalItem","EUniversalGrade_Epic","False","False","False","True","True","True","False","False","True","False","True","(GameDataType=EGameDataTable_ItemEnhance,Key=3,Name=""강화테이블_방어구"")","True","12","4","0","3232800","323280","1","1","ECharacterJobClass_DontCare","1","999","15","((GameDataType=EGameDataTable_PortalSpot,Key=1001052,Name=""Emberforge_Hunt_WM_01""),(GameDataType=EGameDataTable_PortalSpot,Key=1001053,Name=""Emberforge_Hunt_WM_02""),(GameDataType=EGameDataTable_PortalSpot,Key=1001054,Name=""Emberforge_Hunt_WM_03""),(GameDataType=EGameDataTable_PortalSpot,Key=1002052,Name=""Eisvan_Hunt_WM_01""),(GameDataType=EGameDataTable_PortalSpot,Key=1002053,Name=""Eisvan_Hunt_WM_02""),(GameDataType=EGameDataTable_PortalSpot,Key=1002054,Name=""Eisvan_Hunt_WM_03""),(GameDataType=EGameDataTable_PortalSpot,Key=1003051,Name=""Ulgar_Hunt_WM_01""),(GameDataType=EGameDataTable_PortalSpot,Key=1003052,Name=""Ulgar_Hunt_WM_02""),(GameDataType=EGameDataTable_PortalSpot,Key=1003053,Name=""Ulgar_Hunt_WM_03""))","((GameDataType=EGameDataTable_CraftList,Key=235,Name=""지휘관의 망토""))","(Type=-,GameDataType=EGameDataTable_ItemSettingType,Key=0,Name=""None"")","(GameDataType=EGameDataTable_ItemSetOption,Key=0,Name=""None"")","((Stat=(StatType=EGameStatType_Defense,AttackStat=EGameStat_Attack_None,DefenseStat=EGameStat_Defense_ArmorClass,ExtraStat=EGameStat_Extra_None),Value=13),(Stat=(StatType=EGameStatType_Extra,AttackStat=EGameStat_Attack_None,DefenseStat=EGameStat_Defense_None,ExtraStat=EGameStat_Extra_HPMax),Value=1020),(Stat=(StatType=EGameStatType_Extra,AttackStat=EGameStat_Attack_None,DefenseStat=EGameStat_Defense_None,ExtraStat=EGameStat_Extra_MPRecoverTick),Value=10),(Stat=(StatType=EGameStatType_Defense,AttackStat=EGameStat_Attack_None,DefenseStat=EGameStat_Defense_CriticalResist,ExtraStat=EGameStat_Extra_None),Value=10))","","1000","100","100","True","True","-1","0","False"
"2026441000","[SET-][공용]전설 망토 티어 Tier1","LOCTABLE(""/Game/GameData/String_Main.String_Main"", ""Item_Name_2026441000"")","""/Game/Textures/Icons/Equip/Cloak/T_Cloak_Epic_02.T_Cloak_Epic_02""","None","None","None","""/Game/Blueprints/Actors/ItemDropMesh/BP_DropitemMesh_Base.BP_DropitemMesh_Base_C""","LOCTABLE(""/Game/GameData/String_Main.String_Main"", ""Item_Desc_2026441000"")","EItemType_Armor","EItemDetailType_Armor_Cloak","EItemTagType_NormalItem","EUniversalGrade_Legendary","False","False","False","True","True","True","False","False","True","False","True","(GameDataType=EGameDataTable_ItemEnhance,Key=0,Name=""None"")","False","0","0","0","100000000","10000000","1","1","ECharacterJobClass_DontCare","1","999","15","","","(Type=-,GameDataType=EGameDataTable_ItemSettingType,Key=0,Name=""None"")","(GameDataType=EGameDataTable_ItemSetOption,Key=0,Name=""None"")","((Stat=(StatType=EGameStatType_Defense,AttackStat=EGameStat_Attack_None,DefenseStat=EGameStat_Defense_ArmorClass,ExtraStat=EGameStat_Extra_None),Value=-1))","((GameDataType=EGameDataTable_PassiveSkillList,Key=50010020,Name=""투명 망토""))","1000","100","100","True","False","-1","0","False"
"2027041000","[SET-][공용]일반 견갑 티어 Tier1","LOCTABLE(""/Game/GameData/String_Main.String_Main"", ""Item_Name_2027041000"")","""/Game/Textures/Icons/TestSample/Astell_equipment_warrior_helmet.Astell_equipment_warrior_helmet""","None","None","None","""/Game/Blueprints/Actors/ItemDropMesh/BP_DropitemMesh_Base.BP_DropitemMesh_Base_C""","LOCTABLE(""/Game/GameData/String_Main.String_Main"", ""Item_Desc_2027041000"")","EItemType_Armor","EItemDetailType_Armor_Pauldron","EItemTagType_NormalItem","EUniversalGrade_Common","False","False","False","True","True","True","False","False","True","False","True","(GameDataType=EGameDataTable_ItemEnhance,Key=3,Name=""강화테이블_방어구"")","True","12","4","0","1000","100","1","1","ECharacterJobClass_DontCare","1","999","1","","","(Type=-,GameDataType=EGameDataTable_ItemSettingType,Key=0,Name=""None"")","(GameDataType=EGameDataTable_ItemSetOption,Key=0,Name=""None"")","((Stat=(StatType=EGameStatType_Defense,AttackStat=EGameStat_Attack_None,DefenseStat=EGameStat_Defense_DamageResistWeapon,ExtraStat=EGameStat_Extra_None),Value=1))","","1000","100","100","True","True","-1","0","False"
"2027042000","[SET-][공용]일반 견갑 티어 Tier2","LOCTABLE(""/Game/GameData/String_Main.String_Main"", ""Item_Name_2027042000"")","""/Game/Textures/Icons/TestSample/Astell_equipment_warrior_helmet.Astell_equipment_warrior_helmet""","None","None","None","""/Game/Blueprints/Actors/ItemDropMesh/BP_DropitemMesh_Base.BP_DropitemMesh_Base_C""","LOCTABLE(""/Game/GameData/String_Main.String_Main"", ""Item_Desc_2027042000"")","EItemType_Armor","EItemDetailType_Armor_Pauldron","EItemTagType_NormalItem","EUniversalGrade_Common","False","False","False","True","True","True","False","False","True","False","True","(GameDataType=EGameDataTable_ItemEnhance,Key=3,Name=""강화테이블_방어구"")","True","12","4","0","1000","100","1","1","ECharacterJobClass_DontCare","1","999","1","","","(Type=-,GameDataType=EGameDataTable_ItemSettingType,Key=0,Name=""None"")","(GameDataType=EGameDataTable_ItemSetOption,Key=0,Name=""None"")","((Stat=(StatType=EGameStatType_Defense,AttackStat=EGameStat_Attack_None,DefenseStat=EGameStat_Defense_DamageResistWeapon,ExtraStat=EGameStat_Extra_None),Value=1))","","1000","100","100","True","True","-1","0","False"
"2027141000","[SET-][공용]고급 견갑 티어 Tier1","LOCTABLE(""/Game/GameData/String_Main.String_Main"", ""Item_Name_2027141000"")","""/Game/Textures/Icons/TestSample/Astell_equipment_warrior_helmet.Astell_equipment_warrior_helmet""","None","None","None","""/Game/Blueprints/Actors/ItemDropMesh/BP_DropitemMesh_Base.BP_DropitemMesh_Base_C""","LOCTABLE(""/Game/GameData/String_Main.String_Main"", ""Item_Desc_2027141000"")","EItemType_Armor","EItemDetailType_Armor_Pauldron","EItemTagType_NormalItem","EUniversalGrade_Rare","False","False","False","True","True","True","False","False","True","False","True","(GameDataType=EGameDataTable_ItemEnhance,Key=3,Name=""강화테이블_방어구"")","True","12","4","0","2000","200","1","1","ECharacterJobClass_DontCare","1","999","1","","","(Type=-,GameDataType=EGameDataTable_ItemSettingType,Key=0,Name=""None"")","(GameDataType=EGameDataTable_ItemSetOption,Key=0,Name=""None"")","((Stat=(StatType=EGameStatType_Defense,AttackStat=EGameStat_Attack_None,DefenseStat=EGameStat_Defense_ArmorClass,ExtraStat=EGameStat_Extra_None),Value=1),(Stat=(StatType=EGameStatType_Defense,AttackStat=EGameStat_Attack_None,DefenseStat=EGameStat_Defense_CriticalResist,ExtraStat=EGameStat_Extra_None),Value=5))","","1000","100","100","True","True","-1","0","False"
"2027142000","[SET-][공용]고급 견갑 티어 Tier2","LOCTABLE(""/Game/GameData/String_Main.String_Main"", ""Item_Name_2027142000"")","""/Game/Textures/Icons/TestSample/Astell_equipment_warrior_helmet.Astell_equipment_warrior_helmet""","None","None","None","""/Game/Blueprints/Actors/ItemDropMesh/BP_DropitemMesh_Base.BP_DropitemMesh_Base_C""","LOCTABLE(""/Game/GameData/String_Main.String_Main"", ""Item_Desc_2027142000"")","EItemType_Armor","EItemDetailType_Armor_Pauldron","EItemTagType_NormalItem","EUniversalGrade_Rare","False","False","False","True","True","True","False","False","True","False","True","(GameDataType=EGameDataTable_ItemEnhance,Key=3,Name=""강화테이블_방어구"")","True","12","4","0","2000","200","1","1","ECharacterJobClass_DontCare","1","999","1","","","(Type=-,GameDataType=EGameDataTable_ItemSettingType,Key=0,Name=""None"")","(GameDataType=EGameDataTable_ItemSetOption,Key=0,Name=""None"")","((Stat=(StatType=EGameStatType_Defense,AttackStat=EGameStat_Attack_None,DefenseStat=EGameStat_Defense_ArmorClass,ExtraStat=EGameStat_Extra_None),Value=1),(Stat=(StatType=EGameStatType_Defense,AttackStat=EGameStat_Attack_None,DefenseStat=EGameStat_Defense_CriticalResist,ExtraStat=EGameStat_Extra_None),Value=5))","","1000","100","100","True","True","-1","0","False"
"2027143000","[SET-][공용]고급 견갑 티어 Tier3","LOCTABLE(""/Game/GameData/String_Main.String_Main"", ""Item_Name_2027143000"")","""/Game/Textures/Icons/TestSample/Astell_equipment_warrior_helmet.Astell_equipment_warrior_helmet""","None","None","None","""/Game/Blueprints/Actors/ItemDropMesh/BP_DropitemMesh_Base.BP_DropitemMesh_Base_C""","LOCTABLE(""/Game/GameData/String_Main.String_Main"", ""Item_Desc_2027143000"")","EItemType_Armor","EItemDetailType_Armor_Pauldron","EItemTagType_NormalItem","EUniversalGrade_Rare","False","False","False","True","True","True","False","False","True","False","True","(GameDataType=EGameDataTable_ItemEnhance,Key=3,Name=""강화테이블_방어구"")","True","12","4","0","2000","200","1","1","ECharacterJobClass_DontCare","1","999","1","","","(Type=-,GameDataType=EGameDataTable_ItemSettingType,Key=0,Name=""None"")","(GameDataType=EGameDataTable_ItemSetOption,Key=0,Name=""None"")","((Stat=(StatType=EGameStatType_Defense,AttackStat=EGameStat_Attack_None,DefenseStat=EGameStat_Defense_ArmorClass,ExtraStat=EGameStat_Extra_None),Value=1),(Stat=(StatType=EGameStatType_Defense,AttackStat=EGameStat_Attack_None,DefenseStat=EGameStat_Defense_CriticalResist,ExtraStat=EGameStat_Extra_None),Value=5))","","1000","100","100","True","True","-1","0","False"
"2027241000","[SET-][공용]희귀 견갑 티어 Tier1","LOCTABLE(""/Game/GameData/String_Main.String_Main"", ""Item_Name_2027241000"")","""/Game/Textures/Icons/TestSample/Astell_equipment_warrior_helmet.Astell_equipment_warrior_helmet""","None","None","None","""/Game/Blueprints/Actors/ItemDropMesh/BP_DropitemMesh_Base.BP_DropitemMesh_Base_C""","LOCTABLE(""/Game/GameData/String_Main.String_Main"", ""Item_Desc_2027241000"")","EItemType_Armor","EItemDetailType_Armor_Pauldron","EItemTagType_NormalItem","EUniversalGrade_Unique","False","False","False","True","True","True","False","False","True","False","True","(GameDataType=EGameDataTable_ItemEnhance,Key=3,Name=""강화테이블_방어구"")","True","12","4","0","3000","300","1","1","ECharacterJobClass_DontCare","1","999","1","","","(Type=-,GameDataType=EGameDataTable_ItemSettingType,Key=0,Name=""None"")","(GameDataType=EGameDataTable_ItemSetOption,Key=0,Name=""None"")","((Stat=(StatType=EGameStatType_Defense,AttackStat=EGameStat_Attack_None,DefenseStat=EGameStat_Defense_ArmorClass,ExtraStat=EGameStat_Extra_None),Value=1),(Stat=(StatType=EGameStatType_Defense,AttackStat=EGameStat_Attack_None,DefenseStat=EGameStat_Defense_DamageResistWeapon,ExtraStat=EGameStat_Extra_None),Value=4),(Stat=(StatType=EGameStatType_Defense,AttackStat=EGameStat_Attack_None,DefenseStat=EGameStat_Defense_CriticalResist,ExtraStat=EGameStat_Extra_None),Value=3))","","1000","100","100","True","True","-1","0","False"
"2027242000","[SET-][공용]희귀 견갑 티어 Tier2","LOCTABLE(""/Game/GameData/String_Main.String_Main"", ""Item_Name_2027242000"")","""/Game/Textures/Icons/TestSample/Astell_equipment_warrior_helmet.Astell_equipment_warrior_helmet""","None","None","None","""/Game/Blueprints/Actors/ItemDropMesh/BP_DropitemMesh_Base.BP_DropitemMesh_Base_C""","LOCTABLE(""/Game/GameData/String_Main.String_Main"", ""Item_Desc_2027242000"")","EItemType_Armor","EItemDetailType_Armor_Pauldron","EItemTagType_NormalItem","EUniversalGrade_Unique","False","False","False","True","True","True","False","False","True","False","True","(GameDataType=EGameDataTable_ItemEnhance,Key=3,Name=""강화테이블_방어구"")","True","12","4","0","3000","300","1","1","ECharacterJobClass_DontCare","1","999","1","","","(Type=-,GameDataType=EGameDataTable_ItemSettingType,Key=0,Name=""None"")","(GameDataType=EGameDataTable_ItemSetOption,Key=0,Name=""None"")","((Stat=(StatType=EGameStatType_Defense,AttackStat=EGameStat_Attack_None,DefenseStat=EGameStat_Defense_ArmorClass,ExtraStat=EGameStat_Extra_None),Value=1),(Stat=(StatType=EGameStatType_Defense,AttackStat=EGameStat_Attack_None,DefenseStat=EGameStat_Defense_DamageResistWeapon,ExtraStat=EGameStat_Extra_None),Value=4),(Stat=(StatType=EGameStatType_Defense,AttackStat=EGameStat_Attack_None,DefenseStat=EGameStat_Defense_CriticalResist,ExtraStat=EGameStat_Extra_None),Value=3))","","1000","100","100","True","True","-1","0","False"
"2027243000","[SET-][공용]희귀 견갑 티어 Tier3","LOCTABLE(""/Game/GameData/String_Main.String_Main"", ""Item_Name_2027243000"")","""/Game/Textures/Icons/TestSample/Astell_equipment_warrior_helmet.Astell_equipment_warrior_helmet""","None","None","None","""/Game/Blueprints/Actors/ItemDropMesh/BP_DropitemMesh_Base.BP_DropitemMesh_Base_C""","LOCTABLE(""/Game/GameData/String_Main.String_Main"", ""Item_Desc_2027243000"")","EItemType_Armor","EItemDetailType_Armor_Pauldron","EItemTagType_NormalItem","EUniversalGrade_Unique","False","False","False","True","True","True","False","False","True","False","True","(GameDataType=EGameDataTable_ItemEnhance,Key=3,Name=""강화테이블_방어구"")","True","12","4","0","3000","300","1","1","ECharacterJobClass_DontCare","1","999","1","","","(Type=-,GameDataType=EGameDataTable_ItemSettingType,Key=0,Name=""None"")","(GameDataType=EGameDataTable_ItemSetOption,Key=0,Name=""None"")","((Stat=(StatType=EGameStatType_Defense,AttackStat=EGameStat_Attack_None,DefenseStat=EGameStat_Defense_ArmorClass,ExtraStat=EGameStat_Extra_None),Value=1),(Stat=(StatType=EGameStatType_Defense,AttackStat=EGameStat_Attack_None,DefenseStat=EGameStat_Defense_DamageResistWeapon,ExtraStat=EGameStat_Extra_None),Value=4),(Stat=(StatType=EGameStatType_Defense,AttackStat=EGameStat_Attack_None,DefenseStat=EGameStat_Defense_CriticalResist,ExtraStat=EGameStat_Extra_None),Value=3))","","1000","100","100","True","True","-1","0","False"
"2027341000","[SET-][공용]영웅 견갑 티어 Tier1","LOCTABLE(""/Game/GameData/String_Main.String_Main"", ""Item_Name_2027341000"")","""/Game/Textures/Icons/TestSample/Astell_equipment_warrior_helmet.Astell_equipment_warrior_helmet""","None","None","None","""/Game/Blueprints/Actors/ItemDropMesh/BP_DropitemMesh_Base.BP_DropitemMesh_Base_C""","LOCTABLE(""/Game/GameData/String_Main.String_Main"", ""Item_Desc_2027341000"")","EItemType_Armor","EItemDetailType_Armor_Pauldron","EItemTagType_NormalItem","EUniversalGrade_Epic","False","False","False","True","True","True","False","False","True","False","True","(GameDataType=EGameDataTable_ItemEnhance,Key=3,Name=""강화테이블_방어구"")","True","12","4","0","4000","400","1","1","ECharacterJobClass_DontCare","1","999","1","","","(Type=-,GameDataType=EGameDataTable_ItemSettingType,Key=0,Name=""None"")","(GameDataType=EGameDataTable_ItemSetOption,Key=0,Name=""None"")","((Stat=(StatType=EGameStatType_Defense,AttackStat=EGameStat_Attack_None,DefenseStat=EGameStat_Defense_ArmorClass,ExtraStat=EGameStat_Extra_None),Value=4),(Stat=(StatType=EGameStatType_Defense,AttackStat=EGameStat_Attack_None,DefenseStat=EGameStat_Defense_DamageReduction,ExtraStat=EGameStat_Extra_None),Value=3),(Stat=(StatType=EGameStatType_Defense,AttackStat=EGameStat_Attack_None,DefenseStat=EGameStat_Defense_DamageResistWeapon,ExtraStat=EGameStat_Extra_None),Value=3),(Stat=(StatType=EGameStatType_Defense,AttackStat=EGameStat_Attack_None,DefenseStat=EGameStat_Defense_CCResist,ExtraStat=EGameStat_Extra_None),Value=5))","","1000","100","100","True","True","-1","0","False"
"2030041001","[SET-][공용]일반 목걸이 티어 Tier1","LOCTABLE(""/Game/GameData/String_Main.String_Main"", ""Item_Name_2030041001"")","""/Game/Textures/Icons/Equip/Necklaces/T_Necklace_Common_01.T_Necklace_Common_01""","None","None","None","""/Game/Blueprints/Actors/ItemDropMesh/BP_DropitemMesh_Base.BP_DropitemMesh_Base_C""","LOCTABLE(""/Game/GameData/String_Main.String_Main"", ""Item_Desc_2030041001"")","EItemType_Accessory","EItemDetailType_Accessory_Necklace","EItemTagType_NormalItem","EUniversalGrade_Common","True","True","False","True","True","True","False","True","True","False","True","(GameDataType=EGameDataTable_ItemEnhance,Key=4,Name=""강화테이블_장신구_목걸이"")","True","12","0","0","1350","135","1","1","ECharacterJobClass_DontCare","1","999","5","((GameDataType=EGameDataTable_PortalSpot,Key=1001052,Name=""Emberforge_Hunt_WM_01""),(GameDataType=EGameDataTable_PortalSpot,Key=1001053,Name=""Emberforge_Hunt_WM_02""),(GameDataType=EGameDataTable_PortalSpot,Key=1001054,Name=""Emberforge_Hunt_WM_03""),(GameDataType=EGameDataTable_PortalSpot,Key=1002052,Name=""Eisvan_Hunt_WM_01""),(GameDataType=EGameDataTable_PortalSpot,Key=1002053,Name=""Eisvan_Hunt_WM_02""),(GameDataType=EGameDataTable_PortalSpot,Key=1002054,Name=""Eisvan_Hunt_WM_03""),(GameDataType=EGameDataTable_PortalSpot,Key=1003051,Name=""Ulgar_Hunt_WM_01""),(GameDataType=EGameDataTable_PortalSpot,Key=1003052,Name=""Ulgar_Hunt_WM_02""),(GameDataType=EGameDataTable_PortalSpot,Key=1003053,Name=""Ulgar_Hunt_WM_03""))","((GameDataType=EGameDataTable_CraftList,Key=236,Name=""초심자의 목걸이""))","(Type=-,GameDataType=EGameDataTable_ItemSettingType,Key=0,Name=""None"")","(GameDataType=EGameDataTable_ItemSetOption,Key=0,Name=""None"")","((Stat=(StatType=EGameStatType_Defense,AttackStat=EGameStat_Attack_None,DefenseStat=EGameStat_Defense_ArmorClass,ExtraStat=EGameStat_Extra_None),Value=2),(Stat=(StatType=EGameStatType_Defense,AttackStat=EGameStat_Attack_None,DefenseStat=EGameStat_Defense_DamageResist,ExtraStat=EGameStat_Extra_None),Value=4))","","1000","100","100","True","True","-1","0","False"
"2030141001","[SET-][공용]고급 목걸이 티어 Tier1","LOCTABLE(""/Game/GameData/String_Main.String_Main"", ""Item_Name_2030141001"")","""/Game/Textures/Icons/Equip/Necklaces/T_Necklace_Rare_01.T_Necklace_Rare_01""","None","None","None","""/Game/Blueprints/Actors/ItemDropMesh/BP_DropitemMesh_Base.BP_DropitemMesh_Base_C""","LOCTABLE(""/Game/GameData/String_Main.String_Main"", ""Item_Desc_2030141001"")","EItemType_Accessory","EItemDetailType_Accessory_Necklace","EItemTagType_NormalItem","EUniversalGrade_Rare","True","True","False","True","True","True","False","True","True","False","True","(GameDataType=EGameDataTable_ItemEnhance,Key=4,Name=""강화테이블_장신구_목걸이"")","True","12","0","0","1750","175","1","1","ECharacterJobClass_DontCare","1","999","5","((GameDataType=EGameDataTable_PortalSpot,Key=1001052,Name=""Emberforge_Hunt_WM_01""),(GameDataType=EGameDataTable_PortalSpot,Key=1001053,Name=""Emberforge_Hunt_WM_02""),(GameDataType=EGameDataTable_PortalSpot,Key=1001054,Name=""Emberforge_Hunt_WM_03""),(GameDataType=EGameDataTable_PortalSpot,Key=1002052,Name=""Eisvan_Hunt_WM_01""),(GameDataType=EGameDataTable_PortalSpot,Key=1002053,Name=""Eisvan_Hunt_WM_02""),(GameDataType=EGameDataTable_PortalSpot,Key=1002054,Name=""Eisvan_Hunt_WM_03""),(GameDataType=EGameDataTable_PortalSpot,Key=1003051,Name=""Ulgar_Hunt_WM_01""),(GameDataType=EGameDataTable_PortalSpot,Key=1003052,Name=""Ulgar_Hunt_WM_02""),(GameDataType=EGameDataTable_PortalSpot,Key=1003053,Name=""Ulgar_Hunt_WM_03""))","((GameDataType=EGameDataTable_CraftList,Key=237,Name=""숙련 모험가의 목걸이""))","(Type=-,GameDataType=EGameDataTable_ItemSettingType,Key=0,Name=""None"")","(GameDataType=EGameDataTable_ItemSetOption,Key=0,Name=""None"")","((Stat=(StatType=EGameStatType_Defense,AttackStat=EGameStat_Attack_None,DefenseStat=EGameStat_Defense_ArmorClass,ExtraStat=EGameStat_Extra_None),Value=3),(Stat=(StatType=EGameStatType_Defense,AttackStat=EGameStat_Attack_None,DefenseStat=EGameStat_Defense_DamageResist,ExtraStat=EGameStat_Extra_None),Value=7))","","1000","100","100","True","True","-1","0","False"
"2030241001","[SET-][공용]희귀 목걸이 티어 Tier1","LOCTABLE(""/Game/GameData/String_Main.String_Main"", ""Item_Name_2030241001"")","""/Game/Textures/Icons/Equip/Necklaces/T_Necklace_Unique_01.T_Necklace_Unique_01""","None","None","None","""/Game/Blueprints/Actors/ItemDropMesh/BP_DropitemMesh_Base.BP_DropitemMesh_Base_C""","LOCTABLE(""/Game/GameData/String_Main.String_Main"", ""Item_Desc_2030241001"")","EItemType_Accessory","EItemDetailType_Accessory_Necklace","EItemTagType_NormalItem","EUniversalGrade_Unique","True","True","False","True","True","True","False","True","True","False","True","(GameDataType=EGameDataTable_ItemEnhance,Key=4,Name=""강화테이블_장신구_목걸이"")","True","12","0","0","14910","1491","1","1","ECharacterJobClass_DontCare","1","999","5","((GameDataType=EGameDataTable_PortalSpot,Key=1001052,Name=""Emberforge_Hunt_WM_01""),(GameDataType=EGameDataTable_PortalSpot,Key=1001053,Name=""Emberforge_Hunt_WM_02""),(GameDataType=EGameDataTable_PortalSpot,Key=1001054,Name=""Emberforge_Hunt_WM_03""),(GameDataType=EGameDataTable_PortalSpot,Key=1002052,Name=""Eisvan_Hunt_WM_01""),(GameDataType=EGameDataTable_PortalSpot,Key=1002053,Name=""Eisvan_Hunt_WM_02""),(GameDataType=EGameDataTable_PortalSpot,Key=1002054,Name=""Eisvan_Hunt_WM_03""),(GameDataType=EGameDataTable_PortalSpot,Key=1003051,Name=""Ulgar_Hunt_WM_01""),(GameDataType=EGameDataTable_PortalSpot,Key=1003052,Name=""Ulgar_Hunt_WM_02""),(GameDataType=EGameDataTable_PortalSpot,Key=1003053,Name=""Ulgar_Hunt_WM_03""))","((GameDataType=EGameDataTable_CraftList,Key=238,Name=""정예 모험가의 목걸이""))","(Type=-,GameDataType=EGameDataTable_ItemSettingType,Key=0,Name=""None"")","(GameDataType=EGameDataTable_ItemSetOption,Key=0,Name=""None"")","((Stat=(StatType=EGameStatType_Defense,AttackStat=EGameStat_Attack_None,DefenseStat=EGameStat_Defense_ArmorClass,ExtraStat=EGameStat_Extra_None),Value=4),(Stat=(StatType=EGameStatType_Defense,AttackStat=EGameStat_Attack_None,DefenseStat=EGameStat_Defense_DamageResist,ExtraStat=EGameStat_Extra_None),Value=10),(Stat=(StatType=EGameStatType_Attack,AttackStat=EGameStat_Attack_AccuracyNormalAttack,DefenseStat=EGameStat_Defense_None,ExtraStat=EGameStat_Extra_None),Value=9))","","1000","100","100","True","True","-1","0","False"
"2030341001","[SET-][공용]영웅 목걸이 티어 Tier1","LOCTABLE(""/Game/GameData/String_Main.String_Main"", ""Item_Name_2030341001"")","""/Game/Textures/Icons/Equip/Necklaces/T_Necklace_Epic_01.T_Necklace_Epic_01""","None","None","None","""/Game/Blueprints/Actors/ItemDropMesh/BP_DropitemMesh_Base.BP_DropitemMesh_Base_C""","LOCTABLE(""/Game/GameData/String_Main.String_Main"", ""Item_Desc_2030341001"")","EItemType_Accessory","EItemDetailType_Accessory_Necklace","EItemTagType_NormalItem","EUniversalGrade_Epic","True","True","False","True","True","True","False","True","True","False","True","(GameDataType=EGameDataTable_ItemEnhance,Key=4,Name=""강화테이블_장신구_목걸이"")","True","12","0","0","268510","26851","1","1","ECharacterJobClass_DontCare","1","999","5","((GameDataType=EGameDataTable_PortalSpot,Key=1001052,Name=""Emberforge_Hunt_WM_01""),(GameDataType=EGameDataTable_PortalSpot,Key=1001053,Name=""Emberforge_Hunt_WM_02""),(GameDataType=EGameDataTable_PortalSpot,Key=1001054,Name=""Emberforge_Hunt_WM_03""),(GameDataType=EGameDataTable_PortalSpot,Key=1002052,Name=""Eisvan_Hunt_WM_01""),(GameDataType=EGameDataTable_PortalSpot,Key=1002053,Name=""Eisvan_Hunt_WM_02""),(GameDataType=EGameDataTable_PortalSpot,Key=1002054,Name=""Eisvan_Hunt_WM_03""),(GameDataType=EGameDataTable_PortalSpot,Key=1003051,Name=""Ulgar_Hunt_WM_01""),(GameDataType=EGameDataTable_PortalSpot,Key=1003052,Name=""Ulgar_Hunt_WM_02""),(GameDataType=EGameDataTable_PortalSpot,Key=1003053,Name=""Ulgar_Hunt_WM_03""))","((GameDataType=EGameDataTable_CraftList,Key=239,Name=""지휘관의 목걸이""))","(Type=-,GameDataType=EGameDataTable_ItemSettingType,Key=0,Name=""None"")","(GameDataType=EGameDataTable_ItemSetOption,Key=0,Name=""None"")","((Stat=(StatType=EGameStatType_Defense,AttackStat=EGameStat_Attack_None,DefenseStat=EGameStat_Defense_ArmorClass,ExtraStat=EGameStat_Extra_None),Value=5),(Stat=(StatType=EGameStatType_Defense,AttackStat=EGameStat_Attack_None,DefenseStat=EGameStat_Defense_DamageResist,ExtraStat=EGameStat_Extra_None),Value=15),(Stat=(StatType=EGameStatType_Attack,AttackStat=EGameStat_Attack_AccuracyNormalAttack,DefenseStat=EGameStat_Defense_None,ExtraStat=EGameStat_Extra_None),Value=17),(Stat=(StatType=EGameStatType_Attack,AttackStat=EGameStat_Attack_DamageBoost,DefenseStat=EGameStat_Defense_None,ExtraStat=EGameStat_Extra_None),Value=10))","","1000","100","100","True","True","-1","0","False"
"2031041001","[SET-][공용]일반 반지 티어 Tier1","LOCTABLE(""/Game/GameData/String_Main.String_Main"", ""Item_Name_2031041001"")","""/Game/Textures/Icons/Equip/Rings/T_Ring_Common_01.T_Ring_Common_01""","None","None","None","""/Game/Blueprints/Actors/ItemDropMesh/BP_DropitemMesh_Base.BP_DropitemMesh_Base_C""","LOCTABLE(""/Game/GameData/String_Main.String_Main"", ""Item_Desc_2031041001"")","EItemType_Accessory","EItemDetailType_Accessory_Ring","EItemTagType_NormalItem","EUniversalGrade_Common","True","True","False","True","True","True","False","True","True","False","True","(GameDataType=EGameDataTable_ItemEnhance,Key=5,Name=""강화테이블_장신구_반지"")","True","12","0","0","1350","135","1","1","ECharacterJobClass_DontCare","1","999","5","((GameDataType=EGameDataTable_PortalSpot,Key=1001052,Name=""Emberforge_Hunt_WM_01""),(GameDataType=EGameDataTable_PortalSpot,Key=1001053,Name=""Emberforge_Hunt_WM_02""),(GameDataType=EGameDataTable_PortalSpot,Key=1001054,Name=""Emberforge_Hunt_WM_03""),(GameDataType=EGameDataTable_PortalSpot,Key=1002052,Name=""Eisvan_Hunt_WM_01""),(GameDataType=EGameDataTable_PortalSpot,Key=1002053,Name=""Eisvan_Hunt_WM_02""),(GameDataType=EGameDataTable_PortalSpot,Key=1002054,Name=""Eisvan_Hunt_WM_03""),(GameDataType=EGameDataTable_PortalSpot,Key=1003051,Name=""Ulgar_Hunt_WM_01""),(GameDataType=EGameDataTable_PortalSpot,Key=1003052,Name=""Ulgar_Hunt_WM_02""),(GameDataType=EGameDataTable_PortalSpot,Key=1003053,Name=""Ulgar_Hunt_WM_03""))","((GameDataType=EGameDataTable_CraftList,Key=240,Name=""초심자의 반지""))","(Type=-,GameDataType=EGameDataTable_ItemSettingType,Key=0,Name=""None"")","(GameDataType=EGameDataTable_ItemSetOption,Key=0,Name=""None"")","((Stat=(StatType=EGameStatType_Extra,AttackStat=EGameStat_Attack_None,DefenseStat=EGameStat_Defense_None,ExtraStat=EGameStat_Extra_HPMax),Value=90))","","1000","100","100","True","True","-1","0","False"
"2031141001","[SET-][공용]고급 반지 티어 Tier1","LOCTABLE(""/Game/GameData/String_Main.String_Main"", ""Item_Name_2031141001"")","""/Game/Textures/Icons/Equip/Rings/T_Ring_Rare_01.T_Ring_Rare_01""","None","None","None","""/Game/Blueprints/Actors/ItemDropMesh/BP_DropitemMesh_Base.BP_DropitemMesh_Base_C""","LOCTABLE(""/Game/GameData/String_Main.String_Main"", ""Item_Desc_2031141001"")","EItemType_Accessory","EItemDetailType_Accessory_Ring","EItemTagType_NormalItem","EUniversalGrade_Rare","True","True","False","True","True","True","False","True","True","False","True","(GameDataType=EGameDataTable_ItemEnhance,Key=5,Name=""강화테이블_장신구_반지"")","True","12","0","0","1750","175","1","1","ECharacterJobClass_DontCare","1","999","5","((GameDataType=EGameDataTable_PortalSpot,Key=1001052,Name=""Emberforge_Hunt_WM_01""),(GameDataType=EGameDataTable_PortalSpot,Key=1001053,Name=""Emberforge_Hunt_WM_02""),(GameDataType=EGameDataTable_PortalSpot,Key=1001054,Name=""Emberforge_Hunt_WM_03""),(GameDataType=EGameDataTable_PortalSpot,Key=1002052,Name=""Eisvan_Hunt_WM_01""),(GameDataType=EGameDataTable_PortalSpot,Key=1002053,Name=""Eisvan_Hunt_WM_02""),(GameDataType=EGameDataTable_PortalSpot,Key=1002054,Name=""Eisvan_Hunt_WM_03""),(GameDataType=EGameDataTable_PortalSpot,Key=1003051,Name=""Ulgar_Hunt_WM_01""),(GameDataType=EGameDataTable_PortalSpot,Key=1003052,Name=""Ulgar_Hunt_WM_02""),(GameDataType=EGameDataTable_PortalSpot,Key=1003053,Name=""Ulgar_Hunt_WM_03""))","((GameDataType=EGameDataTable_CraftList,Key=241,Name=""숙련 모험가의 반지""))","(Type=-,GameDataType=EGameDataTable_ItemSettingType,Key=0,Name=""None"")","(GameDataType=EGameDataTable_ItemSetOption,Key=0,Name=""None"")","((Stat=(StatType=EGameStatType_Extra,AttackStat=EGameStat_Attack_None,DefenseStat=EGameStat_Defense_None,ExtraStat=EGameStat_Extra_HPMax),Value=150),(Stat=(StatType=EGameStatType_Defense,AttackStat=EGameStat_Attack_None,DefenseStat=EGameStat_Defense_DamageReduction,ExtraStat=EGameStat_Extra_None),Value=3))","","1000","100","100","True","True","-1","0","False"
"2031241001","[SET-][공용]희귀 반지 티어 Tier1","LOCTABLE(""/Game/GameData/String_Main.String_Main"", ""Item_Name_2031241001"")","""/Game/Textures/Icons/Equip/Rings/T_Ring_Unique_01.T_Ring_Unique_01""","None","None","None","""/Game/Blueprints/Actors/ItemDropMesh/BP_DropitemMesh_Base.BP_DropitemMesh_Base_C""","LOCTABLE(""/Game/GameData/String_Main.String_Main"", ""Item_Desc_2031241001"")","EItemType_Accessory","EItemDetailType_Accessory_Ring","EItemTagType_NormalItem","EUniversalGrade_Unique","True","True","False","True","True","True","False","True","True","False","True","(GameDataType=EGameDataTable_ItemEnhance,Key=5,Name=""강화테이블_장신구_반지"")","True","12","0","0","14910","1491","1","1","ECharacterJobClass_DontCare","1","999","5","((GameDataType=EGameDataTable_PortalSpot,Key=1001052,Name=""Emberforge_Hunt_WM_01""),(GameDataType=EGameDataTable_PortalSpot,Key=1001053,Name=""Emberforge_Hunt_WM_02""),(GameDataType=EGameDataTable_PortalSpot,Key=1001054,Name=""Emberforge_Hunt_WM_03""),(GameDataType=EGameDataTable_PortalSpot,Key=1002052,Name=""Eisvan_Hunt_WM_01""),(GameDataType=EGameDataTable_PortalSpot,Key=1002053,Name=""Eisvan_Hunt_WM_02""),(GameDataType=EGameDataTable_PortalSpot,Key=1002054,Name=""Eisvan_Hunt_WM_03""),(GameDataType=EGameDataTable_PortalSpot,Key=1003051,Name=""Ulgar_Hunt_WM_01""),(GameDataType=EGameDataTable_PortalSpot,Key=1003052,Name=""Ulgar_Hunt_WM_02""),(GameDataType=EGameDataTable_PortalSpot,Key=1003053,Name=""Ulgar_Hunt_WM_03""))","((GameDataType=EGameDataTable_CraftList,Key=242,Name=""정예 모험가의 반지""))","(Type=-,GameDataType=EGameDataTable_ItemSettingType,Key=0,Name=""None"")","(GameDataType=EGameDataTable_ItemSetOption,Key=0,Name=""None"")","((Stat=(StatType=EGameStatType_Extra,AttackStat=EGameStat_Attack_None,DefenseStat=EGameStat_Defense_None,ExtraStat=EGameStat_Extra_HPMax),Value=230),(Stat=(StatType=EGameStatType_Defense,AttackStat=EGameStat_Attack_None,DefenseStat=EGameStat_Defense_DamageReduction,ExtraStat=EGameStat_Extra_None),Value=5),(Stat=(StatType=EGameStatType_Extra,AttackStat=EGameStat_Attack_None,DefenseStat=EGameStat_Defense_None,ExtraStat=EGameStat_Extra_PotionRecover),Value=3))","","1000","100","100","True","True","-1","0","False"
"2031341001","[SET-][공용]영웅 반지 티어 Tier1","LOCTABLE(""/Game/GameData/String_Main.String_Main"", ""Item_Name_2031341001"")","""/Game/Textures/Icons/Equip/Rings/T_Ring_Epic_01.T_Ring_Epic_01""","None","None","None","""/Game/Blueprints/Actors/ItemDropMesh/BP_DropitemMesh_Base.BP_DropitemMesh_Base_C""","LOCTABLE(""/Game/GameData/String_Main.String_Main"", ""Item_Desc_2031341001"")","EItemType_Accessory","EItemDetailType_Accessory_Ring","EItemTagType_NormalItem","EUniversalGrade_Epic","True","True","False","True","True","True","False","True","True","False","True","(GameDataType=EGameDataTable_ItemEnhance,Key=5,Name=""강화테이블_장신구_반지"")","True","12","0","0","268510","26851","1","1","ECharacterJobClass_DontCare","1","999","5","((GameDataType=EGameDataTable_PortalSpot,Key=1001052,Name=""Emberforge_Hunt_WM_01""),(GameDataType=EGameDataTable_PortalSpot,Key=1001053,Name=""Emberforge_Hunt_WM_02""),(GameDataType=EGameDataTable_PortalSpot,Key=1001054,Name=""Emberforge_Hunt_WM_03""),(GameDataType=EGameDataTable_PortalSpot,Key=1002052,Name=""Eisvan_Hunt_WM_01""),(GameDataType=EGameDataTable_PortalSpot,Key=1002053,Name=""Eisvan_Hunt_WM_02""),(GameDataType=EGameDataTable_PortalSpot,Key=1002054,Name=""Eisvan_Hunt_WM_03""),(GameDataType=EGameDataTable_PortalSpot,Key=1003051,Name=""Ulgar_Hunt_WM_01""),(GameDataType=EGameDataTable_PortalSpot,Key=1003052,Name=""Ulgar_Hunt_WM_02""),(GameDataType=EGameDataTable_PortalSpot,Key=1003053,Name=""Ulgar_Hunt_WM_03""))","((GameDataType=EGameDataTable_CraftList,Key=243,Name=""지휘관의 반지""))","(Type=-,GameDataType=EGameDataTable_ItemSettingType,Key=0,Name=""None"")","(GameDataType=EGameDataTable_ItemSetOption,Key=0,Name=""None"")","((Stat=(StatType=EGameStatType_Extra,AttackStat=EGameStat_Attack_None,DefenseStat=EGameStat_Defense_None,ExtraStat=EGameStat_Extra_HPMax),Value=310),(Stat=(StatType=EGameStatType_Defense,AttackStat=EGameStat_Attack_None,DefenseStat=EGameStat_Defense_DamageReduction,ExtraStat=EGameStat_Extra_None),Value=7),(Stat=(StatType=EGameStatType_Extra,AttackStat=EGameStat_Attack_None,DefenseStat=EGameStat_Defense_None,ExtraStat=EGameStat_Extra_PotionRecover),Value=7),(Stat=(StatType=EGameStatType_Attack,AttackStat=EGameStat_Attack_AccuracyPvE,DefenseStat=EGameStat_Defense_None,ExtraStat=EGameStat_Extra_None),Value=8))","","1000","100","100","True","True","-1","0","False"
"2032041001","[SET-][공용]일반 팔찌 티어 Tier1","LOCTABLE(""/Game/GameData/String_Main.String_Main"", ""Item_Name_2032041001"")","""/Game/Textures/Icons/Equip/Bracelet/T_Bracelet_Common_01.T_Bracelet_Common_01""","None","None","None","""/Game/Blueprints/Actors/ItemDropMesh/BP_DropitemMesh_Base.BP_DropitemMesh_Base_C""","LOCTABLE(""/Game/GameData/String_Main.String_Main"", ""Item_Desc_2032041001"")","EItemType_Accessory","EItemDetailType_Accessory_Bracelet","EItemTagType_NormalItem","EUniversalGrade_Common","True","True","False","True","True","True","False","True","True","False","True","(GameDataType=EGameDataTable_ItemEnhance,Key=6,Name=""강화테이블_장신구_팔찌"")","True","12","0","0","1350","135","1","1","ECharacterJobClass_DontCare","1","999","5","((GameDataType=EGameDataTable_PortalSpot,Key=1001052,Name=""Emberforge_Hunt_WM_01""),(GameDataType=EGameDataTable_PortalSpot,Key=1001053,Name=""Emberforge_Hunt_WM_02""),(GameDataType=EGameDataTable_PortalSpot,Key=1001054,Name=""Emberforge_Hunt_WM_03""),(GameDataType=EGameDataTable_PortalSpot,Key=1002052,Name=""Eisvan_Hunt_WM_01""),(GameDataType=EGameDataTable_PortalSpot,Key=1002053,Name=""Eisvan_Hunt_WM_02""),(GameDataType=EGameDataTable_PortalSpot,Key=1002054,Name=""Eisvan_Hunt_WM_03""),(GameDataType=EGameDataTable_PortalSpot,Key=1003051,Name=""Ulgar_Hunt_WM_01""),(GameDataType=EGameDataTable_PortalSpot,Key=1003052,Name=""Ulgar_Hunt_WM_02""),(GameDataType=EGameDataTable_PortalSpot,Key=1003053,Name=""Ulgar_Hunt_WM_03""))","((GameDataType=EGameDataTable_CraftList,Key=244,Name=""초심자의 팔찌""))","(Type=-,GameDataType=EGameDataTable_ItemSettingType,Key=0,Name=""None"")","(GameDataType=EGameDataTable_ItemSetOption,Key=0,Name=""None"")","((Stat=(StatType=EGameStatType_Attack,AttackStat=EGameStat_Attack_DamageNormalAttack,DefenseStat=EGameStat_Defense_None,ExtraStat=EGameStat_Extra_None),Value=2),(Stat=(StatType=EGameStatType_Attack,AttackStat=EGameStat_Attack_Accuracy,DefenseStat=EGameStat_Defense_None,ExtraStat=EGameStat_Extra_None),Value=1))","","1000","100","100","True","True","-1","0","False"
"2032141001","[SET-][공용]고급 팔찌 티어 Tier1","LOCTABLE(""/Game/GameData/String_Main.String_Main"", ""Item_Name_2032141001"")","""/Game/Textures/Icons/Equip/Bracelet/T_Bracelet_Rare_01.T_Bracelet_Rare_01""","None","None","None","""/Game/Blueprints/Actors/ItemDropMesh/BP_DropitemMesh_Base.BP_DropitemMesh_Base_C""","LOCTABLE(""/Game/GameData/String_Main.String_Main"", ""Item_Desc_2032141001"")","EItemType_Accessory","EItemDetailType_Accessory_Bracelet","EItemTagType_NormalItem","EUniversalGrade_Rare","True","True","False","True","True","True","False","True","True","False","True","(GameDataType=EGameDataTable_ItemEnhance,Key=6,Name=""강화테이블_장신구_팔찌"")","True","12","0","0","1750","175","1","1","ECharacterJobClass_DontCare","1","999","5","((GameDataType=EGameDataTable_PortalSpot,Key=1001052,Name=""Emberforge_Hunt_WM_01""),(GameDataType=EGameDataTable_PortalSpot,Key=1001053,Name=""Emberforge_Hunt_WM_02""),(GameDataType=EGameDataTable_PortalSpot,Key=1001054,Name=""Emberforge_Hunt_WM_03""),(GameDataType=EGameDataTable_PortalSpot,Key=1002052,Name=""Eisvan_Hunt_WM_01""),(GameDataType=EGameDataTable_PortalSpot,Key=1002053,Name=""Eisvan_Hunt_WM_02""),(GameDataType=EGameDataTable_PortalSpot,Key=1002054,Name=""Eisvan_Hunt_WM_03""),(GameDataType=EGameDataTable_PortalSpot,Key=1003051,Name=""Ulgar_Hunt_WM_01""),(GameDataType=EGameDataTable_PortalSpot,Key=1003052,Name=""Ulgar_Hunt_WM_02""),(GameDataType=EGameDataTable_PortalSpot,Key=1003053,Name=""Ulgar_Hunt_WM_03""))","((GameDataType=EGameDataTable_CraftList,Key=245,Name=""숙련 모험가의 팔찌""))","(Type=-,GameDataType=EGameDataTable_ItemSettingType,Key=0,Name=""None"")","(GameDataType=EGameDataTable_ItemSetOption,Key=0,Name=""None"")","((Stat=(StatType=EGameStatType_Attack,AttackStat=EGameStat_Attack_DamageNormalAttack,DefenseStat=EGameStat_Defense_None,ExtraStat=EGameStat_Extra_None),Value=3),(Stat=(StatType=EGameStatType_Attack,AttackStat=EGameStat_Attack_Accuracy,DefenseStat=EGameStat_Defense_None,ExtraStat=EGameStat_Extra_None),Value=4),(Stat=(StatType=EGameStatType_Attack,AttackStat=EGameStat_Attack_DamageBoostNormalAttack,DefenseStat=EGameStat_Defense_None,ExtraStat=EGameStat_Extra_None),Value=4))","","1000","100","100","True","True","-1","0","False"
"2032241001","[SET-][공용]희귀 팔찌 티어 Tier1","LOCTABLE(""/Game/GameData/String_Main.String_Main"", ""Item_Name_2032241001"")","""/Game/Textures/Icons/Equip/Bracelet/T_Bracelet_Unique_01.T_Bracelet_Unique_01""","None","None","None","""/Game/Blueprints/Actors/ItemDropMesh/BP_DropitemMesh_Base.BP_DropitemMesh_Base_C""","LOCTABLE(""/Game/GameData/String_Main.String_Main"", ""Item_Desc_2032241001"")","EItemType_Accessory","EItemDetailType_Accessory_Bracelet","EItemTagType_NormalItem","EUniversalGrade_Unique","True","True","False","True","True","True","False","True","True","False","True","(GameDataType=EGameDataTable_ItemEnhance,Key=6,Name=""강화테이블_장신구_팔찌"")","True","12","0","0","14910","1491","1","1","ECharacterJobClass_DontCare","1","999","5","((GameDataType=EGameDataTable_PortalSpot,Key=1001052,Name=""Emberforge_Hunt_WM_01""),(GameDataType=EGameDataTable_PortalSpot,Key=1001053,Name=""Emberforge_Hunt_WM_02""),(GameDataType=EGameDataTable_PortalSpot,Key=1001054,Name=""Emberforge_Hunt_WM_03""),(GameDataType=EGameDataTable_PortalSpot,Key=1002052,Name=""Eisvan_Hunt_WM_01""),(GameDataType=EGameDataTable_PortalSpot,Key=1002053,Name=""Eisvan_Hunt_WM_02""),(GameDataType=EGameDataTable_PortalSpot,Key=1002054,Name=""Eisvan_Hunt_WM_03""),(GameDataType=EGameDataTable_PortalSpot,Key=1003051,Name=""Ulgar_Hunt_WM_01""),(GameDataType=EGameDataTable_PortalSpot,Key=1003052,Name=""Ulgar_Hunt_WM_02""),(GameDataType=EGameDataTable_PortalSpot,Key=1003053,Name=""Ulgar_Hunt_WM_03""))","((GameDataType=EGameDataTable_CraftList,Key=246,Name=""정예 모험가의 팔찌""))","(Type=-,GameDataType=EGameDataTable_ItemSettingType,Key=0,Name=""None"")","(GameDataType=EGameDataTable_ItemSetOption,Key=0,Name=""None"")","((Stat=(StatType=EGameStatType_Attack,AttackStat=EGameStat_Attack_DamageNormalAttack,DefenseStat=EGameStat_Defense_None,ExtraStat=EGameStat_Extra_None),Value=4),(Stat=(StatType=EGameStatType_Attack,AttackStat=EGameStat_Attack_Accuracy,DefenseStat=EGameStat_Defense_None,ExtraStat=EGameStat_Extra_None),Value=7),(Stat=(StatType=EGameStatType_Attack,AttackStat=EGameStat_Attack_DamageBoostNormalAttack,DefenseStat=EGameStat_Defense_None,ExtraStat=EGameStat_Extra_None),Value=7))","","1000","100","100","True","True","-1","0","False"
"2032341001","[SET-][공용]영웅 팔찌 티어 Tier1","LOCTABLE(""/Game/GameData/String_Main.String_Main"", ""Item_Name_2032341001"")","""/Game/Textures/Icons/Equip/Bracelet/T_Bracelet_Epic_01.T_Bracelet_Epic_01""","None","None","None","""/Game/Blueprints/Actors/ItemDropMesh/BP_DropitemMesh_Base.BP_DropitemMesh_Base_C""","LOCTABLE(""/Game/GameData/String_Main.String_Main"", ""Item_Desc_2032341001"")","EItemType_Accessory","EItemDetailType_Accessory_Bracelet","EItemTagType_NormalItem","EUniversalGrade_Epic","True","True","False","True","True","True","False","True","True","False","True","(GameDataType=EGameDataTable_ItemEnhance,Key=6,Name=""강화테이블_장신구_팔찌"")","True","12","0","0","268510","26851","1","1","ECharacterJobClass_DontCare","1","999","5","((GameDataType=EGameDataTable_PortalSpot,Key=1001052,Name=""Emberforge_Hunt_WM_01""),(GameDataType=EGameDataTable_PortalSpot,Key=1001053,Name=""Emberforge_Hunt_WM_02""),(GameDataType=EGameDataTable_PortalSpot,Key=1001054,Name=""Emberforge_Hunt_WM_03""),(GameDataType=EGameDataTable_PortalSpot,Key=1002052,Name=""Eisvan_Hunt_WM_01""),(GameDataType=EGameDataTable_PortalSpot,Key=1002053,Name=""Eisvan_Hunt_WM_02""),(GameDataType=EGameDataTable_PortalSpot,Key=1002054,Name=""Eisvan_Hunt_WM_03""),(GameDataType=EGameDataTable_PortalSpot,Key=1003051,Name=""Ulgar_Hunt_WM_01""),(GameDataType=EGameDataTable_PortalSpot,Key=1003052,Name=""Ulgar_Hunt_WM_02""),(GameDataType=EGameDataTable_PortalSpot,Key=1003053,Name=""Ulgar_Hunt_WM_03""))","((GameDataType=EGameDataTable_CraftList,Key=247,Name=""지휘관의 팔찌""))","(Type=-,GameDataType=EGameDataTable_ItemSettingType,Key=0,Name=""None"")","(GameDataType=EGameDataTable_ItemSetOption,Key=0,Name=""None"")","((Stat=(StatType=EGameStatType_Attack,AttackStat=EGameStat_Attack_DamageNormalAttack,DefenseStat=EGameStat_Defense_None,ExtraStat=EGameStat_Extra_None),Value=5),(Stat=(StatType=EGameStatType_Attack,AttackStat=EGameStat_Attack_Accuracy,DefenseStat=EGameStat_Defense_None,ExtraStat=EGameStat_Extra_None),Value=10),(Stat=(StatType=EGameStatType_Attack,AttackStat=EGameStat_Attack_DamageBoostNormalAttack,DefenseStat=EGameStat_Defense_None,ExtraStat=EGameStat_Extra_None),Value=10),(Stat=(StatType=EGameStatType_Attack,AttackStat=EGameStat_Attack_DoubleChance,DefenseStat=EGameStat_Defense_None,ExtraStat=EGameStat_Extra_None),Value=3))","","1000","100","100","True","True","-1","0","False"
"2033041001","[SET-][공용]일반 귀걸이 티어 Tier1","LOCTABLE(""/Game/GameData/String_Main.String_Main"", ""Item_Name_2033041001"")","""/Game/Textures/Icons/Equip/Earrings/T_Earring_Common_01.T_Earring_Common_01""","None","None","None","""/Game/Blueprints/Actors/ItemDropMesh/BP_DropitemMesh_Base.BP_DropitemMesh_Base_C""","LOCTABLE(""/Game/GameData/String_Main.String_Main"", ""Item_Desc_2033041001"")","EItemType_Accessory","EItemDetailType_Accessory_Earring","EItemTagType_NormalItem","EUniversalGrade_Common","True","True","False","True","True","True","False","True","True","False","True","(GameDataType=EGameDataTable_ItemEnhance,Key=7,Name=""강화테이블_장신구_귀걸이"")","True","12","0","0","1350","135","1","1","ECharacterJobClass_DontCare","1","999","5","((GameDataType=EGameDataTable_PortalSpot,Key=1001052,Name=""Emberforge_Hunt_WM_01""),(GameDataType=EGameDataTable_PortalSpot,Key=1001053,Name=""Emberforge_Hunt_WM_02""),(GameDataType=EGameDataTable_PortalSpot,Key=1001054,Name=""Emberforge_Hunt_WM_03""),(GameDataType=EGameDataTable_PortalSpot,Key=1002052,Name=""Eisvan_Hunt_WM_01""),(GameDataType=EGameDataTable_PortalSpot,Key=1002053,Name=""Eisvan_Hunt_WM_02""),(GameDataType=EGameDataTable_PortalSpot,Key=1002054,Name=""Eisvan_Hunt_WM_03""),(GameDataType=EGameDataTable_PortalSpot,Key=1003051,Name=""Ulgar_Hunt_WM_01""),(GameDataType=EGameDataTable_PortalSpot,Key=1003052,Name=""Ulgar_Hunt_WM_02""),(GameDataType=EGameDataTable_PortalSpot,Key=1003053,Name=""Ulgar_Hunt_WM_03""))","((GameDataType=EGameDataTable_CraftList,Key=248,Name=""초심자의 귀걸이""))","(Type=-,GameDataType=EGameDataTable_ItemSettingType,Key=0,Name=""None"")","(GameDataType=EGameDataTable_ItemSetOption,Key=0,Name=""None"")","((Stat=(StatType=EGameStatType_Extra,AttackStat=EGameStat_Attack_None,DefenseStat=EGameStat_Defense_None,ExtraStat=EGameStat_Extra_MPRecoverTick),Value=2))","","1000","100","100","True","True","-1","0","False"
"2033141001","[SET-][공용]고급 귀걸이 티어 Tier1","LOCTABLE(""/Game/GameData/String_Main.String_Main"", ""Item_Name_2033141001"")","""/Game/Textures/Icons/Equip/Earrings/T_Earring_Rare_01.T_Earring_Rare_01""","None","None","None","""/Game/Blueprints/Actors/ItemDropMesh/BP_DropitemMesh_Base.BP_DropitemMesh_Base_C""","LOCTABLE(""/Game/GameData/String_Main.String_Main"", ""Item_Desc_2033141001"")","EItemType_Accessory","EItemDetailType_Accessory_Earring","EItemTagType_NormalItem","EUniversalGrade_Rare","True","True","False","True","True","True","False","True","True","False","True","(GameDataType=EGameDataTable_ItemEnhance,Key=7,Name=""강화테이블_장신구_귀걸이"")","True","12","0","0","1750","175","1","1","ECharacterJobClass_DontCare","1","999","5","((GameDataType=EGameDataTable_PortalSpot,Key=1001052,Name=""Emberforge_Hunt_WM_01""),(GameDataType=EGameDataTable_PortalSpot,Key=1001053,Name=""Emberforge_Hunt_WM_02""),(GameDataType=EGameDataTable_PortalSpot,Key=1001054,Name=""Emberforge_Hunt_WM_03""),(GameDataType=EGameDataTable_PortalSpot,Key=1002052,Name=""Eisvan_Hunt_WM_01""),(GameDataType=EGameDataTable_PortalSpot,Key=1002053,Name=""Eisvan_Hunt_WM_02""),(GameDataType=EGameDataTable_PortalSpot,Key=1002054,Name=""Eisvan_Hunt_WM_03""),(GameDataType=EGameDataTable_PortalSpot,Key=1003051,Name=""Ulgar_Hunt_WM_01""),(GameDataType=EGameDataTable_PortalSpot,Key=1003052,Name=""Ulgar_Hunt_WM_02""),(GameDataType=EGameDataTable_PortalSpot,Key=1003053,Name=""Ulgar_Hunt_WM_03""))","((GameDataType=EGameDataTable_CraftList,Key=249,Name=""숙련 모험가의 귀걸이""))","(Type=-,GameDataType=EGameDataTable_ItemSettingType,Key=0,Name=""None"")","(GameDataType=EGameDataTable_ItemSetOption,Key=0,Name=""None"")","((Stat=(StatType=EGameStatType_Extra,AttackStat=EGameStat_Attack_None,DefenseStat=EGameStat_Defense_None,ExtraStat=EGameStat_Extra_MPRecoverTick),Value=3),(Stat=(StatType=EGameStatType_Attack,AttackStat=EGameStat_Attack_BonusDamageCritical,DefenseStat=EGameStat_Defense_None,ExtraStat=EGameStat_Extra_None),Value=2))","","1000","100","100","True","True","-1","0","False"
"2033241001","[SET-][공용]희귀 귀걸이 티어 Tier1","LOCTABLE(""/Game/GameData/String_Main.String_Main"", ""Item_Name_2033241001"")","""/Game/Textures/Icons/Equip/Earrings/T_Earring_Unique_01.T_Earring_Unique_01""","None","None","None","""/Game/Blueprints/Actors/ItemDropMesh/BP_DropitemMesh_Base.BP_DropitemMesh_Base_C""","LOCTABLE(""/Game/GameData/String_Main.String_Main"", ""Item_Desc_2033241001"")","EItemType_Accessory","EItemDetailType_Accessory_Earring","EItemTagType_NormalItem","EUniversalGrade_Unique","True","True","False","True","True","True","False","True","True","False","True","(GameDataType=EGameDataTable_ItemEnhance,Key=7,Name=""강화테이블_장신구_귀걸이"")","True","12","0","0","14910","1491","1","1","ECharacterJobClass_DontCare","1","999","5","((GameDataType=EGameDataTable_PortalSpot,Key=1001052,Name=""Emberforge_Hunt_WM_01""),(GameDataType=EGameDataTable_PortalSpot,Key=1001053,Name=""Emberforge_Hunt_WM_02""),(GameDataType=EGameDataTable_PortalSpot,Key=1001054,Name=""Emberforge_Hunt_WM_03""),(GameDataType=EGameDataTable_PortalSpot,Key=1002052,Name=""Eisvan_Hunt_WM_01""),(GameDataType=EGameDataTable_PortalSpot,Key=1002053,Name=""Eisvan_Hunt_WM_02""),(GameDataType=EGameDataTable_PortalSpot,Key=1002054,Name=""Eisvan_Hunt_WM_03""),(GameDataType=EGameDataTable_PortalSpot,Key=1003051,Name=""Ulgar_Hunt_WM_01""),(GameDataType=EGameDataTable_PortalSpot,Key=1003052,Name=""Ulgar_Hunt_WM_02""),(GameDataType=EGameDataTable_PortalSpot,Key=1003053,Name=""Ulgar_Hunt_WM_03""))","((GameDataType=EGameDataTable_CraftList,Key=250,Name=""정예 모험가의 귀걸이""))","(Type=-,GameDataType=EGameDataTable_ItemSettingType,Key=0,Name=""None"")","(GameDataType=EGameDataTable_ItemSetOption,Key=0,Name=""None"")","((Stat=(StatType=EGameStatType_Extra,AttackStat=EGameStat_Attack_None,DefenseStat=EGameStat_Defense_None,ExtraStat=EGameStat_Extra_MPRecoverTick),Value=5),(Stat=(StatType=EGameStatType_Attack,AttackStat=EGameStat_Attack_BonusDamageCritical,DefenseStat=EGameStat_Defense_None,ExtraStat=EGameStat_Extra_None),Value=4),(Stat=(StatType=EGameStatType_Attack,AttackStat=EGameStat_Attack_DamageReductionIgnore,DefenseStat=EGameStat_Defense_None,ExtraStat=EGameStat_Extra_None),Value=4))","","1000","100","100","True","True","-1","0","False"
"2033341001","[SET-][공용]영웅 귀걸이 티어 Tier1","LOCTABLE(""/Game/GameData/String_Main.String_Main"", ""Item_Name_2033341001"")","""/Game/Textures/Icons/Equip/Earrings/T_Earring_Epic_01.T_Earring_Epic_01""","None","None","None","""/Game/Blueprints/Actors/ItemDropMesh/BP_DropitemMesh_Base.BP_DropitemMesh_Base_C""","LOCTABLE(""/Game/GameData/String_Main.String_Main"", ""Item_Desc_2033341001"")","EItemType_Accessory","EItemDetailType_Accessory_Earring","EItemTagType_NormalItem","EUniversalGrade_Epic","True","True","False","True","True","True","False","True","True","False","True","(GameDataType=EGameDataTable_ItemEnhance,Key=7,Name=""강화테이블_장신구_귀걸이"")","True","12","0","0","268510","26851","1","1","ECharacterJobClass_DontCare","1","999","5","((GameDataType=EGameDataTable_PortalSpot,Key=1001052,Name=""Emberforge_Hunt_WM_01""),(GameDataType=EGameDataTable_PortalSpot,Key=1001053,Name=""Emberforge_Hunt_WM_02""),(GameDataType=EGameDataTable_PortalSpot,Key=1001054,Name=""Emberforge_Hunt_WM_03""),(GameDataType=EGameDataTable_PortalSpot,Key=1002052,Name=""Eisvan_Hunt_WM_01""),(GameDataType=EGameDataTable_PortalSpot,Key=1002053,Name=""Eisvan_Hunt_WM_02""),(GameDataType=EGameDataTable_PortalSpot,Key=1002054,Name=""Eisvan_Hunt_WM_03""),(GameDataType=EGameDataTable_PortalSpot,Key=1003051,Name=""Ulgar_Hunt_WM_01""),(GameDataType=EGameDataTable_PortalSpot,Key=1003052,Name=""Ulgar_Hunt_WM_02""),(GameDataType=EGameDataTable_PortalSpot,Key=1003053,Name=""Ulgar_Hunt_WM_03""))","((GameDataType=EGameDataTable_CraftList,Key=251,Name=""지휘관의 귀걸이""))","(Type=-,GameDataType=EGameDataTable_ItemSettingType,Key=0,Name=""None"")","(GameDataType=EGameDataTable_ItemSetOption,Key=0,Name=""None"")","((Stat=(StatType=EGameStatType_Extra,AttackStat=EGameStat_Attack_None,DefenseStat=EGameStat_Defense_None,ExtraStat=EGameStat_Extra_MPRecoverTick),Value=7),(Stat=(StatType=EGameStatType_Attack,AttackStat=EGameStat_Attack_BonusDamageCritical,DefenseStat=EGameStat_Defense_None,ExtraStat=EGameStat_Extra_None),Value=7),(Stat=(StatType=EGameStatType_Attack,AttackStat=EGameStat_Attack_DamageReductionIgnore,DefenseStat=EGameStat_Defense_None,ExtraStat=EGameStat_Extra_None),Value=7),(Stat=(StatType=EGameStatType_Attack,AttackStat=EGameStat_Attack_TripleChance,DefenseStat=EGameStat_Defense_None,ExtraStat=EGameStat_Extra_None),Value=3))","","1000","100","100","True","True","-1","0","False"
"2034041001","[SET-][공용]일반 벨트 티어 Tier1","LOCTABLE(""/Game/GameData/String_Main.String_Main"", ""Item_Name_2034041001"")","""/Game/Textures/Icons/Equip/Belt/T_Belt_Common_01.T_Belt_Common_01""","None","None","None","""/Game/Blueprints/Actors/ItemDropMesh/BP_DropitemMesh_Base.BP_DropitemMesh_Base_C""","LOCTABLE(""/Game/GameData/String_Main.String_Main"", ""Item_Desc_2034041001"")","EItemType_Accessory","EItemDetailType_Accessory_Belt","EItemTagType_NormalItem","EUniversalGrade_Common","True","True","False","True","True","True","False","True","True","False","True","(GameDataType=EGameDataTable_ItemEnhance,Key=8,Name=""강화테이블_장신구_허리띠"")","True","12","0","0","72000","7200","1","1","ECharacterJobClass_DontCare","1","999","5","((GameDataType=EGameDataTable_PortalSpot,Key=1001052,Name=""Emberforge_Hunt_WM_01""),(GameDataType=EGameDataTable_PortalSpot,Key=1001053,Name=""Emberforge_Hunt_WM_02""),(GameDataType=EGameDataTable_PortalSpot,Key=1001054,Name=""Emberforge_Hunt_WM_03""),(GameDataType=EGameDataTable_PortalSpot,Key=1002052,Name=""Eisvan_Hunt_WM_01""),(GameDataType=EGameDataTable_PortalSpot,Key=1002053,Name=""Eisvan_Hunt_WM_02""),(GameDataType=EGameDataTable_PortalSpot,Key=1002054,Name=""Eisvan_Hunt_WM_03""),(GameDataType=EGameDataTable_PortalSpot,Key=1003051,Name=""Ulgar_Hunt_WM_01""),(GameDataType=EGameDataTable_PortalSpot,Key=1003052,Name=""Ulgar_Hunt_WM_02""),(GameDataType=EGameDataTable_PortalSpot,Key=1003053,Name=""Ulgar_Hunt_WM_03""))","((GameDataType=EGameDataTable_CraftList,Key=252,Name=""초심자의 벨트""))","(Type=-,GameDataType=EGameDataTable_ItemSettingType,Key=0,Name=""None"")","(GameDataType=EGameDataTable_ItemSetOption,Key=0,Name=""None"")","((Stat=(StatType=EGameStatType_Extra,AttackStat=EGameStat_Attack_None,DefenseStat=EGameStat_Defense_None,ExtraStat=EGameStat_Extra_CarryWeight),Value=300),(Stat=(StatType=EGameStatType_Attack,AttackStat=EGameStat_Attack_AccuracyMelee,DefenseStat=EGameStat_Defense_None,ExtraStat=EGameStat_Extra_None),Value=3))","","1000","100","100","True","True","-1","0","False"
"2034141001","[SET-][공용]고급 벨트 티어 Tier1","LOCTABLE(""/Game/GameData/String_Main.String_Main"", ""Item_Name_2034141001"")","""/Game/Textures/Icons/Equip/Belt/T_Belt_Rare_01.T_Belt_Rare_01""","None","None","None","""/Game/Blueprints/Actors/ItemDropMesh/BP_DropitemMesh_Base.BP_DropitemMesh_Base_C""","LOCTABLE(""/Game/GameData/String_Main.String_Main"", ""Item_Desc_2034141001"")","EItemType_Accessory","EItemDetailType_Accessory_Belt","EItemTagType_NormalItem","EUniversalGrade_Rare","True","True","False","True","True","True","False","True","True","False","True","(GameDataType=EGameDataTable_ItemEnhance,Key=8,Name=""강화테이블_장신구_허리띠"")","True","12","0","0","339360","33936","1","1","ECharacterJobClass_DontCare","1","999","5","((GameDataType=EGameDataTable_PortalSpot,Key=1001052,Name=""Emberforge_Hunt_WM_01""),(GameDataType=EGameDataTable_PortalSpot,Key=1001053,Name=""Emberforge_Hunt_WM_02""),(GameDataType=EGameDataTable_PortalSpot,Key=1001054,Name=""Emberforge_Hunt_WM_03""),(GameDataType=EGameDataTable_PortalSpot,Key=1002052,Name=""Eisvan_Hunt_WM_01""),(GameDataType=EGameDataTable_PortalSpot,Key=1002053,Name=""Eisvan_Hunt_WM_02""),(GameDataType=EGameDataTable_PortalSpot,Key=1002054,Name=""Eisvan_Hunt_WM_03""),(GameDataType=EGameDataTable_PortalSpot,Key=1003051,Name=""Ulgar_Hunt_WM_01""),(GameDataType=EGameDataTable_PortalSpot,Key=1003052,Name=""Ulgar_Hunt_WM_02""),(GameDataType=EGameDataTable_PortalSpot,Key=1003053,Name=""Ulgar_Hunt_WM_03""))","((GameDataType=EGameDataTable_CraftList,Key=253,Name=""숙련 모험가의 벨트""))","(Type=-,GameDataType=EGameDataTable_ItemSettingType,Key=0,Name=""None"")","(GameDataType=EGameDataTable_ItemSetOption,Key=0,Name=""None"")","((Stat=(StatType=EGameStatType_Defense,AttackStat=EGameStat_Attack_None,DefenseStat=EGameStat_Defense_ArmorClass,ExtraStat=EGameStat_Extra_None),Value=3),(Stat=(StatType=EGameStatType_Extra,AttackStat=EGameStat_Attack_None,DefenseStat=EGameStat_Defense_None,ExtraStat=EGameStat_Extra_CarryWeight),Value=600),(Stat=(StatType=EGameStatType_Attack,AttackStat=EGameStat_Attack_AccuracyMelee,DefenseStat=EGameStat_Defense_None,ExtraStat=EGameStat_Extra_None),Value=5))","","1000","100","100","True","True","-1","0","False"
"2034241001","[SET-][공용]희귀 벨트 티어 Tier1","LOCTABLE(""/Game/GameData/String_Main.String_Main"", ""Item_Name_2034241001"")","""/Game/Textures/Icons/Equip/Belt/T_Belt_Unique_01.T_Belt_Unique_01""","None","None","None","""/Game/Blueprints/Actors/ItemDropMesh/BP_DropitemMesh_Base.BP_DropitemMesh_Base_C""","LOCTABLE(""/Game/GameData/String_Main.String_Main"", ""Item_Desc_2034241001"")","EItemType_Accessory","EItemDetailType_Accessory_Belt","EItemTagType_NormalItem","EUniversalGrade_Unique","True","True","False","True","True","True","False","True","True","False","True","(GameDataType=EGameDataTable_ItemEnhance,Key=8,Name=""강화테이블_장신구_허리띠"")","True","12","0","0","1569600","156960","1","1","ECharacterJobClass_DontCare","1","999","5","((GameDataType=EGameDataTable_PortalSpot,Key=1001052,Name=""Emberforge_Hunt_WM_01""),(GameDataType=EGameDataTable_PortalSpot,Key=1001053,Name=""Emberforge_Hunt_WM_02""),(GameDataType=EGameDataTable_PortalSpot,Key=1001054,Name=""Emberforge_Hunt_WM_03""),(GameDataType=EGameDataTable_PortalSpot,Key=1002052,Name=""Eisvan_Hunt_WM_01""),(GameDataType=EGameDataTable_PortalSpot,Key=1002053,Name=""Eisvan_Hunt_WM_02""),(GameDataType=EGameDataTable_PortalSpot,Key=1002054,Name=""Eisvan_Hunt_WM_03""),(GameDataType=EGameDataTable_PortalSpot,Key=1003051,Name=""Ulgar_Hunt_WM_01""),(GameDataType=EGameDataTable_PortalSpot,Key=1003052,Name=""Ulgar_Hunt_WM_02""),(GameDataType=EGameDataTable_PortalSpot,Key=1003053,Name=""Ulgar_Hunt_WM_03""))","((GameDataType=EGameDataTable_CraftList,Key=254,Name=""정예 모험가의 벨트""))","(Type=-,GameDataType=EGameDataTable_ItemSettingType,Key=0,Name=""None"")","(GameDataType=EGameDataTable_ItemSetOption,Key=0,Name=""None"")","((Stat=(StatType=EGameStatType_Defense,AttackStat=EGameStat_Attack_None,DefenseStat=EGameStat_Defense_ArmorClass,ExtraStat=EGameStat_Extra_None),Value=6),(Stat=(StatType=EGameStatType_Extra,AttackStat=EGameStat_Attack_None,DefenseStat=EGameStat_Defense_None,ExtraStat=EGameStat_Extra_CarryWeight),Value=900),(Stat=(StatType=EGameStatType_Attack,AttackStat=EGameStat_Attack_AccuracyMelee,DefenseStat=EGameStat_Defense_None,ExtraStat=EGameStat_Extra_None),Value=8),(Stat=(StatType=EGameStatType_Attack,AttackStat=EGameStat_Attack_AccuracySkill,DefenseStat=EGameStat_Defense_None,ExtraStat=EGameStat_Extra_None),Value=9))","","1000","100","100","True","True","-1","0","False"
"2034341001","[SET-][공용]영웅 벨트 티어 Tier1","LOCTABLE(""/Game/GameData/String_Main.String_Main"", ""Item_Name_2034341001"")","""/Game/Textures/Icons/Equip/Belt/T_Belt_Epic_01.T_Belt_Epic_01""","None","None","None","""/Game/Blueprints/Actors/ItemDropMesh/BP_DropitemMesh_Base.BP_DropitemMesh_Base_C""","LOCTABLE(""/Game/GameData/String_Main.String_Main"", ""Item_Desc_2034341001"")","EItemType_Accessory","EItemDetailType_Accessory_Belt","EItemTagType_NormalItem","EUniversalGrade_Epic","True","True","False","True","True","True","False","True","True","False","True","(GameDataType=EGameDataTable_ItemEnhance,Key=8,Name=""강화테이블_장신구_허리띠"")","True","12","0","0","3232800","323280","1","1","ECharacterJobClass_DontCare","1","999","5","((GameDataType=EGameDataTable_PortalSpot,Key=1001052,Name=""Emberforge_Hunt_WM_01""),(GameDataType=EGameDataTable_PortalSpot,Key=1001053,Name=""Emberforge_Hunt_WM_02""),(GameDataType=EGameDataTable_PortalSpot,Key=1001054,Name=""Emberforge_Hunt_WM_03""),(GameDataType=EGameDataTable_PortalSpot,Key=1002052,Name=""Eisvan_Hunt_WM_01""),(GameDataType=EGameDataTable_PortalSpot,Key=1002053,Name=""Eisvan_Hunt_WM_02""),(GameDataType=EGameDataTable_PortalSpot,Key=1002054,Name=""Eisvan_Hunt_WM_03""),(GameDataType=EGameDataTable_PortalSpot,Key=1003051,Name=""Ulgar_Hunt_WM_01""),(GameDataType=EGameDataTable_PortalSpot,Key=1003052,Name=""Ulgar_Hunt_WM_02""),(GameDataType=EGameDataTable_PortalSpot,Key=1003053,Name=""Ulgar_Hunt_WM_03""))","((GameDataType=EGameDataTable_CraftList,Key=255,Name=""지휘관의 벨트""))","(Type=-,GameDataType=EGameDataTable_ItemSettingType,Key=0,Name=""None"")","(GameDataType=EGameDataTable_ItemSetOption,Key=0,Name=""None"")","((Stat=(StatType=EGameStatType_Defense,AttackStat=EGameStat_Attack_None,DefenseStat=EGameStat_Defense_ArmorClass,ExtraStat=EGameStat_Extra_None),Value=9),(Stat=(StatType=EGameStatType_Extra,AttackStat=EGameStat_Attack_None,DefenseStat=EGameStat_Defense_None,ExtraStat=EGameStat_Extra_CarryWeight),Value=1200),(Stat=(StatType=EGameStatType_Attack,AttackStat=EGameStat_Attack_AccuracyMelee,DefenseStat=EGameStat_Defense_None,ExtraStat=EGameStat_Extra_None),Value=12),(Stat=(StatType=EGameStatType_Attack,AttackStat=EGameStat_Attack_AccuracySkill,DefenseStat=EGameStat_Defense_None,ExtraStat=EGameStat_Extra_None),Value=17),(Stat=(StatType=EGameStatType_Defense,AttackStat=EGameStat_Attack_None,DefenseStat=EGameStat_Defense_DamageReductionPvP,ExtraStat=EGameStat_Extra_None),Value=10))","","1000","100","100","True","True","-1","0","False"
