등록번호,상호,업종,주소,메뉴,위도,경도
1,원조닭한마리,한식,서울특별시 강남구 논현로10길 13,닭한마리,37.4744804,127.0499063
2,논현 손칼국수,한식,서울특별시 강남구 논현로111길 16,칼국수,37.5077641,127.0330871
3,대치동함흥면옥,한식,서울특별시 강남구 도곡로 424,"비빔냉면, 물냉면",37.4972804,127.0569701
4,문가네 고추장추어탕,한식,서울특별시 강남구 밤고개로 231,추어탕,37.4738252,127.1073325
5,가나돈까스의집,일식,서울특별시 강남구 언주로 608,돈까스,37.514957,127.0352916
6,착한낙지,한식,서울특별시 강동구 동남로 592,"낙지전골, 낙지덮밥",37.5392887,127.1528343
7,등나무집,한식,서울특별시 강동구 가래여울길 20-3,매운탕,37.5778628,127.1693752
8,엄마손만두,한식,서울특별시 강동구 올림픽로 683,만두국,37.541973,127.124592
9,최냉면,한식,서울특별시 강동구 천호옛8길 34,산오징어물회냉면,37.5329865,127.1246791
10,별미손칼국수,한식,서울특별시 강동구 풍성로 160,칼국수,37.5317372,127.1282338
11,동구밖장작구이,한식,서울특별시 강동구 풍성로 309,오리구이,37.5317372,127.1282338
12,수향보쌈칼국수,한식,서울특별시 강동구 풍성로37가길 5,보쌈,37.5328778,127.1284791
13,메기한마당,한식,서울특별시 강북구 4.19로 36,메기매운탕,37.6450797,127.0058861
14,발산삼계탕,한식,서울특별시 강서구 강서로 344,삼계탕,37.5563163,126.8378294
15,오복순대국,한식,서울특별시 강서구 공항대로45길 5,순대국,37.557466,126.8560897
16,화곡영양족발,한식,서울특별시 강서구 초록마을로2길 48,"족발, 보쌈",37.544185,126.844331
17,가막골흑염소,한식,서울특별시 강서구 화곡로56길 37-11,"흑염소, 보신탕, 전골",37.551604,126.8511447
18,등촌 최월선칼국수,한식,서울특별시 강서구 화곡로64길 68,버섯매운탕 칼국수,37.5564914,126.8559979
19,시골집,한식,서울특별시 관악구 낙성대로 22-7,제육쌈밥,37.4768552,126.9584648
20,정담은보쌈,한식,서울특별시 관악구 남부순환로 1661,보쌈,37.4846108,126.9321309
21,갯바위,한식,서울특별시 관악구 남부순환로216길 13,매운탕,37.4804648,126.9489883
22,장수집,한식,서울특별시 관악구 봉천로 486,"삼계탕, 보신탕",37.4860444,126.9108296
23,김영자나주곰탕,한식,서울특별시 관악구 신림로28길 30,곰탕,37.4725882,126.9361144
24,전주식당,한식,서울특별시 관악구 신림로66길 20,백반,37.4856073,126.9315111
25,신림순대국,한식,서울특별시 관악구 조원로4길 8,순대국,37.4825273,126.9048809
26,해태식당,한식,서울특별시 관악구 청룡1길 33,연포탕,37.4812089,126.9480007
27,진한방삼계탕,한식,서울특별시 광진구 능동로 254,"한방삼계탕, 닭볶음탕",37.5473053,127.0740893
28,군자족보,한식,서울특별시 광진구 능동로37길 10-3,백반,37.5581715,127.0792463
29,우리맛금일푸른바다,한식,서울특별시 광진구 능동로37길 14,바다장어구이,37.558209,127.0791727
30,엄탕,한식,서울특별시 광진구 아차산로51길 66,매운양푼갈비찜,37.5398974,127.0850516
31,광장동가온,한식,서울특별시 광진구 아차산로78길 75,"곰국시, 떡만두국",37.5515555,127.111145
32,아울,일식,서울특별시 광진구 자양로18길 36,수제돈까스,37.5377819,127.0855927
33,민물공원,한식,서울특별시 구로구 개봉로15길 23,민물매운탕,37.4905589,126.853218
34,이천성모메존칼국수,한식,서울특별시 구로구 경인로 18,칼국수,37.490351,126.8260222
35,이실이네,한식,서울특별시 구로구 공원로6나길 29-21,매운탕,37.5041003,126.891318
36,초가삼계탕,일식,서울특별시 금천구 시흥대로38길 43,들깨삼계탕,37.4458141,126.9044565
37,석천숯불갈비,한식,서울특별시 노원구 동일로 1001,이동갈비,37.6215016,127.0742919
38,닭한마리 공릉본점,한식,서울특별시 노원구 동일로 1020,닭한마리,37.6215016,127.0742919
39,매일복집,한식,서울특별시 노원구 동일로176길 42,복요리,37.6208208,127.0765154
40,최가네손두부,한식,서울특별시 노원구 동일로242길 21,두부요리,37.6744976,127.061057
41,엄마손칼국수,한식,서울특별시 노원구 상계로39길 5,칼국수,37.6719282,127.0808383
42,하누소,한식,서울특별시 도봉구 노해로 327,"생갈비, 한정식",37.6514784,127.0448186
43,동적불고기,한식,서울특별시 도봉구 도봉로109길 30,양념소갈비살,37.6472551,127.0320197
44,햇빛칼국수,한식,서울특별시 도봉구 방학로 168,칼국수,37.6625223,127.0371393
45,하노이빈,퓨전,서울특별시 도봉구 방학로 252-41,쌀국수,37.6625223,127.0371393
46,풍년식당,한식,서울특별시 동대문구 답십리로50길 6,"한방약오리, 오리전골",37.5720808,127.0582308
47,감초식당,한식,서울특별시 동대문구 약령서길 28,돼지불갈비정식,37.5816137,127.036448
48,산천가든,한식,서울특별시 동대문구 왕산로32길 96,한정식돌솥밥,37.5782727,127.0417739
49,용두동 복집,한식,서울특별시 동대문구 왕산로16길 9,복,37.5773881,127.031247
50,어촌식당,한식,서울특별시 동작구 상도로 122,생선구이정식,37.5024418,126.9484135
51,서일순대국,한식,서울특별시 동작구 여의대방로22길 20,순대국,37.4980583,126.9261555
52,영광굴비정식,한식,서울특별시 마포구 대흥로 43,영광굴비구이,37.5458548,126.9396397
53,마포양지설렁탕,한식,서울특별시 마포구 새창로 6,설렁탕,37.5416493,126.9534718
54,을밀대평양냉면,한식,서울특별시 마포구 숭문길 24,평양냉면,37.5474753,126.9454806
55,감나무집기사식당,한식,서울특별시 마포구 연남로 25,돼지불백,37.5660608,126.9181389
56,성미골,한식,서울특별시 마포구 월드컵로 137,이베리코흑돼지 모듬A,37.5561595,126.9100238
57,만나식당,한식,서울특별시 마포구 월드컵로 142,이북식손왕만두,37.552033,126.9124539
58,의정부부대찌개,한식,서울특별시 마포구 월드컵로10길 36,부대찌개,37.5550657,126.9134435
59,마포옥,한식,서울특별시 마포구 토정로 312,한우양지설렁탕,37.539884,126.9433475
60,소담한정식,한식,서울특별시 서대문구 경기대로9길 6,한정식,37.5639933,126.9615682
61,모래내설렁탕,한식,서울특별시 서대문구 모래내로 271,설렁탕,37.5690105,126.9172428
62,연희동칼국수,한식,서울특별시 서대문구 연희맛로 37,칼국수,37.5681939,126.9307768
63,청송면옥,한식,서울특별시 서대문구 연희맛로 6,냉면,37.5668555,126.9293297
64,민스키친,한식,서울특별시 서대문구 연희맛로 7,꼬막비빕밥,37.5667244,126.9287137
65,홍은손칼국수전문점,한식,서울특별시 서대문구 홍은중앙로 27,칼국수,37.5930531,126.9455421
66,임병주산동칼국수,한식,서울특별시 서초구 강남대로37길 65,칼국수,37.48543,127.032406
67,진주청국장딜리버리,한식,서울특별시 서초구 효령로31길 14,청국장,37.4832183,126.9955949
68,메기대감,한식,서울특별시 서초구 남부순환로350길 30,"메기매운탕, 메기불고기",37.4835324,127.0361335
69,영동족발,한식,서울특별시 서초구 남부순환로2628-18,족발,37.48423514,127.0383217
70,대머리식당,한식,서울특별시 성북구 돌곶이로 162,오징어볶음,37.6169507,127.0501655
71,서울갈매기,한식,서울특별시 성북구 보문로 100,갈매기살,37.5811606,127.0221208
72,반월유황오리해물아구찜탕,한식,서울특별시 성북구 보문로30길 36,유황오리로스,37.588267,127.0186685
73,손가네설렁탕,한식,서울특별시 성북구 성북로15길 8,설렁탕,37.5931249,127.0004254
74,명문막국수,한식,서울특별시 성북구 창경궁로 317,명태식혜막국수,37.5876861,127.0042158
75,함경도찹쌀순대,한식,서울특별시 송파구 송파대로28길 32,순대국,37.4945055,127.1204267
76,부부횟집,한식,서울특별시 송파구 오금로18길4,물회,37.51047652,127.110705
77,천상애장어家,한식,서울특별시 송파구 중대로 174,소금구이,37.4937266,127.1190889
78,대가,한식,서울특별시 양천구 신정중앙로 66,소갈비,37.5262129,126.8637265
79,살구나무집칼국수,한식,서울특별시 양천구 중앙로32길 35,"칼국수, 수제비",37.5203881,126.8614435
80,영등포불닭,한식,서울특별시 영등포구 당산로32길 8-4,국물닭발,37.526301,126.8980754
81,대관원,중식,서울특별시 영등포구 당산로37길 1,간짜장,37.5300523,126.8968763
82,영일분식,한식,서울특별시 영등포구 도림로141가길 34-1,"칼비빔국수, 만두",37.5157083,126.8907657
83,원조호수삼계탕,한식,서울특별시 영등포구 도림로 274-1,삼계탕,37.5129686,126.8973669
84,남평식당,한식,서울특별시 영등포구 버드나루로7길 7,곰탕,37.522903,126.9095549
85,양평옥,한식,서울특별시 영등포구 선유로47길 8-2,꼬리곰탕,37.5357913,126.8949419
86,큰바다횟집,한식,서울특별시 영등포구 영등포로18길 6,모듬회,37.5212084,126.8917197
87,대한옥,한식,서울특별시 영등포구 영등포로51길 6,설렁탕,37.5199277,126.9100837
88,문배동육칼,한식,서울특별시 용산구 백범로90길 50,육칼육개장+칼국수,37.5366988,126.9704009
89,단박왕돈까스,일식,서울특별시 용산구 백범로90길 74,돈까스,37.537499,126.9696876
90,바다식당,퓨전,서울특별시 용산구 이태원로 245,존슨탕,37.5368607,127.0002473
91,양평매운탕,한식,서울특별시 용산구 청파로 329,빠가사리매운탕,37.5379943,126.9692662
92,자원대구탕,한식,서울특별시 용산구 한강대로62가길 6,대구탕,37.5347124,126.9744086
93,칡산에황제보쌈,한식,서울특별시 은평구 은평로 189,곤드레정식,37.5999564,126.919875
94,토박이부대찌개,한식,서울특별시 은평구 은평로21길 35,부대찌개,37.6021347,126.9335689
95,봉희설렁탕,한식,서울특별시 은평구 증산로 413,곰탕,37.5931111,126.9138474
96,역촌왕돈까스,일식,서울특별시 은평구 진흥로 121-1,돈까스,37.6102278,126.9469035
97,넷길이콩나물국밥,한식,서울특별시 은평구 진흥로 139,콩나물국밥,37.6079542,126.9239776
98,불광동황소곱창구이,한식,서울특별시 은평구 진흥로 141,곱창구이,37.6079542,126.9239776
99,두소설렁탕,한식,서울특별시 종로구 비봉길 26,설렁탕,37.6174135,126.9536178
100,대성집,한식,서울특별시 종로구 사직로 5,"도가니탕, 해장국",37.5756682,126.9707837
101,이문설농탕,한식,서울특별시 종로구 우정국로 38-13,설농탕,37.572695,126.98386
102,호박식당,한식,서울특별시 중구 다산로 154,"백반, 와규",37.5504833,127.0075977
103,동강나루터,한식,서울특별시 중구 삼일대로12길 13,민물매운탕,37.5667238,126.9886515
104,이남장,한식,서울특별시 중구 삼일대로12길 16,설렁탕,37.5666518,126.9886346
105,을지로호반집,한식,서울특별시 중구 을지로20길 10-13,닭곰탕,37.5653562,126.9958831
106,할매복집,한식,서울특별시 중랑구 공릉로 82,복요리,37.6153848,127.0793102
107,망우찜쌈밥,한식,서울특별시 중랑구 용마공원로2길 8,쌈밥,37.5946123,127.1003509
108,먹고을전주콩나물국밥,한식,서울특별시 중랑구 중랑역로 268,국밥,37.6161192,127.0779451
109,두메막국수,한식,경기도 가평군 가평읍 가화로 328,막국수,37.8763515,127.5274347
110,두물머리,한식,경기도 가평군 가평읍 달전로3,육개장,37.81664436,127.5151962
111,돼지주물럭기사식당,한식,경기도 가평군 가평읍 보납로 34,돼지주물럭,37.8432179,127.5308818
112,양태봉촌두부,한식,경기도 가평군 가평읍 태봉안길 54,"두부전골, 모두부",37.80631098,127.4861623
113,느티나무식당,한식,경기도 가평군 설악면 음방아랫말길1,손두부전골,37.62059923,127.4944308
114,상천리 봉녀수제비,한식,경기도 가평군 청평면 경춘로 1462,수제비,37.7485519,127.4300315
115,밤나무집,한식,경기도 가평군 청평면 청평중앙로26번길 7,"쌈밥정식, 애곤이탕 ",37.73620269,127.4181922
116,서삼릉보리밥,한식,경기도 고양시 덕양구 서삼릉길 124,산채보리밥,37.6570632,126.872354
117,솔향기산채보리밥,한식,경기도 고양시 덕양구 수역이길 7,쭈꾸미볶음,37.6644306,126.8487786
118,주막보리밥,한식,경기도 고양시 덕양구 용두로47번길 133,보리밥,37.62589258,126.8919293
119,수원까비네손칼국수원당직영점,한식,경기도 고양시 덕양구 원당로33번길 26,칼국수,37.6572063,126.8310743
120,벵게식당,한식,경기도 고양시 덕양구 원당로33번길 42-9,미꾸라지털네기,37.65766,126.8301458
121,종가집오리돌구이,한식,경기도 고양시 덕양구 유산길17번길 113,오리로스,37.73086455,126.8460219
122,일산칼국수,한식,경기도 고양시 일산동구 경의로 467,바지락칼국수,37.670486,126.7861444
123,털랭이매운탕,한식,경기도 고양시 일산동구 동국로 116,매운탕,37.693458,126.8149752
124,재이식당,퓨전,경기도 고양시 일산동구 일산로380번길 53,쌀국수,37.6707354,126.7836609
125,양수면옥,한식,경기도 고양시 일산동구 애니골길 34,소고기,37.6706462,126.7915871
126,미덕원,한식,경기도 고양시 일산동구 애니골길43번길 17-1,백숙,37.6713781,126.7907496
127,평양손만두,한식,경기도 고양시 일산서구 구산로54번길 241,찐만두,37.69046327,126.7131517
128,덕이동주막,한식,경기도 고양시 일산서구 하이파크3로 10,보리밥,37.6927723,126.7544824
129,가학골두루치기,한식,경기도 광명시 가학로95번길 1,김치두루치기,37.41640213,126.8596877
130,원조광명할머니빈대떡,한식,경기도 광명시 광이로13번길 21-5,빈대떡,37.4798183,126.8575236
131,남해바다장어민물참숯불구이,한식,경기도 광명시 밤일로 18,전복장어탕,37.4539126,126.85292
132,생고기두루치기전문점,한식,경기도 광명시 영우로 16,두루치기,37.4325621,126.876808
133,장지리막국수,한식,경기도 광주시 고불로 7,막국수,37.3969711,127.212628
134,곤지곤지대구탕,한식,경기도 광주시 곤지암읍 경충대로 571,대구탕,37.3202665,127.3982542
135,낙선재,한식,경기도 광주시 남한산성면 불당길 101,토종닭볶음탕,37.4560145,127.206169
136,왕대박참숯마루,한식,경기도 광주시 오포읍 새말길 147-3,돼지불고기정식,37.37138397,127.1617349
137,고향생각,한식,경기도 광주시 오포읍 새말길 15,"고등어, 갈치조림",37.3615097,127.1580833
138,들밥,한식,경기도 광주시 오포읍 양벌로 131-20,보리밥,37.38450821,127.25475
139,다미정,한식,경기도 광주시 초월읍 설월길 29,냉면,37.4253655,127.2846132
140,명문옻닭,한식,경기도 광주시 퇴촌면 천진암로 423,옻닭뚝배기,37.4690202,127.3174306
141,강남정육점식당,한식,경기도 광주시 중앙로187번길 35,소고기,37.41693901,127.2530814
142,밀목손만두얼큰칼국수,한식,경기도 광주시 회안대로 949,만두전골,37.4094942,127.2391791
143,본추어탕,한식,경기도 구리시 갈매길 153-13,추어탕,37.6268212,127.1091258
144,옹기종기동태탕,한식,경기도 구리시 경춘로 242번길 31-13,"동태탕, 명태회무침 ",37.60098589,127.1440384
145,골목안채,한식,경기도 남양주시 다산중앙로82번안길 131-32,낙지볶음,37.6134962,127.1663236
146,군포식당,한식,경기도 군포시 군포로 556번길 6,설렁탕,37.35551616,126.9472809
147,소양간,한식,경기도 김포시 고촌읍 태리로 69,우거지해장국,37.5952181,126.7594417
148,명원,중식,경기도 김포시 봉화로 9,탕수육,37.6179095,126.7163816
149,강부자집,한식,경기도 김포시 운곡로 17-23,갈비탕,37.65062974,126.6599884
150,우리땅갈비,한식,경기도 김포시 운곡로 3,돼지갈비,37.65085322,126.6583491
151,하성곰탕집,한식,경기도 김포시 하성면 애기봉로 806번길 49,곰탕,37.71945414,126.6294624
152,우리집토종닭,한식,경기도 김포시 하성면 하성로 576,닭백숙,37.7610323,126.6377616
153,종가옥,한식,경기도 남양주시 강변북로 662,곰탕,37.5938714,127.1730618
154,성미아구찜,한식,경기도 남양주시 금곡로 23,아구찜,37.6338411,127.2052067
155,대창옥,한식,경기도 남양주시 일패로 14,부대찌개,37.6172933,127.1808211
156,옛날에손만두,한식,경기도 남양주시 진건읍 사릉로 136번길 16,손만두국,37.64297058,127.2032541
157,사능우리식당,한식,경기도 남양주시 진건읍 사릉로 283,소머리국밥,37.6578257,127.1758552
158,고모네콩탕,한식,경기도 남양주시 진건읍 송능리 398,황태두부전골,37.64788856,127.2033266
159,평남초계탕막국수,한식,경기도 동두천시 삼육사로 1049,초계탕,37.9084792,127.0322985
160,원조다래솥뚜껑,한식,경기도 동두천시 삼육사로 980,베이컨구이,37.9084792,127.0322985
161,평남면옥,한식,경기도 동두천시 생연로 127,냉면,37.9029541,127.0510267
162,호수식당,한식,경기도 동두천시 중앙로 312,부대찌개,37.90916468,127.0551267
163,송월관,한식,경기도 동두천시 큰시장로 28-10,"떡갈비, 갈비탕",37.9011937,127.0566785
164,손사부,중식,경기도 부천시 경인로 180,삼선백짬뽕,37.4834651,126.7591089
165,대박닭한마리칼국수,한식,경기도 부천시 부일로 711,닭칼국수,37.4852226,126.8087516
166,조선옥설렁탕,한식,경기도 부천시 경인로 33,"곰탕,설렁탕",37.4832092,126.7574766
167,진달래카페,한식,경기도 부천시 소사로 482,돈까스,37.5025401,126.7990051
168,크라이치즈버거,퓨전,경기도 부천시 신흥로 52번길 35,수제햄버거,37.48829249,126.7792115
169,참사랑화로구이,한식,경기도 부천시 심곡로 54,"육류, 뒷고기",37.4793917,126.7752279
170,청정칼국수수제비전문점,한식,경기도 부천시 상일로145번길 42,들깨수제비,37.492767,126.75912
171,쭈꾸미구이용궁별미,한식,경기도 부천시 신흥로 238번길 22,"양념쭈꾸미구이, 매생이수제비",37.50461374,126.7769074
172,도래샘,한식,경기도 부천시 원미로 166,청국장,37.49733547,126.792348
173,시골통돼지볶음찌개전문점,한식,경기도 부천시 원미로31번길 21,통돼지볶음찌개,37.48567814,126.787971
174,회사랑방,일식,경기도 성남시 분당구 돌마로 486번길 12,"회덮밥, 막회",37.37658253,127.1338976
175,청계산수타짬뽕,중식,경기도 성남시 분당구 판교공원로5길 22,짬뽕,37.3905255,127.0900319
176,만강장어,한식,경기도 성남시 분당구 장미로92번길 7-5,장어탕,37.41307973,127.1315179
177,채운,한식,경기도 성남시 분당구 하오개로 344번길 1,생선구이,37.39110143,127.0577392
178,인사동,한식,경기도 성남시 분당구 황새울로 200번길 26,닭볶음탕,37.37657255,127.1131744
179,남추어탕,한식,경기도 성남시 수정구 심곡로 1,추어탕,37.4509685,127.0975043
180,한소반쭈꾸미,한식,경기도 성남시 수정구 청계산로 589-1,쭈꾸미,37.4275785,127.0941989
181,충남정육식당,한식,경기도 성남시 수정구 탄리로96번길 22-2,"제육볶음, 김치찌개",37.4449127,127.1374774
182,옻닭집,한식,경기도 수원시 권선구 정조로 423,옻닭,37.2269044,127.0236834
183,해물천지,한식,경기도 수원시 팔달구 행궁로22번길 17,조개전골,37.28021381,127.0138597
184,남해생선구이,한식,경기도 수원시 영통구 동수원로537번길 7,생선구이,37.2740979,127.0486104
185,군포해물탕,한식,경기도 수원시 영통구 동수원로513번길 11,해물탕,37.2734518,127.0463577
186,온수골이호낙지본점,한식,경기도 수원시 영통구 매탄로79번길 8,해물조개전골,37.25840717,127.0418108
187,도봉산갈비,한식,경기도 수원시 영통구 매탄로100번길 7-6,돼지갈비,37.2597556,127.0438508
188,해물궁,한식,경기도 수원시 장안구 덕영대로511번길 29-22,아구찜,37.29992564,126.9798845
189,국수부자,한식,경기도 수원시 장안구 경수대로976번길 41,"잔치국수, 비빔국수",37.3057503,127.0045905
190,백청우칼국수 조원점,한식,경기도 수원시 장안구 금당로 1,해물국수전골,37.3008245,127.0190557
191,화홍추어탕,한식,경기도 수원시 장안구 송원로41번길 9,추어탕,37.2993759,127.0066702
192,까삐네칼국수,한식,경기도 수원시 장안구 송정로 161,칼국수,37.29788502,127.0142392
193,그집쭈꾸미볶음,한식,경기도 수원시 장안구 만석로 183,"쭈꾸미볶음, 해물파전",37.303449,127.0002564
194,신사강정육식당,한식,경기도 수원시 장안구 정조로1088번길 11,"쇠고기, 돼지고기구이",37.30274061,127.0032603
195,풍어생선구이정식,한식,경기도 수원시 장안구 천천로210번길 17-12,생선구이,37.31104356,126.98064
196,콩마당,한식,경기도 수원시 장안구 파장천로 92,콩마당정식,37.3073309,126.9945925
197,보영만두,한식,경기도 수원시 장안구 팔달로 271,"만두, 쫄면",37.2895516,127.0144417
198,인계수제비,한식,경기도 수원시 팔달구 권광로196번길 17-9,얼큰수제비,37.26525384,127.0342031
199,마초,일식,경기도 수원시 팔달구 권광로196번길 51,모듬초밥,37.26448108,127.0361274
200,스시한판수원점,일식,경기도 수원시 팔달구 덕영대로 913-1,초밥,37.26727972,127.0015227
201,아다미,한식,경기도 수원시 팔달구 매산로 1-8,순댓국,37.2672256,127.000862
202,석산민물매운탕,한식,경기도 수원시 팔달구 세지로 198번길 41,"매운탕, 오징어볶음",37.26836199,127.0252035
203,남도한정식황복촌,한식,경기도 수원시 팔달구 효원로265번길 41,한정식,37.26394228,127.0312896
204,도프셰프,양식,경기도 수원시 팔달구 인계로166번길 48-17 BLS플라자 302호,단호박 파스타,37.26437123,127.0337312
205,가보정,한식,경기도 수원시 팔달구 장다리로 282,생갈비,37.2742172,127.028721
206,조선삼계탕,한식,경기도 수원시 팔달구 인계로 166번길 48-21,삼계탕,37.26456217,127.0333687
207,백청우칼국수본점,한식,경기도 수원시 팔달구 장다리로 253,해물칼국수,37.2723789,127.0267096
208,대왕칼국수,한식,경기도 수원시 팔달구 창룡대로7번길 11,칼국수,37.28245925,127.0175722
209,고등반점,중식,경기도 수원시 팔달구 팔달로52번길 43,"짜장면, 탕수육 ",37.2750594,127.0030841
210,두꺼비집,한식,경기도 수원시 팔달구 향교로 100,부대찌개,37.2713429,127.0116725
211,매온당,한식,경기도 수원시 팔달구 효원로307번길 47,곰탕,37.26302388,127.0359328
212,영천식당,한식,경기도 수원시 팔달구 효원로291번길 35,육회비빔밥,37.26294164,127.0340305
213,만선회센타본점,한식,경기도 시흥시 배곧5로 78,물회,37.3827841,126.7364017
214,예당매운탕,한식,경기도 시흥시 수인로 2780,어탕국수,37.3773613,126.8712809
215,개성집오산점,한식,경기도 시흥시 시흥대로 248-20,"생선구이, 명태조림",37.3599335,126.8060113
216,동경동태탕,한식,경기도 안산시 단원구 고잔로 57-9,동태탕,37.3190639,126.8372357
217,문성5호,한식,경기도 안산시 단원구 대부황금로 1209,매운탕,37.270478,126.5723933
218,김 & 김,일식,경기도 안산시 단원구 대선로 384,왕돈가스,37.2398501,126.5730243
219,산골미꾸라지매운당,한식,경기도 안산시 단원구 소바위길 12,추어탕,37.34922101,126.795454
220,와각칼국수,한식,경기도 안산시 단원구 아랫말길 27,바지락 비빔칼국수,37.22378904,126.5538828
221,유니스의정원,양식,경기도 안산시 상록구 반월천북길 139,"바비큐, 파스타 ",37.3115188,126.8890798
222,궁중삼계탕,한식,경기도 안산시 상록구 석호공원로 69,삼계탕,37.3016891,126.8510781
223,어부횟집,한식,경기도 안산시 상록구 석호로 105,"활 초밥, 매운탕",37.3018811,126.8474083
224,옛맛시골아주매순대,한식,경기도 안산시 상록구 시낭로 38,순대국,37.3344137,126.85368
225,시골순대,한식,경기도 안산시 상록구 용신로 351,막창순대,37.3020465,126.8611918
226,대궐봉평막국수,한식,경기도 안산시 상록구 이호로 24,막국수,37.2872315,126.8593467
227,그루터기,한식,경기도 안성시 공도읍 덕봉서원로 265,어죽,37.0099453,127.171319
228,물고기자리안성점,한식,경기도 안성시 금광면 동신곡길 58,생선구이,37.0093878,127.3321748
229,감나무골가든,한식,경기도 안성시 금광면 삼흥로 137,"옻닭, 백숙",36.9999713,127.3467943
230,당목골,한식,경기도 안성시 남파로 121,떡만두국,37.0071864,127.2778847
231,가마솥들밥,한식,경기도 안성시 보개면 진안로 1194,들밥정식,37.0019536,127.3037187
232,안성장터국밥,한식,경기도 안성시 미양면 구례골길 170-17,소고기국밥,36.9921189,127.2453794
233,골목식당,한식,경기도 안성시 장기2길 97,칼국수,37.0026695,127.2729916
234,개성토종상황버섯삼계탕,한식,경기도 안성시 죽산면 미륵당길 28,삼계탕,37.08533508,127.4351845
235,장안면옥,한식,경기도 안성시 중앙로 371번길 54,"냉면, 갈비",37.00992696,127.2694838
236,송림정,한식,경기도 안양시 만안구 박달우회로 184,흑염소,37.4088298,126.9148744
237,보원털랭이매운탕,한식,경기도 양주시 광적면 그루고개로 44,털랭이매운탕,37.8195432,126.9880116
238,밀밭칼국수,한식,경기도 양주시 덕정6길 45,칼국수,37.8419198,127.064525
239,덕화원,중식,경기도 양주시 덕정길 4,탕수육,37.8419101,127.0677665
240,막줄래국시,한식,경기도 양주시 마전로 118번길 17,도토리해물칼국시,37.7695736,127.0542701
241,항아리갈비탕,한식,경기도 양주시 백석읍 권율로 1377번길 89-2,갈비탕,37.80836456,126.9788021
242,양주골순두부보리밥,한식,경기도 양주시 부흥로1374번길 28,두부전골,37.7840639,127.0272599
243,밀밭사랑본점,한식,경기도 양주시 부흥로1398번길 189,"해물칼국수, 바지락칼국수",37.77636667,127.0315531
244,옥이네순두부,한식,경기도 양주시 은현면 삼육사로 455,두부전골,37.9103169,127.0003543
245,섬진강,한식,경기도 양주시 장흥면 북한산로 778-6,메기매운탕,37.6923503,126.9651085
246,불곡가든,한식,경기도 양주시 평화로 1261번길 335,"백숙, 비빔밥",37.80549429,127.0319486
247,호수부대찌개,한식,경기도 양주시 화합로 1414,부대찌개,37.8412095,127.0655162
248,부뚜막,한식,경기도 양평군 양평읍 공흥로 26,가정식백반,37.4929228,127.4996887
249,용칼국수,한식,경기도 양평군 양평읍 덕평벌말길 42-69,칼국수,37.50418818,127.482996
250,파육칼 양평본점,한식,경기도 양평군 양평읍 물안개공원길51,육개장칼국수,37.5005339,127.4761181
251,콩타령,한식,경기도 양평군 양평읍 중앙로 86,콩국수,37.4948419,127.5135228
252,콩리,한식,경기도 양평군 옥천면 신복길 99,"묵밥, 전병",37.5222555,127.4618822
253,꽃국수,한식,경기도 양평군 옥천면 신복길127번길 10,송이갈비국수,37.53250886,127.4657744
254,보광정,한식,경기도 양평군 옥천면 용천로149번길 27,닭볶음탕,37.53779954,127.4882034
255,용문산농장쌈밥마을,한식,경기도 양평군 용문면 용문산로 176,쌈밥,37.5215556,127.5996583
256,돗가비불쭈꾸미본점,한식,경기도 양평군 용문면 용문산로 207,"불쭈꾸미, 들깨칼국수",37.5215556,127.5996583
257,용두리짬뽕,중식,경기도 양평군 청운면 용두로 148,짬뽕,37.55487578,127.7095712
258,여주선,한식,경기도 여주시 강변로 134,쏘가리매운탕,37.29755113,127.6403241
259,육일한우거지장터국밥,한식,경기도 여주시 강천면 강문로 222,한우거지장터국밥,37.279043,127.7039192
260,송백보리밥,한식,경기도 여주시 강천면 강문로 267,보리밥,37.279043,127.7039192
261,강천매운탕,한식,경기도 여주시 강천면 강천리길 84,매운탕,37.23463163,127.7086799
262,홍원막국수,한식,경기도 여주시 대신면 천서리길 12,막국수,37.40258381,127.5472199
263,중암리손두부집,한식,경기도 여주시 북내면 당전로 345-24,두부찌개,37.3339007,127.7075206
264,산내들곱창,한식,경기도 여주시 북내면 여강로 18,돼지곱창전골,37.30190324,127.6834692
265,유가장,중식,경기도 여주시 세종로 46번길 17-1,짬뽕,37.29380958,127.6339067
266,정원뚝배기,한식,경기도 여주시 여흥로 69번길 26-13,"황태해장국, 내장탕 ",37.29870884,127.6332266
267,수곡가든,한식,경기도 여주시 향교2길 37,양념왕갈비,37.2880963,127.6257118
268,동네막국수,한식,경기도 여주시 현암3길 28,비빔막국수,37.30995042,127.641094
269,능서돼지국밥,한식,경기도 여주시 흥천면 흥천로 1,돼지국밥,37.3306275,127.5383236
270,임진강언덕너머매운탕,한식,경기도 연천군 군남면 솔너머길 43-21,민물매운탕,38.10022968,127.0191834
271,대호식당,한식,경기도 연천군 신서면 연신로 1154,"부대찌개, 동태찌개",38.1846033,127.1078062
272,약수오리,한식,경기도 연천군 신서면 연신로 1616,더덕오리,38.1539663,127.0983929
273,유일순대국,한식,경기도 연천군 연천읍 연신로 494번길 12,순대국,38.13301542,127.07915
274,불탄소가든,한식,경기도 연천군 연천읍 현문로 526-29,"메기매운탕, 참게매운탕",38.074925,127.090099
275,아가페식당,한식,경기도 연천군 전곡읍 전곡로 25-23,칼만두,38.01568522,127.0701635
276,미원손두부보리밥,한식,경기도 연천군 전곡읍 전곡역로72번길 32-1,두부전골,38.0228035,127.071417
277,망향비빔국수,한식,경기도 연천군 청산면 궁평로 5,비빔국수,38.02387999,127.1093079
278,인제막국수,한식,경기도 연천군 청산면 전영로 348,막국수,38.0191705,127.1371216
279,청수식당운암,한식,경기도 오산시 경기동로 8번길 19,두루치기,37.15554277,127.074335
280,운암명가부대찌개철판구이전문점,한식,경기도 오산시 대원로 65,부대찌개,37.1464037,127.0709868
281,개성집,한식,경기도 오산시 동부대로 568번길 21-2,명문조림,37.15247738,127.0827565
282,능이밥상,한식,경기도 오산시 오산로 123-7,능이삼계탕,37.1273377,127.0670519
283,영동집,한식,경기도 오산시 오산로212번길 25,곱창전골,37.14581391,127.071317
284,오리향,한식,경기도 오산시 운천로 74,오리백숙,37.1553833,127.0797331
285,선재칼국수,한식,경기도 용인시 기흥구 관곡로85번길 7-1,칼국수,37.28117403,127.1145517
286,일쩜오쭈꾸미,한식,경기도 용인시 기흥구 동백중앙로 221,쭈꾸미볶음,37.2874094,127.1617513
287,큰손식당,한식,경기도 용인시 기흥구 공세로 243,오삼불고기,37.2328929,127.1087414
288,청사초롱,한식,경기도 용인시 기흥구 지삼로17번길 7-8,오리주물럭,37.25596916,127.1257967
289,금잔디,한식,경기도 용인시 수지구 고기로 553-17,한정식,37.3602293,127.0620185
290,곤드레밥집,한식,경기도 용인시 수지구 고기로 114,곤드레밥,37.3602293,127.0620185
291,감치래비빔국수,퓨전,경기도 용인시 수지구 고기로 104,비빔국수&돈까스,37.3602293,127.0620185
292,강원도막국수,한식,경기도 용인시 수지구 동천로 26,막국수,37.3410272,127.0998471
293,동인카페,한식,경기도 용인시 처인구 금령로 12번길 42,한정식,37.23377622,127.2015738
294,선비분식,한식,경기도 용인시 처인구 금령로 85번길 14-5,만두,37.23681219,127.2060271
295,남애막국수칼국수,한식,경기도 용인시 처인구 금령로 34번길 7,"칼국수, 막국수",37.23413401,127.2000391
296,황소식당,한식,경기도 용인시 처인구 금학로 515,오삼불고기,37.2371966,127.2121678
297,공원동태섞어탕,한식,경기도 용인시 처인구 금학로349번길 7,동태섞어탕,37.23745508,127.2021102
298,둥지뜰,한식,경기도 용인시 처인구 동부로 299,만두국,37.2304064,127.2141481
299,깊은산속다람쥐,한식,경기도 용인시 처인구 모현읍 갈월로 172,도토리 묵밥,37.3248905,127.2622583
300,제일식당,한식,경기도 용인시 처인구 백암면 백암로 201번길 11,순대국,37.16461533,127.373636
301,태봉산한터오리골,한식,경기도 용인시 처인구 양지면 주북로 440,양념 오리구이,37.24446969,127.2796757
302,원삼횟집,한식,경기도 용인시 처인구 원삼면 농촌파크로 225,회,37.16498266,127.3100843
303,미락가든,한식,경기도 용인시 처인구 이동읍 어진로 790,메기 매운탕,37.10697914,127.1926252
304,원똘배가,한식,경기도 용인시 처인구 지삼로 590,만두전골,37.24035492,127.1664332
305,봉덕칼국수,한식,경기도 의왕시 징계골길 11,칼국수,37.33560304,126.9656508
306,이순례손칼국수,한식,경기도 의정부시 둔야로45번길 48,"칼국수, 만두",37.74002299,127.036958
307,평양초계탕·막국수,한식,경기도 의정부시 둔야로 33번길 34,막국수,37.7390352,127.0377013
308,산오리,한식,경기도 의정부시 민락로 498-24,오리회전구,37.7457901,127.1060342
309,전원식당,한식,경기도 의정부시 평화로 175-1,구이,37.7644094,127.0438037
310,신갈미,한식,경기도 이천시 경충대로 2494,추어국수,37.2212019,127.5258914
311,속초집,한식,경기도 이천시 경충대로 2849,불향쭈꾸미,37.2577838,127.4838467
312,청목,한식,경기도 이천시 경충대로 3046,쌀밥정식,37.2212019,127.5258914
313,서경한우프라자,한식,경기도 이천시 구만리로 300,이천한우,37.2744971,127.4555596
314,대자연호남식당,한식,경기도 이천시 모가면 진상미로 1585,돼지불구이,37.1476019,127.4926004
315,서경들손두부,한식,경기도 이천시 모가면 진상미로1178번길 17,"두부전골, 보쌈정식",37.1608244,127.4909704
316,소문난칼국수,한식,경기도 이천시 설봉로58번길 30,칼국수,37.2813256,127.4394279
317,오가생선구이전문점,한식,경기도 이천시 신둔면 경충대로 3198,생선구이,37.3203408,127.3983511
318,거궁,한식,경기도 이천시 신둔면 서이천로 945,한정식,37.2869988,127.3952814
319,이천염소탕,한식,경기도 이천시 증신로 22-21,염소탕,37.2811935,127.460845
320,오늘손칼국수&찜,한식,경기도 이천시 호법면 이섭대천로 864,해물찜,37.2217735,127.4268979
321,시골손칼국수,한식,경기도 파주시 금정로 20,호박만두,37.7580644,126.7758666
322,원조삼거리부대찌개,한식,경기도 파주시 문산읍 문향로 103,부대찌개,37.8548006,126.785946
323,북경반점,중식,경기도 파주시 법원읍 사임당로 908,짬뽕,37.8497323,126.8638229
324,초리골초계탕,한식,경기도 파주시 법원읍 초리골길 110,초계탕,37.85109878,126.8896283
325,내사랑동까스,일식,경기도 파주시 송학말길 65,왕돈가스,37.70693414,126.7615721
326,순짬뽕,중식,경기도 파주시 시청로 5,군산짬뽕,37.7711623,126.7704217
327,원조두지리매운탕본점,한식,경기도 파주시 적성면 술이홀로 2316번길 45,민물매운탕,37.96393356,126.8938518
328,갈릴리농원,한식,경기도 파주시 탄현면 방촌로 1196,장어구이,37.8214753,126.7250786
329,사거리덕성식당,한식,경기도 평택시 국제로 38,순대국,37.0765776,127.048117
330,물음표볶음,한식,경기도 평택시 밀월로 43번길 46,"칼국수,열무국수",37.07850395,127.0504986
331,온달해물국,한식,경기도 평택시 방여울로39번길 6,대구맑은탕,37.04054919,127.0884141
332,갈릴리수산,한식,경기도 평택시 서정로 216,회,37.0683933,127.0511711
333,미스진햄버거,양식,경기도 평택시 쇼핑로 3-1,햄버거,37.0813535,127.0514921
334,숯고개부대찌개,한식,경기도 평택시 쇼핑로 39-1,"부대찌개, 스테이크",37.0812509,127.0536982
335,록키즈버거,양식,경기도 평택시 쇼핑로 8,햄버거,37.0801926,127.0539375
336,역전육회,한식,경기도 평택시 원평로52번길 19,육회,36.9913673,127.083323
337,평택쌍둥이네,한식,경기도 평택시 유천3길 109,어죽,36.97101284,127.1090089
338,사오정과저팔계,한식,경기도 평택시 이충로100번길 31,"백반, 오징어볶음",37.0645382,127.0647187
339,동해장,중식,경기도 평택시 중앙로 137,유니짜장,36.9910303,127.1191534
340,깔끔이분식,한식,경기도 평택시 중앙시장로 18-2,"쫄면, 당면떡볶이",37.0800175,127.0522117
341,송쓰버거,양식,경기도 평택시 중앙시장로25번길 12-1,햄버거,37.080673,127.0530113
342,김네집,한식,경기도 평택시 중앙시장로25번길 15,부대찌개,37.080673,127.0530113
343,시골풍경,한식,경기도 평택시 청북읍 현곡길 73,민물매운탕,37.0479987,126.9241539
344,꼬끼오닭개장,한식,경기도 평택시 청북읍 서해로 1752-3,닭개장,37.0280514,126.943608
345,항아리메밀국수집,한식,경기도 평택시 통복시장로22번길 7-1,오리백숙,36.9969365,127.086754
346,이모네시골집,한식,경기도 평택시 팽성읍 송화택지로 25번길 13,묵은지 닭볶음탕,36.96327824,127.0565902
347,이창진가마솥곰탕,한식,경기도 평택시 평택1로 105,곰탕,37.0005224,127.0891709
348,호성식당,한식,경기도 평택시 포승읍 연암길 87,"꽃게탕, 게장정식",36.96211341,126.8469592
349,홍두깨식당,한식,경기도 평택시 포승읍 연암길 92,칼국수,36.96224645,126.846355
350,하늘정농원,한식,경기도 평택시 포승읍 재촌안길 7-37,닭요리,36.97365251,126.8630885
351,대반식당,한식,경기도 평택시 현덕면 인광4길 19-25,각종찌개,36.97447735,126.9234019
352,모내기,한식,경기도 포천시 군내면 포천로 1495,쌈밥,37.8774096,127.2152619
353,함병현김치말이국수,한식,경기도 포천시 내촌면 내촌로 175,국수,37.7858587,127.2273075
354,원조우렁쌈밥순두부,한식,경기도 포천시 내촌면 신팔리 73-5,순두부,37.84625018,127.2805615
355,동이손만두,한식,경기도 포천시 소흘읍 광릉수목원로 700-3,만두,37.77338467,127.1577362
356,동강민물매운탕,한식,경기도 포천시 소흘읍 죽엽산로 378,매운탕,37.79964052,127.1664866
357,무봉리토종순대국본점,한식,경기도 포천시 소흘읍 호국로 475,순대국,37.8147298,127.1355726
358,고향나들이,한식,경기도 포천시 신북면 깊이울로 103,오리로스,37.92649236,127.1777359
359,평양면옥,한식,경기도 포천시 신북면 틀못이길 9,평양냉면,37.92235528,127.2229623
360,우목정,한식,경기도 포천시 이동면 화동로 1974,이동갈비,38.0329537,127.3662098
361,포천팔공짬뽕수제돈까스,퓨전,경기도 포천시 호국로 1193,"짬뽕, 왕돈까스",37.8605869,127.1711507
362,홍두깨,한식,경기도 포천시 정문동길 24,칼국수,37.88671567,127.1886676
363,밀향기,한식,경기도 하남시 검단산로 217,"검은콩국수, 해물칼국수",37.542282,127.2378916
364,오천년코다리본점,한식,경기도 하남시 검단산로 263,코다리조림,37.5421592,127.2393571
365,창모루,한식,경기도 하남시 검단산로 301,칼국수,37.5393106,127.2332128
366,팔당원조칼제비칼국수,한식,경기도 하남시 검단산로 348,칼제비,37.5414567,127.2375972
367,털보집,한식,경기도 하남시 검단산로 379,"빠가사리매운탕, 붕어찜",37.542282,127.2378916
368,강릉해변메밀막국수,한식,경기도 하남시 서하남로 541,메밀막국수,37.5159193,127.1498176
369,오늘도웃자,한식,경기도 하남시 서하남로 573,생고기 두루치기,37.5199104,127.1754901
370,양지곱창,한식,경기도 하남시 수리북로 15,"돼지막창양념,소금구이",37.5414799,127.202687
371,유장춘닭개장,한식,경기도 하남시 천현로 86,닭개장,37.5349365,127.2140472
372,독불장군,한식,경기도 하남시 초일로 10,백반,37.54184491,127.1758797
373,상화울가든,한식,경기도 하남시 초일로 174번길 27,"능이닭, 오리백숙",37.53197235,127.1853345
374,산곡민물매운탕어탕칼국수,한식,경기도 하남시 하남대로 183,민물매운탕국수,37.5023834,127.2315947
375,초가집,한식,경기도 화성시 남양읍 남양로 610,아구찜,37.2181684,126.8320535
376,원냉면,한식,경기도 화성시 남양읍 남양성지로 147,"만두전골, 냉면",37.2152193,126.8306395
377,옥돌정,한식,경기도 화성시 남양읍 남양성지로 211,"냉면, 곰탕",37.2152193,126.8306395
378,병점아씨닭발,한식,경기도 화성시 병점동로 98,"닭발, 똥집볶음, 오돌뼈",37.2127328,127.0402488
379,산골추어탕,한식,경기도 화성시 봉담읍 가능골2길 39,매운탕,37.18726863,126.9354022
380,구가네통영굴밥,한식,경기도 화성시 봉담읍 왕림리 15,굴정식,37.20240303,126.9417491
381,다람쥐할머니,한식,경기도 화성시 비봉면 비봉로 165,도토리묵맛집,37.2349336,126.8631503
382,비봉손칼국수,한식,경기도 화성시 비봉면 화성로 1617번길 57,칼국수,37.2291157,126.8575147
383,신서해횟집,한식,경기도 화성시 서신면 궁평항로 1159-1,"우럭매운탕, 가자미무침",37.1709112,126.7078197
384,전주초가집,한식,경기도 화성시 서신면 궁평항로 1276-1,청국장,37.1425938,126.7022301
385,삼성낙지칼국수,한식,경기도 화성시 서신면 바다뜰길 100,"낙지무침, 칼국수",37.1672272,126.7056914
386,구좌리얼크니손칼국수화성점,한식,경기도 화성시 세자로 481,샤브칼국수,37.1708557,126.9814709
387,시골집민물장어,한식,경기도 화성시 송산면 제부로 1143-8,민물장어,37.19756642,126.7195029
388,두오즈,카페,경기도 화성시 장안면 한천1길 32-7,김치찌개백반,37.06689865,126.8504106
389,뚝방집,한식,경기도 화성시 정남면 모산길 19-19,"묵밥, 손두부",37.18956234,126.9785381
390,용바우가든,한식,경기도 화성시 정남면 신백길 39,"왕갈비, 김치전골",37.1655593,126.9711663
391,부산식당 순대국밥,한식,경기도 화성시 태안로 210-1,순대국,37.22446,127.02149
392,화성청학동칡냉면,한식,경기도 화성시 효행로 468,냉면,37.2369816,126.9642732
393,해장촌,한식,경기도 화성시 효행로 509,해장국,37.2369816,126.9642732
394,석천돌솥밥,한식,인천광역시 강화군 강화읍 강화대로393번길 8-1,돌솥한정식,37.74539223,126.4864544
395,수라전통육개장,한식,인천광역시 강화군 강화읍 강화대로403번길 14,육개장,37.74525858,126.4853917
396,호산정,한식,인천광역시 강화군 강화읍 고비고개로 248-5,맛있는밥상,37.7370018,126.4476132
397,강화쑥숯불갈비,한식,인천광역시 강화군 강화읍 남문로 45,갈비,37.741868,126.4881953
398,왕자정묵밥,한식,인천광역시 강화군 강화읍 북문길 55,묵밥,37.7517122,126.4843685
399,우리옥,한식,인천광역시 강화군 강화읍 신문리 184-5,한식집,37.7461535,126.4838445
400,연미정 할머니네,한식,인천광역시 강화군 강화읍 해안북로 450,백반,37.7776531,126.5061636
401,서령,한식,인천광역시 강화군 길상면 보리고개로 96,메밀 막국수,37.62220799,126.479767
402,보광호,한식,인천광역시 강화군 길상면 해안남로619번길 21,꽃게탕,37.59831554,126.4964472
403,충남서산집,한식,인천광역시 강화군 내가면 중앙로 1200,"꽃게탕, 꽃게찜",37.6988851,126.4294277
404,이유가,한식,인천광역시 강화군 선원면 시리미로42번길 62-34,청국장,37.72807832,126.4764845
405,일미산장숯불장어,한식,인천광역시 강화군 선원면 더리미길 2,"민물장어, 갯벌장어",37.72387251,126.5126659
406,돌기와집,한식,인천광역시 강화군 송해면 상도숭뢰길116번길 39-10,"붕어찜, 메기매운탕",37.7820813,126.4769375
407,유진면옥,한식,인천광역시 강화군 양도면 강화남로 606-1,"진주냉면, 육개장, 육전",37.6949096,126.4237256
408,편가네된장,한식,인천광역시 강화군 화도면 가능포로89번길 11,"강된장비빕밥, 젓국갈비전골",37.64055241,126.4193987
409,계산복집,한식,인천광역시 계양구 계산새로25,복어요리,37.53812187,126.730821
410,현미순두부,한식,인천광역시 부평구 마장로 265,순두부,37.4873288,126.7073362
411,찐만이네,한식,인천광역시 계양구 봉오대로677번길 15-1,만두,37.5326311,126.7242107
412,바로족발,한식,인천광역시 계양구 주부토로 545,족발,37.5289028,126.7292686
413,들내음들깨칼국수·수제비,한식,인천광역시 남동구 논고개로 393,"들깨칼국수, 수제비",37.416378,126.7272984
414,마음으로 가는 고향,한식,인천광역시 남동구 덕골로 151,돌솥비빔밥,37.4278329,126.7232497
415,풍가미가뼈해장국,한식,인천광역시 남동구 만수로75번길 17,뼈해장국,37.4641004,126.7360691
416,대관령숯불갈비,한식,인천광역시 남동구 문화로133번길 44,"우렁쌈밥, 두루치기",37.4516618,126.6976456
417,모자온달,한식,인천광역시 남동구 문화서로18번길 7,구이닭발,37.44687,126.6973414
418,영일궁,한식,인천광역시 남동구 선수촌공원로23번길 20,삼겹살,37.4410704,126.7084602
419,자돈심,한식,인천광역시 남동구 선수촌공원로23번길 6-1,삼겹살,37.4410704,126.7084602
420,명동보리밥,한식,인천광역시 남동구 예술로 220,"보리밥정식, 보쌈",37.4622605,126.7023941
421,대명반점,중식,인천광역시 남동구 인주대로552번길 16,짬뽕,37.4495793,126.6979983
422,오복내,한식,인천광역시 남동구 호구포로765번길 68-1,미꾸라지 매운탕,37.4508879,126.7165354
423,현대물텀벙,한식,인천광역시 동구 샛골로 140,"아구탕, 아구찜",37.4712685,126.6430183
424,형제숯불갈비,한식,인천광역시 동구 화수로 83-1,"김치찌개, 제육볶음",37.4827431,126.6333376
425,길손물텀벙,한식,인천광역시 미추홀구 경인로7번길 4,아구찜,37.4640964,126.644811
426,성진물텀벙,한식,인천광역시 미추홀구 독배로403번길 10,"아귀탕, 아귀찜, 해물찜",37.4564293,126.6478261
427,청수옥,한식,인천광역시 미추홀구 주승로 84,메밀,37.4414995,126.695354
428,장촌칼국수,한식,인천광역시 옹진군 백령면 백령로345번길 15,"칼국수, 만두",37.97242222,124.7106186
429,그린파크,한식,인천광역시 옹진군 백령면 백령로297번길 16,"냉면, 수육, 전병",37.97106722,124.7152634
430,심마니한방옻닭,한식,인천광역시 부평구 동수로 28,한방삼계탕,37.4849437,126.7322173
431,뉴욕반점,한식,인천광역시 부평구 부평대로87번길 4,찹쌀탕수육,37.4992535,126.7214739
432,힐록,한식,인천광역시 부평구 청중로29번길 34,"돼지모둠바비큐, 파스타, 스테이크",37.5181344,126.6989227
433,이복집,한식,인천광역시 서구 가정로 168,복어요리,37.5179398,126.672962
434,정가며느리볼테기,한식,인천광역시 서구 검단로459번길 7-3,볼테기찜,37.6020587,126.6552873
435,진천토종순대,한식,인천광역시 서구 신진말로 37,"순대국밥, 곱창전골",37.4933541,126.6799445
436,오아시스,일식,인천광역시 서구 심곡로 72-3,왕돈까스,37.5415375,126.67776
437,어죽이네,한식,인천광역시 서구 심곡로 82-1,철렵국,37.5418633,126.6788549
438,구도로통닭,한식,인천광역시 서구 청라커낼로260번길 11,마늘쫑통닭,37.5320895,126.6457279
439,청정칼국수,한식,인천광역시 서구 푸른로14번길 12,청합칼국수,37.5242431,126.6293989
440,해가산꽃게탕,한식,인천광역시 연수구 대암로 21,꽃게탕,37.4181189,126.652083
441,그시절동태촌,한식,인천광역시 연수구 샘말로 37-8,동태탕,37.4133862,126.6786288
442,용두레,한식,인천광역시 연수구 예술로20번길 41,"옻닭, 오리누룽지백숙",37.434522,126.7009608
443,할머니 즉석떡볶이,한식,인천광역시 연수구 청량로 235,떡볶이,37.4204794,126.6526873
444,하림,중식,인천광역시 옹진군 덕적면 덕적북로133번길 55,"볶음밥, 짜장면",37.225849,126.1439357
445,월아천,한식,인천광역시 중구 개항로45번길 12-20,"오리백숙, 닭볶음탕",37.4732348,126.6277458
446,해송쌈밥,한식,인천광역시 중구 공항서로 177,쌈밥,37.431706,126.4265065
447,화성영양탕,한식,인천광역시 중구 서해대로410번길 45,"영양탕, 삼계탕",37.4623653,126.6347037
448,금산,한식,인천광역시 중구 연안부두로 16,밴댕이회무침,37.4532726,126.5984554
449,송원식당,한식,인천광역시 중구 연안부두로 24-1,밴댕이회무침,37.4532726,126.5984554
450,황해해물칼국수1호점,한식,인천광역시 중구 마시란로 24,"칼국수, 만두",37.4387544,126.4092941
451,연경,중식,인천광역시 중구 차이나타운로 41,짜장면,37.4756576,126.619697
452,공화춘,중식,인천광역시 중구 차이나타운로 43,짜장면,37.4750038,126.6188368
453,신승반점,중식,인천광역시 중구 차이나타운로44번길 31-3,짜장면,37.4755492,126.6184614
454,남도추어탕,한식,인천광역시 중구 흰바위로92번길 6-16,추어탕,37.4898984,126.4940669
455,시골식당,한식,강원도 강릉시 강동면 헌화로 665-1,망치매운탕,37.6651388,129.0524142
456,청정갯마을,한식,강원도 강릉시 강릉대로 210번길 22,생선찜,37.75620544,128.8933607
457,엄지네포장마차,한식,강원도 강릉시 경강로 2255번길 21,꼬막무침,37.7663178,128.9070184
458,청송장칼국수,한식,강원도 강릉시 경강로2323번길 14,장칼국수,37.7691237,128.9147438
459,남항진어촌식당,한식,강원도 강릉시 공항길 127번길 35-7,가자미회무침,37.76700388,128.9514254
460,형제막국수,한식,강원도 강릉시 사임당로 113-3,"막국수, 수육 ",37.765014,128.8611497
461,제주해인물회,한식,강원도 강릉시 사천면 진리해변길 68-9,물회,37.8402858,128.8768574
462,이주환전통한우,한식,강원도 강릉시 성산면 사임당로107번길 89,갈비탕,37.75790419,128.8584573
463,숲속집,한식,강원도 강릉시 성산면 칠봉로 15-7,순대국밥,37.7138358,128.8317158
464,해미가,한식,강원도 강릉시 솔올로 103,물회,37.7710137,128.8789389
465,연곡꾹저구탕,한식,강원도 강릉시 연곡면 진고개로 2679,꾹저구탕,37.8514999,128.8218687
466,차연희순두부청국장,한식,강원도 강릉시 초당순두부길 96,순두부,37.7911992,128.9155689
467,동화가든,한식,강원도 강릉시 초당순두부길77번길 15,짬뽕순두부,37.79115246,128.9146641
468,누리식당,한식,강원도 고성군 간성읍 수성로 150,소머리국밥,38.377208,128.4670462
469,교동막국수,한식,강원도 고성군 간성읍 진부령로 2709-4,쌈밥정식,38.2536073,128.3640029
470,수성반점,중식,강원도 고성군 죽왕면 공현진길 37,짬뽕,38.3554837,128.5101101
471,백촌막국수,한식,강원도 고성군 토성면 백촌1길 10,막국수,38.29301504,128.5417612
472,소구리설렁탕,한식,강원도 고성군 토성면 중앙로 533,설렁탕,38.2295247,128.5824299
473,별미여행,한식,강원도 고성군 토성면 인흥길 110,한정식,38.2337948,128.55862
474,참맛골,한식,강원도 동해시 동굴로 69,코다리조림,37.5151001,129.1043495
475,굴뚝촌,한식,강원도 동해시 삼화로 253-6,대나무밥,37.4851759,129.0654184
476,묵호물회,한식,강원도 동해시 샘실3길 24,"물회, 회덮밥",37.5203675,129.1077816
477,부담없는횟집,한식,강원도 동해시 일출로 135,"회, 매운탕, 대게",37.5598738,129.1201425
478,밥집,한식,강원도 동해시 천곡3길 3-6,수육,37.52476462,129.1125906
479,해물천하,한식,강원도 동해시 천곡로 68,해천탕,37.5232273,129.11362
480,세진한우실비,한식,강원도 삼척시 도계읍 도계로 290-9,명품한우,37.2318948,129.0453005
481,토성집,한식,강원도 삼척시 봉황로 97,쌈밥정식,37.4496635,129.1696392
482,대청마루,한식,강원도 삼척시 사대안2길 26-12,삼겹살,37.4470122,129.1663242
483,천왕순대국,한식,강원도 삼척시 사대안길 15,순댓국,37.4460906,129.1659985
484,바다횟집,한식,강원도 삼척시 새천년도로 89-1,곰치국,37.4541458,129.1870325
485,녹연,한식,강원도 삼척시 남양길 25,돼지갈비,37.4422662,129.1698023
486,구름다리,한식,강원도 삼척시 청석로1길 10-29,산채더덕정식,37.4474628,129.1727775
487,부림해물,한식,강원도 삼척시 동해대로 3935,대구김치국,37.4578906,129.162471
488,혜영이네,한식,강원도 속초시 대포항 희망길 55,새우튀김,38.17352658,128.6057131
489,그리운보리밥,한식,강원도 속초시 법대로 34,청국장,38.2137062,128.5933585
490,황가네찜,한식,강원도 속초시 영랑해안길 95,"생선모둠찜, 대구뽈찜 ",38.2158539,128.5961655
491,청해해물탕,한식,강원도 속초시 청초호반로 303,대구맑은탕,38.1903368,128.5825664
492,시래원,한식,강원도 양구군 남면 국토정중앙로 42,시래기정식,38.07502345,128.023692
493,도촌막국수,한식,강원도 양구군 남면 국토정중앙로 6,막국수,38.07761178,128.0222838
494,손냉면,한식,강원도 양구군 국토정중앙면 정중앙로 183-6,냉면,38.1052105,128.032225
495,전주식당,한식,강원도 양구군 양구읍 비봉로 91-23,두부전골,38.1124804,127.9863414
496,일촌,한식,강원도 양구군 양구읍 양록길23번길 6-5,"매운등갈비찜, 도토리임자탕",38.1071264,127.9856057
497,옥천식당,한식,강원도 양구군 양구읍 중앙길 68,내장국밥,38.105492,127.9892598
498,양구재래식손두부,한식,강원도 양구군 양구읍 학안로 6,두부전골,38.0706088,127.9822739
499,솔거리추어탕,한식,강원도 양양군 강현면 안골로 296-15,추어탕,38.1194152,128.621897
500,범골토종닭,한식,강원도 양양군 서면 설악로 2073-33,백숙,38.06032868,128.560512
501,옛뜰,한식,강원도 양양군 손양면 동명로 289,"두부구이, 섭국",38.0822314,128.6420374
502,송이골,한식,강원도 양양군 손양면 동명로 4,송이불고기,38.0822314,128.6420374
503,상운메밀촌,한식,강원도 양양군 손양면 상운길 44-33,메밀장칼국수,38.04083012,128.6869646
504,수산항물회,한식,강원도 양양군 손양면 선사유적로 185,째복조개,38.0388768,128.6959728
505,담치마을,한식,강원도 양양군 양양읍 남문로 17,섭국,38.0741551,128.6199795
506,뜰,한식,강원도 양양군 양양읍 동해대로 2980,"보신탕, 영양탕",38.0943268,128.6287178
507,산들바람,한식,강원도 영월군 남면 별방창원로 1423,곤드레정식,37.1616584,128.3810585
508,원짬뽕,중식,강원도 영월군 영월읍 하송로 93,짬뽕,37.1710393,128.4488394
509,서부순대,한식,강원도 영월군 영월읍 서부시장길 15-13,순대국,37.18322036,128.4665123
510,다슬기향촌성호식당,한식,강원도 영월군 영월읍 영월로 2101,다슬기순두부,37.1824929,128.4800918
511,장릉보리밥집,한식,강원도 영월군 영월읍 단종로 178-10,보리밥,37.1915848,128.4625708
512,단골식당,한식,강원도 영월군 영월읍 중리1길 107,콩국수,37.18205236,128.4819598
513,박가네,한식,강원도 영월군 영월읍 중앙로 149,닭백숙,37.1523812,128.4970477
514,물레방아쉼터,한식,강원도 영월군 영월읍 중앙로 803,메기매운탕,37.1523812,128.4970477
515,솔잎가든,한식,강원도 영월군 영월읍 청령포로 48-5,곤드레돌솥밥,37.1791494,128.4490838
516,제천식당,한식,강원도 영월군 주천면 도천길 3,꼴뚜국수,37.27014868,128.2669429
517,주천묵집,한식,강원도 영월군 주천면 송학주천로 1282-11,묵밥,37.2598648,128.2576473
518,무실왕솥뚜껑삼겹살,한식,강원도 원주시 섬밭들1길 34-10,삼겹살,37.3326798,127.9228633
519,치악산참숯가마,한식,강원도 원주시 소초면 하황골길 45-19,삼겹살,37.36783476,127.9975468
520,동해동태찜,한식,강원도 원주시 원문로 108,동태찜,37.3567566,127.9217528
521,12안젤로,카페,강원도 원주시 천사로 12,"커피, 빙수, 디저트",37.3477763,127.9269287
522,누나네밥집,한식,강원도 원주시 천사로 199,"갈치조림, 콩나물삼겹살 ",37.3489539,127.9377184
523,박순례손말이고기산정집,한식,강원도 원주시 원일로 148-3,고기말이,37.3453092,127.953811
524,원주복추어탕,한식,강원도 원주시 치악로 1748,추어탕,37.3385507,127.9564133
525,제물포해물칼국수,한식,강원도 원주시 황소마을길 20-6,해물칼국수,37.3307347,127.9447381
526,방동막국수,한식,강원도 인제군 기린면 조침령로 496,막국수,37.9787355,128.4732881
527,대흥식당,한식,강원도 인제군 남면 빙어마을길 28,메기찜,37.99978947,128.1145701
528,산장가든,한식,강원도 인제군 북면 갈골로2길 21-1,오골계,38.12380602,128.2206143
529,송희식당,한식,강원도 인제군 북면 원통로 298,황태정식,38.1265072,128.2120488
530,미산민박식당,한식,강원도 인제군 상남면 내린천로 2076,두부전골,37.9239458,128.2911143
531,대복순두부,한식,강원도 인제군 인제읍 비봉로 32-3,두부전골,38.0669488,128.1736621
532,신돈까스,퓨전,강원도 인제군 인제읍 비봉로6번길 4,"돈가스, 짬뽕밥",38.0685136,128.1719516
533,옛날원대막국수,한식,강원도 인제군 인제읍 자작나무숲길 1113,막국수,38.0036159,128.2240069
534,밥상머리,한식,강원도 정선군 고한읍 함백산로 1103,"오리백숙, 오리볶음탕",37.1536953,128.9078571
535,함백산돌솥밥,한식,강원도 정선군 고한읍 함백산로 1675,곤드레돌솥정식,37.1536953,128.9078571
536,거목한방순대국,한식,강원도 정선군 남면 도원2길 10,순대국,37.2460789,128.7743777
537,사계절막국수,한식,강원도 정선군 여량면 아우라지길 18,"장칼국수, 막국수",37.47219695,128.7245444
538,옥산장,한식,강원도 정선군 여량면 여량3길 79,곤드레밥정식,37.47326405,128.7262729
539,통나무가든,한식,강원도 정선군 정선읍 가리왕산로 621,"백숙, 닭도리탕",37.381216,128.6082114
540,동광식당,한식,강원도 정선군 정선읍 녹송1길 27,황기족발,37.3841165,128.6718638
541,정선면옥,한식,강원도 정선군 정선읍 봉양5길 35,장칼국수,37.379524,128.6628155
542,짐포리식당,한식,강원도 정선군 정선읍 세대길 234,민물매운탕,37.3822078,128.6129364
543,싸리골식당,한식,강원도 정선군 정선읍 정선로 1312,곤드레나물밥,37.3528342,128.5722044
544,내대리막국수,한식,강원도 철원군 갈말읍 내대1길 29-10,막국수,38.20149946,127.2981636
545,남대천황가네매운탕,한식,강원도 철원군 갈말읍 군탄로 41,매운탕,38.14924655,127.3054608
546,철원막국수,한식,강원도 철원군 갈말읍 명성로158번길 13,막국수,38.1465418,127.3113089
547,정원본가,한식,강원도 철원군 갈말읍 삼부연로18번길 27,돼지갈비,38.1448921,127.3100784
548,동주산성,한식,강원도 철원군 갈말읍 호국로 4507,갈비탕,38.1718822,127.3228614
549,민통선 한우촌,한식,강원도 철원군 갈말읍 호국로 4987,갈비탕,38.1718822,127.3228614
550,전선휴게소,한식,강원도 철원군 김화읍 금강산로 2012,메기매운탕,38.3007671,127.3578172
551,모가,한식,강원도 철원군 김화읍 청양로 206-1,한식,38.2472722,127.399208
552,솔향기,한식,강원도 철원군 동송읍 금학로 31-10,만두전골,38.19294594,127.2266807
553,함지박오리숯불구이,한식,강원도 철원군 동송읍 금학로229번길 6-8,오리구이,38.20905579,127.2168952
554,농부네,퓨전,강원도 철원군 동송읍 오덕로 235-1,샤브샤브,38.2331446,127.2410329
555,평강 토종닭,한식,강원도 철원군 철원읍 대마1길 34-60,닭백숙,38.26531717,127.1648409
556,도원뚝배기짬뽕,중식,강원도 춘천시 동내면 거두택지길 65-9,짬뽕,37.8546107,127.7573691
557,장가네더덕밥,한식,강원도 춘천시 동면 소양강로 202,한정식,37.907434,127.7490455
558,얼사랑홍삼청국장,한식,강원도 춘천시 동면 구룡당길 45,홍삼청국장,37.9007536,127.7899076
559,콩사랑마을,한식,강원도 춘천시 동내면 거두택지길 65-7,두부전골,37.85586,127.7585099
560,보릿고개,한식,강원도 춘천시 동면 서부대성로 483,보리밥정식,37.8719183,127.7626193
561,대룡산막국수,한식,강원도 춘천시 동내면 동내로 181,막국수,37.8493427,127.7551744
562,금대골,한식,강원도 춘천시 동면 금촌로 250-1,두루치기,37.8707879,127.7819597
563,진미닭갈비,한식,강원도 춘천시 백령로 51,닭갈비,37.8783428,127.7506619
564,유포리막국수,한식,강원도 춘천시 신북읍 맥국2길 123,"막국수, 편육 ",37.9378613,127.7781804
565,토담,한식,강원도 춘천시 신북읍 신샘밭로 662,닭갈비,37.9492188,127.8150299
566,가보자순대국,한식,강원도 춘천시 신북읍 율문2길 11,순대국밥,37.9270223,127.7464872
567,초가뭉텅찌개,한식,강원도 춘천시 신북읍 율문길107-1,뭉텅찌개,37.92498364,127.7496654
568,홍골솔밭집,한식,강원도 춘천시 신숭겸로 272-93,두부찌개,37.8967909,127.6707037
569,위도횟집,한식,강원도 춘천시 옥산포길 39-1,메기매운탕,37.9247319,127.7227127
570,1.5닭갈비,한식,강원도 춘천시 후만로 77,닭갈비,37.8763832,127.7547236
571,우성닭갈비,한식,강원도 춘천시 동면 만천양지길 87,닭갈비,37.8885554,127.7679513
572,부안막국수,한식,강원도 춘천시 후석로344번길 8,막국수,37.8822215,127.750814
573,대풍삼계탕,한식,강원도 태백시 먹거리1길 21,삼계탕,37.1739982,128.989384
574,황가네숯불구이,한식,강원도 태백시 번영로 209,백반,37.1650144,128.9853551
575,고향이야기,한식,강원도 평창군 대관령면 눈마을길 9,곤드레밥,37.670582,128.7100321
576,영진이네,한식,강원도 평창군 대화면 대화중앙1길 6,염소탕,37.4948884,128.4581067
577,영춘가든,한식,강원도 평창군 미탄면 서동로 3591-10,옻백숙,37.3423413,128.49087
578,거기매운탕,한식,강원도 평창군 방림면 평창대로 158-4,매운탕,37.4413467,128.4295407
579,다키닥팜,한식,강원도 평창군 봉평면 금당계곡로 1731-5,오리구이,37.5259719,128.3954142
580,늘봄먹거리,한식,강원도 평창군 봉평면 장촌길 3,메밀싹비빔밥,37.61302616,128.3788832
581,운두령,한식,강원도 평창군 용평면 운두령로 825,송어회,37.6378551,128.4959684
582,고바우식당,한식,강원도 평창군 진부면 청송로 90-1,밀면,37.636448,128.5526477
583,스쿨카페한입,한식,강원도 평창군 평창읍 노람들길 123-1,한강라면,37.3702678,128.4033189
584,메밀마을,한식,강원도 홍천군 동면 사락골길 24-2,메밀총떡,37.67398358,127.9442126
585,꽃골,한식,강원도 홍천군 동면 속초리 268-3,녹두삼계탕,37.6705171,127.9581632
586,원골,한식,강원도 홍천군 북방면 영서로 2996,곤드레밥,37.6870583,127.8573166
587,솔향기,한식,강원도 홍천군 북방면 영서로 3012,"뽕잎밥, 간장게장",37.6870583,127.8573166
588,원소리막국수,한식,강원도 홍천군 북방면 팔봉산로 1866,"막국수, 두부전골",37.7382782,127.814742
589,홍천사랑말한우,한식,강원도 홍천군 북방면 홍천로 13-5,한우구이,37.692078,127.8655544
590,금수강산막국수,한식,강원도 홍천군 서면 한치골길 785,막국수,37.7008815,127.6955488
591,홍천순대,한식,강원도 홍천군 서석면 풍암리 271-12,"순대국, 염소탕",37.7147769,128.1856082
592,옛날솥뚜껑감자탕,한식,강원도 홍천군 홍천읍 무궁화로 91-1,뼈다귀해장국,37.6882529,127.8795353
593,웰빙칼국수,한식,강원도 홍천군 홍천읍 신장대로 45-6,추어칼국수,37.6903109,127.8820176
594,양지말화로구이,한식,강원도 홍천군 홍천읍 양지말길 17-4,"돼지구이, 양념갈비",37.6594201,127.8319656
595,길매식당,한식,강원도 홍천군 화촌면 구룡령로 214-3,잣두부전골,37.7325573,128.1119231
596,신토불이,한식,강원도 홍천군 화촌면 굴운로75번길 20-5,고등어두부구이,37.73605312,127.9502751
597,성산식당,한식,강원도 홍천군 화촌면 성산로 156,제육볶음,37.7664467,127.9615188
599,뽀야네식당,한식,강원도 화천군 상서면 구둔지길 59,보리밥,38.11489331,127.6814834
600,웰빙오골계세상,한식,강원도 화천군 화천읍 가손이길 43,"오골계, 닭백숙",38.10059205,127.7255345
601,향토보리밥,한식,강원도 화천군 화천읍 중앙로6길 20,"닭볶음탕, 보리밥 ",38.1032933,127.7057643
602,옛골식당,한식,강원도 화천군 화천읍 중앙로4길 13-3,외도리탕,38.1037427,127.7052689
603,낭천가든,한식,강원도 화천군 화천읍 중앙로6길 21-9,오리백숙,38.1032933,127.7057643
604,대이리쉼터,한식,강원도 화천군 화천읍 평화로 431,메기매운탕,38.2260381,127.8337541
605,성원,한식,강원도 화천군 화천읍 하리 45-6,돼지고기김치찌개,38.1032755,127.6994658
606,대청마루,한식,강원도 화천군 화천읍 하리 47-12,곤드레돌솥밥,38.1032755,127.6994658
607,쌍둥이네미꾸라지탕,한식,강원도 횡성군 공근면 공근남로 37,미꾸라지탕,37.533698,127.96675
608,순이해장국,한식,강원도 횡성군 안흥면 안흥로 40,추어칼국수,37.4129894,128.1575535
609,전양옥 진소매운탕,한식,강원도 횡성군 안흥면 주천강로안흥2길 19-10,진소어탕칼국수,37.40173585,128.1484618
610,횡성한우마을,한식,강원도 횡성군 우천면 수남로 348,한우구이,37.459687,128.064223
611,네덜란드 꿩만두,한식,강원도 횡성군 우천면 한우로우항7길 12,만두국,37.45138919,128.0743531
612,횡성보양식청하카페,한식,강원도 횡성군 횡성읍 문예로 11,능이백숙,37.4859911,127.972059
613,횡성한우곰탕,한식,강원도 횡성군 횡성읍 문화체육로 40,"한우곰탕, 설렁탕 ",37.4945967,127.9936695
614,운동장해장국,한식,강원도 횡성군 횡성읍 삼일로 79,한우해장국,37.4931853,127.9863273
615,이모네칼국수,한식,강원도 횡성군 횡성읍 읍하북로 40,장칼국수,37.4952591,127.9885366
616,선돌막국수,한식,강원도 횡성군 횡성읍 입석로 34,"칼국수, 만두국",37.479718,127.982288
617,고네미막국수,한식,강원도 횡성군 횡성읍 한우로 765-2,건진국수,37.4869556,128.0025357
618,박현자네더덕밥,한식,강원도 횡성군 횡성읍 횡성로 59,더덕정식,37.4594644,127.9759298
619,팔도강산매운탕,한식,충청북도 괴산군 괴산읍 괴강로느티울길 32,민물매운탕,36.80306267,127.8204407
620,우리매운탕,한식,충청북도 괴산군 괴산읍 괴강로느티울길 8-2,"잡어매운탕, 메기매운탕",36.805151,127.8192414
621,주차장식당,한식,충청북도 괴산군 괴산읍 읍내로 282,올갱이해장국,36.8098802,127.7950299
622,중앙닭집,한식,충청북도 괴산군 괴산읍 읍내로 319,삼계탕,36.8098802,127.7950299
623,청풍면옥,한식,충청북도 괴산군 괴산읍 읍내로2길 42,"냉면, 만두",36.809029,127.7928237
624,산들가든,한식,충청북도 괴산군 문광면 모래재로 1241,야채수제비,36.7954629,127.7415563
625,목도매운탕,한식,충청북도 괴산군 불정면 문무로 901,매운탕,36.8531387,127.8310106
626,한도니랑정육식당,한식,충청북도 괴산군 사리면 사리로 226-5,짜글이,36.8063007,127.6460172
627,토속정,한식,충청북도 괴산군 청천면 괴산로 1332,올갱이해장국,36.6599412,127.7382616
628,사나이짬뽕,중식,충청북도 괴산군 청천면 송문로덕평길 26,짬뽕,36.7338055,127.8066085
629,형제식당,한식,충청북도 괴산군 칠성면 미선로 3,묵밥,36.7841844,127.9061941
630,향산휴게소식당,한식,충청북도 단양군 가곡면 남한강로 1004,닭도리탕,37.0541944,128.4162329
631,소백산더덕동동주매운칼국수,한식,충청북도 단양군 단양읍 고수동굴길 3-11,칼국수,36.98760515,128.3817309
632,대산원조마늘순대,한식,충청북도 단양군 단양읍 도전5길 25 1층,순대국밥,36.98200532,128.369911
633,경주식당,한식,충청북도 단양군 단양읍 도전6길 14,복매운탕,36.9806735,128.3701309
634,미성명가,한식,충청북도 단양군 단양읍 별곡4길 4,닭갈비,36.9841773,128.3687459
635,장다리식당,한식,충청북도 단양군 단양읍 삼봉로 370,마늘정식,36.9934229,128.354366
636,전원회관,한식,충청북도 단양군 단양읍 중앙1로 42,떡갈비,36.9852789,128.3655451
637,한일맛집,한식,충청북도 단양군 매포읍 평동14길 30,단양마늘찜닭,37.0319674,128.3028673
638,향미식당,한식,충청북도 단양군 매포읍 평동4길 5,찹쌀탕수육,37.0303557,128.303438
639,감천매운탕,한식,충청북도 단양군 영춘면 강변로 95,매운탕,37.0743325,128.4868007
640,능이칼국수,한식,충청북도 보은군 보은읍 성족2길 41,칼국수,36.51184828,127.7571418
641,신촌가든,한식,충청북도 보은군 보은읍 장신4길 9-1,버섯찌개,36.4823624,127.712959
642,석정,한식,충청북도 보은군 속리산면 법주사로 272,"능이전골, 능이해장국",36.5308049,127.8215381
643,금바우가든,한식,충청북도 보은군 속리산면 사내1길 175-4,송이백숙,36.538132,127.8215675
644,경희식당,한식,충청북도 보은군 속리산면 사내7길 11-4,한정식,36.5322801,127.8222366
645,로터스블로썸,퓨전,충청북도 보은군 속리산면 상판리 9-1,대추라떼,36.5307199,127.8190388
646,금강식당,한식,충청북도 보은군 탄부면 하장3길 4,백반,36.4327394,127.7994058
647,청학동,한식,충청북도 영동군 상촌면 민주지산로 3013,능이버섯전골,36.14841083,127.9144211
648,폭포가든,한식,충청북도 영동군 심천면 옥계폭포길 144,"우렁쌈장, 우렁된장찌개",36.214608,127.6876814
649,가선식당,한식,충청북도 영동군 양산면 금강로 760,어죽,36.1273144,127.6425539
650,삼미가든,한식,충청북도 영동군 영동읍 구교로 32-28,오리백숙,36.1754266,127.7808883
651,이수한우영농조합법인,한식,충청북도 영동군 영동읍 난계로 1108,갈비탕,36.1736327,127.7738387
652,왕도야지족발,한식,충청북도 영동군 영동읍 영동천2길 17,족발,36.1699585,127.786914
653,신라,한식,충청북도 영동군 영동읍 회동로1길 8,쌈밥정식,36.16978419,127.8078584
654,한가네행복한오리,한식,충청북도 영동군 용산면 용산로1길 24,오리주물럭,36.25750868,127.8314838
655,안성식당,한식,충청북도 영동군 황간면 영동황간로 1618,올뱅이국밥,36.2259671,127.9025247
656,황간낙지,한식,충청북도 영동군 황간면 영동황간로 1688,낙지볶음,36.2260081,127.901727
657,강산가든,한식,충청북도 영동군 황간면 월류봉길 45,민물매운탕,36.234157,127.8898582
658,소정마을,한식,충청북도 옥천군 옥천읍 성왕로 1313-1,황태구이,36.3119043,127.5689415
659,우리밀손칼국수,한식,충청북도 옥천군 군북면 소정2길 6-1,"우리밀칼국수,보리밥",36.35541518,127.5963862
660,일미해장국,한식,충청북도 옥천군 옥천읍 금장로 105,"해장국,해제비",36.2965414,127.5748198
661,옥천초량순대,한식,충청북도 옥천군 옥천읍 금장로 22,"순대국, 수육",36.2965414,127.5748198
662,대박집,한식,충청북도 옥천군 옥천읍 성왕로 1250,생선국밥,36.3128573,127.5725092
663,수반쭈꾸미,한식,충청북도 옥천군 옥천읍 향수1길 19-23,쭈꾸미정식,36.31287461,127.5798635
664,옥천묵집,한식,충청북도 옥천군 옥천읍 향수7길 8,묵밥,36.3152433,127.5829786
665,선광집,한식,충청북도 옥천군 청산면 지전1길 26,"생선국수, 생선튀김",36.3458697,127.7923025
666,찐한식당,한식,충청북도 옥천군 청산면 지전길 14,생선국수,36.3465893,127.7917269
667,정통의정부부대찌개,한식,충청북도 음성군 금왕읍 금일로 391,부대찌개,36.9923796,127.5754567
668,고향순대,한식,충청북도 음성군 금왕읍 음성로 1197,순대국,36.99588168,127.5984432
669,오선식당,한식,충청북도 음성군 금왕읍 초금로 740,"제육볶음, 백반",36.9779862,127.5638803
670,원조생극해장국본점,한식,충청북도 음성군 생극면 음성로 1683-1,내장탕,37.0481075,127.6024573
671,미감손칼국수,한식,충청북도 음성군 음성읍 문화길 15-1,칼국수,36.9376189,127.6934956
672,우레정,한식,충청북도 음성군 음성읍 시장로 118,두루치기,36.9369379,127.6918915
673,진명식당,한식,충청북도 음성군 음성읍 용광로 24,김치찌개,36.9435109,127.6871684
675,하마가든,한식,충청북도 제천시 금성면 신담길 214-9,닭볶음탕,37.0566842,128.1792418
676,장수식당,한식,충청북도 제천시 덕산면 약초로 115,능이버섯짜글이,36.8942159,128.1865008
677,산아래,한식,충청북도 제천시 봉양읍 앞산로 174,약초쌈밥,37.1294612,128.1220906
678,미당한방막국수,한식,충청북도 제천시 봉양읍 용두대로34길 26,막국수,37.15970268,128.1630364
679,시인과농부,한식,충청북도 제천시 봉양읍 용두대로 760,곤드레밥,37.1496291,128.1251374
680,대보명가,한식,충청북도 제천시 용두대로 287,"제천약초밥상, 약초떡갈비",37.1554874,128.180928
681,옛날순두부,한식,충청북도 제천시 중말2길 21,"두부전골, 순두부",37.12955707,128.2497556
682,시골순두부,한식,충청북도 제천시 중말8길 22,"순두부, 산초·들기름두부구이",37.13049997,128.2544033
683,미소닭갈비,한식,충청북도 제천시 청전대로15길 10,닭갈비,37.1555613,128.2133885
684,청풍명월,한식,충청북도 제천시 청풍면 청풍호로58길 10-4,우렁쌈밥,36.9979741,128.1667123
685,우리식당,한식,충청북도 제천시 한수면 미륵송계로8길 12,자연산버섯전골,36.8850315,128.08018
686,태화식당,한식,충청북도 증평군 증평읍 삼보로7길 33,염소탕,36.7823129,127.5785186
687,평창메밀,한식,충청북도 증평군 증평읍 삼일로 9,"막국수, 묵밥",36.7794695,127.5811427
688,보금,한식,충청북도 진천군 광혜원면 화랑5길 25,삼겹살,36.992751,127.438577
689,곰가내,한식,충청북도 진천군 백곡면 백곡로 835-8,쌀밥정식,36.8837107,127.3755584
690,새울목오리탕,한식,충청북도 진천군 이월면 화산동길 16,오리탕,36.937654,127.4066329
691,근호 손칼국수,한식,충청북도 진천군 진천읍 문화로 38-1,칼국수,36.8500549,127.4431031
692,진해횟집,한식,충청북도 진천군 진천읍 백사천길 41,물회,36.86054991,127.4442824
693,청해식당,한식,충청북도 진천군 진천읍 원덕로 390,손칼국수,36.8515518,127.448123
694,남노,한식,충청북도 진천군 진천읍 중앙동로 136,"찌개, 전골",36.863872,127.4432191
695,사또가든,한식,충청북도 진천군 초평면 금오길 55,"붕어찜, 새뱅이찌개",36.80932047,127.5107387
696,송애집,한식,충청북도 진천군 초평면 초평로 1051-5,붕어찜,36.845497,127.5187973
697,쌍곡자연산버섯,한식,충청북도 청원군 오창읍 구룡택지로 17,"버섯전골, 오리백숙",36.70940861,127.4131591
698,한식경,한식,충청북도 청주시 과상미로83번길 16,버섯찌개,36.6470751,127.460854
699,서문우동,한식,충청북도 청주시 상당구 무심동로392번길 8,"우동,빵",36.6355787,127.4854028
700,경주집버섯찌개,한식,충청북도 청주시 상당구 남사로93번길 21,버섯찌개,36.6327345,127.4858212
701,쭈꾸미애,한식,충청북도 청주시 상당구 낭성면 산성로 1037,쭈꾸미덮밥,36.622439,127.625586
702,산동성,중식,충청북도 청주시 상당구 단재로 2364,유니짜장,36.5833615,127.5946659
703,옛길어죽,한식,충청북도 청주시 상당구 명암로 511,어죽국수,36.6538137,127.5399385
704,부부농장,한식,충청북도 청주시 상당구 문의면 대청호반로 834-1,고추장삼겹살,36.5182415,127.500914
705,고향식당,한식,충청북도 청주시 상당구 미원면 미원시내2길 8,"올갱이해장국, 올갱이무침",36.6320602,127.6539625
706,상당집,한식,충청북도 청주시 상당구 성내로118번길 1,비지장,36.66351734,127.5423591
708,두레,한식,충청북도 청주시 서원구 남이면 남이외천길 21,"가마구이, 생선구이",36.55288423,127.4297247
709,초가정,한식,충청북도 청주시 서원구 남이면 청남로 1403-31,청국장,36.5622359,127.4461866
710,산야초하수오삼계탕,한식,충청북도 청주시 서원구 두꺼비로70번길 85,"삼계탕, 백숙",36.6108391,127.4673054
711,개신동해장국,한식,충청북도 청주시 서원구 모충로 16,해장국,36.6250408,127.4671641
712,신흥각,한식,충청북도 청주시 서원구 사직대로201번길 9-15,꿩칼국수,36.6359178,127.4702942
713,풍차쭈꾸미,한식,충청북도 청주시 서원구 용평로113번길 23,쭈꾸미볶음,36.60507487,127.488307
714,용궁해물칼국수,한식,충청북도 청주시 청원구 내수읍 청암로 119,해물칼국수,36.7242858,127.5376004
715,청일가든,한식,충청북도 청주시 청원구 내수읍 미원초정로 1302,오리백숙,36.71609301,127.6033549
716,타이어하우스,한식,충청북도 청주시 청원구 북이면 신대석성로 116,어죽국수,36.7395112,127.5416493
717,대추나무집,한식,충청북도 청주시 청원구 사천로18번길 5,짜글이 찌개,36.6785467,127.4806347
718,봉용불고기,한식,충청북도 청주시 청원구 중앙로 108,양념삽겹살,36.6542173,127.4871958
719,반암막국수,한식,충청북도 청주시 청원구 오창읍 성산2길 20,막국수와 닭볶음탕,36.74141782,127.4247075
720,덤블식당,한식,충청북도 청주시 청원구 향군로31번길 32,"된장찌개, 김치찌개",36.6480872,127.4858868
721,본궁석갈비,한식,충청북도 청주시 흥덕구 가포산로 197,석갈비,36.6170071,127.4146325
722,대명도리탕,한식,충청북도 청주시 흥덕구 백봉로 188-1,닭도리탕,36.6493803,127.4447023
723,우향,한식,충청북도 청주시 흥덕구 예체로 171,"불고기, 갈비탕",36.6392613,127.4689683
724,산정칡냉면,한식,충청북도 청주시 흥덕구 풍산로33번길 11,냉면,36.6276566,127.4335768
725,중앙탑메밀마당,한식,충청북도 충주시 중앙탑면 중앙탑길 103,메밀막국수,37.0262676,127.8595234
726,버드나무집,한식,충청북도 충주시 금가면 경촌1길 2,황태구이정식,37.04312141,127.9265408
727,육미천하,한식,충청북도 충주시 노은면 연화2길 10,"더덕구이, 사슴탕",37.04509443,127.7627594
728,다래식당,한식,충청북도 충주시 산척면 동산로 676,손두부 코다리찜,37.07781823,127.9604401
729,황금횟집,한식,충청북도 충주시 샘골길 13,비빔회덮밥,36.9659669,127.9531392
730,양순이네,한식,충청북도 충주시 앙성면 가곡로 953-11,가오리찜,37.1088237,127.7498577
731,실비집,한식,충청북도 충주시 엄정면 새동네1길 7-24,참매자조림,37.07986289,127.8926569
732,숲사랑,한식,충청북도 충주시 응골4길 27-18,해물닭볶음탕,36.9972951,127.9307744
733,덕산순대,한식,충청북도 충주시 충인8길 4-2,"국밥, 순대, 김치만두",36.9749442,127.930075
734,홍콩삼겹살,한식,대전광역시 대덕구 계족산로81번길 11,삼겹살,36.3661412,127.4375582
735,초가랑,한식,대전광역시 대덕구 대청호수로1326번길 70-29,장아찌밥상,36.4131399,127.4656742
736,샘골농장,한식,대전광역시 동구 대청호수로428번길 99,"장어, 붕어찜, 매운탕",36.3632848,127.4809188
737,진수성찬,한식,대전광역시 동구 백룡로 29,백반,36.3332039,127.4549639
738,장충동할머니왕족발보쌈,한식,대전광역시 동구 백룡로75-43,"족발,막국수",36.3341902,127.4552514
739,두부요리콩밭,한식,대전광역시 동구 세천공원로 51,손두부요리 및 흑염소,36.3306952,127.4817083
740,오씨칼국수,한식,대전광역시 동구 옛신탄진로 13,"물총, 칼국수",36.3419032,127.4253492
741,원미면옥,한식,대전광역시 동구 옥천로 421,"냉면, 비빔냉면",36.3221715,127.4433005
742,소담애,한식,대전광역시 서구 계룡로509번길 45,"족발, 보쌈",36.345529,127.3826943
743,미세노센세,퓨전,대전광역시 서구 계룡로553번안길 65,카레,36.345978,127.3872137
744,갯벌바지락칼국수,한식,대전광역시 서구 괴정로 71-1,바지락칼국수,36.3407871,127.3800171
745,소나무풍경,한식,대전광역시 서구 괴정로116번길 42,곰탕,36.336671,127.3844641
746,동방명주,한식,대전광역시 서구 문예로 15,"사천탕면, 짬뽕",36.3545077,127.3900084
747,문정로설렁탕,한식,대전광역시 서구 문정로 40번길 64,"설렁탕, 갈비탕",36.3436628,127.383446
748,공주칼국수,한식,대전광역시 서구 용문로 32,"칼국수, 주꾸미구이",36.3395831,127.3872613
749,금평식당,한식,대전광역시 서구 장안로 53,"추어탕, 미꾸라지튀김",36.2094171,127.3386978
750,일당감자탕,한식,대전광역시 유성구 계룡로59번길 36,감자탕,36.355749,127.3378232
751,궁중보쌈,한식,대전광역시 유성구 계룡로46번길 26,"족발, 보쌈",36.3531493,127.3351382
752,솔밭묵집,한식,대전광역시 유성구 관용로 51,"묵사발, 보리밥",36.4147927,127.3820215
753,산골묵집,한식,대전광역시 유성구 관용로63번길 47,"묵무침, 묵사발",36.414931,127.3840706
754,남자만추어탕,한식,대전광역시 유성구 구룡달전로 62,추어탕,36.4402043,127.3836366
756,토종칼국수,한식,대전광역시 유성구 노은서로 61,"칼국수, 족발",36.3804636,127.3165403
757,권인순갈비김치찌개,한식,대전광역시 유성구 노은서로76번길 75-5,갈비김치찌개,36.3673144,127.3154656
758,황태고을,한식,대전광역시 유성구 문화원로 153,황태진국,36.3593755,127.3437084
759,방동선촌,한식,대전광역시 유성구 성북로 64,"매운탕, 붕어찜, 선촌탕",36.3123256,127.2910008
760,신선매운탕,한식,대전광역시 유성구 성북로 74,"메기탕, 새우탕",36.2888496,127.3055687
761,수통골감나무집,한식,대전광역시 유성구 수통골로 69,오리수육,36.3456259,127.2933515
762,쌈촌오리,한식,대전광역시 유성구 지족로349번길 72,"쌈밥, 오리로스",36.3872712,127.3173257
763,신대산식당,한식,대전광역시 유성구 진잠로106번길 66,"영양탕, 삼계탕",36.3011793,127.316427
764,한마음냉면,한식,대전광역시 유성구 진잠로70번길 41,"김치비빔면, 평양냉면",36.2983194,127.3182431
765,고향흑염소,한식,대전광역시 유성구 한밭대로 266-11,흑염소 전골,36.3633543,127.3406105
766,숯골원냉면,한식,대전광역시 유성구 현충원로 173,"냉면, 백숙",36.3594122,127.3243557
767,알밤가든,한식,대전광역시 유성구 현충원로 401-9,약오리,36.3592593,127.3152647
768,이조,한식,대전광역시 중구 당디로 12,"영양돌솥밥, 백반",36.3125423,127.3921145
769,월산본가,한식,대전광역시 중구 대종로 455,"냉면, 갈비탕",36.3018375,127.452074
770,성심당,퓨전,대전광역시 중구 대종로480번길 15,"튀김소보로, 부추빵",36.3277332,127.4273309
771,별뜨는집,한식,대전광역시 중구 보문로162번길 66,"고등어, 갈치조림",36.3187847,127.4284235
772,반찬식당,한식,대전광역시 중구 보문산공원로 484,"보리밥, 파전",36.3153049,127.4240449
773,선화콩나물밥,한식,대전광역시 중구 선화로119번길 33,"콩나물밥, 육회",36.3310653,127.4199903
774,우리숯불꼼장어닭발,한식,대전광역시 중구 수침로 94,"숯불풍천장어, 닭발",36.3241872,127.4013296
776,죽림,한식,세종특별자치시 금남면 바람재로 151-7,한우암소숯불구이,36.4492191,127.3234056
777,초정약수식당,한식,세종특별자치시 금남면 초정길 37,백숙,36.48215526,127.3380483
778,연비정가든,한식,세종특별자치시 금남면 초정길 69,닭볶음탕,36.48340698,127.3386772
779,산장가든,한식,세종특별자치시 연서면 도신고복로 1131-7,석갈비,36.5930606,127.2605059
780,도가네매운탕,한식,세종특별자치시 연서면 도신고복로 585,메기매운탕,36.599961,127.2270346
781,봉서골,한식,세종특별자치시 연서면 봉암길 119-9,염소전골,36.5615458,127.2828335
782,강촌매운탕,한식,세종특별자치시 장군면 영평사길 3-30,매운탕,36.4753139,127.2379813
783,도랫말옛보리밥,한식,세종특별자치시 전의면 동신길 2,보리밥정식,36.6836194,127.2120256
784,고향맛집,한식,충청남도 계룡시 엄사면 배울길 97,동태찌게,36.25951134,127.211482
785,진흥각,중식,충청남도 공주시 감영길 20,짬뽕,36.4528093,127.1222414
786,금강관,한식,충청남도 공주시 관광단지길 12,보리굴비,36.4657191,127.1086116
787,시골손칼국수,한식,충청남도 공주시 먹자1길 19,칼국수,36.4555657,127.1233827
788,시장정육점식당,한식,충청남도 공주시 백미고을길 10-5,"알밤육회비빔밥, 갈비탕",36.4654521,127.1215209
789,퓨전일식해상공원,한식,충청남도 공주시 백미고을길 17-14,회정식,36.4654521,127.1215209
790,매향,한식,충청남도 공주시 백미고을길 18,"맷돌평양냉면, 메밀막국수",36.4654521,127.1215209
791,곰골식당,한식,충청남도 공주시 봉황산1길 1-2,생선구이,36.4500251,127.1177669
792,인삼장어백탄구이,한식,충청남도 금산군 금산읍 군청3길 7,인삼장어,36.1090312,127.4854879
793,박가네집,한식,충청남도 금산군 금산읍 남사직6길 33,소고기,36.1078779,127.4788654
794,귀빈식당,한식,충청남도 금산군 금산읍 뒷담말길 36,청국장정식,36.1044144,127.4900089
795,토담골,한식,충청남도 금산군 금산읍 비단로 396,굴비정식,36.1103252,127.4905655
796,묵집도토리칼국수,한식,충청남도 금산군 복수면 복수로 93,묵밥,36.2246759,127.3757687
797,금산관광농원,한식,충청남도 금산군 제원면 금강로 286-8,어죽,36.1107722,127.5443822
798,골목추어탕,한식,충청남도 금산군 추부면 상마전길 9-3,추어탕,36.19244121,127.4665324
799,평매매운탕,한식,충청남도 논산시 가야곡면 산노1길 89-21,민물매운탕,36.17014156,127.1798794
800,황산식당,한식,충청남도 논산시 강경읍 옥녀봉로35번길 7,복매운탕,36.1613353,127.016095
801,태평식당,한식,충청남도 논산시 강경읍 옥녀봉로35번길 9,복매운탕,36.1613353,127.016095
802,천평순대,한식,충청남도 논산시 관촉로 113-7,순대국밥,36.2046076,127.0915323
803,샘골가든,한식,충청남도 논산시 광석면 논산평야로 856-6,삼계탕,36.2311023,127.0956897
804,광석집,한식,충청남도 논산시 광석면 장마루로 183-6,보신탕,36.2439454,127.0836006
805,천안문,중식,충청남도 논산시 관촉로31번길 36-1,짬뽕,36.19181622,127.1134063
806,안천매운탕,한식,충청남도 논산시 부적면 부적로 619,민물매운탕,36.1856501,127.1595037
807,신풍매운탕,한식,충청남도 논산시 부적면 신풍길 84-15,민물매운탕,36.18128817,127.177855
808,고향식당,한식,충청남도 논산시 연산면 선비로 317,도가니탕,36.2156123,127.211806
809,은진손칼국수,한식,충청남도 논산시 은진면 매죽헌로25번길 8,칼국수,36.1669081,127.1065028
810,태능초가집갈비,한식,충청남도 논산시 중앙로 398번길 7-7,돼지갈비,36.20047165,127.0892429
811,반월소바,일식,충청남도 논산시 해월로 132,"소바, 돈까스",36.2092119,127.0965056
812,진관삼거리식당,한식,충청남도 당진시 고대면 항곡로 321,콩국수,36.91550499,126.6057373
813,하루가,한식,충청남도 당진시 구봉로 101-98,암퇘지구이,36.9132287,126.6564865
814,김가면옥,한식,충청남도 당진시 면천면 면천로 663-11,콩국수,36.8198526,126.6536564
815,딸부자집,한식,충청남도 당진시 면천면 면천로 844-4,어죽,36.8198526,126.6536564
816,마리스포,퓨전,충청남도 당진시 무수동4길 42,쌀국수,36.8926429,126.6379045
817,제일꽃게장,한식,충청남도 당진시 백암로 246,게장백반,36.886548,126.6229322
818,석문손짜장마을,중식,충청남도 당진시 석문면 대호로 1561-1,짬뽕,37.0090863,126.5292382
819,우렁이박사,한식,충청남도 당진시 신평면 샛터로 7-1,우렁쌈장,36.9023769,126.8025671
820,역내식당,한식,충청남도 당진시 역천로 560,"어죽, 장어",36.8202668,126.6019429
821,자연산미꾸라지,한식,충청남도 당진시 정미면 염솔로 418-1,추어탕,36.8444433,126.5323575
822,장춘닭계장,한식,충청남도 당진시 정안로 50,닭계장,36.9082327,126.6486045
823,일월굴칼국수,한식,충청남도 보령시 대청로 340,굴칼국수,36.3587127,126.6151529
824,성주별난버섯,한식,충청남도 보령시 성주면 성주산로 368-1,숫총각버섯탕,36.3122426,126.6555778
825,우리횟집,한식,충청남도 보령시 오천면 오천해안로 782-12,"회덮밥, 키조개버섯볶음",36.4388627,126.5195354
826,배다리두부촌,한식,충청남도 보령시 주교면 연지리길 334,두부전골,36.39132716,126.5628544
827,봉평산골메밀촌,한식,충청남도 보령시 주교면 울계큰길 449,막국수,36.3972352,126.5704696
828,터가든,한식,충청남도 보령시 천북면 홍보로 666,"굴밥, 굴물회, 굴전",36.49597257,126.5234195
829,3대냉면,한식,충청남도 보령시 청라면 냉풍욕장길 6,냉면,36.38821257,126.6567072
830,바닷가탕집,한식,충청남도 보령시 해안로 417,"간재미탕·무침, 도다리",36.344379,126.5891177
831,터전,한식,충청남도 부여군 규암면 흥수로 771,"청국장, 돼지두루치기",36.272477,126.867575
832,왕성식당,한식,충청남도 부여군 부여읍 궁남로 6,갈치조림,36.2743981,126.9126859
833,솔내음,한식,충청남도 부여군 부여읍 나루터로 39,연잎정식,36.2861263,126.909098
834,장원막국수,한식,충청남도 부여군 부여읍 나루터로62번길 20,막국수,36.28921102,126.9088274
835,강촌우렁이,한식,충청남도 부여군 부여읍 부장대로 38,우렁쌈밥,36.278449,126.9075881
836,연꽃이야기,한식,충청남도 부여군 부여읍 성왕로 22,연잎덮밥,36.2831286,126.9183959
837,백제고을누룽지백숙,한식,충청남도 부여군 부여읍 정림로 96-11,누룽지백숙,36.2782887,126.9167595
838,시골통닭,한식,충청남도 부여군 부여읍 중앙로5번길 14-9,통닭,36.2826408,126.9116707
839,광명식당,한식,충청남도 부여군 외산면 무량로 192,표고버섯덮밥,36.3053293,126.702645
840,진국집,한식,충청남도 서산시 관아문길 19-10,게국지,36.7797333,126.4525645
841,집으로횟집,한식,충청남도 서산시 대산읍 삼길포1로 165-1,아나고찌개,37.00695378,126.4428014
842,산아구,한식,충청남도 서산시 율지12길 6,"아구찜, 탕",36.7828933,126.4617874
843,향토,한식,충청남도 서산시 율지18로 18,간장 꽃게장,36.7780786,126.4646608
844,서산꽃게장,한식,충청남도 서산시 한마음5로 92,게장정식,36.7753876,126.4583199
845,영성각,중식,충청남도 서산시 해미면 남문1로 40-1,"짬뽕, 짜장면",36.710361,126.5463508
846,읍성 뚝배기,한식,충청남도 서산시 해미면 읍성마을1길 7-7,곰탕,36.7113791,126.5461916
847,맛이나식당,한식,충청남도 서산시 해미면 읍성마을1길 16-1,돼지찌개,36.7113791,126.5461916
848,신창어죽,한식,충청남도 서산시 해미면 해운로 141,어죽,36.73021,126.5558235
849,얼큰이칼국수,한식,충청남도 공주시 의당로 78,칼국수,36.490958,127.1352714
850,대성식당,한식,충청남도 서천군 서면 신월길 10,쫄복탕,36.15257503,126.5511929
851,신옛집,한식,충청남도 서천군 서천읍 군청로 8,생선구이,36.0754906,126.6905661
852,민속회관,한식,충청남도 서천군 서천읍 충절로29번길 22,백반,36.0776986,126.686675
853,경남식당,한식,충청남도 서천군 장항읍 장산로 304-11,대구탕,36.0079663,126.7058189
854,진미식당,한식,충청남도 서천군 판교면 종판로 885,"콩국수, 막국수",36.1541289,126.6728293
855,행운식당,한식,충청남도 서천군 한산면 한산모시길 46,홍어찌개,36.0856181,126.8032432
856,금강식당,한식,충청남도 서천군 화양면 옥포길8번길 5,우어회백반,36.0373408,126.7824147
857,식탁,한식,충청남도 아산시 번영로 113-1,오삼불고기,36.7853141,127.0076764
858,붕어마을,한식,충청남도 아산시 송악면 송악로 647,붕어찜,36.7236035,127.0008257
859,카페 브리드,카페,충청남도 아산시 신정로 486,앙버터,36.7642965,126.9744097
860,연춘식당,한식,충청남도 아산시 신정호길 67,장어구이,36.7698007,126.9709765
861,북한강쭈꾸미,한식,충청남도 아산시 신창면 신정호길 266,쭈꾸미,36.76150963,126.9669091
862,미성삼색장어,한식,충청남도 아산시 염치읍 방현서길 2,어죽,36.8176379,127.0050134
863,옴팡집추어탕,한식,충청남도 아산시 온주길16번길 29-4,추어탕,36.7563439,127.0194233
864,원조음봉할머니집,한식,충청남도 아산시 음봉면 음봉면로 35,삼계탕,36.8619235,127.027571
865,향촌칼국수,한식,충청남도 아산시 충무로42번길 9,칼국수,36.784651,127.0072406
866,방가삼대뼈얼큰한뼈해장국,한식,충청남도 아산시 탕정면 삼성로 520-9,특뼈다귀해장국,36.8124566,127.0680493
867,고덕갈비,한식,충청남도 예산군 덕산면 덕산온천로 371-8,소갈비구이,36.6875663,126.6541694
868,양어장집,한식,충청남도 예산군 대흥면 신속대야로 32,"메기조림, 탕",36.6149398,126.8149285
869,산마루가든,한식,충청남도 예산군 대흥면 예당긍모로 406,어죽,36.6245779,126.8171408
870,삽교소머리국밥,한식,충청남도 예산군 삽교읍 두리3길 50-4,국밥,36.6876682,126.7398432
871,두꺼비식당,한식,충청남도 예산군 삽교읍 삽교로 80,옛날전통국밥,36.6858529,126.7346209
872,할머니곱창,한식,충청남도 예산군 삽교읍 삽교로 221,돼지곱창,36.6858529,126.7346209
873,동흥대반점,중식,충청남도 예산군 예산읍 예산로 220-1,짜장면,36.6780535,126.8403498
874,향천집,한식,충청남도 예산군 예산읍 향천사로 129,엄나무닭,36.6875924,126.8578936
875,월척오리,한식,충청남도 예산군 응봉면 예당로 1079,오리주물럭,36.6464708,126.773009
876,박속황태칼국수,한식,충청남도 예산군 응봉면 충서로 245,열무막국수,36.6705377,126.7799723
877,내고향칼국수,한식,충청남도 천안시 동남구 광덕면 신흥리2길 60,칼국수,36.7049374,127.11083
878,만나식당,한식,충청남도 천안시 동남구 목천읍 동평3길 194,"청국장, 콩비지",36.7762088,127.2428449
879,박순자아우내순대,한식,충청남도 천안시 동남구 병천면 아우내순대길 47,"순대, 순대국밥",36.7633094,127.300193
880,장수촌,한식,충청남도 천안시 동남구 샛골길 1-6,오리누룽지백숙,36.7849691,127.1698873
881,만나식당,한식,충청남도 천안시 동남구 원성25길 11,명태찌개,36.813713,127.1628187
882,궁전해물칼국수,한식,충청남도 천안시 동남구 원성2교길 21-1,칼국수,36.8035412,127.1572123
883,자매곱창청당점,한식,충청남도 천안시 동남구 청수6로 35-12,소곱창,36.7841001,127.157362
884,뚜쥬루 빵돌가마마을 / 뚜쥬르과자점빵돌가마점,카페,충청남도 천안시 동남구 풍세로 706,"돌가마만주, 거북이빵",36.7732139,127.1392837
885,시골집얼큰한뼈해장국,한식,충청남도 천안시 서북구 봉정로 168-3,뼈다귀해장국,36.8160714,127.1422609
886,삼보어죽 본점 / 삼보삼색장어,한식,충청남도 천안시 서북구 서부8길 40,보양어죽,36.819099,127.1394597
887,이모네매운탕,한식,충청남도 천안시 서북구 입장면 성진로 1169,"민물새우매운탕, 민물새우튀김",36.9138465,127.2491658
888,용천가든,한식,충청남도 천안시 서북구 입장면 성진로 637,김치찌개,36.9115894,127.1932763
889,남양식당,한식,충청남도 청양군 남양면 만수로 1610,오리백숙,36.3756724,126.7501519
890,송림회관,한식,충청남도 청양군 남양면 만수로 1778,돼지갈비,36.3756724,126.7501519
891,까치내흥부가든,한식,충청남도 청양군 대치면 사수터길 115-8,"참게매운탕, 쏘가리매운탕",36.39368618,126.8587687
892,장수명가,한식,충청남도 청양군 대치면 칠갑산로 955,한방오리백숙,36.4463385,126.8289627
893,바닷물손두부,한식,충청남도 청양군 대치면 한티고개길 1,"구기자청국장, 바닷물손두부",36.4353272,126.8805285
894,고향촌,한식,충청남도 청양군 비봉면 은골길 1,황태찌개,36.5185808,126.7864929
895,작은농원,한식,충청남도 청양군 비봉면 중묵운곡로 51-60,옻닭,36.4899132,126.7930146
896,양명식당,한식,충청남도 청양군 비봉면 충절로 1991,"아욱된장국, 청국장, 복탕",36.4914976,126.7887923
897,자매곱창,한식,충청남도 청양군 운곡면 청신로 851-1,"곱창구이, 갈매기살",36.5253245,126.8457342
898,우렁각시쌈밥,한식,충청남도 청양군 운곡면 청신로 858,"우렁된장찌개, 우렁쌈밥, 우렁무침",36.5253245,126.8457342
899,소담정,한식,충청남도 청양군 청양읍 중앙로 171-6,매운갈비찜,36.4589063,126.8000343
900,돌순네부대찌개,한식,충청남도 청양군 청양읍 중앙로 76,"부대찌개, 뼈다귀감자전골",36.4433619,126.796188
901,한국음식,한식,충청남도 청양군 청양읍 중앙로13길 1,사골떡국,36.4531413,126.8025142
902,오미식당,한식,충청남도 청양군 청양읍 중앙로9길 4,순두부백반,36.4516584,126.8022524
903,한가네어죽,한식,충청남도 청양군 청양읍 중앙로열길 18,뚝배기어죽,36.4517117,126.8056677
904,별장&봄 / 별장가든,한식,충청남도 청양군 청양읍 충절로 1494,구기자갈비전골,36.4683923,126.7986602
905,구미식당,한식,충청남도 청양군 청양읍 칠갑산로 225,"아구찜, 아구탕",36.449885,126.8228852
906,두레박,한식,충청남도 청양군 청양읍 칠갑산로4길 25,"묵은지등갈비찜, 능이백숙",36.4493278,126.8009417
907,유연숙매운탕,한식,충청남도 청양군 청양읍 칠갑산로5길 9-1,"미꾸라지, 메기, 새우, 빠가 매운탕, 미꾸라지튀김",36.45132,126.8039772
908,카페858,카페,충청남도 태안군 고남면 월고지길 8-58,"858브런치, 모히또",36.4002816,126.4245776
909,장현각,한식,충청남도 태안군 근흥면 연포2길 71,굴짬뽕,36.6948988,126.2096354
910,인생버거,양식,충청남도 태안군 소원면 파도길 63-6,수제버거,36.7381741,126.1338413
911,트레블브레이크커피,카페,충청남도 태안군 안면읍 등마루1길 125,"트레블브레이크커피, 로스트 비프 피자",36.5974778,126.3372244
912,원풍식당,한식,충청남도 태안군 원북면 원이로 841-1,박속밀국낙지탕,36.8081168,126.2604594
913,영일식관,한식,충청남도 태안군 이원면 원이로 1559,우럭젓국,36.87115035,126.2809249
914,대우식당,한식,충청남도 태안군 태안읍 군청8길 42-4,돌솥밥,36.7467817,126.3021921
915,향토꽃게장,한식,충청남도 태안군 태안읍 능샘1길 44,"꽃게장, 우럭젓국",36.7538752,126.2935786
916,안흥식당,한식,충청남도 태안군 태안읍 정주내2길 15,아나고스끼야끼,36.7468527,126.3052669
917,종가집,한식,충청남도 태안군 태안읍 안면대로 171-7,묵은지닭볶음탕,36.7465604,126.2928703
918,홍두깨칼국수,한식,충청남도 태안군 태안읍 정주내2길 1,해물칼국수,36.7468527,126.3052669
919,김가네볼태기,한식,충청남도 홍성군 갈산면 갈산로150번길 10,볼태기해장국,36.60084294,126.5546837
920,유진식당,한식,충청남도 홍성군 광천읍 광천로273번길 19,갈비탕,36.49940412,126.6238465
921,향숙이네,한식,충청남도 홍성군 문화로 140-5,아나고탕,36.6031459,126.6640664
922,갯마을회센타,한식,충청남도 홍성군 서부면 서부서길418번길 49,"새조개, 대하",36.59062958,126.4574443
923,보령참숯갈비,한식,충청남도 홍성군 홍성읍 충서로1318번길 19-17,돼지갈비,36.5937505,126.6561877
924,산울림,한식,충청남도 홍성군 홍북면 이응노로 255,두부요리,36.63189051,126.6478285
925,돼지한근,한식,충청남도 홍성군 홍북읍 애향4길 21,삼겹살,36.65848633,126.684721
926,오누이식당,한식,충청남도 홍성군 홍성읍 내포로156번길 26,만두전골,36.5969496,126.6536634
927,대화반점,중식,충청남도 홍성군 홍성읍 조양로120번길 17,"자장면, 짬뽕",36.60143137,126.6631873
928,충무집,한식,충청남도 홍성군 홍성읍 의사로51번길 52,칼국수,36.602529,126.6688416
929,홍흥집,한식,충청남도 홍성군 홍성읍 홍성천길 242,국밥,36.5988997,126.6653529
930,모양성순두부,한식,전라북도 고창군 고창읍 동리로 133-13,순두부,35.4332939,126.6938778
931,길뜨락,한식,전라북도 고창군 고창읍 상원사길 1-6,한방오리누룽지백숙,35.4427876,126.7299614
932,고창선운산풍천장어,한식,전라북도 고창군 고창읍 월곡8길 5,장어구이,35.4357498,126.7121295
933,전주회관,한식,전라북도 고창군 부안면 복분자로 897,"참게장, 굴밥",35.5053742,126.6434847
934,정자나무횟집,한식,전라북도 고창군 상하면 구시포해변길 135,쭈꾸미,35.44607566,126.4439074
935,오복식당,한식,전라북도 고창군 성내면 근촌로 3,"냉면, 갈비탕",35.5403268,126.7412026
936,우정회관,한식,전라북도 고창군 심원면 심원로 196,간장게장,35.5143897,126.5397871
937,수궁회관,한식,전라북도 고창군 심원면 심원로 218,굴밥정식,35.5143897,126.5397871
938,해주가든,한식,전라북도 고창군 아산면 선운대로 2781,"장어구이, 장어누룽지",35.50776149,126.6054784
939,서원반점,중식,전라북도 군산시 구시장로 63,짬뽕,35.984321,126.7194259
940,안젤라분식,한식,전라북도 군산시 구영5길 118-14,"잡채, 김밥",35.9871747,126.709246
941,지린성,중식,전라북도 군산시 미원로 87,짬뽕,35.9786936,126.7123767
942,두메골,한식,전라북도 군산시 백토로 284-20,보리밥,35.9758149,126.7057022
943,강촌마을,한식,전라북도 군산시 성산면 철새로 90,우렁쌈밥,36.0275724,126.8096088
944,이성당,양식,전라북도 군산시 중앙로 177,"팥빵, 야채빵",35.9917773,126.7039812
945,금강꽃게장,한식,전라북도 군산시 진포로 210,간장게장,35.9604426,126.7297505
946,비행장부대찌개,한식,전라북도 군산시 하나운안2길 14,부대찌개,35.963368,126.6952172
947,원평지평선청보리한우촌,한식,전라북도 김제시 금산면 모악로 17,"육회비빔밥, 꽃등심",35.7198142,127.0324258
948,촌집,한식,전라북도 김제시 금산면 금산사로 561,낙지볶음,35.7079819,127.0117798
949,풍경가든,한식,전라북도 김제시 백산면 하정2길 221,흑임자오리탕,35.84105973,126.8942975
950,한우정,한식,전라북도 김제시 벽지산로 317,소머리국밥,35.7898304,126.887748
951,대흥각,중식,전라북도 김제시 검산택지1길 29,매운짬뽕,35.8034838,126.9032787
952,친구사이,한식,전라북도 김제시 신풍동 도작로 93,백반,35.7969621,126.9056699
953,광주집,한식,전라북도 김제시 요촌동 남북12길 59,복탕,35.7977332,126.8879326
954,콩사랑뚜부장수,한식,전라북도 김제시 요촌동 요촌중4길 47-11,콩국수,35.8063159,126.8894267
955,백제삼계탕,한식,전라북도 김제시 요촌서1길 46-8,삼계탕,35.8070535,126.8870707
956,이가네국수학교,한식,전라북도 김제시 요촌서길 30,국수,35.8048398,126.8874482
957,임도령남원추어탕,한식,전라북도 김제시 요촌중2길 19,"추어탕, 돈까스",35.8045435,126.889448
958,뒷고기,한식,전라북도 김제시 요촌중4길 39-21,"특수부위고기 / 항정상, 꽃살, 소막창",35.8066069,126.8906961
959,새암골,한식,전라북도 김제시 진봉면 가실5길 82,새우탕,35.8397554,126.8004007
960,홍미경가든&해장국,한식,전라북도 김제시 하공로 433-123,묵은지닭볶음탕,35.870024,126.9111035
961,은빛가든,한식,전라북도 김제시 하흥로 468-12,메기매운탕,35.8322547,126.8673169
962,유성매운탕,한식,전라북도 남원시 고샘길 104,어탕,35.4048802,127.3829605
963,종가,한식,전라북도 남원시 고샘길 57,한정식,35.4048802,127.3829605
964,달궁식당,한식,전라북도 남원시 산내면 지리산로 311,직화흑돼지구이,35.4042249,127.6110291
965,산촌가든,한식,전라북도 남원시 양림길 48-7,능이오리한방백숙,35.4006946,127.38959
966,새집추어탕,한식,전라북도 남원시 천거길 9,추어탕,35.40041015,127.375335
967,동막골,한식,전라북도 남원시 요천로 1537,돼지갈비,35.4330501,127.4136152
968,현식당,한식,전라북도 남원시 의총로 8,추어탕,35.4117945,127.3766968
969,굴세상,한식,전라북도 남원시 충정로 123-9,굴국밥,35.4276752,127.4037237
970,천지가든,한식,전라북도 무주군 무주읍 괴목로 1313,한정식,36.0016093,127.6866169
971,섬마을,한식,전라북도 무주군 무주읍 내도로 126,"빠가어죽, 도리뱅뱅이",36.0142686,127.6476735
972,금강식당,한식,전라북도 무주군 무주읍 단천로 102,"어죽, 쏘가리탕",36.0076124,127.6621817
973,반디어촌,한식,전라북도 무주군 무주읍 장터로 2,"어탕국수, 도리뱅뱅이",36.0062156,127.6527206
974,금강산,한식,전라북도 무주군 무풍면 대덕산로 931-5,아뽈탕,35.9140812,127.8481362
975,천마루,한식,전라북도 무주군 안성면 장무로 1730,"해물갈비짬뽕, 머루소스탕수육",35.8187555,127.6351191
976,포마횟집 (포장판매만 함),한식,전라북도 부안군 계화면 간재로 447,우럭막회,35.7597656,126.7027861
977,옛맛촌가든,한식,전라북도 부안군 동진면 동진남로 294,"메기탕, 쏘가리탕",35.7513619,126.7441864
978,원추어탕,한식,전라북도 부안군 동진면 동진로 37,추어탕,35.7520521,126.7428255
979,호박가든,한식,전라북도 부안군 동진면 청운길 6-1,닭볶음탕,35.7478886,126.7709229
980,변산명인바지락죽,한식,전라북도 부안군 변산면 변산해변로 794,바지락죽,35.6518215,126.4906123
981,영전식당,한식,전라북도 부안군 보안면 영전길 9,복탕,35.6118556,126.6704367
982,신생반점,중식,전라북도 부안군 부안읍 낭주길 7,"짬뽕, 짜장",35.7289493,126.7378562
983,당산마루,한식,전라북도 부안군 부안읍 당산로 71,한정식,35.7308527,126.7312791
984,천하일미,한식,전라북도 부안군 부안읍 수정길 14-1,김치찌개,35.7244965,126.7357902
985,주산식당,한식,전라북도 부안군 부안읍 부풍로 63-1,육회비빔밥,35.7254415,126.7321573
986,다미락,일식,전라북도 부안군 부안읍 수정길 7,초밥,35.7239505,126.7350681
987,청록가든,한식,전라북도 부안군 부안읍 시장1길 5-1,민물매운탕,35.7269421,126.7346852
988,변산횟집,한식,전라북도 부안군 부안읍 시장1길 6-9,"회, 매운탕",35.7267483,126.733481
989,구암농원,한식,전라북도 부안군 상서면 고인돌로 325,오리불락,35.7074539,126.6570439
990,남경반점,중식,전라북도 부안군 줄포면 줄포6길 1,짬짜면,35.5920248,126.6775495
991,제주쌈밥,한식,전라북도 부안군 줄포면 줄포길 67,쌈밥,35.59403405,126.6778517
992,칠산꽃게장,한식,전라북도 부안군 진서면 청자로 906,꽃게간장게장,35.5930623,126.5776426
993,할매피순대,한식,전라북도 부안군 행안면 부안로 2524,순대국밥,35.7184668,126.7194261
994,방축리토종순대,한식,전라북도 순창군 금과면 방축1길 7-1,순대국,35.35053673,127.0717826
995,늘,한식,전라북도 순창군 복흥면 가인로 638,한정식,35.4472747,126.9935701
996,화덕갈비장어,한식,전라북도 순창군 순창읍 순창로 167,화덕갈비,35.3687701,127.1399269
997,감나무골,한식,전라북도 순창군 유등면 담순로 1674-10,흑염소탕,35.38786,127.1798
998,오복식당,한식,전라북도 완주군 경천면 대둔산로 217,백반,36.0260705,127.2530135
999,한양회관,한식,전라북도 완주군 고산면 고산로 81,육회비빕밥,35.9846269,127.2383098
1000,고산미소,한식,전라북도 완주군 고산면 남봉로 135,육회비빔밥,35.9685525,127.1987931
1001,소문난집,한식,전라북도 완주군 구이면 구이로 1512-6,백반,35.7513819,127.1238712
1002,둥구나무집,한식,전라북도 완주군 봉동읍 봉동동서로 179,매운탕,35.9345981,127.1530608
1003,진소바,한식,전라북도 완주군 봉동읍 봉동로 365,소바,35.9602198,127.1333937
1004,돈들막,한식,전라북도 완주군 비봉면 천호로 554,염소영양탕,35.99604808,127.1384105
1005,송광순두부,한식,전라북도 완주군 소양면 송광수만로 26,백탕순두부,35.8714671,127.2474937
1006,원조화심두부,한식,전라북도 완주군 소양면 전진로 1066,"화심손두부, 두부도넛",35.8571312,127.2414383
1007,대왕가든,한식,전라북도 완주군 용진면 구억명덕로 11,소곱창전골,35.87588172,127.1583207
1008,현대식당,한식,전라북도 완주군 용진읍 순지1길 5,백반,35.93872737,127.1745069
1009,전주식당,한식,전라북도 완주군 운주면 장선로 125,백반,36.09288666,127.2771314
1010,번지농장돌판아구찜 본점,한식,전라북도 완주군 화산면 화산남로 218-83,아구찜,36.0335303,127.2007408
1011,월궁가든,한식,전라북도 완주군 화산면 화산로 795,추어탕,36.0347304,127.1965567
1012,너더리장터순대,한식,전라북도 완주군 화산면 화산로 960,순대국밥,36.0437934,127.2220996
1013,한일정,한식,전라북도 익산시 고현로 10,한일정정식,35.9447559,126.9432353
1014,풍성제과,카페,전라북도 익산시 서동로 103,옥수수식빵,35.9380101,126.9715459
1015,사절리닭집,한식,전라북도 익산시 오산면 항쟁로 191-1,닭볶음탕,35.9527021,126.9130194
1016,오늘은짬뽕,중식,전라북도 익산시 하나로10길 62-18,짬뽕,35.9614311,126.9875793
1017,태백칼국수,한식,전라북도 익산시 중앙로 15-5,칼국수,35.9392111,126.9498296
1018,고려당,일식,전라북도 익산시 중앙로 52,"소바, 만두",35.939214,126.9501027
1019,정순순대,한식,전라북도 익산시 중앙로1길 24-9,순대국,35.9420437,126.9491675
1020,서해명가,한식,전라북도 익산시 중앙로5길 20,산우럭탕,35.942494,126.9518753
1021,싱그랭이,한식,전라북도 익산시 춘포면 춘포로 331,칼국수,35.9018492,127.0023445
1022,삼양웰빙순대,한식,전라북도 익산시 평동로13길 18,막창전골,35.9321932,126.9537878
1023,함라산황토가든,한식,전라북도 익산시 함라면 백제로 638,오리주물럭,36.067896,126.9168695
1024,다가포가든,한식,전라북도 익산시 현영길 40-28,갈매기살김치찌깨,35.96410252,126.9364849
1025,한일식당,한식,전라북도 익산시 황등면 황등로 106,"한우갈비전골, 육회비빔밥",36.0166101,126.9430048
1026,진미식당,한식,전라북도 익산시 황등면 황등로 158,육회비빔밥,36.0166101,126.9430048
1027,초원장,한식,전라북도 임실군 관촌면 사선2길 46-14,매운탕,35.6809483,127.2787478
1028,수궁반점,중식,전라북도 임실군 신평면 석등슬치로 351,짬뽕,35.656085,127.2243324
1029,고려당분식,한식,전라북도 임실군 임실읍 봉황8길 8,떡만두국,35.61475388,127.2815196
1030,갈마가든,한식,전라북도 임실군 임실읍 호국로 1880-5,통오리구이,35.6113972,127.2848343
1031,시골쌀밥영양돌솥밥,한식,전라북도 장수군 계남면 장수로 3061,돌솥밥,35.7061569,127.5798793
1032,토옥동송어횟집,한식,전라북도 장수군 계북면 양악리 3-1,송어회,35.80176348,127.6574597
1033,일두백미,한식,전라북도 장수군 장수읍 장천로 199,육회비빔밥,35.6520042,127.5197948
1034,북경돼지짬뽕,중식,전라북도 장수군 장수읍 호비로 37,짬뽕,35.6496772,127.5210065
1035,먹으러회관,한식,전라북도 장수군 천천면 송탄4길 8-12,어죽,35.7364117,127.5350153
1036,영광분식,한식,전라북도 장수군 천천면 춘송길 13,다슬기수제비,35.7358945,127.5341531
1037,고산촌,한식,전라북도 전주시 덕진구 건산로 289,"한우, 숯불구이",35.8356387,127.1671963
1038,이연국수,한식,전라북도 전주시 덕진구 견훤왕궁로 286-3,"잔치국수, 비빔국수",35.8331637,127.1520709
1039,감로헌,한식,전라북도 전주시 덕진구 권삼득로 247,약선밥상,35.8367949,127.1349104
1040,금암피순대,한식,전라북도 전주시 덕진구 기린대로 400-61,순대국밥,35.8659828,127.0787477
1041,옥경이네 다슬기탕,한식,전라북도 전주시 덕진구 기린대로 523,다슬기탕,35.8371487,127.1328977
1042,겐돈소바 본점,한식,전라북도 전주시 덕진구 동가재미3길 50,메밀국수,35.8343127,127.1638797
1043,해이루 전북대본점,한식,전라북도 전주시 덕진구 명륜5길 9,"뚝배기감자탕, 감자탕전골",35.8438596,127.1256956
1044,진미반점,중식,전라북도 전주시 덕진구 명주3길 19-2,"된장짜장, 된장짬뽕",35.8410155,127.1475355
1045,순창장군목다슬기,한식,전라북도 전주시 덕진구 명주6길 14-23,다슬기탕,35.8449803,127.1522706
1046,벽계가든,한식,전라북도 전주시 덕진구 백제대로 524,"갈비, 냉면, 생고기",35.8401322,127.1306007
1047,봉이설렁탕,한식,전라북도 전주시 덕진구 백제대로 576,"설렁탕, 곰탕",35.8426542,127.1377846
1048,남원골추어탕,한식,전라북도 전주시 덕진구 석소5길 33-17,추어탕,35.8344912,127.171474
1049,농부가,한식,전라북도 전주시 덕진구 석소5길 5,"정식, 한우불낙전골",35.8344912,127.171474
1050,호성순대 본점,한식,전라북도 전주시 덕진구 소리로 205,"피순대, 순대국밥",35.8583563,127.1444873
1051,백세곰탕,한식,전라북도 전주시 덕진구 송천중앙로 100,곰탕,35.8558147,127.1209936
1052,족보설렁탕,한식,전라북도 전주시 덕진구 송천중앙로 25,"설렁탕, 곰탕",35.8513952,127.1192374
1053,고궁 전주본점,한식,전라북도 전주시 덕진구 송천중앙로 33,육회비빔밥,35.8550187,127.1208947
1054,원조진안흑돼지,한식,전라북도 전주시 덕진구 정언신로 173-1,돼지불고기,35.8313431,127.1704208
1055,군산아구탕,한식,전라북도 전주시 덕진구 조경단로 100,"아구탕, 아구찜",35.852169,127.1237721
1056,태평집,한식,전라북도 전주시 덕진구 조경단로 3-6,"메밀국수, 콩국수",35.852169,127.1237721
1057,가운데집,한식,전라북도 전주시 덕진구 추천로 171,양념족발,35.8506964,127.1106667
1058,김판쇠전주우족탕,한식,전라북도 전주시 덕진구 태진로 132,"우족탕, 갈비탕",35.8333079,127.1356887
1059,호성고기마을,한식,전라북도 전주시 덕진구 호성2길 7-8,매운양푼갈비,35.85921758,127.1531631
1060,베테랑칼국수,한식,전라북도 전주시 완산구 경기전길 135,"칼국수, 만두, 쫄면",35.8138951,127.151583
1061,경기전중앙숯불,한식,전라북도 전주시 완산구 풍남동3가 80-1,"쇠고기, 안창살",35.81609,127.15257
1062,서신동한방족발,한식,전라북도 전주시 완산구 고사평4길 22,족발,35.8353954,127.1098582
1063,펄펄닭내장,한식,전라북도 전주시 완산구 공북로 100,"닭내장탕, 돼지갈비",35.825321,127.1344544
1064,태평진미집,한식,전라북도 전주시 완산구 공북로 69,고추장연탄구이불고기,35.8265418,127.1431163
1065,오원집 본점,한식,전라북도 전주시 완산구 공북로 82,"연탄불돼지구이, 가락국수",35.825321,127.1344544
1066,이래면옥,한식,전라북도 전주시 완산구 동문길 103,"냉면, 평양만두",35.8193293,127.1507002
1067,전주왱이콩나물국밥전문점,한식,전라북도 전주시 완산구 동문길 88,"콩나물국밥, 모주",35.818311,127.1491851
1068,동문원콩나물국밥,한식,전라북도 전주시 완산구 동문길 91,"콩나물국밥, 비빔밥",35.8195356,127.1527027
1069,이모갈비전골,한식,전라북도 전주시 완산구 동문길 81-3,물갈비,35.8173828,127.150179
1070,모악골,한식,전라북도 전주시 완산구 맏내3길 9,삼계탕,35.7928116,127.1302247
1071,수정관,중식,전라북도 전주시 완산구 문화광장로 18,"짜장면, 잡탕밥, 물짜장",35.82235105,127.1461316
1072,명랑불고기,한식,전라북도 전주시 완산구 문화광장로 29,돼지불고기,35.82330081,127.146644
1073,효자동아귀찜,한식,전라북도 전주시 완산구 바우배기2길 23,"아귀찜, 돈가스",35.8171868,127.1030361
1074,연와미당,한식,전라북도 전주시 완산구 백제대로 128,"소고기구이, 갈비탕",35.8076954,127.1216437
1075,다래면옥,한식,전라북도 전주시 완산구 백제대로 402,"냉면, 평양왕만두",35.8076954,127.1216437
1076,목포홍어횟집,한식,전라북도 전주시 완산구 산월1길 13,삼합,35.812691,127.1217012
1077,약수터원조감자탕,한식,전라북도 전주시 완산구 서학로 19,감자탕,35.8091015,127.1602823
1078,미가옥 본가,한식,전라북도 전주시 완산구 소태정3길 5-4,콩나물국밥,35.80345952,127.1004584
1079,동원순대집,한식,전라북도 전주시 완산구 쑥고개로 391,순대국밥,35.7922383,127.0763063
1080,외할머니솜씨,한식,전라북도 전주시 완산구 오목대길 81-8,흑임자팥빙수,35.8136488,127.1551363
1081,리스토란테 콜리 효자점,양식,전라북도 전주시 완산구 유연로 170,버섯파스타,35.8259305,127.1232975
1082,덕암청국장,한식,전라북도 전주시 완산구 장자길 67,"청국장, 삼계탕",35.7769862,127.1023943
1083,해태바베큐,한식,전라북도 전주시 완산구 전동성당길 13,닭바비큐,35.8186161,127.1488902
1084,가족회관,한식,전라북도 전주시 완산구 전라감영5길 17,"전주비빔밥, 정식",35.816518,127.1464251
1085,시골촌,한식,전라북도 전주시 완산구 전주객사2길 12-1,"삼겹살, 닭도리탕",35.8174139,127.1410323
1086,효자문식당,한식,전라북도 전주시 완산구 전주객사4길 43-24,"갈비탕, 우두탕",35.8185739,127.1442246
1087,초만원식당,한식,전라북도 전주시 완산구 전주객사4길 43-4,갈비탕,35.8197075,127.1435154
1088,향리,한식,전라북도 전주시 완산구 전주객사5길 83,병어찌개,35.821007,127.1451245
1089,서울회관,한식,전라북도 전주시 완산구 전주객사5길 99,백반,35.821007,127.1451245
1090,메르밀진미집 본점,한식,전라북도 전주시 완산구 전주천동로 94,"메밀국수, 콩국수",35.8128513,127.1439048
1091,사람사는세상,한식,전라북도 전주시 완산구 중산10길 16-4,막걸리,35.8184706,127.1217859
1092,고향숯불에구운족발보쌈 전북본점,한식,전라북도 전주시 완산구 중화산로 29,족발,35.8227234,127.1189802
1093,호림이네,한식,전라북도 전주시 완산구 춘향로 5152,다슬기돌솥밥,35.8093271,127.1621652
1094,수제왕돈까스 경원점,일식,전라북도 전주시 완산구 충경로 84,돈까스,35.8189673,127.1491564
1095,PNB풍년제과 본점,퓨전,전라북도 전주시 완산구 팔달로 180,수제초코파이,35.8236077,127.1449237
1096,노벨반점,중식,전라북도 전주시 완산구 풍남문2길 100,물짜장,35.8128692,127.1449353
1097,행원,한식,전라북도 전주시 완산구 풍남문3길 12,전통차,35.8140952,127.1464478
1098,전일갑오,한식,전라북도 전주시 완산구 현무2길 16,"가게맥주, 갑오징어",35.821478,127.1495446
1099,백일홍찐빵만두,한식,전라북도 전주시 완산구 현무2길 67,"찐빵, 만두",35.821478,127.1495446
1100,반야돌솥밥,한식,전라북도 전주시 완산구 홍산1길 6,반야돌솥밥,35.81471,127.1075111
1101,현대옥 전주본점,한식,전라북도 전주시 완산구 화산천변2길 7-4,"콩나물국밥, 돼지국밥",35.8197268,127.1171786
1102,국화회관,한식,전라북도 정읍시 서부로 22,우렁이쌈밥,35.568246,126.8438464
1103,아양촌해물칼국수,한식,전라북도 정읍시 송산1길 25,칼국수,35.55311584,126.8664047
1104,양자강,중식,전라북도 정읍시 우암로 57,비빔짬뽕,35.5649893,126.8541269
1105,찌어이쌀국수,퓨전,전라북도 정읍시 중앙1길 109,쌀국수,35.5682833,126.8536614
1106,모두랑쌍화탕,카페,전라북도 정읍시 중앙1길 148,쌍화차,35.5682833,126.8536614
1107,정촌식당,한식,전라북도 정읍시 중앙1길 169,한정식,35.5682833,126.8536614
1108,일력,한식,전라북도 정읍시 중앙1길 63,소바,35.5682833,126.8536614
1109,솜씨만두,한식,전라북도 정읍시 중앙로 162,군만두,35.5602541,126.8665167
1110,보안식당,한식,전라북도 정읍시 중앙로 95,팥칼국수,35.5602541,126.8665167
1111,뚝방가든,한식,전라북도 정읍시 칠보면 칠보중앙로 103-31,민물매운탕,35.6086108,126.988729
1112,구절재휴게소가든,한식,전라북도 정읍시 칠보면 태산로 2027,다슬기칼국수,35.5878876,127.0085088
1113,대일정,한식,전라북도 정읍시 태인면 수학정석길 3,참게장정식,35.65175667,126.9429706
1114,백학정,한식,전라북도 정읍시 태인면 태인로 29-3,참게장백반,35.65190139,126.9419769
1115,제이엘제과점,카페,전라북도 정읍시 학산로 120,마늘빵,35.561473,126.8716325
1116,벚꽃마을,한식,전라북도 진안군 마령면 마이산남로 209,등갈비,35.7579844,127.396266
1117,마이담,한식,전라북도 진안군 부귀면 전진로 1947,홍삼시래기밥,35.8320327,127.3495906
1118,부뚜막,한식,전라북도 진안군 안천면 진무로 2744-12,어제비,35.895196,127.5480123
1119,월평댁,한식,전라북도 진안군 정천면 석원로 151,어탕,35.85792054,127.4357082
1120,그곳에쭈꾸미,한식,전라북도 진안군 진안읍 진무로 1030,쭈꾸미볶음,35.7604066,127.431809
1121,산촌농원,한식,광주광역시 광산구 고봉로 427-8,"추어탕, 백숙, 토끼탕(겨울)",35.2446487,126.7401537
1122,송정떡갈비 1호점,한식,광주광역시 광산구 광산로29번길 1,떡갈비,35.1396398,126.7943038
1123,완도바다생태한마리,한식,광주광역시 광산구 목련로394번길 39-13,동태탕,35.1843193,126.834539
1124,비아꽃게장,한식,광주광역시 광산구 비아동원촌길 71,꽃게장,35.2215772,126.8275317
1125,행복한임금님수완점,한식,광주광역시 광산구 왕버들로 113-2,한정식,35.1997423,126.8314443
1126,첨단한우돌곱창,한식,광주광역시 광산구 첨단중앙로152번길 5-10,곱창구이,35.2184884,126.844296
1127,명화식육식당,한식,광주광역시 광산구 평동로 421,"애호박찌개, 삼겹살 ",35.1313113,126.7786999
1128,해궁,한식,광주광역시 광산구 풍영로229번길 53,"전복구이, 전복삼계탕 ",35.1919919,126.8109508
1129,앵무동,한식,광주광역시 남구 봉선로79번길 2,"소고기낙지탕탕이, 키조개삼합",35.1266084,126.9073425
1130,남구식당,한식,광주광역시 남구 행암길 12,"영양탕, 오리탕, 추어탕",35.1033728,126.8963971
1131,산수쌈밥 동명점,한식,광주광역시 동구 동계로 11,우렁이쌈밥정식,35.1552675,126.9242529
1132,할매추어탕,한식,광주광역시 동구 구성로 269,추어탕,35.1492706,126.909714
1133,하늘샘,한식,광주광역시 동구 지원로5번길 3,메기탕,35.1252638,126.9325844
1134,영미오리탕,한식,광주광역시 북구 경양로 126,오리탕,35.1614634,126.9054767
1135,일송정,한식,광주광역시 북구 금남로132번길 12-9,한정식,35.1546904,126.9089613
1136,다연정식,한식,광주광역시 북구 비엔날레로 183-5,굴비정식,35.1812039,126.8900425
1137,장가네생태탕,한식,광주광역시 북구 설죽로217번길 3,낙지탕탕이,35.1794754,126.8971295
1138,맛있는감자탕닭도리탕,한식,광주광역시 북구 용주로 30번길 94,감자탕,35.18195183,126.904543
1139,연화식당,한식,광주광역시 서구 마륵복개로 147,육전,35.1461795,126.8499416
1140,진도예가,한식,광주광역시 서구 마륵복개로 53,코스요리,35.1461795,126.8499416
1141,테이트모던,퓨전,광주광역시 서구 상무대로673번길 24,"샐러드, 브런치",35.1429754,126.8378521
1142,오리요리명가27년,한식,광주광역시 서구 상무오월로43번길 3-12,오리한방백숙,35.1561416,126.864176
1143,고기장터,한식,광주광역시 서구 상무중앙로 103,삼겹살,35.1597344,126.848274
1144,홍애집,한식,광주광역시 서구 운천로 160,홍어요리,35.1360986,126.8591564
1145,머시기쪽갈비생족발구이 쌍촌본점,한식,광주광역시 서구 월드컵4강로181번길 31,쪽갈비,35.1522096,126.8669046
1146,제주도세기마을 본점,한식,광주광역시 서구 풍금로177번길 9,흑돼지 오겹살,35.1315261,126.8583975
1147,황하호연,한식,광주광역시 서구 풍금로4번길 9-2,마라탕,35.1209693,126.8672077
1148,제주통아구찜,한식,광주광역시 서구 하남대로734번길 1,아구찜,35.1703079,126.8727782
1149,찬이네칼국수팥죽전문점,한식,광주광역시 서구 화정로 249-1,바지락칼국수,35.1459054,126.8807249
1150,예향,한식,전라남도 강진군 강진읍 보은로3길 11-1,한정식,34.6411646,126.770002
1151,모란추어탕,한식,전라남도 강진군 강진읍 탑동길 5,추어탕,34.6407338,126.7674645
1152,석문정,한식,전라남도 강진군 도암면 백도로 2059-7,회춘탕,34.5582261,126.7236994
1153,거북횟집,한식,전라남도 강진군 마량면 미항로 139-1,"전어구이, 매운탕",34.44983763,126.8174793
1154,청자골회타운,한식,전라남도 강진군 마량면 미항로 173-1,생선회,34.44912217,126.8209805
1155,수인관,한식,전라남도 강진군 병영면 병영성로 107-10,돼지불고기백반,34.7142358,126.8155433
1156,관산식당,한식,전라남도 고흥군 고흥읍 고흥로 1896,냉면,34.5986282,127.2767841
1157,한솔회마트,한식,전라남도 고흥군 고흥읍 서문여산길 50,생선회,34.6068638,127.2824358
1158,삼이야식,한식,전라남도 고흥군 고흥읍 학교길 70,닭볶음탕,34.6074486,127.2917406
1159,동방기사식당,한식,전라남도 고흥군 과역면 고흥로 2921,삼겹살백반,34.6772767,127.3610375
1160,송학산장,한식,전라남도 고흥군 과역면 과역로 890-16,국밥,34.6868156,127.3839513
1161,득량식당,한식,전라남도 고흥군 도양읍 목넘가는길 20,장어탕,34.5287479,127.1304765
1162,해변식당,한식,전라남도 고흥군 도양읍 비봉로 159,백반,34.53833,127.1390575
1163,mkr coffee,카페,전라남도 고흥군 도양읍 비봉로 177,커피,34.5256568,127.135796
1164,다정통닭,한식,전라남도 고흥군 두원면 고흥로 2805-23,백숙,34.63147829,127.2970876
1165,고센,한식,전라남도 고흥군 포두면 우주로 835,보리밥,34.5706031,127.3408286
1166,오가네붕어찜,한식,전라남도 곡성군 곡성읍 곡성로 782,민물매운탕,35.2763615,127.2902437
1167,청이돈가스,일식,전라남도 곡성군 곡성읍 곡성로 852,돈까스,35.2757758,127.2880399
1168,곡성한일순대국밥,한식,전라남도 곡성군 곡성읍 읍내리 218,순대국밥,35.27914632,127.2980341
1169,순수한우명품관,한식,전라남도 곡성군 곡성읍 곡성로 856,갈비탕,35.2797685,127.2984376
1170,큰손탕집,한식,전라남도 곡성군 곡성읍 읍내17길 11,김치찌개,35.28181789,127.2935376
1171,고향숯불갈비,한식,전라남도 곡성군 곡성읍 학교로 155,돼지갈비,35.2800257,127.2880469
1172,학림정,한식,전라남도 곡성군 곡성읍 학정1길 9-21,닭곰탕,35.2903389,127.2849245
1173,명성호수산장,한식,전라남도 곡성군 오곡면 오죽로 1777,"능이오리,닭백숙",35.2649504,127.3066584
1174,옥과한우촌,한식,전라남도 곡성군 오산면 오산로 983,꽃등심,35.2275052,127.1264877
1175,새수궁가든,한식,전라남도 곡성군 죽곡면 섬진강로 1015-2,참게메기탕,35.1914099,127.3750582
1176,장원회관,한식,전라남도 광양시 광양읍 매천로 821-5,숯불고기,34.9758097,127.5851567
1177,지곡산장,한식,전라남도 광양시 광양읍 서북로 59,토종닭숯불구이,34.975522,127.5765211
1178,오미정,한식,전라남도 광양시 광양읍 와룡1길 10,오리불고기,34.97150534,127.6095804
1179,솔마루떡갈비,한식,전라남도 광양시 광양읍 제철로 515,떡갈비,34.9491233,127.6083001
1180,갯마을장어,한식,전라남도 광양시 길호4길 18,"장어탕,서대회",34.9310551,127.6986754
1181,신원반점,중식,전라남도 광양시 다압면 섬진강매화로 1205,짜장면,35.1120915,127.6911318
1182,옛고을그향기,한식,전라남도 광양시 발섬4길 17-6,한정식,34.9344907,127.7007269
1183,이모네아구찜,한식,전라남도 광양시 영수길 148,아구탕,34.9649123,127.7191173
1184,미가도,한식,전라남도 광양시 오류5길 35,"메기구이, 메기탕 ",34.9378365,127.6920097
1185,구다리식당,한식,전라남도 광양시 옥곡면 명주로 2,메기매운탕,34.99348054,127.700691
1186,백년옥,한식,전라남도 광양시 옥룡면 상산길 15,손두부,35.04357187,127.592166
1187,푸른산장,한식,전라남도 광양시 옥룡면 신재로 1317,"닭숯불고기, 흑염소",35.0015887,127.6097067
1188,구봉산닭과수제비,한식,전라남도 광양시 용장길 260-3,들깨수제비,34.945235,127.6601375
1190,성호횟집식당,한식,전라남도 광양시 진월면 섬진강매화로 119,"주꾸미, 전어회 ",34.9791288,127.7600961
1191,싱글벙글복집,한식,전라남도 광양시 행정1길 6-5,"복지리, 찜, 튀김",34.94195747,127.694122
1192,어부의집,한식,전라남도 구례군 구례읍 5일시장작은길 12,생선구이,35.2112197,127.4703934
1193,지리산노가네식당,한식,전라남도 구례군 구례읍 5일시장작은길 36,흑염소,35.2112197,127.4703934
1194,부부식당,한식,전라남도 구례군 구례읍 구례2길 30,다슬기수제비,35.2088976,127.4636257
1196,동아식당,한식,전라남도 구례군 구례읍 봉동길 4-5,"우족탕, 가오리찜",35.2095758,127.4704636
1197,북문토종흑돼지,한식,전라남도 구례군 구례읍 봉성로 108,양념주물럭,35.2056646,127.4644829
1198,영실봉,한식,전라남도 구례군 구례읍 북교길 6-6,갈치탕,35.2096913,127.4621486
1199,봉성식당,한식,전라남도 구례군 구례읍 봉동길 8-9,"돼지머리국밥, 수육 ",35.2089774,127.4686626
1200,당골식당,한식,전라남도 구례군 산동면 당골길 86-31,"산닭구이, 오리구이 ",35.31421246,127.4870911
1201,섬진강다슬기식당,한식,전라남도 구례군 토지면 섬진강대로 5041,다슬기탕,35.1969905,127.5260315
1202,송현불고기,한식,전라남도 나주시 건재로 193,불고기,35.0775611,126.7632036
1203,나주곰탕하얀집,한식,전라남도 나주시 금성관길 6-1,곰탕,35.0323264,126.7170472
1204,우리식당,한식,전라남도 나주시 나주로 212-6,오리탕,35.0273865,126.7160462
1205,삐삐식당,한식,전라남도 나주시 나주천2길 80,"애호박찌개, 보리굴비",35.0297226,126.7177523
1206,버드나무집,한식,전라남도 나주시 다도면 나주호로 162,매운탕,34.9636557,126.8411589
1207,숲속의무릉도원,한식,전라남도 담양군 가사문학면 남대덕로 53,들나물솔밥정식,35.185791,127.055594
1208,덕인관,한식,전라남도 담양군 담양읍 죽향대로 1121,떡갈비,35.3116774,126.9817243
1209,승일식당,한식,전라남도 담양군 담양읍 중앙로 98-1,숯불돼지갈비,35.3218747,126.9820929
1210,쌍교숯불갈비,한식,전라남도 담양군 봉산면 송강정로 212,떡갈비,35.254008,126.9429557
1211,담양애꽃,한식,전라남도 담양군 봉산면 죽향대로 723,떡갈비정식,35.2948044,126.9763466
1212,벽오동,한식,전라남도 담양군 창평면 의병로 41,보리밥,35.2399209,127.0191708
1213,소문난오리전골,한식,전라남도 담양군 창평면 창평로 612,오리전골,35.2356273,127.0163773
1214,해촌,한식,전라남도 목포시 미항로 133,바지락 무침,34.7950018,126.4315277
1215,인동주마을,한식,전라남도 목포시 복산길12번길 5,간장게장,34.80392294,126.4366957
1216,관우간이음식점,중식,전라남도 목포시 산정안로 14-3,볶음밥,34.7961899,126.3917986
1217,낙지나라,한식,전라남도 목포시 송림로40번길 22,낙지 초무침,34.80693294,126.4001924
1218,하당먹거리,한식,전라남도 목포시 신흥로 98,"전복, 낙지탕탕이 ",34.80543158,126.430685
1219,장터식당,한식,전라남도 목포시 영산로40번길 23,꽃게살 비빔밥,34.7856185,126.383224
1220,만선식당,한식,전라남도 목포시 서산로 2,벤댕이 회,34.7830778,126.3794162
1221,어민동산촌닭,한식,전라남도 목포시 해양대학로 162-1,촌닭 코스요리,34.7927293,126.3662687
1222,독천식당,한식,전라남도 목포시 호남로64번길 3-1,낙지비빔밥,34.7939526,126.3855943
1223,제일회식당,한식,전라남도 무안군 망운면 망운로 13,기절낙지,35.01344531,126.3916588
1224,동원,일식,전라남도 무안군 망운면 조산길 2,계절 회덮밥,35.01148293,126.3919782
1225,낙지예찬생선예찬,한식,전라남도 무안군 무안읍 무안로 544,낙지,34.9913695,126.4813587
1226,향림낙지한마당,한식,전라남도 무안군 무안읍 뻘낙지길 34,"낙지, 회",34.9879011,126.4775076
1227,토담골한우곰탕,한식,전라남도 무안군 무안읍 성내1길 32-5,곰탕,34.9922202,126.4761965
1228,무안애꽃낙지한정식,한식,전라남도 무안군 무안읍 영산로 3083,낙지 한정식,35.0046478,126.4964731
1229,구풍갈비,한식,전라남도 무안군 삼향읍 중등포길 35-37,떡갈비,34.84479492,126.4288424
1230,남원춘향골추어탕,한식,전라남도 무안군 청계면 도대로 125-9,추어탕,34.96848528,126.4413523
1231,금복식당,한식,전라남도 보성군 노동면 보림길 2,다슬기탕,34.79593157,127.0694103
1232,득량반점,중식,전라남도 보성군 득량면 역전길 32,우리밀짜장,34.762425,127.1692221
1233,우성관,한식,전라남도 보성군 미력면 초당길 9-4,"오리로스, 탕",34.77582668,127.1074996
1234,신화식당,한식,전라남도 보성군 보성읍 새싹길 8,대패삼겹살,34.7719046,127.0786378
1235,태평골낚시터가든,한식,전라남도 보성군 보성읍 새싹길 81-64,추어탕,34.7721207,127.0784483
1236,복내식당,한식,전라남도 보성군 복내면 개기로 1680,육회비빔밥,34.8948771,127.1291162
1237,산천식당,한식,전라남도 보성군 복내면 개기로 1682,메기탕,34.9013589,127.1178568
1238,중흥식육식당,한식,전라남도 보성군 웅치면 일림로 1000,삼겹살,34.7228146,127.0221143
1239,갯마을횟집,한식,전라남도 보성군 회천면 우암길 27-12,활어회,34.6708612,127.08956
1240,원조동경낙지,한식,전라남도 순천시 금곡길 26,낚지전골,34.9548453,127.4814501
1241,양지쌈밥,한식,전라남도 순천시 금곡길 8,쌈밥,34.9549983,127.4835042
1242,명동산장,한식,전라남도 순천시 상사면 상사호길 206,민물매운탕,34.9300049,127.4653016
1243,하마가든,한식,전라남도 순천시 상사호길 315,꿩탕,34.922465,127.485255
1244,선호가든,한식,전라남도 순천시 서면 청소길 239,닭구이,35.0312916,127.5037874
1245,대대선창집,한식,전라남도 순천시 순천만길 542,짱뚱어탕,34.889458,127.5090847
1246,흥덕식당,한식,전라남도 순천시 역전광장3길 21,백반,34.944742,127.5009943
1247,와룡산장,한식,전라남도 순천시 용수동길 361,닭구이,34.9793875,127.4301925
1248,아구마을,한식,전라남도 순천시 하대석길 33,"아귀탕(찜), 해물탕 ",34.9467751,127.5248593
1249,천사바다블라썸&펜션,일식,전라남도 신안군 암태면 진작지길 227-17 1동,등심돈카츠&커피,34.87801259,126.1450911
1250,고깃배 횟집,한식,전라남도 신안군 압해읍 압해로 1852,"회백반, 매운탕",34.8478271,126.2275339
1251,꽃피는 무화가,한식,전라남도 신안군 압해읍 압해로 393-2,"해초전복돌솥밥, 간장게장",34.8412387,126.3521846
1252,장수촌,한식,전라남도 신안군 압해읍 압해로 423,옻닭(토종닭),34.8429883,126.3503191
1253,훼밍웨이,카페,전라남도 신안군 압해읍 학동길 66-20,"카페, 디저트",34.86848961,126.3169116
1254,왕바위식당,한식,전라남도 신안군 증도면 지도증도로 1991,민어회,34.9480212,126.1251327
1255,당머리첫집,한식,전라남도 여수시 남산남1길 34,"하모샤브샤브, 하모사시미",34.7294508,127.731327
1256,녹원식당,한식,전라남도 여수시 남산로 60-31,게장백반,34.7365231,127.7328383
1257,터진만두,한식,전라남도 여수시 소호로 253-1,"만두, 냉면, 만두전골",34.7502049,127.6552985
1258,용진하우스,한식,전라남도 여수시 어항단지로 21,"장어탕, 조개탕",34.7258214,127.7172552
1259,영덕횟집,한식,전라남도 여수시 여수산단로 37-6,우럭매운탕,34.8462846,127.6976067
1260,나진국밥,한식,전라남도 여수시 화양면 화양로 1391,국밥,34.7260921,127.6216596
1261,미륵골산장,한식,전라남도 영광군 군남면 천년로 463-37,백숙,35.2445141,126.4570578
1262,지산칼국수,한식,전라남도 영광군 백수읍 백수로 726,"칼국수, 만두",35.2819212,126.3895503
1263,한성식당,한식,전라남도 영광군 백수읍 천마길 10,백합죽,35.2895882,126.4287749
1264,도래지,한식,전라남도 영광군 법성면 굴비로1길 106-14,굴비정식,35.3605226,126.4350373
1265,법성토우,한식,전라남도 영광군 법성면 법성포로3길 26-9,간장게장정식,35.3604996,126.4445574
1266,푸른가든,한식,전라남도 영광군 불갑면 강항로 46-18,촌닭,35.2143758,126.5261852
1267,한솔가든,한식,전라남도 영광군 영광읍 영대로 516,장어탕,35.2871261,126.5154108
1268,밀향기,한식,전라남도 영광군 영광읍 함영로 3448,"해물칼국수, 해물녹두전",35.2579256,126.5059822
1269,문정한정식,한식,전라남도 영광군 중앙로5길 16-10,한정식,35.2749736,126.5137254
1270,홍농암소갈비,한식,전라남도 영광군 홍농읍 동부로 17,돼지갈비,35.3919571,126.4645127
1271,텃밭가든,한식,전라남도 영암군 덕진면 새터신정길 71,닭구이,34.81922974,126.6981553
1272,남원식육식당,한식,전라남도 영암군 미암면 영산로 9,돼지불고기,34.7297741,126.565953
1273,신월착한고기,한식,전라남도 영암군 신북면 간은정로 24,생고기비빔밥,34.8895737,126.692675
1274,금동숯불구이식육식당,한식,전라남도 영암군 신북면 고분로 1014,삼겹살,34.93449735,126.6727946
1275,궁전본가,한식,전라남도 영암군 영암읍 낭주로 206,백반,34.7964116,126.7039688
1276,초원식당,한식,전라남도 영암군 영암읍 열무정로 10,한방백숙,34.7987315,126.6980902
1277,영빈관,한식,전라남도 영암군 영암읍 웃시암길 8,"육낙, 비빔밥",34.8017605,126.698453
1278,청하식당,한식,전라남도 영암군 학산면 독천로 170-1,낙지볶음,34.7250709,126.5679891
1279,소라횟집,한식,전라남도 완도군 신지면 명사십리길 85-29,삼복더위탕,34.32698672,126.8051056
1280,무등식육점,한식,전라남도 완도군 완도읍 개포로 145번길 39,삽겹살,34.32240908,126.7418771
1281,개성순두부,한식,전라남도 완도군 완도읍 개포로 19,순두부,34.3163653,126.7503313
1282,미락식당,한식,전라남도 완도군 완도읍 군내11번길 15,오리탕,34.31330311,126.7576224
1283,장수식당,한식,전라남도 완도군 완도읍 장보고대로 191-1,국밥,34.31831745,126.7477705
1284,문화식당,한식,전라남도 완도군 완도읍 청해진남로24번길 32,추어탕,34.31522223,126.7540702
1285,호반가든,한식,전라남도 장성군 북하면 백양로 612,메기찜,35.4114392,126.853062
1286,호산식당,한식,전라남도 장성군 장성읍 미락단지길 32,메기탕,35.3459141,126.8188298
1287,장어나라,한식,전라남도 장성군 장성읍 영천로 219,"장어, 백반",35.3038011,126.7862514
1288,국일반점,중식,전라남도 장성군 장성읍 청운4길 3,짬뽕,35.3026553,126.7844246
1289,불태산 진원성,한식,전라남도 장성군 진원면 고산로 17,한우육회비빔밥,35.2731542,126.8359175
1290,콩까러가세,한식,전라남도 장성군 진원면 영신2길 65,"순두부, 청국장",35.26759356,126.8043644
1291,청자연,한식,전라남도 장성군 황룡면 구석길 53-2,"자연밥상, 떡갈비",35.30393117,126.7455301
1292,대도식당,한식,전라남도 장흥군 대덕읍 거정2길 14-24,장어전골,34.5010582,126.8878376
1293,바다하우스,한식,전라남도 장흥군 안양면 수문용곡로 139,바지락회무침,34.6325807,127.0311176
1294,영천수산,한식,전라남도 장흥군 안양면 안양로 151,민물장어,34.6515989,126.9756802
1295,연지보리밥,한식,전라남도 장흥군 장흥읍 토요시장3길 15,보리밥,34.67636797,126.9028619
1296,호남식당,한식,전라남도 장흥군 회진면 회진로 449,돼지주물럭,34.486736,126.9325526
1297,우리집횟집,한식,전라남도 장흥군 회진면 회진선창길 10-1,된장물회,34.48267511,126.94037
1298,장어랑돼지랑,한식,전라남도 진도군 의신면 운림산방로 269,장어구이,34.4648344,126.3023009
1299,해미원,한식,전라남도 진도군 진도읍 교동5길 109,회정식,34.4872043,126.2516309
1300,신호등회관,한식,전라남도 진도군 진도읍 남동1길 66,꽃게비빔밥,34.4804683,126.2653938
1301,옥천횟집,한식,전라남도 진도군 진도읍 성동길 9,회정식,34.4844608,126.2655948
1302,하여주가든,한식,전라남도 함평군 신광면 함영로 2573,돼지숯불갈비,35.1607073,126.5003423
1303,송학냉면,한식,전라남도 함평군 학교면 함영로 503,냉면,35.0421037,126.5340098
1304,은행나무수산,한식,전라남도 함평군 함평읍 내바람길 39,"메기찜, 붕어찜",35.0629888,126.5209254
1305,목포식당,한식,전라남도 함평군 함평읍 시장길 32,육회비빔밥,35.06425404,126.5227774
1306,장안식당,한식,전남 함평군 함평읍 함평천우길 54,곱창국밥,35.06090312,126.5245434
1307,선유식당,한식,전라남도 함평군 함평읍 중앙길 54-13,굴비정식,35.0620702,126.5232317
1308,돌머리수산,한식,전라남도 함평군 함평읍 중앙길 90-1,함평뻘낙지,35.0620702,126.5232317
1309,초록식당,한식,전라남도 함평군 함평읍 중앙길 96-7,육회비빔밥,35.0643274,126.5220813
1310,나비골가든,한식,전라남도 함평군 함평읍 함장로 1131,우렁이청국장,35.0597483,126.525171
1311,고향산천,한식,전라남도 함평군 해보면 밀재로 1283-4,백반,35.1780814,126.6130743
1312,팔도강산,한식,전라남도 해남군 삼산면 대흥사길 88-30,흑두부,34.4986419,126.6170989
1313,장수통닭,한식,전라남도 해남군 해남읍 고산로 295,토종닭코스요리,34.5406022,126.6126688
1314,성내식당,한식,전라남도 해남군 해남읍 명문길 19-1,"미자탕, 김국",34.57571308,126.5976125
1315,천일식당,한식,전라남도 해남군 해남읍 읍내길 20-8,떡갈비,34.5706054,126.5992629
1316,돌고래횟집,한식,전라남도 해남군 화원면 영호길 42-13,자연산활어회,34.7003465,126.3471617
1317,삼거리식당,한식,전라남도 화순군 능주면 죽수길 25,돼지족발 및 돼지머리국밥,34.9878258,126.9589195
1318,황토와참숯,한식,전라남도 화순군 능주면 학포로 1877,생고기,34.9965285,126.9597572
1319,양지식당,한식,전라남도 화순군 능주면 학포로 1900,주물럭,34.9965285,126.9597572
1320,하오츠짬뽕,중식,전라남도 화순군 도곡면 지강로 169-3,"짬뽕, 탕수육",35.0032301,126.9098699
1321,용암산장,한식,전라남도 화순군 한천면 용암길 132-35,송어회,34.96454538,127.0019886
1322,금성식당,한식,전라남도 화순군 화순읍 시장길 40,홍어애탕,35.05916354,126.9832627
1323,봉순이 팥죽,한식,전라남도 화순군 화순읍 칠충로 132,팥죽,35.0602569,126.9834151
1324,산마을 다람쥐,한식,전라남도 화순군 화순읍 안양산로 496,간장게장,35.09411984,127.0077873
1325,삼일식당,한식,전라남도 화순군 화순읍 자치샘로 15-7,다슬기탕,35.0596178,126.9893063
1326,홍두깨칼국수,한식,대구광역시 남구 대명남2길 100-8,"칼국수, 수제비 ",35.843222,128.5885943
1327,대해복어,한식,대구광역시 남구 대명로53길 22-1,"복어탕, 복불고기 ",35.8440068,128.5857134
1328,대동강식당,한식,대구광역시 남구 대봉로 57-1,"냉면, 불고기, 어복쟁반",35.8489376,128.6047226
1329,영대특미아나고,한식,대구광역시 남구 명덕시장길 119-3,"아나고몸통, 곰장어 ",35.8448599,128.5883507
1330,생오리오리,한식,대구광역시 남구 봉덕로 102,오리요리,35.8450585,128.5943853
1331,주왕산삼계탕,한식,대구광역시 남구 봉덕로 11,"삼계탕, 찜닭 ",35.8450585,128.5943853
1332,대덕식당,한식,대구광역시 남구 앞산순환로 443,국밥,35.8327775,128.5984188
1333,앞산할매손칼국수,한식,대구광역시 남구 앞산순환로87길 13,"손칼국수, 빈대떡 ",35.8327489,128.5729726
1334,또이스치킨찜닭,한식,대구광역시 남구 양지북길 100,"찜닭, 치킨",35.8525481,128.5820578
1335,최윤숙안동생고기뭉티기,한식,대구광역시 달서구 월곡로47길 28,생고기,35.8140711,128.5375087
1336,제주물회,한식,대구광역시 달서구 달서대로 28-1,물회,35.8179644,128.5035029
1337,조은터,한식,대구광역시 달서구 이곡동로 71,양념갈비,35.8540492,128.5102724
1339,제1능이버섯생국수,한식,대구광역시 달서구 장기로 51,능이백숙,35.8423822,128.5220322
1340,강원도집,한식,대구광역시 달성군 가창면 가창로176길 18,오리구이,35.7898788,128.6345651
1341,곤지곤지,한식,대구광역시 달성군 가창면 퇴계길 43-8,보리밥,35.78357489,128.65074
1342,대성석쇠숯불구이,한식,대구광역시 달성군 논공읍 논공로 732,"닭숯불구이, 오리숯불구이",35.7333756,128.4545551
1343,손중헌원조논메기매운탕,한식,대구광역시 달성군 다사읍 부곡2길 7-9,매운탕,35.8664396,128.446301
1344,계령식당,한식,대구광역시 달성군 옥포읍 옥포로 301,갈치정식,35.7506063,128.4930532
1345,하늘천따지,한식,대구광역시 달성군 옥포읍 옥포로 78,"오리숯불, 쭈꾸미볶음",35.7556467,128.4938341
1346,영남장어횟집,한식,대구광역시 달성군 현풍면 현풍로6길 5,장어양념구이,35.69476056,128.4422285
1347,현대식당,한식,대구광역시 달성군 현풍읍 현풍로8길 5-2,소구레국밥,35.69393,128.4429979
1348,현풍닭칼국수,한식,대구광역시 달성군 현풍읍 현풍중앙로 50,닭칼국수,35.7002316,128.442542
1349,서순자손수제비,한식,대구광역시 달성군 화원읍 비슬로516길 54,"수제비, 칼국수",35.8022165,128.4994633
1350,성동식당,한식,대구광역시 동구 동북로79길 39,곱창전골,35.8874525,128.6323061
1351,우미관,한식,대구광역시 동구 송라로14길 83,고추장불고기,35.8746168,128.6205874
1352,효목김밥,한식,대구광역시 동구 아양로 50길 10,김밥,35.88624091,128.639066
1353,만남의광장,한식,대구광역시 동구 아양로7길 12,"양념똥집, 찜닭 ",35.8849821,128.6164757
1354,원조할매뚜레박어탕국수 본점,한식,대구광역시 동구 파계로 479-8,"어탕수제비, 논메기매운탕 ",35.958406,128.6323783
1355,삼거리순두부식당,한식,대구광역시 동구 팔공산로 1664,순두부찌개,35.9886015,128.6391965
1356,산골기사식당,한식,대구광역시 동구 팔공산로 1666,순두부송이찌개,35.988278,128.6957312
1357,만나식당,한식,대구광역시 동구 효동로6길 70,코다리찜,35.883096,128.646539
1358,참우양곱창,한식,대구광역시 북구 구암로41길 10,양곱창,35.9324717,128.5633626
1359,3바다낙지해물,한식,대구광역시 북구 구암로60길 58,해계탕(토종닭),35.93951,128.569584
1360,민지네산오징어,한식,대구광역시 북구 대천로 35,회,35.937738,128.5532889
1361,더하오,일식,대구광역시 북구 동암로12길 24,야끼우동,35.9436089,128.5558812
1362,이가네더덕밥,한식,대구광역시 북구 이곡길 35-41,더덕구이,35.938613,128.604032
1363,소문난부자돼지국밥,한식,대구광역시 북구 칠곡중앙대로 606-1,"순대국밥, 수육 ",35.949621,128.5527853
1364,벽강물회식당,한식,대구광역시 북구 침산남로 62,"물회, 모둠회 ",35.8884902,128.5770873
1365,일월산,한식,대구광역시 북구 침산로 163,"돼지갈비, 김치전골",35.8892872,128.5911053
1366,남천닭갈비(침산점),한식,대구광역시 북구 침산로21길 23,닭갈비,35.885673,128.587758
1367,손복자부산할매낙지,한식,대구광역시 서구 달구벌대로 1789,낙지요리,35.8622524,128.5721394
1368,제비원,한식,대구광역시 서구 달서천로87길 4,가오리찜,35.88088807,128.5795007
1369,리안,중식,대구광역시 수성구 교학로4길 48,탕수육,35.8553372,128.650355
1370,마루막창,한식,대구광역시 수성구 수성못2길 5,막창,35.8262526,128.6236632
1371,아리조나 막창,한식,대구광역시 수성구 용학로25길 45,막창,35.8253302,128.6248149
1372,부산해물철판구이,한식,대구광역시 중구 동성로 4-6,"해물철판구이, 물회냉면 ",35.86837,128.59478
1373,영생덕,중식,대구광역시 중구 종로 39,"군만두, 탕수육 ",35.8681832,128.5919044
1374,한옥집김치찜,한식,대구광역시 중구 중앙대로 404-3,김치찜,35.8698428,128.5946935
1375,남문납작만두,한식,대구광역시 중구 명륜로 64-1,납작만두,35.8607096,128.5955443
1376,동천면옥,한식,경상북도 경산시 계양로16길 70-1,비빔냉면,35.81910635,128.7554836
1377,강변보양탕,한식,경상북도 경산시 서상길 56,보양탕,35.81731574,128.7357612
1378,부원찜복어,한식,경상북도 경산시 원효로26길 36,복어탕,35.81963269,128.7491439
1379,동해모리국수,한식,경상북도 경산시 중방로 2,칼국수,35.8302208,128.7414436
1380,사랑채국시집,한식,경상북도 경주시 북문로 31,칼국수,35.8498903,129.2148354
1381,용산회식당,한식,경상북도 경주시 내남면 포석로 112,횟밥,35.7498477,129.2059516
1382,보불어탕명가,한식,경상북도 경주시 보불로 174-17,어탕손수제비,35.8131303,129.3063827
1383,초당400년순두부,한식,경상북도 경주시 보불로 24-2,순두부,35.8131303,129.3063827
1384,삼영복식당,한식,경상북도 경주시 봉황로 67,밀복지리,35.8459512,129.210143
1385,암뽕수육본가점,한식,경상북도 경주시 불국장터길 8,수육,35.77505592,129.301147
1386,산내내일촌,한식,경상북도 경주시 산내면 단석로 827,보양탕,35.7604609,129.0178535
1387,산천매운탕,한식,경상북도 경주시 산내면 의곡중앙길9,매운탕,35.75755704,129.0447896
1388,갈비랑국수랑,한식,경상북도 경주시 산업로 3043-4,갈비국수,35.6700395,129.3362706
1389,수라밀면,중식,경상북도 경주시 양정로 286,"밀면, 해물짬뽕",35.8410437,129.2226166
1390,경주쭈꾸미,한식,경상북도 경주시 원효로 13,쭈꾸미볶음,35.8417058,129.2206222
1391,대게장순두부 금성관,한식,경상북도 경주시 초당길 117,대게장순두부,35.84769323,129.233953
1392,풍동골한방백숙,한식,경상북도 고령군 개진면 개경포로 64,닭요리,35.7037082,128.4148692
1393,두레두부마을,한식,경상북도 고령군 대가야읍 덕운로 45,두레정식,35.757997,128.2680269
1394,오남매갈비랑탕이랑,한식,경상북도 고령군 대가야읍 장기터길10,"갈비, 삼겹살",35.72861409,128.2752092
1395,가는날이장날,한식,경상북도 고령군 대가야읍 시장2길 23,뒷고기,35.7266556,128.2663522
1396,홍천뚝배기,한식,경상북도 고령군 대가야읍 왕릉로 57,감자탕,35.7258731,128.2646319
1397,녹원가,한식,경상북도 고령군 대가야읍 장기터길 10-6,돌솥밥,35.7283574,128.2747013
1398,옛촌갈치,한식,경상북도 고령군 대가야읍 중앙로 57-12,갈치찜,35.7291866,128.2728184
1399,왕서방,중식,경상북도 고령군 운수면 꽃질2길 14-10,짬뽕,35.78863488,128.2646156
1400,얼음굴식당,한식,경상북도 고령군 운수면 대가야로 1881,보신탕,35.7610847,128.2813538
1401,가얏골오리마을,한식,경상북도 고령군 운수면 운용로 72,오리불고기,35.763184,128.2830262
1402,상돈이비빔돼지,한식,경상북도 구미시 구미대로 399,비빔돼지찌게,36.1176933,128.3637601
1403,신사랑방,한식,경상북도 구미시 금오산로 140,북어물찜,36.1236892,128.3239894
1404,금오산풀하우스,한식,경상북도 구미시 금오산상가길 9-12,매운들깨수제비,36.111053,128.315306
1405,오복반점,중식,경상북도 구미시 도개면 도안로 123-4,홍합짬뽕,36.30128737,128.3296836
1406,박가네찜갈비,한식,경상북도 구미시 송원서로 21,국물찜갈비,36.1180636,128.3427719
1407,대구막창,한식,경상북도 구미시 신시로10길 63-2,갈매기살구이,36.1148008,128.3490102
1408,수복식당,한식,경상북도 군위군 군위읍 동서길 41,버섯전골,36.23618628,128.5664389
1409,두향,한식,경상북도 군위군 부계면 한티로 2206-37,한정식,36.0188029,128.6324681
1410,원조대동목장가든,한식,경상북도 군위군 부계면 남산리 142-2,닭불고기,36.03730927,128.6410849
1411,군위 참좋은한우직판장,한식,경상북도 군위군 효령면 간동유원지길 5,숯불구이,36.17871854,128.5836
1412,원조거매메기매운탕,한식,경상북도 군위군 효령면 거매2길 41-1,매운탕,36.15066606,128.5968736
1413,오늘참예쁘다,카페,경상북도 김천시 구읍길 80,마카롱,36.1384948,128.0943949
1414,대도식당,한식,경상북도 김천시 김천로 178-1,궁중전골,36.1232186,128.114248
1415,추풍령할매갈비,한식,경상북도 김천시 봉산면 봉산로 15,양념갈비,36.20639754,128.0035668
1416,할매참옻집,한식,경상북도 김천시 혁신1로 64,"옻닭, 옻오리",36.11475969,128.1799334
1417,맛있는 영자씨네,한식,경상북도 김천시 삼락택지2길 34,"고등어, 석쇠구이",36.14230424,128.092347
1418,어모유정식당,한식,경상북도 김천시 어모면 어모로 252,순대국밥,36.2007772,128.1083885
1419,연하루 뼈대짬뽕,중식,경상북도 김천시 영남대로 1398,고기짬뽕,36.1309496,128.1060732
1420,중국만두,한식,경상북도 김천시 용머리5길 5,찐만두,36.1192535,128.1276427
1421,장영선원조지례삼거리불고기,한식,경상북도 김천시 지례면 장터길 64,양념불고기,35.9875429,128.0292142
1422,대성암본가 초밥집,일식,경상북도 김천시 평화길 141,초밥,36.1229281,128.1141135
1423,도리실메기매운탕,한식,경상북도 문경시 가은읍 도리실안길 13,메기매운탕,36.65782239,128.0512591
1424,문경산채비빔밥,한식,경상북도 문경시 문경읍 새재로 913-14,산채비빔밥,36.7350215,128.0953663
1425,문경식당,한식,경상북도 문경시 문경읍 새재로 920-1,더덕정식,36.7135871,128.1215124
1426,새재할매집,한식,경상북도 문경시 문경읍 새재로 922,석쇠구이,36.7135871,128.1215124
1427,문경진추어탕,한식,경상북도 문경시 문경읍 온천2길 24,"추어탕, 한우국밥",36.72937376,128.1089547
1428,뉴욕제과,카페,경상북도 문경시 산북면 금천로 557,찹쌀떡,36.65394859,128.2575655
1429,아천교송어장,한식,경상북도 문경시 산북면 운달로 55,송어회,36.67317857,128.2656151
1430,세구기매운탕,한식,경상북도 문경시 중앙4길 20,매운탕,36.59324872,128.2014975
1431,송내촌산나물밥,한식,경상북도 문경시 호계면 가열2길 25-1,산채비빔밥,36.64581099,128.1669433
1432,채가네 들깨국수,한식,경상북도 문경읍 온천3길 10-16,칼국수,36.73240105,128.1115589
1433,봉화한약우프라자,한식,경상북도 봉화군 봉성면 농업인길 47,한약우(소고기),36.90177512,128.7722745
1434,고향집식당,한식,경상북도 봉화군 봉성면 다덕로 539,순두부정식,36.9083043,128.7755183
1435,소선정,한식,경상북도 봉화군 봉화읍 교촌1길 14,닭볶음탕,36.88518427,128.7350297
1436,장가네매운탕,한식,경상북도 봉화군 봉화읍 예봉로 2083,어죽국수탕,36.8845497,128.7351269
1437,인하원,한식,경상북도 봉화군 봉화읍 유록길 20,송이돌솥밥,36.88437302,128.7249075
1438,미림가든식당,한식,경상북도 봉화군 석포면 석포문화마을길 1-19,순대국밥,37.05422307,129.0660372
1439,신거성숯불갈비,한식,경상북도 상주시 공성면 웅산로 1241,"갈비, 삼겹살, 주물럭",36.2825121,128.0715011
1440,부흥식육식당,한식,경상북도 상주시 남적로 6-75,석쇠구이,36.4685342,128.1546256
1441,탑골마을,한식,경상북도 상주시 모동면 용호1길 53,주물럭,36.3197565,127.9604514
1442,명실상감한우,한식,경상북도 상주시 영남제일로 1119-9,갈비탕,36.448218,127.9217765
1443,청자,중식,경상북도 상주시 외서면 북상주로 539-5,"짬뽕, 탕수육 ",36.47481876,128.1711853
1444,지천 통나무집,한식,경상북도 상주시 지천1길 43,홍합밥,36.3494813,128.1757426
1445,굴다리식당,한식,경상북도 상주시 함창읍 구향로 114,소머리국밥,36.57118947,128.1772938
1446,선남참숯갈비,한식,경상북도 상주시 화서면 화령로 13,영양돌솥밥,36.4443616,127.9495577
1447,돌담집,한식,경상북도 성주군 가천면 포천계곡로 697,"오리, 닭백숙",35.8715908,128.1182305
1448,대천식당,한식,경상북도 성주군 금수면 성주로 1892,"갈치찌개, 동태찌개",35.9380229,128.1638859
1449,이실미식당,한식,경상북도 성주군 대가면 여실길 46,"어탕, 향어회",35.909685,128.2262613
1450,성밖수반애,한식,경상북도 성주군 성주읍 경산2길 51,정식,35.91739534,128.2806542
1451,날마다잔치집,한식,경상북도 성주군 성주읍 본성로 959,칼국수,35.9119751,128.2908722
1452,우신탕본가,한식,경상북도 성주군 성주읍 성주순환로2길 68,소고기,35.9241058,128.2844842
1453,왜관식당,한식,경상북도 성주군 월항면 주산로 382,청국장,35.9505028,128.3221675
1454,새불고기식당,한식,경상북도 성주군 초전면 대고로 22,"소불고기, 돼지주물럭",35.9865111,128.2507097
1455,안동간고등어,한식,경상북도 성주군 초전면 대고로 28,고등어구이 정식,35.9865111,128.2507097
1456,일직식당,한식,경상북도 안동시 경동로 676,간고등어정식,36.5649916,128.9183289
1457,송현동 그집쭈꾸미,한식,경상북도 안동시 경북대로 583,쭈꾸미볶음,36.6102359,128.701344
1458,헛제사밥까치구멍집,한식,경상북도 안동시 석주로 203,"간고등어구이, 헛제사밥",36.5777016,128.7581449
1459,옥야식당,한식,경상북도 안동시 중앙시장길 7,선지국밥,36.5642985,128.7245833
1460,안동회관,한식,경상북도 안동시 태사길 71,불고기,36.5651846,128.738457
1461,명가찜닭,한식,경상북도 안동시 퇴계로 80-1,찜닭,36.5840684,128.7386473
1462,나비산기사식당,한식,경상북도 영덕군 강구면 강산로 10,"해물탕, 찌개",36.3546783,129.3689066
1463,송천강재첩국,한식,경상북도 영덕군 병곡면 덕천길 177,재첩국,36.56540868,129.4216937
1464,화림산가든,한식,경상북도 영덕군 영덕읍 강변길 366,메기매운탕,36.42183402,129.3579302
1465,아성식당,한식,경상북도 영덕군 영덕읍 야성길 47,불고기,36.40995134,129.3668852
1466,전통막국수전문점,한식,경상북도 영덕군 영덕읍 야성길 61-2,막국수,36.41115025,129.3661342
1467,풍경시골손칼국수,한식,경상북도 영덕군 영덕읍 읍사무소1길 8-11,손칼국수,36.40782418,129.3745075
1468,경정횟집,한식,경상북도 영덕군 축산면 영덕대게로 1759-1,"물회, 회",36.4803009,129.4325441
1469,나성숯불가든,한식,경상북도 영양군 영양읍 동서대로 24-2,육류,36.6630668,129.1112586
1470,정든식당,한식,경상북도 영양군 영양읍 동서대로 66,매운탕,36.6623335,129.1161448
1471,맘포식당숯불갈비,한식,경상북도 영양군 영양읍 시장3길 15,돼지곱창주물럭,36.6642698,129.1150498
1472,갈매기식당,한식,경상북도 영양군 영양읍 시장5길 4,비빔밥,36.66434491,129.1159732
1473,불목한우전문점,한식,경상북도 영양군 영양읍 중앙로 136-3,옻닭,36.6557096,129.1096888
1474,희야돌곱창,한식,경상북도 영양군 입암면 입암로 138-4,곱창전골,36.5889207,129.0868873
1475,흥부가,한식,경상북도 영주시 대학로 92,육회비빔밥,36.8263066,128.6049243
1476,순흥전통묵집,한식,경상북도 영주시 순흥면 순흥로39번길 21,묵,36.91343115,128.5751092
1477,중앙분식,한식,경상북도 영주시 중앙로 123-1,쫄면,36.8218675,128.6237656
1478,풍기삼계탕,한식,경상북도 영주시 중앙로 130,삼계탕,36.8218675,128.6237656
1479,나드리,한식,경상북도 영주시 중앙로 89,쫄면,36.8218675,128.6237656
1480,신 차이나,한식,경상북도 영주시 풍기읍 동양대로 107-4,차돌박이전골,36.87905003,128.5334216
1481,편대장영화식당,한식,경상북도 영천시 강변로 50-15,육회,35.96036606,128.9281478
1482,찜순이,한식,경상북도 영천시 무궁화길 33-3,해물찜,35.97338165,128.9364458
1483,까치복집,한식,경상북도 영천시 문외2길 3,복어수육,35.97014084,128.9367414
1484,영양숯불갈비,한식,경상북도 영천시 시장로 43,숯불갈비,35.96360377,128.9349054
1485,신령역돔양식장횟집,한식,경상북도 영천시 신녕면 찰방길 58,역돔회,36.0406583,128.7819362
1486,희락식당,한식,경상북도 영천시 완산중앙1길 6,곰탕,35.96278989,128.9354545
1487,제일손칼국수,한식,경상북도 영천시 우로들길 11-2,돼지껍데기,35.97799474,128.9563557
1488,대한식육식당,한식,경상북도 영천시 장수로 51,돼지찌개,36.0647179,128.767531
1489,삼송꾼만두,한식,경상북도 영천시 중앙동1길 12,만두,35.9754111,128.9323375
1490,원조돌메기매운탕,한식,경상북도 영천시 화남면 천문로 1505,매운탕,36.0660533,128.8978838
1491,김실네청국장,한식,경상북도 예천군 보문면 보문로 583,청국장,36.7032831,128.5568803
1492,청포집,한식,경상북도 예천군 예천읍 맛고을길 30,청포묵밥,36.655725,128.4522309
1493,새대구숯불구이,한식,경상북도 예천군 예천읍 시장로 61,"삼겹살, 소고기",36.6536785,128.4498749
1494,제주복집,한식,경상북도 예천군 예천읍 이미기길 71,복불고기,36.65156247,128.4325618
1495,백수식당,한식,경상북도 예천군 예천읍 충효로 284,육회비빔밥,36.6904726,128.4849278
1496,수림매운탕,한식,경상북도 예천군 예천읍 충효로 312-6,민물매운탕,36.6712895,128.463165
1497,용궁우정참우,한식,경상북도 예천군 용궁면 용궁로 128,소고기,36.6079396,128.2863151
1498,용궁단골식당,한식,경상북도 예천군 용궁면 용궁시장길 30,순대국,36.60702666,128.2775775
1499,예천참우마을본가,한식,경상북도 예천군 풍양면 풍지로 23,갈비탕,36.5286098,128.3330088
1500,나리촌식당,한식,경상북도 울릉군 북면 나리1길 31-115,산채비빔밥,37.5197793,130.8717965
1501,신애분식,한식,경상북도 울릉군 북면 천부1길 2,따개비칼국수,37.5410777,130.8739888
1502,향토회식당,한식,경상북도 울릉군 울릉읍 도동길 54,물회,37.4818667,130.9091083
1503,울릉회타운,한식,경상북도 울릉군 울릉읍 도동길 69,물회,37.4818667,130.9091083
1504,천금수산,한식,경상북도 울릉군 울릉읍 봉래길 6,새우회,37.4942698,130.9058294
1505,전주식당,한식,경상북도 울릉군 울릉읍 울릉순환로 158-1,오삼불고기,37.5069766,130.9126169
1506,바로이집,한식,경상북도 울진군 근남면 노음4길 6-10,"막국수, 칼국수",36.96270181,129.3950217
1507,울산회식당,한식,경상북도 울진군 기성면 망양로 225-9,물회,36.8639284,129.4209811
1508,나곡식당,한식,경상북도 울진군 북면 곡리1길 5-29,"돈까스, 추어탕, 뼈해장국",37.11406667,129.3691845
1509,흰바위한식고을,한식,경상북도 울진군 온정면 백암온천로 1281,버섯전골,36.7236601,129.4138828
1510,동치골허브야생화마을,한식,경상북도 울진군 죽변면 봉화길 78,"오리(로스, 훈제, 주물럭), 돈까스",37.0435965,129.3960038
1511,제일반점,중식,경상북도 울진군 죽변면 죽변중앙로 168-13,"볶음 짬봉밥, 탕수육",37.0590455,129.4225084
1512,죽변우성식당,한식,경상북도 울진군 죽변면 죽변항길 69,곰치국,37.0578474,129.4246694
1513,돌섬식당,한식,경상북도 울진군 죽변면 죽변항길 73,"문어볶음, 장치조림, 대구탕",37.0578474,129.4246694
1514,후포리백년식당,한식,경상북도 울진군 후포면 후포6길 159-1,대게간장게장,36.68849065,129.4649116
1515,논산손칼국수,한식,경상북도 의성군 금성면 탑리1길 47-1,칼국수,36.25353504,128.683828
1516,주영자마늘닭(구.삼미 마늘닭),한식,경상북도 의성군 단촌면 장터길 14,마늘 통닭,36.42263441,128.6733355
1517,봉양한우마실작목회,한식,경상북도 의성군 봉양면 봉기길 19,"한우, 불고기전골 ",36.29444524,128.5744537
1518,마당깊은집,한식,경상북도 의성군 의성읍 도동도서길 10,코다리찜,36.34634565,128.6973769
1519,동해반점,중식,경상북도 의성군 의성읍 동서1길 37,돼지짬뽕,36.34977334,128.6982419
1521,문소식육식당,한식,경상북도 의성군 의성읍 전통시장2길 15-6,돼지모듬,36.34629327,128.6999203
1522,만장숯불가든,한식,경상북도 청도군 금천면 금천로 82,돼지숯불갈비,35.693039,128.89043
1523,대천회매운탕,한식,경상북도 청도군 금천면 청려로 4651,잡어매운탕,35.71225063,128.9091408
1524,달목식당,한식,경상북도 청도군 매전면 당호강변길 11,민물매운탕,35.67291291,128.8664919
1525,니가쏘다쩨,양식,경상북도 청도군 이서면 칠곡길2,"피자, 해물짬뽕",35.69415278,128.6879552
1526,기와집국수,한식,경상북도 청도군 청도읍 고수구길38,돼지등뼈짐,35.6457369,128.7383758
1527,황토추어탕,한식,경상북도 청도군 청도읍 냉정1길 12-1,추어탕,35.6470435,128.7393671
1528,콩이랑비지랑,한식,경상북도 청도군 청도읍 새마을로 1147,청국장,35.649148,128.7533263
1529,오경통닭,한식,경상북도 청도군 청도읍 청도시장3길 2-8,매콤옹치기통닭,35.64484656,128.7471301
1530,역전 추어탕,한식,경상북도 청도군 청도읍 청화로 204,추어탕,35.6393266,128.7473648
1531,고향의 봄 한재미나리,한식,경상북도 청도군 청도읍 한재로 188,삽겹살,35.5832021,128.7482856
1532,수타큰손짜장,중식,경상북도 청도군 풍각면 헐티로 126,수타짬뽕,35.6452169,128.6130399
1533,귀빈식당,한식,경상북도 청송군 부동면 공원길 174,산채정식,36.39249269,129.1438009
1534,풍경,한식,경상북도 청송군 안덕면 복리길 25,능이오리백숙,36.27418706,128.9558281
1535,명궁약수가든,한식,경상북도 청송군 진보면 경동로 5156,누룽지닭백숙,36.5527989,129.0107754
1536,신촌포항식당,한식,경상북도 청송군 진보면 경동로 5161,닭백숙,36.5527989,129.0107754
1537,강변식당,한식,경상북도 청송군 청송읍 금월로 263,다슬기국,36.418236,129.0557147
1538,청송송어장횟집,한식,경상북도 청송군 청송읍 사부실길 17,송어회,36.38263181,129.1035145
1539,서울여관식당,한식,경상북도 청송군 청송읍 약수길 18-1,닭불백숙,36.4381973,129.083979
1540,웰빙하우스,한식,경상북도 청송군 청송읍 휴양단지길 34-1,닭칼국수,36.44332275,129.0720957
1541,가마솥옛날순대국,한식,경상북도 청송군 현서면 청송로 1147,순대국,36.2186019,128.9243032
1542,현풍옛날손두부집,한식,경상북도 칠곡군 석적읍 도개7길 12,순두부정식,36.04900551,128.473084
1543,강릉밥집,한식,경상북도 칠곡군 왜관읍 남부3길 9,무청시래기강된장,35.9846874,128.3978301
1544,정만경,한식,경상북도 칠곡군 왜관읍 봉계로 235,연밥정식,35.99493185,128.4461509
1545,한미식당,퓨전,경상북도 칠곡군 왜관읍 석전로 159,햄버거,35.9966945,128.4013593
1546,와촌손칼국시,한식,경상북도 칠곡군 왜관읍 석전로10길 76,재첩칼국수,35.9943778,128.4019417
1547,만리궁,일식,경상북도 칠곡군 왜관읍 석전로12길 7,야끼우동,36.00315337,128.4118517
1548,대호생복어,한식,경상북도 칠곡군 왜관읍 평장1길 6,복냉탕,35.98715012,128.4013704
1549,깐데기해물칼국수,한식,경상북도 포항시 남구 대이로 65,해물칼국수,36.02087251,129.3404236
1550,연일물회,한식,경상북도 포항시 남구 연일읍 연일로159번길 9-1,옹가지물회,35.99698828,129.3450958
1551,과수원칼국수,한식,경상북도 포항시 남구 연일읍 자명로 314,칼국수,36.0294113,129.3012165
1552,양포삼거리생아구탕,한식,경상북도 포항시 남구 장기면 동해안로 3259,생아구탕,35.8670641,129.5309552
1553,대궁회타운,한식,경상북도 포항시 남구 호미곶면 호미로 1866-13,회국수,36.0712134,129.5413732
1554,양덕조림,한식,경상북도 포항시 북구 장량로 245,두부조림,36.0826003,129.3828106
1555,바닷속물회,한식,경상북도 포항시 북구 중흥로 213번길 8,물회,36.02324194,129.3570867
1556,시장식육식당,한식,경상북도 포항시 북구 청하면 청하로200번길 10-1,돼지두루치기,36.1978009,129.3418946
1557,부산가야밀면,한식,경상북도 포항시 북구 흥해읍 달전로 36-2,밀면,36.0612553,129.3352695
1558,홍길이횟집,한식,경상남도 거제시 거제중앙로26길 7,회,34.8892052,128.6234681
1559,찜마루,한식,경상남도 거제시 고현로2길 36,"한식, 아구찜",34.8827258,128.622374
1560,남부횟집,한식,경상남도 거제시 남부면 대포길 69-11,회,34.7145451,128.585956
1561,새마을회식당,한식,경상남도 거제시 능포로 241,"회,복국,아구탕",34.8841347,128.7369842
1562,고풍쌈밥,한식,경상남도 거제시 일운면 지세포4길 8,"수육쌈밥,야채쌈밥",34.8292611,128.703561
1563,황금고디탕,한식,경상남도 거제시 장승포로1길 11,다슬기탕외,34.8681338,128.7250643
1564,박정현게장백반,한식,경상남도 거제시 장승포로 2,게장정식,34.8672524,128.7247132
1565,나들목,한식,경상남도 거제시 중곡2로4길 13,모듬회,34.8942421,128.6269258
1566,진주면옥,한식,경상남도 거제시 해명로 31,냉면,34.8940389,128.643769
1567,쌍쌍식육식당,한식,경상남도 거창군 가조면 가조가야로 1096,육류생고기,35.7128165,127.9979284
1568,구구추어탕,한식,경상남도 거창군 거창읍 강남로 164,어탕국수,35.6842279,127.9147582
1569,건계정식당,한식,경상남도 거창군 거창읍 거안로 1173-21,"닭찜,백숙",35.69262977,127.8789805
1570,외양간구시,한식,경상남도 거창군 거창읍 상동2길 70,한우,35.6883312,127.9075641
1571,삼산이수,한식,경상남도 거창군 거창읍 내학길 35-4,"갈비찜, 갈비탕 ",35.73912301,127.9247922
1572,대전식당,한식,경상남도 거창군 거창읍 주곡로 504-20,갈비탕,35.73845508,127.9243965
1573,단골식당국밥,한식,경상남도 거창군 거창읍 중앙로 140,순대국밥,35.684922,127.9046579
1574,대구회가든,한식,경상남도 거창군 북상면 병곡길 447-11,송어회,35.80911337,127.7756271
1575,나형식당,한식,경상남도 거창군 웅양면 웅양로 1449,소머리국밥,35.7957995,127.9142175
1576,김영희강남동태찜 고성점,한식,경상남도 고성군 거류면 당동해안길 35,"찜, 탕",34.98814344,128.406385
1577,낙지마당,한식,경상남도 고성군 고성읍 남해안대로 2566,낙지전골,34.958433,128.3395017
1578,대장금식당,한식,경상남도 고성군 고성읍 동외로 192,곱창전골,34.9660155,128.3322414
1579,구억식당,한식,경상남도 고성군 고성읍 송학로135번길 8,"조개탕, 장어탕",34.9780341,128.3243757
1580,솔밭가든,한식,경상남도 고성군 마암면 옥천로 16-1,오리고기,35.05048628,128.3604971
1581,강변매운탕,한식,경상남도 김해시 대동면 동남로1번길 22,매운탕,35.23272064,128.9912601
1582,버드나무집,한식,경상남도 김해시 대동면 동남로41번길 25-24,오리탕,35.23419339,128.9929635
1583,남광식당,한식,경상남도 김해시 분성로317번길 18,"곱창전골, 낙지전골",35.2348829,128.8805359
1584,한일뒷고기,한식,경상남도 김해시 삼계로1번길 4-18,뒷고기(돼지고기),35.2586464,128.865795
1585,밀양돼지국밥,한식,경상남도 김해시 인제로 91,돼지국밥,35.2907208,128.8840843
1586,화포메기국,한식,경상남도 김해시 한림면 한림로 252,메기국,35.3156318,128.8082605
1587,가마솥의령할머니소고기국밥,한식,경상남도 김해시 활천로10번길 10,"소고기국밥, 돼지두루치기",35.2287719,128.896529
1588,선소횟집,한식,경상남도 남해군 남해읍 선소로 176,생선 미역국,34.8368654,127.9173171
1589,섬마을해물칼국수,한식,경상남도 남해군 남해읍 스포츠로105번길 3-4,해물칼국수,34.8271685,127.8934498
1590,공주식당,한식,경상남도 남해군 미조면 미조로 230,갈치회/멸치회,34.71070946,128.047774
1591,청해 삼소리정,한식,경상남도 남해군 삼동면 동부대로 1329,"갈치구이, 해물된장찌개",34.8229229,128.0354736
1592,우리식당,한식,경상남도 남해군 삼동면 동부대로 1876번길 7,멸치쌈밥,34.83164974,128.0007048
1593,축항횟집,한식,경상남도 남해군 서면 남서대로 1727-22,물회,34.808317,127.837737
1594,남해전복물회,한식,경상남도 남해군 이동면 남해대로 2436,생선회,34.816926,127.9271426
1595,창선반점,중식,경상남도 남해군 창선면 옥천로 3 지도,해물짬뽕,34.85497569,128.0128599
1596,청원분식,한식,경상남도 밀양시 가곡11길 3,냉면,35.4759583,128.7644621
1597,설봉돼지국밥,한식,경상남도 밀양시 노상하3길 9,국밥,35.494832,128.7492863
1598,장수곰탕,한식,경상남도 밀양시 미리벌중앙로 10 이편한세상 후문 상가103호,곰탕,35.47987662,128.7528595
1599,행랑채,한식,경상남도 밀양시 산외면 산외로 731,"비빔밥, 수제비",35.51250724,128.8413489
1600,사랑채,한식,경상남도 밀양시 삼문중앙로3길 30,순대전골,35.486137,128.7535896
1601,아랑장어구이,한식,경상남도 밀양시 상동면 상동로 231,장어,35.5664489,128.7763056
1602,밀양할매메기매운탕,한식,경상남도 밀양시 용평로 438,메기칼국수,35.5084304,128.7755428
1603,명소남연숙손칼국수,한식,경상남도 밀양시 중앙로 258,칼제비,35.488465,128.7554386
1604,아줌마우동,일식,경상남도 밀양시 중앙로 289-24,우동,35.488465,128.7554386
1605,참지대루,한식,경상남도 사천시 곤명면 연평길 16,한우소고기국밥,35.14164941,127.9974926
1606,보리밭,한식,경상남도 사천시 곤명면 원전새길 7,보리밥 정식,35.1111425,127.9413367
1607,우도전복죽,한식,경상남도 사천시 노산공원길 54,전복물회,34.9264554,128.0743879
1608,하주옥,한식,경상남도 사천시 사남면 하동길8-11,냉면,35.06759245,128.0761133
1609,제주전복물회,한식,경상남도 사천시 사천대로 762,물회,35.0865059,128.0847271
1610,오동동아구찜,한식,경상남도 사천시 사천읍 수양로 35-1,아구찜,35.08274333,128.0902889
1611,시장국수,한식,경상남도 사천시 사천읍 시장1길 16-8,물국수,35.08456276,128.0885201
1612,김센세,일식,경상남도 사천시 삼상로 121-1,초밥,34.9386669,128.0881998
1613,보경해물촌,한식,경상남도 사천시 용현면 진삼로 541,해물찜,35.0382311,128.0654442
1614,한일식당,한식,경상남도 사천시 정동면 진삼로 1396-11,김치찌개,35.0614183,128.0797187
1615,금호식당,한식,경상남도 산청군 금서면 친환경로 2563-13,"어탕국수, 한식",35.4116065,127.8412267
1616,대장금약선관,한식,경상남도 산청군 금서면 친환경로2605번길 6-6,한정식,35.41832604,127.8713359
1617,목화식육식당,한식,경상남도 산청군 단성면 목화로 955,추어탕,35.2594584,127.93866
1618,강변식당,한식,경상남도 산청군 산청읍 꽃봉산로 30-5,"메기탕, 메기찜",35.4123959,127.8758158
1619,송림산장,한식,경상남도 산청군 산청읍 산수로 316-6,오리약백숙,35.4205706,127.8791722
1620,늘비식당,한식,경상남도 산청군 생초면 산수로 1030-18,어탕국수,35.491402,127.8322061
1621,홍화원,한식,경상남도 산청군 신안면 둔철산로 39,"갈비찜, 오곡밥",35.34965117,127.9352012
1622,타짜 오리하우스,한식,경상남도 산청군 신안면 원지로 178,오리불고기,35.3042463,127.9742739
1623,원지한우식육식당,한식,경상남도 산청군 신안면 원지로 70,한우,35.3042463,127.9742739
1624,자연산참가자미회,한식,경상남도 양산시 물금읍 동중1길 35-20,가자미회,35.3301608,129.0029317
1625,대보름생아구찜,한식,경상남도 양산시 양주3길 15-4,아구찜,35.3425084,129.0326731
1626,함흥냉면,한식,경상남도 양산시 양주5길 3,냉면,35.341353,129.030467
1627,시골마당,한식,경상남도 양산시 용당 1길 5,대구매운탕,35.42753819,129.1846295
1628,두꺼비식당,한식,경상남도 양산시 원동면 원동마을길 54,곱창전골,35.3651777,128.9181314
1629,언덕집,한식,경상남도 양산시 중앙로 278,추어탕,35.3548902,129.0428698
1630,봉화촌두부,한식,경상남도 양산시 하북면 내원로 28,순두부찌개,35.4474655,129.0855024
1631,우정공원,한식,경상남도 양산시 하북면 양산대로 2025-43,"향어회, 잉어찜",35.4973299,129.0913103
1632,대림정,한식,경상남도 의령군 가례면 새가례로 31,닭국,35.32604383,128.2445875
1633,풀내음,한식,경상남도 의령군 가례면 홍의로3길 11,소바,35.33592833,128.2077357
1634,제일식육식당,한식,경상남도 의령군 대의면 대의로52,돼지국밥,35.37164676,128.1071241
1635,대정가든,한식,경상남도 의령군 용덕면 덕암로 18,어탕국수,35.33136667,128.2866653
1636,청송한우가든,한식,경상남도 의령군 의령읍 남강로 773,갈비탕,35.31489704,128.284336
1637,화정소바,한식,경상남도 의령군 의령읍 의병로18길 9-3,소바,35.3189057,128.2606567
1638,해밀,한식,경상남도 의령군 의령읍 중리로 188,농가밥상,35.29835331,128.2377147
1639,색동가,한식,경상남도 진주시 동부로117,"칼국수,오리불고기",35.16294139,128.1197345
1640,육거리곰탕,한식,경상남도 진주시 망경로 303,곰탕,35.1868254,128.0897701
1641,진주냉면,중식,경상남도 진주시 모덕로47번길 1-2,"냉면,짬뽕",35.1856954,128.1009148
1642,고마돼지찌개,한식,경상남도 진주시 범골로37번길 8-5,돼지찌개,35.1692679,128.1292072
1643,경호강어탕,한식,경상남도 진주시 비봉로 73,어탕,35.1912416,128.0815293
1644,생초식당,한식,경상남도 진주시 신평공원길69번길 6,아구전문점,35.1748531,128.0682532
1645,송강식당,한식,경상남도 진주시 진양호로547번길 10-24,내장탕,35.1937393,128.0850103
1646,하연옥,한식,경상남도 진주시 진주대로 1317-20,물냉면,35.1943297,128.0595214
1647,천황식당,한식,경상남도 진주시 촉석로207번길 3,"비빔밥, 불고기 ",35.1963222,128.08448
1648,천수식당,한식,경상남도 진주시 향교로8번길 3,"육회,불고기",35.1970802,128.0835994
1649,황포냉면,한식,경상남도 진주시 호탄길34번길 10,냉면,35.1643027,128.1174858
1650,공원반점,중식,경상남도 창녕군 대합면 창한로 95,짬뽕,35.61248157,128.4709706
1651,향촌가든,한식,경상남도 창녕군 도천면 가마골2길 5,오리요리,35.44403583,128.5585002
1652,송림식육식당,한식,경상남도 창녕군 영산면 로터리길 34,소고기구이,35.4546162,128.5300068
1653,도리원,한식,경상남도 창녕군 영산면 온천로 103-25,장아찌정식,35.4483099,128.532701
1654,건강중화요리,중식,경상남도 창녕군 이방면 이방로 955,자장면,35.60100628,128.3824507
1655,장군식당,한식,경상남도 창녕군 창녕읍 계성화왕산로 614,"송이 닭국, 백숙",35.51710446,128.5508331
1656,대중분식당,한식,경상남도 창녕군 창녕읍 창녕대로 27,막국수,35.5177077,128.5050331
1657,우동한그릇,일식,경상남도 창원시 마산합포구 가포로 706,우동,35.1530455,128.5852369
1658,돈대박돼지국밥24,한식,경상남도 창원시 마산합포구 교방천남길 360,돼지국밥,35.2103932,128.5735772
1659,장어촌,한식,경상남도 창원시 마산합포구 구산면 이순신로 264,장어,35.0882691,128.601671
1660,석양삼겹살,한식,경상남도 창원시 마산합포구 구산면 해양관광로 1393,삼겹살,35.0961028,128.5527759
1661,곤드레맛드레,한식,경상남도 창원시 마산합포구 옥동길 26,곤드레돌솥밥,35.15120049,128.5471085
1662,짱왕,한식,경상남도 창원시 마산합포구 진전면 아랫소포길 37,생우럭탕,35.0736548,128.4621311
1663,산생들,한식,경상남도 창원시 마산회원구 두척1길 59,"백숙, 옻닭",35.23653504,128.5406341
1664,청해아구찜,한식,경상남도 창원시 마산회원구 석전동로 21,아구찜,35.2319428,128.5751689
1665,솔밭오리마을,한식,경상남도 창원시 성산구 단정로76번길 2,오리탕,35.2172655,128.6875368
1666,마산집,한식,경상남도 창원시 성산구 상남로67,육회비빔밥,35.22016512,128.6793262
1667,일호추어탕,한식,경상남도 창원시 성산구 창이대로 689번길 25,추어탕,35.2245696,128.7028258
1669,가마솥추어탕,한식,경상남도 창원시 의창구 북면 천주로 1019-22,추어탕,35.3098709,128.6027581
1670,합천삼가한우식육식당,한식,경상남도 창원시 의창구 사림로130번길 5-10,한우모듬,35.24344,128.684713
1671,새벽식당,한식,경상남도 창원시 의창구 차상로18번길 45,알탕,35.2280256,128.63745
1672,목민정,한식,경상남도 창원시 의창구 읍성로34번길 23,"생선구이, 돌솥밥정식",35.2639108,128.6222636
1674,은혜숯불갈비,한식,경상남도 통영시 광도면 죽림4로 23-37,"숯불갈비, 불고기 ",34.88614689,128.4188255
1675,조바우가마솥추어탕,한식,경상남도 통영시 광도면 죽림4로 37-78,"추어탕, 추어전골 ",34.88516588,128.4201015
1676,초램양고기,한식,경상남도 통영시 광도면 죽림5로 55-61,"양갈비, 양꼬치",34.88233088,128.4221553
1677,보양곰탕온,한식,경상남도 통영시 광도면 죽림해안로 92,곰탕,34.8828656,128.4229511
1678,영빈관,한식,경상남도 통영시 도남로 274,"굴정식, 멍게비빔밥 ",34.8270014,128.4326672
1679,어촌싱싱회해물탕,한식,경상남도 통영시 도천동 1008,해물탕,34.837317,128.414505
1680,장어마을,한식,경상남도 통영시 무전1길 64-15,"장어탕, 장어구이 ",34.8607912,128.4228021
1681,경동일식,일식,경상남도 통영시 무전5길 11-19,"초밥, 생선회 ",34.8618032,128.4263783
1682,정원,한식,경상남도 통영시 봉수로 50,"멍게비빔밥, 도다리쑥국",34.8266256,128.4158436
1683,금평반점,중식,경상남도 통영시 사량면 진촌1길 36,해물짬뽕,34.8445947,128.2228086
1684,물소리횟집,한식,경상남도 통영시 사량면 진촌2길 6-1,물회,34.8447815,128.2208494
1685,원조시락국,한식,경상남도 통영시 새터길 12-10,시락국,34.8413357,128.41989
1686,한양식당,중식,경상남도 통영시 욕지면 서촌윗길 183-3,해물짬뽕,34.63542521,128.2636453
1687,욕지1번가,한식,경상남도 통영시 욕지면 욕지일주로 81,멍개비빔밥,34.646029,128.2354351
1688,통영 생선구이,한식,경상남도 통영시 용남면 동달안길 84,생선구이,34.86417618,128.4461917
1689,칠미횟집,한식,경상남도 통영시 원문로 11,모둠회,34.8567404,128.4266437
1690,멸치마을식당,한식,경상남도 통영시 항북길 34,멸치요리코스,34.84563587,128.4297521
1691,대풍관,한식,경상남도 통영시 해송정2길 29,굴코스요리,34.84325383,128.4274015
1692,하동솔잎한우프라자,한식,경상남도 하동군 고전면 하동읍성로 9,육류,35.020134,127.8180936
1693,부흥재첩식당,한식,경상남도 하동군 하동읍 경서대로 98,재첩국,35.0715825,127.7555901
1694,범바구집,한식,경상남도 하동군 하동읍 범바위길 1,"닭국,백숙",35.10378622,127.7019711
1695,이화가든,한식,경상남도 하동군 하동읍 섬진강대로 2507,재첩국,35.0688795,127.7408204
1696,버들횟집,한식,경상남도 하동군 화개면 화개로 26,은어회,35.2338182,127.6423882
1697,양어장횟집,한식,경상남도 하동군 화개면 화개로 711,향어회,35.2338182,127.6423882
1698,연화장식당,한식,경상남도 하동군 화개면 화개로 82,"참게탕, 재첩정식 ",35.2338182,127.6423882
1699,아라밀면,한식,경상남도 함안군 가야읍 중앙남길 36,국수,35.2753959,128.4115969
1700,함안제일숯불갈비,한식,경상남도 함안군 가야읍 중앙본길 32,삼겹살,35.27246632,128.4101091
1701,구만식당,한식,경상남도 함안군 군북면 함마대로 750,된장샤브샤브,35.262126,128.3463141
1702,옥수정,한식,경상남도 함안군 산인면 성산로 563,기러기요리,35.26846876,128.4586509
1703,식객,한식,경상남도 함안군 여항면 내곡3길 47,오리불고기,35.19666861,128.4545734
1704,함안대구식당,한식,경상남도 함안군 함안면 북촌2길 50-27,소고기국밥,35.24208511,128.4228784
1705,칠선산장,한식,경상남도 함양군 마천면 칠선로 194,산채비빔밥,35.391249,127.6972532
1706,옛날금호식당,한식,경상남도 함양군 안의면 광풍로 107,갈비탕,35.62670919,127.8102673
1707,옛날할매순대,한식,경상남도 함양군 안의면 석천길 11-16,순대국밥,35.62624788,127.8143645
1708,노가네,한식,경상남도 함양군 함양읍 뇌계길 283,보리밥정식,35.5370151,127.7233785
1709,골든차이나,중식,경상남도 함양군 함양읍 동위천1길 1,짬뽕,35.5225048,127.7200088
1710,교산집,한식,경상남도 함양군 함양읍 인당강변길 24,영양탕,35.51249161,127.7316369
1711,꿀꿀이와숯불,한식,경상남도 함양군 함양읍 중앙시장길 20,냉면,35.51751773,127.7302936
1712,삼일식당,한식,경상남도 합천군 가야면 치인1길 19-1,자연산송이국 정식,35.79152468,128.0871149
1713,장독대식당,한식,경상남도 합천군 야로면 야로공단길 7,버섯전골,35.71544105,128.1658395
1714,새길한우명가,한식,경상남도 합천군 합천읍 동서로 53,한우갈비살,35.56713124,128.1583857
1715,적사부,중식,경상남도 합천군 합천읍 동서로 74,탕수육,35.56710498,128.1603288
1716,시장분식,한식,부산광역시 강서구 공항로811번다길 23-19,"비빔칼국수, 선지국수",35.1788524,128.9544714
1717,장룡수산,한식,부산광역시 강서구 낙동남로 749,장어,35.1121126,128.8678092
1718,짱뚱어전문,한식,부산광역시 강서구 대저중앙로309번길 65,짱뚱어요리,35.222478,128.9804399
1719,민물가든,한식,부산광역시 강서구 둔치중앙길 5,잉어,35.15457,128.8961552
1720,대마등,한식,부산광역시 강서구 르노삼성대로 574,갈삼구이,35.0888624,128.842809
1721,칡넝쿨,한식,부산광역시 강서구 상덕로 52,"양념구이, 훈제바비큐",35.1915198,128.914442
1722,박달집,한식,부산광역시 금정구 금샘로 377-1,한방전골,35.2661294,129.0849123
1723,기장곰장어,한식,부산광역시 기장군 기장읍 기장해안로 70,짚불구이,35.2182314,129.2242611
1724,손큰할매,한식,부산광역시 기장군 기장읍 연화1길 191,"전복죽, 해산물",35.221064,129.2277503
1725,기장안동찰보리밥,한식,부산광역시 기장군 기장읍 차성남로 58,보리밥,35.2411609,129.2159479
1726,우동집,일식,부산광역시 기장군 기장읍 차성로 296-1,우동정식,35.2512442,129.2139316
1727,가마솥생복집,한식,부산광역시 기장군 기장읍 차성로 327-2,복요리,35.24704,129.2134073
1728,칠암 대양횟집,한식,부산광역시 기장군 일광면 문오성길 563,장어전문,35.30105502,129.2592
1729,일광아구찜,한식,부산광역시 기장군 일광면 삼성3길 55,아구찜,35.26597568,129.2341421
1730,수림원,한식,부산광역시 기장군 일광면 이천길 61,아구찜,35.26506045,129.2398159
1731,강원도순두부,한식,부산광역시 기장군 장안읍 월내해안길 63,순두부,35.3262542,129.279088
1732,장안매운탕,한식,부산광역시 기장군 장안읍 장안로 75-4,매운탕,35.3438188,129.253017
1733,기픈골황토마루,한식,부산광역시 기장군 정관읍 병산1길 74-39,오겹살,35.34224732,129.1933959
1734,철마연밥,한식,부산광역시 기장군 철마면 웅천리 324-6,연잎밥,35.29410446,129.1681417
1735,김유순대구뽈찜,한식,부산광역시 남구 진남로 15,대구뽈찜,35.1363487,129.0915049
1736,알천순대곱창전골,한식,부산광역시 남구 용소로7번길 88,"순대국밥, 순대전골",35.1385269,129.1046774
1737,내호냉면,한식,부산광역시 남구 우암번영로26번길 17,냉면,35.12652084,129.0708653
1738,공원칼국수,한식,부산광역시 남구 유엔평화로 110,공원칼국수,35.1231806,129.0973038
1739,칠성식당,한식,부산광역시 남구 지게골로 7,"곱창, 삼겹살",35.1330342,129.0763507
1740,할매곱창,한식,부산광역시 동구 수정동로 22-2,곱창,35.1303259,129.0461407
1741,신선식당,한식,부산광역시 동구 조방로49번길 13,생선구이,35.1394539,129.0601298
1742,암돼지갈비밀면,한식,부산광역시 동래구 금강로 106,밀면,35.2131292,129.0740843
1743,우동집,일식,부산광역시 동래구 금강로 93-1,냄비우동,35.2131292,129.0740843
1744,타이빈,퓨전,부산광역시 동래구 금강로73번길 12,뿌님팟퐁 커리,35.2163286,129.0770146
1745,동래삼계탕,한식,부산광역시 동래구 동래로116번길 39,"삼계탕, 약탕",35.2052618,129.0847496
1746,일미불갈비,한식,부산광역시 동래구 아시아드대로163,"돼지갈비, 왕소금구이",35.19895237,129.0648236
1747,깃발집,한식,부산광역시 동래구 온천장로107번길 10,"물회, 꽃게된장조림",35.2193816,129.0852989
1748,옛맛칼국수,한식,부산광역시 동래구 중앙대로1335번길 17-2,칼국수,35.2070978,129.0752769
1749,통영졸복,한식,부산광역시 동래구 차밭골로21번길 8,졸복,35.215898,129.0789512
1750,원가네,한식,부산광역시 부산진구 성지로 145,닭한마리국수,35.1708385,129.0549602
1751,평양집,한식,부산광역시 북구 금곡대로20번길 21,만두백반,35.2121256,129.0061514
1752,심우촌,한식,부산광역시 북구 산성로 100,오리고기,35.2391974,129.0154597
1753,주례하동재첩국,한식,부산광역시 사상구 가야대로 290-12,재첩국,35.1501665,128.9988008
1754,대궐안집,한식,부산광역시 사상구 광장로 68,갈비탕,35.1623407,128.9808065
1755,77돌곱창,한식,부산광역시 사상구 괘감로 98,곱청전골,35.1584648,128.9797565
1756,해물왕창칼국수,한식,부산광역시 사상구 사상로 316,해물칼국수,35.1552557,128.9916425
1757,김해식당,한식,부산광역시 사하구 괴정로 39,멸치쌈밥,35.1000501,128.9773384
1758,하단통영식당,한식,부산광역시 사하구 낙동남로1389번길 9-2,멸치쌈밥,35.1069043,128.9637077
1759,제일돌곱창,한식,부산광역시 사하구 낙동대로535번길 4,돌곱창전골,35.1112155,128.9632064
1760,통영장어무한리필,한식,부산광역시 사하구 동매로 50,장어구이,35.1011402,128.9730428
1761,복성반점,중식,부산광역시 사하구 하신중앙로 289,짬뽕,35.1012478,128.9608269
1762,원조18번 완당,일식,부산광역시 서구 구덕로238번길 6,"완당, 발국수",35.1057926,129.0207344
1763,수변최고돼지국밥,한식,부산광역시 수영구 광안해변로370번길 9-32,수육백반,35.156078,129.1341146
1764,옥미 아구찜,한식,부산광역시 수영구 망미번영로55번길 35,아구찜,35.1765688,129.1080339
1765,마라도,한식,부산광역시 수영구 민락본동로11번길 38,코스요리,35.1575643,129.1270093
1766,개성손만두,한식,부산광역시 연제구 진연로 29,만두국,35.1799156,129.0728799
1767,석화정,한식,부산광역시 영도구 동삼로42번길 16-11,굴국밥,35.07709293,129.0722868
1768,부흥식당,한식,부산광역시 영도구 절영로 102,자리돔물회,35.0733228,129.0524971
1769,왔다식당,한식,부산광역시 영도구 하나길 811,스지전골,35.0902262,129.0478343
1770,연근해식당,한식,부산광역시 중구 보수대로44번길 7,"우럭매운탕, 해물",35.1019099,129.0238152
1771,실비집,한식,부산광역시 중구 해관로 22-8,"주꾸미, 빈대떡",35.1031364,129.0356195
1772,해운대기와집대구탕,한식,부산광역시 해운대구 달맞이길104번길 46,대구탕,35.158318,129.1743543
1773,거북선횟집,한식,부산광역시 해운대구 달맞이길62번길 69,모듬회,35.1578569,129.1723282
1774,수민이네,한식,부산광역시 해운대구 청사포로58번길 118,"조개구이, 장어구이",35.1614396,129.1892003
1775,미스터스시,일식,부산광역시 해운대구 해운대로 744-5,"초밥, 생선회",35.1664546,129.1712062
1776,본가한우곱창,한식,울산광역시 남구 남산로12번길 9,한우곱창,35.5516693,129.2720149
1777,터미날식당,한식,울산광역시 남구 봉월로 164,정식,35.5327416,129.3075181
1778,고래고기원조할매집본점,한식,울산광역시 남구 장생포고래로 135,고래고기,35.5013545,129.3724792
1779,함양집,한식,울산광역시 남구 중앙로208번길 12,비빔밥,35.5400167,129.3140621
1780,행이왕갈비,한식,울산광역시 남구 팔등로141번길 7,돼지갈비,35.5484899,129.3212365
1781,섬뜰,한식,울산광역시 동구 동진로 42,전복밥,35.4859256,129.4298526
1782,산너머남촌,한식,울산광역시 동구 동해안로 596,코다리찜,35.5529465,129.4395951
1783,탱크맨투곰탕전문점,한식,울산광역시 동구 옥류로 19,"갈비탕, 갈비찜",35.5442319,129.4260562
1784,육일횟집,한식,울산광역시 동구 주전해안길 278,물회,35.5581159,129.4577609
1785,상안가든,한식,울산광역시 북구 동산길 22,"오리탕, 오리불고기",35.6200203,129.3350948
1786,충남숯불고기,한식,울산광역시 울주군 두동면 계명로 88,한우모듬,35.71359397,129.1981466
1787,호뻘떡낙지,한식,울산광역시 북구 수동1길 4,낙지볶음,35.624926,129.3605698
1788,버드나무집,한식,울산광역시 울주군 상북면 웃궁평길 20,오리불고기,35.59790857,129.0873671
1789,김양집,한식,울산광역시 울주군 서생면 신암해안길 13,짚불곰장어,35.3469535,129.3225634
1790,진하고향해물탕,한식,울산광역시 울주군 서생면 진하길 45,조개탕,35.3847489,129.3435154
1791,베테랑바베큐,한식,울산광역시 울주군 서생면 해맞이로 924,소갈비,35.3575221,129.3518167
1792,감나무집,한식,울산광역시 울주군 청량면 청량천변로 123,"오리불고기, 오리탕",35.52677459,129.2605163
1793,효정밥상,한식,울산광역시 울주군 청량읍 신덕하1길 9,게장정식,35.4922079,129.3062701
1794,다운목살구이,한식,울산광역시 중구 운곡안길 9,한식,35.55644486,129.2764088
1795,이루후제,중식,제주도 서귀포시 남원읍 하신로 63,짬뽕,33.2596962,126.6281158
1796,산방식당,한식,제주도 서귀포시 대정읍 하모이삼로 62,"밀냉면, 수육 ",33.2234895,126.2513843
1797,미영이네식당,한식,제주도 서귀포시 대정읍 하모항구로 42,고등어회,33.2176737,126.2499112
1798,홍성방,중식,제주도 서귀포시 대정읍 하모항구로 76,"해물짬뽕, 해물짜장 ",33.220115,126.2517883
1799,올레안뜰,일식,제주도 서귀포시 법환로 24,흑돼지왕돈가스,33.2371807,126.5129878
1800,대유랜드,한식,제주도 서귀포시 상예로 381,"꿩샤브샤브, 꿩튀김 ",33.2578854,126.389992
1801,네거리식당,한식,제주도 서귀포시 서문로29번길 20,갈치국,33.2485234,126.5592526
1802,한옥집,한식,제주도 서귀포시 서홍로41,김치찜,33.2515451,126.553341
1803,몰질식당,한식,제주도 서귀포시 이어도로 598,"고기짬뽕, 복지리",33.2353646,126.4803661
1804,삼보식당,한식,제주도 서귀포시 중정로 25,뚝배기,33.2476846,126.559189
1805,중문조림식당,한식,제주도 서귀포시 천제연로 170,생선조림,33.2510201,126.4224167
1806,중문수두리보말칼국수,한식,제주도 서귀포시 천제연로 192,보말칼국수,33.2515942,126.4252213
1807,용이식당,한식,제주도 서귀포시 중앙로79번길 9,두루치기,33.2511825,126.5605673
1808,표선어촌식당,한식,제주도 서귀포시 표선면 민속해안로 578-7,"회, 물회",33.3252433,126.8446185
1809,광동식당,한식,제주도 서귀포시 표선면 세성로 272,두루치기,33.3291472,126.7983209
1810,한일수산횟집,한식,제주도 서귀포시 홍중로 3,회,33.2531965,126.5588776
1811,누룽지식당,한식,제주도 제주시 고산동산6길 15-1,고등어조림,33.4945748,126.5320538
1812,바삭돈가스,일식,제주도 제주시 과원북4길 61,흑돼지 돈가스,33.4813034,126.4910078
1813,황금손가락,일식,제주도 제주시 구남동1길 44,초밥,33.491806,126.5390228
1814,해녀촌,한식,제주도 제주시 구좌읍 동복로 33,회국수,33.5529213,126.7129549
1815,소라횟집,한식,제주도 제주시 구좌읍 해맞이해안로 1240-3,매운탕,33.5563389,126.7599142
1816,제주옹기설렁탕,한식,제주도 제주시 문송길 27,"설렁탕, 꼬리곰탕 ",33.4876752,126.4973402
1817,두루두루,한식,제주도 제주시 삼무로3길 14,쥐치조림,33.4904112,126.4908314
1818,앞뱅디식당,한식,제주도 제주시 선덕로 32,"멜국,각재기국",33.4856055,126.4990467
1819,엉덩물물회,한식,제주도 제주시 성두길 7-7,한치물회,33.49167,126.4946631
1820,삼다가,한식,제주도 제주시 신대로9길 27,흑돼지생구이,33.490685,126.4991872
1821,돌하르방식당,한식,제주도 제주시 신산로11길 53,"각재기국, 해물뚝배기 ",33.508251,126.5366005
1822,오롯,한식,제주도 제주시 신설로 11길 2-10,전복비빔밥,33.49099544,126.5443473
1823,참솔식당,한식,제주도 제주시 애월읍 유수암평화5길 21,"산채비빔밥, 백숙 ",33.4230358,126.4063453
1824,국수만찬,한식,제주도 제주시 은남3길 1,"고기국수, 돔베고기 ",33.4872705,126.4932592
1825,대성아귀찜,한식,제주도 제주시 조천읍 함덕3길 4,아귀찜,33.546861,126.6550515
1826,중국집마씸,중식,제주도 제주시 한경면 두신로 78,짬뽕,33.3550314,126.1861731
1827,제주데미안,일식,제주도 제주시 한경면 고조로 492-15,돈가스정식,33.3161416,126.2048763
1828,우정해장국,한식,제주도 제주시 한림읍 한림상로 139,내장탕,33.4209062,126.2671136
1829,태능숯불갈비,한식,경기 수원시 장안구 정조로1110번길 3 송춘석음악학원1층 태능숯불갈비,"돼지갈비,내장탕",37.30381262,127.0011391
1830,우성토종순대국,한식,경기 수원시 권선구 고산로4번길 6 스타빌딩1층,순대국,37.24683735,126.9829565
1831,구테로이테,카페,서울 강남구 선릉로131길 16 1층 구테로이테,,37.51769536,127.0396302
1832,카페 후문,카페,서울 광진구 능동로36길 183,,37.5528332,127.0885437
1833,더 베이커스 테이블,카페,서울 용산구 녹사평대로 244-1,,37.5394349,126.9874204
1834,1인1잔,카페,서울 은평구 연서로 534,,37.6409453,126.9378687
1835,인크커피 가산플래그쉽스토어,카페,서울 금천구 가산디지털2로 127-20,,37.4793875,126.8780291
1836,헤리스헤이스,카페,서울 강서구 마곡동로3길 26 103호,,37.56019741,126.8305202
1837,꽃담인사동본점,카페,서울 종로구 인사동길 19-2,,37.5735445,126.9855646
1838,우드멜로우,카페,서울 강동구 아리수로 243,,37.5629253,127.161261
1839,페니힐스 커피스테이션,카페,"서울 동작구 동작대로1길 10-14 새롬빌딩 1,2층",,37.47789365,126.9809924
1840,커피향기,카페,인천 강화군 강화읍 강화대로368번길 13,,37.74485387,126.4901589
1841,노웨이벗히어,카페,인천 남동구 성말로35번길 9,,37.4467144,126.7048823
1842,지금이곳,카페,인천 중구 운남로82번길 40,,37.48608613,126.5370821
1843,포레스트아웃팅스,카페,인천 연수구 청량로 145 포레스트아웃팅스 송도점,,37.42004217,126.65227
1844,카페799,카페,강원 영월군 영월읍 천문대길 397,,37.2080158,128.4905144
1845,몽토랑 산양목장,카페,강원 태백시 효자1길 27-2,,37.1809729,128.9667277
1846,리버레인,카페,강원 춘천시 영서로 2529-47,,37.88463248,127.7120505
1847,카페하추리,카페,강원 인제군 인제읍 하추로 187,,38.0375454,128.3276254
1848,카페 은하수,카페,강원 철원군 동송읍 한탄강길 112 카페은하수,,38.19977732,127.2775052
1849,온힐링카페,카페,강원 화천군 화천읍 노신로 43 1층 온힐링카페,,38.11506772,127.6992838
1850,카페아인53,카페,강원 양구군 양구읍 성곡로 200-1 아인53,,38.13496942,127.9876143
1851,로즈,카페,강원 홍천군 서면 상귀량길 4 로즈카페,,37.64656326,127.6413965
1852,스톤크릭,카페,강원 원주시 지정면 지정로 1101,,37.344178,127.8189382
1853,그리심,카페,강원 평창군 평창읍 제방길 33-6,,37.36262603,128.3856955
1854,아우로라카페,카페,강원 정선군 고한읍 함백산로 1448,,37.1483891,128.9007089
1855,노랑공장,카페,강원 횡성군 횡성읍 태기로 488 A동,,37.51291797,128.0269849
1856,에이프레임,카페,강원 고성군 죽왕면 가향길 20-1,,38.3774614,128.5015207
1857,카페리브로,카페,경기 의정부시 범골로35번길 69-6,,37.7278731,127.0391131
1858,구벼울,카페,경기 양평군 옥천면 남한강변길 123-19,,37.50881867,127.4249259
1859,연천회관,카페,경기 연천군 연천읍 평화로1219번길 42,,38.078053,127.076706
1860,수우스커피,카페,경기 김포시 김포한강1로98번길 17-88 101호,,37.64709864,126.6722844
1861,커피사촌로스터스,카페,경기 고양시 일산동구 위시티로 43 1층,,37.67633627,126.8094027
1862,고모리691,카페,경기 포천시 소흘읍 고모리 691,,37.7970592,127.1608982
1863,레드브릿지,카페,경기 파주시 광탄면 기산로 329,,37.7726372,126.9252706
1864,베이커리 씨어터,카페,경기 남양주시 화도읍 경춘로2696번길 4-15,,37.67344572,127.3759911
1865,마이포터리,카페,경기 남양주시 수동면 비룡로782번길 71-40 마이포터리,,37.70468896,127.3302145
1866,프롬밀크,카페,경기 가평군 가평읍 오리나무길 35 프롬밀크,,37.82446731,127.5139753
1867,메인스트리트,카페,경기 평택시 포승읍 만호리 697-17,,36.96285498,126.8557877
1868,이배재제빵소,카페,경기 광주시 이배재로 247,,37.4344435,127.2322403
1869,180커피로스터스,카페,경기 성남시 분당구 문정로144번길 4,,37.3825394,127.151626
1870,16세기 티하우스,카페,"경기 수원시 영통구 광교중앙로37번길 45 1층,지층",,37.27830307,127.0514189
1871,송강커피,카페,경기 오산시 궐리사로 63 2층,,37.15919656,127.059513
1872,칼리오페,카페,경기 용인시 처인구 성산로170번길 23-1 칼리오페,,37.24839539,127.1921966
1873,더포레,카페,경기 화성시 향남읍 두렁바위길 49-13,,37.12812218,126.8950749
1874,카페 여주,카페,경기 여주시 강천면 강문로 703 카페여주,,37.26437721,127.71918
1875,커피볶는 콩탱이,카페,경기 부천시 부천로136번길 34,,37.49586737,126.7872837
1876,청화공간,카페,경기 시흥시 호현로 155-25 카페청화공간,,37.45360784,126.7870902
1877,실낙원,카페,경기 안양시 동안구 평촌대로223번길 55 대명빌딩 4층 401호,,37.39023867,126.9527569
1878,카페유일,카페,경기 안산시 단원구 꽃우물1길 16-4,,37.35820011,126.8219199
1879,배꽃길61,카페,경기 안성시 대덕면 배꽃길 61,,37.03004074,127.2405386
1880,메이븐,카페,경기 수원시 팔달구 창룡대로74번길 15,,37.28466692,127.0231346
1881,더반올가닉,카페,경기 이천시 부발읍 부발중앙로221번길 89 더반 올가닉,,37.27229693,127.508717
1882,카페웨더,카페,경기 하남시 검단산로 228-8,,37.542282,127.2378916
1883,"구옥,날다",카페,충북 충주시 충주호수로 1016-10,,36.9111167,128.01037
1884,카페산,카페,충북 단양군 가곡면 두산길 196-86,,36.9943993,128.3946201
1885,서부제과,카페,충북 괴산군 괴산읍 읍내로15길 31,,36.8122957,127.7901728
1886,카페트리스톤,카페,충북 음성군 음성읍 음성로 152 1층 카페트리스톤,,36.93044169,127.675977
1887,스테이인터뷰 영동,카페,충북 영동군 양산면 양산심천로 45 1층,,36.13234914,127.6824679
1888,마일로에스프레소바,카페,충북 청주시 흥덕구 흥덕로88번길 29 1층,,36.64350885,127.4738085
1889,풀문,카페,충북 청주시 상당구 수암로 46-8 풀문커피,,36.64647956,127.4947847
1890,글루글루,카페,충북 제천시 수산면 옥순봉로10길 2 2동,,36.9806442,128.2018975
1891,더그라스,카페,충북 진천군 진천읍 소강정1길 78 카페 더그라스,,36.85609499,127.4513853
1892,메릴본케이크,카페,충북 청주시 상당구 사직대로361번길 14-9 2층,,36.63768715,127.4880415
1893,로터스 블라썸,카페,충북 보은군 속리산면 법주사로 104 로터스 블라썸,,36.51840578,127.8164378
1894,로드1950,카페,충남 당진시 신평면 매산로 170 로드1950카페,,36.91744406,126.8125973
1895,여울목카페,카페,충남 금산군 제원면 낙안길 9,,36.1181246,127.573624
1896,무드빌리지,카페,충남 부여군 부여읍 뒷개로27번길 10-1 무드빌리지,,36.29285933,126.9245034
1897,카페그랑블루,카페,충남 보령시 해안로 484,,36.344379,126.5891177
1898,앵화당,카페,충남 청양군 운곡면 구만이길 70-21 앵화당,,36.53129878,126.8437675
1899,제주도화,카페,세종 연서면 와룡로 606,,36.5976713,127.2276476
1900,풍뉴가,카페,대전 동구 수향길 31,,36.33666589,127.4369792
1901,자동차 카페 히피스,카페,대전 유성구 대학로76번길 55 자동차 카페 히피스,,36.36012423,127.3472125
1902,램프,카페,충남 서천군 장항읍 장서로 31-1,,36.0266086,126.7056381
1903,인주,카페,"충남 아산시 인주면 아산만로 1608 가, 나, 다동",,36.86744433,126.874824
1904,연리지,카페,충남 계룡시 엄사면 향적산길 91,,36.2867776,127.2157819
1905,비츠카페,카페,충남 홍성군 서부면 남당항로72번길 1,,36.53263322,126.4837594
1906,케이카페,카페,충남 홍성군 홍북읍 용봉산2길 41 케이카페,,36.64223697,126.658764
1907,한가로이,카페,충남 서산시 운산면 신창길 102-3,,36.75476404,126.5671185
1908,카페이안,카페,충남 예산군 예산읍 아리랑로213번길 34 카페 이안,,36.6836835,126.8506951
1909,에어산,카페,충남 공주시 반포면 임금봉길 88-27,,36.36617308,127.2514671
1910,커피인터뷰,카페,충남 태안군 소원면 파도길 61-9,,36.73786517,126.1331193
1911,공원다방,카페,충남 천안시 동남구 청수15길 4 공원다방,,36.78704245,127.1511502
1912,카페써니,카페,전북 전주시 덕진구 구렛들1길 46,,35.8594146,127.1006038
1913,무주창고,카페,전북 무주군 적상면 마산내동길 16 무주창고,,35.92053736,127.6800145
1914,미안커피,카페,전북 남원시 함파우길 65-14 남원시립김병종미술관 1층 미안커피,,35.39870644,127.3895546
1915,블랜드미,카페,전북 익산시 현영길 123-10,,35.97192266,126.9344749
1916,디오니,카페,전북 전주시 덕진구 원동로 16,,35.8689043,127.0481681
1917,라파르,카페,전북 군산시 옥도면 장자도2길 31,,35.8150593,126.3965485
1918,카페진안,카페,전북 진안군 부귀면 원세동길 2,,35.80248975,127.3281135
1919,비스트로한스,카페,전북 김제시 신풍길 253-5 제니오피스텔 1층 Bistro Han's,,35.79866927,126.8901303
1920,제이포렛,카페,전북 정읍시 정읍사로 388 제이포렛,,35.53873824,126.8571692
1921,카페캔버스,카페,전북 완주군 이서면 지사제로 191 카페캔버스,,35.83463899,127.0236303
1922,추억을나누며,카페,전북 부안군 진서면 청자로 206 추억을나누며,,35.58747891,126.5441302
1923,낭만가옥,카페,전남 곡성군 곡성읍 낙동원로 26,,35.2836762,127.301164
1924,배알도카페니테오,카페,전남 광양시 명당길 59-1,,34.9589623,127.7608087
1925,가배당,카페,광주광역시 서구 눌재로 434 1층,,35.11615853,126.8305456
1926,하원재,카페,광주광역시 남구 제중로47번길 11 1층,,35.1386239,126.9127298
1927,윤뜰,카페,전남 나주시 재신길 24,,35.0225528,126.714057
1928,옥담,카페,전남 담양군 봉산면 연산길 89-11 옥담,,35.27206994,126.968882
1929,커피창고로,카페,전남 목포시 평화로 51,,34.7964864,126.4328397
1930,춘운서옥,카페,전남 보성군 보성읍 송재로 211-9,,34.7671752,127.0763478
1931,운평리769,카페,전남 순천시 서면 청소년수련원길 153,,35.0066699,127.47943
1932,카페보리,카페,전남 영광군 백수읍 해안로 787,,35.3165063,126.3838147
1933,당인리포레스트,카페,전남 완도군 군외면 청해진서로 1418-2,,34.33565057,126.6508507
1934,맥문동,카페,광주광역시 서구 마륵로 24,,35.1435113,126.8361705
1935,MOMO,카페,전남 장성군 진원면 상림길 26 MOMO,,35.27263922,126.8604072
1936,FOURROOM(승모네),카페,전남 장흥군 장흥읍 중앙로 81 1층 FOURROOM,,34.6829609,126.9060304
1937,포베오커피,카페,전남 함평군 함평읍 주포로 395,,35.0870384,126.4825352
1938,문가든,카페,전남 해남군 계곡면 오류골길 64,,34.63314959,126.6536804
1939,수만리커피,카페,전남 화순군 화순읍 안양산로 616-2,,35.09056007,127.0196165
1940,바다정원,카페,전남 신안군 압해읍 압해로 820 카페 바다정원,,34.86283939,126.3187262
1941,커피농장 산티아고 본점,카페,전남 고흥군 과역면 석촌1길 81-117,,34.6815913,127.3738973
1942,라피끄,카페,전남 여수시 돌산읍 무술목길 142-1 카페 라피크,,34.69514593,127.7772751
1943,화이트카페블랙라운지,카페,전남 무안군 망운면 청운로 857-10,,34.9680003,126.3889714
1944,물치상회,카페,경북 울진군 후포면 울진대게로 289-1,,36.6825318,129.4638496
1945,두낫디스터브,카페,경북 구미시 고아읍 들성로 171-34,,36.15959483,128.3381734
1946,카페스톤 고령점,카페,경북 고령군 쌍림면 대가야로 446-44 카페스톤 고령점,,35.66494383,128.2353992
1947,카페댐댐,카페,경북 군위군 삼국유사면 삼국유사로 438-16,,36.1610285,128.8936473
1948,카페자산,카페,경북 김천시 자산3길 36,,36.1212447,128.1229835
1949,마고플레인강정보점,카페,대구광역시 달성군 다사읍 강정본길 68-18,,35.842657,128.4631556
1950,그린그루브,카페,대구광역시 달서구 성서로 406 성서우체국 1층,,35.85376257,128.5077242
1951,퀸즈크라운,카페,대구광역시 서구 서대구로 118 1층~4층,,35.86852074,128.5556192
1952,월영당,카페,경북 안동시 민속촌길 26,,36.57885114,128.7645889
1953,백일홍,카페,경북 청송군 파천면 송소고택길 21,,36.43641827,129.0272167
1954,이웃들의테이블카페,카페,경북 칠곡군 왜관읍 평장길 31 1층 이웃들의테이블카페,,35.98519286,128.4027549
1955,미미커피,카페,경북 의성군 단촌면 장터길 16-6,,36.42249602,128.6730584
1956,카페 트리팔렛,카페,경북 성주군 월항면 주산로 454 카페 트리팔렛,,35.950651,128.32296
1957,엘파라이소365,카페,경북 청도군 화양읍 소라2길 36-13,,35.66373107,128.7227555
1958,마고포레스트,카페,경북 경산시 경안로73길 20 마고 포레스트,,35.84004098,128.7307047
1959,봉덕창고,카페,경북 예천군 예천읍 봉덕로 49,,36.6537084,128.4431884
1960,녹스고지,카페,경북 영주시 두서길87번길38,,36.83105139,128.6175653
1961,휴행복한펜션 카페,카페,경북 울릉군 북면 추산길 40 휴행복한펜션,,37.53441148,130.8591575
1962,까브,카페,경북 문경시 동로면 안생달길279,,36.81589871,128.2634028
1963,홀리가든,카페,경북 봉화군 명호면 비나리길172-57,,36.84169018,128.8773009
1964,명주정원,카페,경북 상주시 함창읍 새잼이길 7,,36.57690893,128.1658378
1965,스테이클래시,카페,경북 영천시 송정길 85,,35.96615484,128.9157928
1966,네스트 코퍼레이션,카페,경북 포항시 남구 호미곶면 해맞이로46번길 164,,36.05660778,129.5768001
1967,르몽,카페,경남 사천시 백천길 114-55,,34.9931105,128.0728071
1968,토곡요,카페,경남 양산시 하북면 충렬로 1559,,35.4582584,129.075278
1969,알리스타,카페,경남 창녕군 창녕읍 향교골목길 28-57 알리스타,,35.54523801,128.4999105
1970,심해,카페,경남 거제시 장목면 옥포대첩로 1252,,34.9770456,128.6855756
1971,리틀버터,카페,경남 거창군 거창읍 강변로 53 빨간지붕 1층,,35.68382937,127.9029334
1972,위츠,카페,경남 창원시 성산구 신사로 135 지하,,35.22012516,128.6980989
1973,해맞이카페,카페,경남 고성군 동해면 조선특구로 2104,,35.06143007,128.4791845
1974,카페 잇소,카페,경남 밀양시 삼랑진읍 행곡로 425-1 카페잇소,,35.42883382,128.8974452
1975,커피플라워,카페,경남 진주시 남강로 36 커피플라워 혹은 진주시 남강로 38,,35.16469424,128.0387223
1976,올너프(all'nuff),카페,경남 창원시 진해구 충장로 398-5 1층,,35.15201368,128.6951605
1977,진리커피,카페,경남 하동군 하동읍 중앙로 11 1층 진리커피,,35.07028302,127.7511914
1978,무진(MOOZ),카페,경남 함안군 함안면 함안대로 257 무진,,35.25490959,128.4233141
1979,지중해,카페,경남 창원시 마산합포구 가포로 501-201 카페,,35.15013406,128.5905806
1980,디마네,카페,경남 함양군 함양읍 서위천길 11 1층,,35.5199461,127.7211942
1981,로우풀,카페,경남 합천군 대병면 회양관광단지길 28-10,,35.52532665,128.0188763
1982,단토,카페,경남 의령군 의령읍 의병로 216,,35.3201005,128.2537724
1983,네르하21,카페,경남 통영시 도산면 도산일주로 954 네르하21카페,,34.88519064,128.3151251
1984,로드172,카페,경남 김해시 분성로172번길 19,,35.2287211,128.8681015
1985,마샹스,카페,경남 남해군 창선면 율도로 10,,34.8956405,128.0012646
1986,방목리카페,카페,경남 산청군 단성면 석대로281번길 229-30,,35.32494975,127.9224427
1987,주마등,카페,부산광역시 부산진구 서전로47번길 27 1층,,35.15911939,129.0645682
1988,라메르판지,카페,울산광역시 북구 판지1길 30,,35.61350188,129.4549572
1989,산복도로370,카페,부산광역시 중구 망양로 370,,35.1227408,129.0344335
1990,앙로고택,카페,부산 강서구 식만로 122 앙로고택,,35.20521108,128.906596
1991,유정1995,카페,부산 기장군 정관읍 병산로 303-1 유정1995,,35.35274006,129.1871177
1992,모모스커피,카페,부산 금정구 오시게로 18-1,,35.2206021,129.0870199
1993,발레나식스,카페,울산광역시 울주군 범서읍 지지길 55 1층,,35.62342728,129.2258415
1994,빌리지40,카페,부산 동래구 금정마을로 40 빌리지40,,35.21250552,129.0610137
1995,비양놀,카페,제주 제주시 한림읍 한림해안로 311 비양놀,,33.42898098,126.263508
1996,카페모알보알,카페,제주 제주시 구좌읍 구좌해안로 141 카페 모알보알,,33.55956614,126.7279527
1997,하라케케,카페,제주 서귀포시 속골로 29-10 16호,,33.2428645,126.5277195
1998,카페 툇마루,카페,강원 강릉시 난설헌로 232 카페 툇마루,,37.79285288,128.9145306
1999,엘로우,카페,경북 경주시 경감로 375-16,,35.8336952,129.2779579
2000,바다소리카페,카페,경북 영덕군 강구면 영덕대게로 133,,36.3891945,129.4070018
2001,언덕위에하얀집,카페,전남 영암군 덕진면 여운재로 565 언덕위에하얀집,,34.8263817,126.741935
2002,고매커피,카페,경기 용인시 기흥구 원고매로2번길 85-2,,37.2196351,127.107474
2003,까페아스타나,카페,경기 화성시 효행로 1203-8,,37.2369816,126.9642732
2004,카페스테어스,카페,서울 중랑구 동일로109길 28 1층 카페스테어스,,37.59193587,127.0785056
2005,연다원,카페,전북 고창군 아산면 복분자로 184-81 연다원,,35.49120253,126.627787
2006,미텐발트,카페,전북 임실군 운암면 종운로 802-18,,35.59714832,127.1093756
2007,그날의 온도,카페,전북 전주시 덕진구 원동로 45,,35.8609609,127.0395792
2008,카페 더 밸리,카페,충남 공주시 사곡면 마곡사로 734 더밸리,,36.54853087,127.0215814
2009,카페 금성동,카페,충남 공주시 정자방1길 31 1층,,36.46677017,127.1188284
2010,리파로,카페,"전북 전주시 덕진구 정여립로 924-25 1,2층",,35.83336134,127.0759279
2011,라온카페,카페,전북 완주군 소양면 오도길 64,,35.90689144,127.2376439
2012,날망,카페,전북 전주시 덕진구 기지로 120 1층,,35.8379675,127.0653214
2013,빈타이,카페,전북 전주시 덕진구 안전로 108-14,,35.8335986,127.0601011