store_name,store_address,name,price
진심담은 된장찌개 진된장 가산본점,벚꽃로36길 30 제씨118호 지번,[봄동 비빔밥 정식] 비빔밥+된장전골 봄에만 먹을 수 있는 프레시한 봄동 겉절이 계란후라이는 추가해주세요^^,12000
진심담은 된장찌개 진된장 가산본점,벚꽃로36길 30 제씨118호 지번,보쌈 정식 (된장전골 + 1인보쌈),16000
진심담은 된장찌개 진된장 가산본점,벚꽃로36길 30 제씨118호 지번,매콤 제육볶음 매콤한 양념이 혀끝을 스치며 동시에 감칠맛이 돌아 밥 한공기 뚝딱입니다.,10000
진심담은 된장찌개 진된장 가산본점,벚꽃로36길 30 제씨118호 지번,된장 1kg (100% 연천 메주콩),30000
진심담은 된장찌개 진된장 가산본점,벚꽃로36길 30 제씨118호 지번,독도소주(17%),12000
진심담은 된장찌개 진된장 가산본점,벚꽃로36길 30 제씨118호 지번,왕율주(25%),19000
진심담은 된장찌개 진된장 가산본점,벚꽃로36길 30 제씨118호 지번,김포특주(14%),9000
진심담은 된장찌개 진된장 가산본점,벚꽃로36길 30 제씨118호 지번,호랑이 생막걸리,7000
진심담은 된장찌개 진된장 가산본점,벚꽃로36길 30 제씨118호 지번,(5첩반상) 버섯가득 된장찌개(전골) 버섯이 들어가 더욱 건강합니다. (구성: 5첩반상+된장전골+국내산쌀),10000
진심담은 된장찌개 진된장 가산본점,벚꽃로36길 30 제씨118호 지번,"가브리 수육보쌈 세트 소 된장전골 or 칼비빔면 서비스 (중: 45,000원 / 대 :55,000원)",35000
진심담은 된장찌개 진된장 가산본점,벚꽃로36길 30 제씨118호 지번,"된장전골 or 칼비빔면 서비스 (중: / 대 :55,000원)",45000
진심담은 된장찌개 진된장 가산본점,벚꽃로36길 30 제씨118호 지번,(5첩반상) 소고기 된장찌개(전골) 소고기가 들어가 국물이 더욱 진한 된장전골(구성: 5첩반상+된장전골+국내산쌀),11000
진심담은 된장찌개 진된장 가산본점,벚꽃로36길 30 제씨118호 지번,(5첩반상) 우거지 된장찌개(전골) 우거지가 들어가 시원한 국물이 일품인 된장전골(구성: 5첩반상+된장전골+국내산쌀),10000
진심담은 된장찌개 진된장 가산본점,벚꽃로36길 30 제씨118호 지번,"강된장 정식 버섯된장전골+강된장+계란후라이 (소고기된장전골은 1,000원 추가)",12000
진심담은 된장찌개 진된장 가산본점,벚꽃로36길 30 제씨118호 지번,버섯된장전골+강된장+계란후라이 (소고기된장전골은 추가),1000
진심담은 된장찌개 진된장 가산본점,벚꽃로36길 30 제씨118호 지번,두쫀쿠소주 입고!! (20병 한정) 테이블당 한병만 판매합니다. 한정판매 두쫀쿠 소주!,5000
진심담은 된장찌개 진된장 가산본점,벚꽃로36길 30 제씨118호 지번,[주류 무한리필] 1인 20여종의 전통주/막걸리를 무한으로 즐겨보세요,8900
진심담은 된장찌개 진된장 가산본점,벚꽃로36길 30 제씨118호 지번,치즈 대왕 계란말이 대란을 7알이나 사용해 폭신하고 커다란 행운의 계란말이! 된장찌개 찰떡궁합,13000
순남시래기 가산역점,가산디지털1로 186 제이플라츠 A동 지하1층 지번,3대 시래기국,9000
순남시래기 가산역점,가산디지털1로 186 제이플라츠 A동 지하1층 지번,도마 수육 정식,12000
순남시래기 가산역점,가산디지털1로 186 제이플라츠 A동 지하1층 지번,하우스막걸리,4000
순남시래기 가산역점,가산디지털1로 186 제이플라츠 A동 지하1층 지번,노을구름막걸리,6000
순남시래기 가산역점,가산디지털1로 186 제이플라츠 A동 지하1층 지번,유자탱탱막걸리,6000
순남시래기 가산역점,가산디지털1로 186 제이플라츠 A동 지하1층 지번,시래기불고기전골(점심특선),13000
순남시래기 가산역점,가산디지털1로 186 제이플라츠 A동 지하1층 지번,시래기불낙전골(점심특선),16000
순남시래기 가산역점,가산디지털1로 186 제이플라츠 A동 지하1층 지번,시래기꼬막정식,12000
순남시래기 가산역점,가산디지털1로 186 제이플라츠 A동 지하1층 지번,미나리 육회,16000
순남시래기 가산역점,가산디지털1로 186 제이플라츠 A동 지하1층 지번,마나리 육회비빔밥,13000
순남시래기 가산역점,가산디지털1로 186 제이플라츠 A동 지하1층 지번,얼큰시래기국,9000
순남시래기 가산역점,가산디지털1로 186 제이플라츠 A동 지하1층 지번,씨앗된장시래기밥,10000
순남시래기 가산역점,가산디지털1로 186 제이플라츠 A동 지하1층 지번,쑥떡 떡갈비 정식,12000
순남시래기 가산역점,가산디지털1로 186 제이플라츠 A동 지하1층 지번,도토리 해물파전,19000
순남시래기 가산역점,가산디지털1로 186 제이플라츠 A동 지하1층 지번,도마수육,20000
가마솥 서울깍두기,가산디지털1로 186 지번,설렁탕 특,11000
가마솥 서울깍두기,가산디지털1로 186 지번,도가니탕,16000
가마솥 서울깍두기,가산디지털1로 186 지번,꼬리곰탕,18000
가마솥 서울깍두기,가산디지털1로 186 지번,소고기국밥,9000
가마솥 서울깍두기,가산디지털1로 186 지번,소갈비해장국,11000
가마솥 서울깍두기,가산디지털1로 186 지번,설렁탕 보통,9000
가마솥 서울깍두기,가산디지털1로 186 지번,선지해장국,8000
가마솥 서울깍두기,가산디지털1로 186 지번,황태해장국,8000
가마솥 서울깍두기,가산디지털1로 186 지번,김치찌개,8000
가마솥 서울깍두기,가산디지털1로 186 지번,청국장,8000
사월에보리밥과쭈꾸미 현대아울렛 가산점,디지털로10길 9 지상7층 지번,"사월에보리밥한상 10가지 이상의 반찬과 국산콩으로 만든 청국장, 매일아침 만드는 순두부까지 무한리필 한상",10000
사월에보리밥과쭈꾸미 현대아울렛 가산점,디지털로10길 9 지상7층 지번,"쭈꾸미피자한상 사월에보리밥한상과 직화웍에서 볶은 불맛가득 매콤쭈꾸미, 그리고 달콤한 꿀과 먹는 고르곤졸라",16900
사월에보리밥과쭈꾸미 현대아울렛 가산점,디지털로10길 9 지상7층 지번,고르곤졸라피자 바삭한 도우에 소스와 치즈를 뿌려 오븐에서 구운 고르곤졸라피자. 제공드리는 꿀과 함께드세요,8000
사월에보리밥과쭈꾸미 현대아울렛 가산점,디지털로10길 9 지상7층 지번,"셀프 소불고기주먹밥 쌔지 않은 간으로 구운 소불고기와 김, 후리가케 등 밥과 함께 먹는 어린아이 식사",6000
사월에보리밥과쭈꾸미 현대아울렛 가산점,디지털로10길 9 지상7층 지번,"사월에보리밥한상 4세-7세 뷔페형식의 매장이다보니, 부득이하게 이용료를 받습니다. 양해 부탁드리겠습니다",5000
사월에보리밥과쭈꾸미 현대아울렛 가산점,디지털로10길 9 지상7층 지번,매콤코다리찜한상 맛있게 말린 코다리를 사월에 특제 양념으로 졸여 매콤하면서 살맛이 잘 나는 코다리찜한상,15900
사월에보리밥과쭈꾸미 현대아울렛 가산점,디지털로10길 9 지상7층 지번,제육보쌈한상 불맛가득 제육볶음과 한방 냄새 가득나는 부드러운 수육을 한접시에 드실수있는 가성비 한상,16900
사월에보리밥과쭈꾸미 현대아울렛 가산점,디지털로10길 9 지상7층 지번,"쭈꾸미보쌈한상 불맛 가득한 매콤쭈꾸미와 부드러운 한방보쌈, 맛있는 보쌈김치까지 드실수있는 맛있는 한상",18900
사월에보리밥과쭈꾸미 현대아울렛 가산점,디지털로10길 9 지상7층 지번,쭈꾸미고등어한상 불향 가득 매콤쭈꾸미와 맛있게 구운 촉촉한 고등어를 한상에 드실 수 있는 가성비 한상,19900
사월에보리밥과쭈꾸미 현대아울렛 가산점,디지털로10길 9 지상7층 지번,직화쭈꾸미(220g) 사월에만의 양념과 맛있는 쭈꾸미를 중화웍에서 빠르게 볶아 쫄깃하면서도 매콤한 쭈꾸미,12000
사월에보리밥과쭈꾸미 현대아울렛 가산점,디지털로10길 9 지상7층 지번,직화제육(220g) 맛있는 돼지 앞다리살을 사월에만의 특별한 양념으로 재워 직화로 볶아내어 맛있고 매콤한 제육,10000
사월에보리밥과쭈꾸미 현대아울렛 가산점,디지털로10길 9 지상7층 지번,"한방보쌈(150g) 어른, 아이 모두 좋아하는 부드럽고 육향이 있는 보쌈. 맛있는 보쌈김치와 함께 제공됩니다.",10000
사월에보리밥과쭈꾸미 현대아울렛 가산점,디지털로10길 9 지상7층 지번,참고등어구이 겉은 바삭 속은 촉촉하게 구워낸 고등어. 함께 제공되는 간장 와사비에 찍어 먹으면 별미,10000
맨날먹는 김치찌개 가산 DK점,"서울 금천구 가산디지털2로 144 107호, 108호 지번",초당순두부 생고기김치찌개,12000
맨날먹는 김치찌개 가산 DK점,"서울 금천구 가산디지털2로 144 107호, 108호 지번",생고기 짜글이(2인 이상),12000
맨날먹는 김치찌개 가산 DK점,"서울 금천구 가산디지털2로 144 107호, 108호 지번",직화제육정식(쌈채소+국+솥밥),12000
맨날먹는 김치찌개 가산 DK점,"서울 금천구 가산디지털2로 144 107호, 108호 지번",직화제육볶음,9000
맨날먹는 김치찌개 가산 DK점,"서울 금천구 가산디지털2로 144 107호, 108호 지번",스팸구이,8000
맨날먹는 김치찌개 가산 DK점,"서울 금천구 가산디지털2로 144 107호, 108호 지번",치즈왕계란말이,10000
맨날먹는 김치찌개 가산 DK점,"서울 금천구 가산디지털2로 144 107호, 108호 지번",왕계란말이,8000
맨날먹는 김치찌개 가산 DK점,"서울 금천구 가산디지털2로 144 107호, 108호 지번",참치 김치찌개,10000
맨날먹는 김치찌개 가산 DK점,"서울 금천구 가산디지털2로 144 107호, 108호 지번",꽁치 김치찌개,10000
맨날먹는 김치찌개 가산 DK점,"서울 금천구 가산디지털2로 144 107호, 108호 지번",스팸 김치찌개,10000
맨날먹는 김치찌개 가산 DK점,"서울 금천구 가산디지털2로 144 107호, 108호 지번",모둠햄 김치찌개,10000
맨날먹는 김치찌개 가산 DK점,"서울 금천구 가산디지털2로 144 107호, 108호 지번",생고기 김치찌개,10000
맨날먹는 김치찌개 가산 DK점,"서울 금천구 가산디지털2로 144 107호, 108호 지번",생고기 김치찜,12000
맨날먹는 김치찌개 가산 DK점,"서울 금천구 가산디지털2로 144 107호, 108호 지번",차돌박이(150g),17000
맨날먹는 김치찌개 가산 DK점,"서울 금천구 가산디지털2로 144 107호, 108호 지번",청정제주 생삼겹살(150g),15000
맨날먹는 김치찌개 가산 DK점,"서울 금천구 가산디지털2로 144 107호, 108호 지번",청정제주 눈꽃목살(180g),16000
맨날먹는 김치찌개 가산 DK점,"서울 금천구 가산디지털2로 144 107호, 108호 지번",청정제주 항정살(150g),19000
맨날먹는 김치찌개 가산 DK점,"서울 금천구 가산디지털2로 144 107호, 108호 지번",청정제주 흑돼지 오겹살(150g),17000
맨날먹는 김치찌개 가산 DK점,"서울 금천구 가산디지털2로 144 107호, 108호 지번",청정제주 세트(400g) 생삼겹살+눈꽃목살+항정살+김치찌개,43000
맨날먹는 김치찌개 가산 DK점,"서울 금천구 가산디지털2로 144 107호, 108호 지번",청정제주 한라산 세트(600g) 흑돼지오겹살+생삼겹살+눈꽃목살+항정살+김치찌개,60000
모시네,가산디지털2로 142-12 지번,"모시네 메뉴정보 인기 메뉴 보기 가정식백반 부대찌개 8,500원 김치찌개 8,500원 된장찌개 8,500원 동태찌개 10,000원",7000
모시네,가산디지털2로 142-12 지번,가정식백반,7000
모시네,가산디지털2로 142-12 지번,부대찌개,8500
모시네,가산디지털2로 142-12 지번,김치찌개,8500
모시네,가산디지털2로 142-12 지번,된장찌개,8500
모시네,가산디지털2로 142-12 지번,동태찌개,10000
북창동순두부 가산현대아울렛점,디지털로10길 9 지상6층 지번,특대가자미구이+제육볶음 2인 한상차림 특대가자미+제육볶음+순두부찌개2+솥밥2+기본찬,30800
북창동순두부 가산현대아울렛점,디지털로10길 9 지상6층 지번,제육볶음 2인 실속상차림 제육볶음+순두부찌개2+솥밥2+기본찬,28900
북창동순두부 가산현대아울렛점,디지털로10길 9 지상6층 지번,고등어+돈까스 2인 한상차림 고등어+돈까스+순두부찌개2+솥밥2+기본찬,32800
북창동순두부 가산현대아울렛점,디지털로10길 9 지상6층 지번,특대가자미구이+갈비맛양념 2인 한상 특대가자미+갈비맛양념구이+순두부찌개2+솥밥2+기본찬,31800
북창동순두부 가산현대아울렛점,디지털로10길 9 지상6층 지번,특대가자미구이+삼겹살 2인 한상차림 특대가자미+삼겹살+순두부찌개2+솥밥2+기본찬,30800
북창동순두부 가산현대아울렛점,디지털로10길 9 지상6층 지번,특대가자미구이+돈까스 2인 한상차림 특대가자미+돈까스+순두부찌개2+솥밥2+기본찬,29800
북창동순두부 가산현대아울렛점,디지털로10길 9 지상6층 지번,삼겹살구이 2인 실속상차림 삼겹살구이+순두부찌개2+솥밥2+기본찬,29900
북창동순두부 가산현대아울렛점,디지털로10길 9 지상6층 지번,고등어구이 2인 실속상차림 고등어구이+순두부찌개2+솥밥2+기본찬,29900
북창동순두부 가산현대아울렛점,디지털로10길 9 지상6층 지번,특대가자미구이 2인 실속상차림 특대가자미구이+순두부찌개2+솥밥2+기본찬,26900
북창동순두부 가산현대아울렛점,디지털로10길 9 지상6층 지번,돈삼쌈밥 1인 상차림 돈까스+삼겹살+순두부찌개+솥밥+기본찬+쌈야채,17900
북창동순두부 가산현대아울렛점,디지털로10길 9 지상6층 지번,돈제쌈밥 1인 상차림 돈까스+제육볶음+순두부찌개+솥밥+기본찬+쌈야채,16900
북창동순두부 가산현대아울렛점,디지털로10길 9 지상6층 지번,갈비맛양념구이 1인 한상차림 갈비맛양념구이+순두부찌개+솥밥+기본찬,19900
북창동순두부 가산현대아울렛점,디지털로10길 9 지상6층 지번,삼제쌈밥 1인 상차림 삼겹살+제육볶음+순두부찌개+솥밥+기본찬+쌈야채,17900
북창동순두부 가산현대아울렛점,디지털로10길 9 지상6층 지번,삼겹살구이 1인 한상차림 삼겹살구이+순두부찌개+솥밥+기본찬,18900
북창동순두부 가산현대아울렛점,디지털로10길 9 지상6층 지번,돈까스 1인 한상차림 돈까스+순두부찌개+솥밥+기본찬,17900
북창동순두부 가산현대아울렛점,디지털로10길 9 지상6층 지번,특대가자미구이 1인 한상차림 특대가자미구이+순두부찌개+솥밥+기본찬,16900
북창동순두부 가산현대아울렛점,디지털로10길 9 지상6층 지번,햄치즈순두부 햄치즈순두부+솥밥+기본찬,11000
북창동순두부 가산현대아울렛점,디지털로10길 9 지상6층 지번,핵매운라면순두부 핵매운라면순두부+솥밥+기본찬,11000
북창동순두부 가산현대아울렛점,디지털로10길 9 지상6층 지번,김치순두부 김치순두부+솥밥+기본찬,11000
북창동순두부 가산현대아울렛점,디지털로10길 9 지상6층 지번,소고기순두부 소고기순두부+솥밥+기본찬,11500
북창동순두부 가산현대아울렛점,디지털로10길 9 지상6층 지번,만두순두부 만두순두부+솥밥+기본찬,11500
북창동순두부 가산현대아울렛점,디지털로10길 9 지상6층 지번,통영굴순두부 통영굴순두부+솥밥+기본찬,12000
북창동순두부 가산현대아울렛점,디지털로10길 9 지상6층 지번,소곱창순두부 소곱창순두부+솥밥+기본찬,12500
북창동순두부 가산현대아울렛점,디지털로10길 9 지상6층 지번,고등어구이 1인 한상차림 고등어구이+순두부찌개+솥밥+기본찬,19900
북창동순두부 가산현대아울렛점,디지털로10길 9 지상6층 지번,해바랑청국장순두부 해바랑청국장순두부+솥밥+기본찬,12500
북창동순두부 가산현대아울렛점,디지털로10길 9 지상6층 지번,콩비지찌개 콩비지찌개+솥밥+기본찬,12000
북창동순두부 가산현대아울렛점,디지털로10길 9 지상6층 지번,갈비맛양념구이(단품) 200g,9900
북창동순두부 가산현대아울렛점,디지털로10길 9 지상6층 지번,고등어구이(단품),9900
북창동순두부 가산현대아울렛점,디지털로10길 9 지상6층 지번,삼겹살구이(단품) 200g,8900
북창동순두부 가산현대아울렛점,디지털로10길 9 지상6층 지번,제육볶음(단품) 200g,7900
북창동순두부 가산현대아울렛점,디지털로10길 9 지상6층 지번,돈까스(단품),7900
북창동순두부 가산현대아울렛점,디지털로10길 9 지상6층 지번,특대가자미구이(단품),6900
북창동순두부 가산현대아울렛점,디지털로10길 9 지상6층 지번,솥밥,3000
북창동순두부 가산현대아울렛점,디지털로10길 9 지상6층 지번,공기밥,1000
북창동순두부 가산현대아울렛점,디지털로10길 9 지상6층 지번,제육볶음 1인 한상차림 제육볶음+순두부찌개+솥밥+기본찬,17900
북창동순두부 가산현대아울렛점,디지털로10길 9 지상6층 지번,북창동순두부 북창동순두부+솥밥+기본찬,11000
북창동순두부 가산현대아울렛점,디지털로10길 9 지상6층 지번,해물순두부 해물순두부+솥밥+기본찬,12000
북창동순두부 가산현대아울렛점,디지털로10길 9 지상6층 지번,고등어+갈비맛양념구이 2인 한상차림 고등어+갈비맛양념구이+순두부찌개2+솥밥2+기본찬,34800
북창동순두부 가산현대아울렛점,디지털로10길 9 지상6층 지번,고등어+삼겹살구이 2인 한상차림 고등어+삼겹살구이+순두부찌개2+솥밥2+기본찬,33800
북창동순두부 가산현대아울렛점,디지털로10길 9 지상6층 지번,고등어+제육볶음 2인 한상차림 고등어+제육볶음+순두부찌개2+솥밥2+기본찬,33800
오늘된장 가산점,가산디지털1로 171 1층 124-1호 지번,[주문1위] 고기정식 된장찌개(택1)+고추장불고기200g+밥+계란후라이+콩나물+어묵볶음+김치+쌈무,10500
오늘된장 가산점,가산디지털1로 171 1층 124-1호 지번,[프리미엄] 한상(2인) 된장찌개(택2)+고추장불고기550g+밥+계란찜+콩나물+쌈채소+쌈장/편마늘+잡채+김치+쌈무,34000
오늘된장 가산점,가산디지털1로 171 1층 124-1호 지번,[New] 김치청국장 [신메뉴 출시] 김치와 차돌이 어울어진 매콤 청국장!,6000
오늘된장 가산점,가산디지털1로 171 1층 124-1호 지번,능이 된장찌개 능이 버섯의 향이 그윽한 건강한 된장의 맛!,6000
오늘된장 가산점,가산디지털1로 171 1층 124-1호 지번,차돌 된장찌개 푸짐하게 올라간 차돌에 알싸한 청양고추의 환상의 콜라보!,5000
오늘된장 가산점,가산디지털1로 171 1층 124-1호 지번,꽃게 된장찌개 꽃게와 된장이 만나 칼칼하고 깔끔한 맛의 환상적인 조합!,6000
오늘된장 가산점,가산디지털1로 171 1층 124-1호 지번,우렁 된장찌개 쫄깃한 우렁의 식감이 풍부한 단백한 맛!,5000
오늘된장 가산점,가산디지털1로 171 1층 124-1호 지번,계란찜(소),4000
오늘된장 가산점,가산디지털1로 171 1층 124-1호 지번,계란후라이,1000
오늘된장 가산점,가산디지털1로 171 1층 124-1호 지번,흑미공기밥,1000
오늘된장 가산점,가산디지털1로 171 1층 124-1호 지번,코카콜라(캔350ml),2000
오늘된장 가산점,가산디지털1로 171 1층 124-1호 지번,칠성사이다(캔350ml),2000
오늘된장 가산점,가산디지털1로 171 1층 124-1호 지번,[실속] 찌개정식 된장찌개(택1)+밥+계란후라이+콩나물+어묵볶음+김치,8500
오늘된장 가산점,가산디지털1로 171 1층 124-1호 지번,고추장불고기비빔밥찌개Set 고추장불고기비빔밥 + 된장찌개(택1),9500
오늘된장 가산점,가산디지털1로 171 1층 124-1호 지번,환타(오렌지),2000
오늘된장 가산점,가산디지털1로 171 1층 124-1호 지번,환타(파앤애플),2000
오늘된장 가산점,가산디지털1로 171 1층 124-1호 지번,차돌 된장짜글이 차돌된장 짜글이+밥+콩나물+김치+계란후라이,9000
오늘된장 가산점,가산디지털1로 171 1층 124-1호 지번,[New] 김치청국장 찌개정식 김치청국장+밥+계란후라이+콩나물+어묵볶음+김치,9000
오늘된장 가산점,가산디지털1로 171 1층 124-1호 지번,간장게살비빔밥찌개Set 간장 게살 비빔밥 + 된장찌개(택1),14500
오늘된장 가산점,가산디지털1로 171 1층 124-1호 지번,양념게살비빔밥찌개Set 양념 게살 비빔밥 + 된장찌개(택1),14500
오늘된장 가산점,가산디지털1로 171 1층 124-1호 지번,열무비빔밥 고기정식 된장찌개(택1)+고추장불고기200g+열무김치비빔밥+콩나물+김치+쌈무,12900
오늘된장 가산점,가산디지털1로 171 1층 124-1호 지번,열무비빔밥 찌개정식 열무김치비빔밥 + 된장찌개(택1),10000
오늘된장 가산점,가산디지털1로 171 1층 124-1호 지번,고추장불고기 200g 직접 만들어 숙성 시킨 고추장 특제 소스에 불 맛을 확~ 입힌 고추장불고기 ※ 조리 전 생고기 중량입니다.,5500
소공동뚝배기,가산디지털1로 168 우림라이온스밸리 지번,홍어무침,20000
소공동뚝배기,가산디지털1로 168 우림라이온스밸리 지번,얼큰해물순두부,8000
소공동뚝배기,가산디지털1로 168 우림라이온스밸리 지번,청국장뚝배기,8000
소공동뚝배기,가산디지털1로 168 우림라이온스밸리 지번,1962 순두부,7000
소공동뚝배기,가산디지털1로 168 우림라이온스밸리 지번,오징어직화,20000
소공동뚝배기,가산디지털1로 168 우림라이온스밸리 지번,낙지직화,20000
소공동뚝배기,가산디지털1로 168 우림라이온스밸리 지번,쭈꾸미직화,20000
소공동뚝배기,가산디지털1로 168 우림라이온스밸리 지번,오삼직화,20000
소공동뚝배기,가산디지털1로 168 우림라이온스밸리 지번,쭈삼직화,20000
소공동뚝배기,가산디지털1로 168 우림라이온스밸리 지번,불쭈꾸미철판,11000
소공동뚝배기,가산디지털1로 168 우림라이온스밸리 지번,두부김치,15000
소공동뚝배기,가산디지털1로 168 우림라이온스밸리 지번,날치알계란말이,10000
소공동뚝배기,가산디지털1로 168 우림라이온스밸리 지번,만두순두부,8000
소공동뚝배기,가산디지털1로 168 우림라이온스밸리 지번,소공동계란찜,6000
소공동뚝배기,가산디지털1로 168 우림라이온스밸리 지번,해물순두부전골,20000
소공동뚝배기,가산디지털1로 168 우림라이온스밸리 지번,모듬전,21000
소공동뚝배기,가산디지털1로 168 우림라이온스밸리 지번,육전,17000
소공동뚝배기,가산디지털1로 168 우림라이온스밸리 지번,해물파전,17000
소공동뚝배기,가산디지털1로 168 우림라이온스밸리 지번,김치전,15000
소공동뚝배기,가산디지털1로 168 우림라이온스밸리 지번,해물녹두전,15000
소공동뚝배기,가산디지털1로 168 우림라이온스밸리 지번,장터녹두전,13000
소공동뚝배기,가산디지털1로 168 우림라이온스밸리 지번,모듬전+순두부,26000
소공동뚝배기,가산디지털1로 168 우림라이온스밸리 지번,모듬전+제육직화+순두부,37000
소공동뚝배기,가산디지털1로 168 우림라이온스밸리 지번,김치뚝배기,8000
소공동뚝배기,가산디지털1로 168 우림라이온스밸리 지번,녹두전+어리굴젓,20000
소공동뚝배기,가산디지털1로 168 우림라이온스밸리 지번,어리굴젓,8000
소공동뚝배기,가산디지털1로 168 우림라이온스밸리 지번,냉묵사발,7000
소공동뚝배기,가산디지털1로 168 우림라이온스밸리 지번,제육알밥,8000
소공동뚝배기,가산디지털1로 168 우림라이온스밸리 지번,낙지알밥,8500
소공동뚝배기,가산디지털1로 168 우림라이온스밸리 지번,오징어알밥,8500
소공동뚝배기,가산디지털1로 168 우림라이온스밸리 지번,소고기알밥,9000
소공동뚝배기,가산디지털1로 168 우림라이온스밸리 지번,쭈꾸미알밥,8000
소공동뚝배기,가산디지털1로 168 우림라이온스밸리 지번,치즈순두부,7500
소공동뚝배기,가산디지털1로 168 우림라이온스밸리 지번,불고기 뚝배기,9000
소공동뚝배기,가산디지털1로 168 우림라이온스밸리 지번,제육직화,19000
소공동뚝배기,가산디지털1로 168 우림라이온스밸리 지번,버섯순두부,8000
소공동뚝배기,가산디지털1로 168 우림라이온스밸리 지번,굴순두부,8000
소공동뚝배기,가산디지털1로 168 우림라이온스밸리 지번,햄/소시지순두부,8000
소공동뚝배기,가산디지털1로 168 우림라이온스밸리 지번,콩비지뚝배기,8000
백채김치찌개 독산시티렉스점,시흥대로 399 1층 113호 백채김치찌개 지번,돼지김치찌개 1인분(김치찌개는 역시) 11년간 이어온 백채의 뚝심 있는 시원하고 깔끔한 고기반 김치반 돼지김치찌개,10000
백채김치찌개 독산시티렉스점,시흥대로 399 1층 113호 백채김치찌개 지번,햄김치찌개 1인분 (햄반 김치반) 얼큰하고 깔끔한 국물에 4가지 종류의 햄이 듬뿍 담긴 햄김치찌개,10000
백채김치찌개 독산시티렉스점,시흥대로 399 1층 113호 백채김치찌개 지번,달걀말이 (김치찌개 단짝) 두툼함과 포슬포슬함이 함께! 뜨끈한 김치찌개와 환상의 짝꿍 달걀말이!,8000
백채김치찌개 독산시티렉스점,시흥대로 399 1층 113호 백채김치찌개 지번,치즈달걀말이,9000
백채김치찌개 독산시티렉스점,시흥대로 399 1층 113호 백채김치찌개 지번,햄구이 (흰 쌀밥 절친) 갓 지은 흰 쌀밥 한 숟갈에 짭짤한 햄 한 장! 숨겨진 밥도둑 햄구이!,8000
백채김치찌개 독산시티렉스점,시흥대로 399 1층 113호 백채김치찌개 지번,만두탕수 (달콤 빠삭) 새콤달콤 특제 소스와 빠삭한 만두의 환상의 콜라보! 아는 사람만 먹는 만두탕수!,8000
백채김치찌개 독산시티렉스점,시흥대로 399 1층 113호 백채김치찌개 지번,육두전,8000
백채김치찌개 독산시티렉스점,시흥대로 399 1층 113호 백채김치찌개 지번,직화불고기 (단짠단짠) 단짠단짠 간장 베이스 양념과 은은한 불향이 입혀진 직화불고기!,9000
백채김치찌개 독산시티렉스점,시흥대로 399 1층 113호 백채김치찌개 지번,고추장불고기 매콤한 고추장 베이스 양념과 화끈한 불향이 입혀진 직화고추장불고기!,9000
백채김치찌개 독산시티렉스점,시흥대로 399 1층 113호 백채김치찌개 지번,식후식혜 (엄마손 맛) 어릴 적 엄마가 직접 만든 정성스런 그 맛! 얼큰한 찌개 후에는 달달한 식혜로 마무리!,3000
백채김치찌개 독산시티렉스점,시흥대로 399 1층 113호 백채김치찌개 지번,"돼지김치찌개 1인 세트 혼밥은 역시, 혼자 방문해도 부담없는 구성 김치찌개 1인분 + 미니햄구이",13000
백채김치찌개 독산시티렉스점,시흥대로 399 1층 113호 백채김치찌개 지번,돼지김치찌개 2인세트 김치찌개2인분 + 곁들임 + 라면사리 정갈한 한식 스타일의 김치찌개,27000
백채김치찌개 독산시티렉스점,시흥대로 399 1층 113호 백채김치찌개 지번,돼지김치찌개 3인 세트 김치찌개 3인분 + 계란말이 + 라면사리 점심 식사로 많이 찾는 대표메뉴,37000
백채김치찌개 독산시티렉스점,시흥대로 399 1층 113호 백채김치찌개 지번,돼지김치찌개 4인 세트 한식은 역시 김치찌개! 김치찌개4인분+ 곁들임 + 라면사리,47000
백채김치찌개 독산시티렉스점,시흥대로 399 1층 113호 백채김치찌개 지번,"통돼지두루치기 1인분(2인 이상) 고기, 김치, 야채와 백채 비법 소스의 환상적인 콜라보! 국물 자작한 통돼지두루치기",12000
백채김치찌개 독산시티렉스점,시흥대로 399 1층 113호 백채김치찌개 지번,통돼지두루치기 2인세트(중독적인 맛) 통돼지두루치기 + 곁들임 + 라면사리 + 대접밥,31000
백채김치찌개 독산시티렉스점,시흥대로 399 1층 113호 백채김치찌개 지번,통돼지두루치기 3인세트(술안주) 통돼지두루치기 + 곁들임 + 라면사리 + 대접밥,43000
백채김치찌개 독산시티렉스점,시흥대로 399 1층 113호 백채김치찌개 지번,통돼지두루치기 4인세트(강추) 통돼지두루치기 + 곁들임 + 라면사리 + 대접밥,55000
항아리식당,시흥대로76길 9 지번,청국장,7000
항아리식당,시흥대로76길 9 지번,육개장,8000
항아리식당,시흥대로76길 9 지번,두부김치,16000
항아리식당,시흥대로76길 9 지번,콩비지찌개,7000
항아리식당,시흥대로76길 9 지번,즉석콩국수(여름),8000
항아리식당,시흥대로76길 9 지번,김치찌개,7000
항아리식당,시흥대로76길 9 지번,순두부찌개,7000
항아리식당,시흥대로76길 9 지번,된장찌개,7000
항아리식당,시흥대로76길 9 지번,제육볶음,10000
항아리식당,시흥대로76길 9 지번,동태찌개 2인분,16000
항아리식당,시흥대로76길 9 지번,부대찌개 2인분,16000
항아리식당,시흥대로76길 9 지번,닭도리탕 중,21000
항아리식당,시흥대로76길 9 지번,닭도리탕 대,26000
육미정담,독산로 135 지번,갈비덮밥,7500
육미정담,독산로 135 지번,소불고기덮밥,10000
육미정담,독산로 135 지번,갈비정식,10000
육미정담,독산로 135 지번,고추물냉면 냉면 고기추가 3000,7500
육미정담,독산로 135 지번,생소갈비정식,22000
육미정담,독산로 135 지번,육미추어탕,8500
육미정담,독산로 135 지번,숯불갈비,8000
서울돼지불백갈비막국수,시흥대로63길 3 지상1층 지번,"돼지불백+된장찌개 찌개, 밥, 쌈 무한",13000
서울돼지불백갈비막국수,시흥대로63길 3 지상1층 지번,판메밀(소바)+불백,13000
서울돼지불백갈비막국수,시흥대로63길 3 지상1층 지번,(포장비조리) 불백고기(600g) 비조리 고기입니다. 양념된 상태니 바로 굽기만 하면 됩니다. 고기만 600g 포장 메뉴.,15000
서울돼지불백갈비막국수,시흥대로63길 3 지상1층 지번,비빔메밀+불백,12000
서울돼지불백갈비막국수,시흥대로63길 3 지상1층 지번,물메밀+불백,12000
서울돼지불백갈비막국수,시흥대로63길 3 지상1층 지번,대파육개장 밥 무한 제공.,11000
서울돼지불백갈비막국수,시흥대로63길 3 지상1층 지번,오징어볶음+된장찌개,10000
서울돼지불백갈비막국수,시흥대로63길 3 지상1층 지번,소불고기전골 200g. 포장시 300g,16000
서울돼지불백갈비막국수,시흥대로63길 3 지상1층 지번,한돈)숯불생삼겹살 계란찜 제공,14000
서울돼지불백갈비막국수,시흥대로63길 3 지상1층 지번,숯불양념갈비 계란찜 제공,14000
서울돼지불백갈비막국수,시흥대로63길 3 지상1층 지번,(포장) 된장찌개 4인분 포장 4인분 찌개입니다. 직접 만든 찌개입니다.,5000
북창동순두부 독산점,시흥대로123길 14 지번,해물순두부,11000
북창동순두부 독산점,시흥대로123길 14 지번,북창동순두부,10500
북창동순두부 독산점,시흥대로123길 14 지번,떡갈비 순두부정식,17900
북창동순두부 독산점,시흥대로123길 14 지번,고추장불고기 순두부정식,17900
북창동순두부 독산점,시흥대로123길 14 지번,해바랑청국장 순두부,11000
북창동순두부 독산점,시흥대로123길 14 지번,카레 순두부,10000
북창동순두부 독산점,시흥대로123길 14 지번,소고기된장 순두부,10000
북창동순두부 독산점,시흥대로123길 14 지번,김치순두부,10000
북창동순두부 독산점,시흥대로123길 14 지번,콩비지 순두부,11000
북창동순두부 독산점,시흥대로123길 14 지번,소곱창 순두부,11500
북창동순두부 독산점,시흥대로123길 14 지번,통영굴 순두부,11000
북창동순두부 독산점,시흥대로123길 14 지번,소고기 순두부,10000
북창동순두부 독산점,시흥대로123길 14 지번,2인 명품 LA갈비구이&계란말이 세트,41900
북창동순두부 독산점,시흥대로123길 14 지번,햄치즈 순두부,10000
북창동순두부 독산점,시흥대로123길 14 지번,2인 갈비맛 양념구이 세트,28900
북창동순두부 독산점,시흥대로123길 14 지번,2인 보쌈 세트,29900
북창동순두부 독산점,시흥대로123길 14 지번,2인 불고기 세트,27900
북창동순두부 독산점,시흥대로123길 14 지번,LA갈비 순두부정식,31900
북창동순두부 독산점,시흥대로123길 14 지번,토시살양념구이 순두부정식,23900
북창동순두부 독산점,시흥대로123길 14 지번,북창동보쌈 순두부정식,19900
북창동순두부 독산점,시흥대로123길 14 지번,갈비맛양념구이 순두부정식,18900
이선생짜글이 가산점,가산디지털1로 181 가산W센터 207호 지번,급냉삼겹살 200g 급냉시켜 고기속 육즙이 그대로! 부드럽고 식감좋은 급냉삼겹살. 빠르게 먹을수 있어 좋아요,11000
이선생짜글이 가산점,가산디지털1로 181 가산W센터 207호 지번,돼지김치짜글이,10000
이선생짜글이 가산점,가산디지털1로 181 가산W센터 207호 지번,불낙두루치기,29000
이선생짜글이 가산점,가산디지털1로 181 가산W센터 207호 지번,한돈숙성생삼겹 200g 숙성시킨 육즙가득 생삼겹!,14000
이선생짜글이 가산점,가산디지털1로 181 가산W센터 207호 지번,"남도떡갈비 짜글이와 곁들이면 식사, 술안주로도 굳! 아이들 식사로도 그만입니다.",8000
이선생짜글이 가산점,가산디지털1로 181 가산W센터 207호 지번,차돌박이 200g,15000
이선생짜글이 가산점,가산디지털1로 181 가산W센터 207호 지번,우삼겹 200g,13000
이선생짜글이 가산점,가산디지털1로 181 가산W센터 207호 지번,"계란찜 짜글이, 찌개와 곁들이면 환상의 궁합이죠!",4000
이선생짜글이 가산점,가산디지털1로 181 가산W센터 207호 지번,솥밥 식사메뉴 주문시(술상은 제외) 기본으로 드립니다!,2000
이선생짜글이 가산점,가산디지털1로 181 가산W센터 207호 지번,우삼겹짜글이 짜글짜글 보글보글 고추장찌개 베이스에 각종야채. 우삼겹이 듬뿍 대접밥에 비벼 먹으면 밥도둑이 따로 없답니다.,10000
이선생짜글이 가산점,가산디지털1로 181 가산W센터 207호 지번,"돼지감자짜글이 짜글짜글 보글보글 고추장찌개 베이스에 호박,버섯,양파,돼지고기,감자가 듬뿍 대접밥에 김가루와 비벼먹으면 밥도둑이 따로 없답니다.",11000
이선생짜글이 가산점,가산디지털1로 181 가산W센터 207호 지번,우삼겹된장짜글이 구수하고 깊은 된장 베이스에 각종 야채와 우삼겹이 듬뿍 들어간 특제 메뉴 입니다 :),11000
이선생짜글이 가산점,가산디지털1로 181 가산W센터 207호 지번,"돼지김치찌개 돼지고기,숙성김치가 아낌없이 통채로 강원도 고랭지 배추로 담은 찌개전용 김치에 통돼지가 듬뿍. 얼큰하고 시원하게 밥도먹고 술도먹고",10000
이선생짜글이 가산점,가산디지털1로 181 가산W센터 207호 지번,햄마니부대찌개 부대찌개의 생명은 햄이죠!! 햄을 좋아하는 매니아들을 위해 햄과 소시지를 아낌없이 듬뿍 담았습니다.,11000
이선생짜글이 가산점,가산디지털1로 181 가산W센터 207호 지번,"철판제육쌈밥 돼지고기, 숙성김치, 각종채소를 매콤한 소스에 불향을 더한 제육볶음은 간편 술안주로 일품입니다.",13000
이선생짜글이 가산점,가산디지털1로 181 가산W센터 207호 지번,"돼지김치두루치기 2인 돼지고기,숙성김치,각종야채를 굽고 볶고~~ 술안주로 강추합니다.",27000
이선생짜글이 가산점,가산디지털1로 181 가산W센터 207호 지번,"돼지김치두루치기 3~4인 돼지고기,숙성김치,각종야채를 굽고 볶고~~ 술안주로 강추합니다.",35000
김치도가 독산역점,가산디지털1로 2 우림라이온스벨리 2차 1층 115~116호 지번,묵은지고기김치찌개+솥밥,10000
김치도가 독산역점,가산디지털1로 2 우림라이온스벨리 2차 1층 115~116호 지번,묵은지오겹살,15000
김치도가 독산역점,가산디지털1로 2 우림라이온스벨리 2차 1층 115~116호 지번,계란말이,8000
김치도가 독산역점,가산디지털1로 2 우림라이온스벨리 2차 1층 115~116호 지번,묵은지꽁치김치찌개+솥밥,10000
김치도가 독산역점,가산디지털1로 2 우림라이온스벨리 2차 1층 115~116호 지번,묵은지햄김치찌개+솥밥,10000
김치도가 독산역점,가산디지털1로 2 우림라이온스벨리 2차 1층 115~116호 지번,묵은지코다리찜 (1인) 2인분 부터 주문가능합니다,13000
김치도가 독산역점,가산디지털1로 2 우림라이온스벨리 2차 1층 115~116호 지번,묵은지 닭볶음탕 (반),28000
김치도가 독산역점,가산디지털1로 2 우림라이온스벨리 2차 1층 115~116호 지번,묵은지 닭볶음탕 (한),39000
김치도가 독산역점,가산디지털1로 2 우림라이온스벨리 2차 1층 115~116호 지번,삼겹살,15000
김치도가 독산역점,가산디지털1로 2 우림라이온스벨리 2차 1층 115~116호 지번,묵은지두루치기 중,30000
김치도가 독산역점,가산디지털1로 2 우림라이온스벨리 2차 1층 115~116호 지번,묵은지두루치기 대,40000
정백어가 가산퍼블릭점,디지털로 178 A동 1층 엠128호 지번,노르웨이 청정고등어구이 정찬,13000
정백어가 가산퍼블릭점,디지털로 178 A동 1층 엠128호 지번,뼈가 거의 없는 삼치구이 정찬,14000
정백어가 가산퍼블릭점,디지털로 178 A동 1층 엠128호 지번,통살오징어제육 정찬,13000
정백어가 가산퍼블릭점,디지털로 178 A동 1층 엠128호 지번,수제 소불고기 정찬,14000
정백어가 가산퍼블릭점,디지털로 178 A동 1층 엠128호 지번,2인정찬세트(고등어구이/조림/제육),36000
정백어가 가산퍼블릭점,디지털로 178 A동 1층 엠128호 지번,2인찌개세트 고등어구이/삼치구이/김치찌개,36000
정백어가 가산퍼블릭점,디지털로 178 A동 1층 엠128호 지번,모듬생선구이 고등어 반마리 대 삼치 반마리 갈치 2조각 임연수 반마리 뽈락 1마리 가자미 1마리,37000
정백어가 가산퍼블릭점,디지털로 178 A동 1층 엠128호 지번,"알탕 중2인() 대3-4인(35,000원)",28000
정백어가 가산퍼블릭점,디지털로 178 A동 1층 엠128호 지번,"중2인() 대3-4인(35,000원)",28000
정백어가 가산퍼블릭점,디지털로 178 A동 1층 엠128호 지번,"대구탕 중2인() 대3-4인(35,000원)",28000
정백어가 가산퍼블릭점,디지털로 178 A동 1층 엠128호 지번,"동태탕 중2인() 대3-4인(35,000원)",28000
정백어가 가산퍼블릭점,디지털로 178 A동 1층 엠128호 지번,고등어구이 추가단품 메뉴,9500
정백어가 가산퍼블릭점,디지털로 178 A동 1층 엠128호 지번,삼치구이 추가단품 메뉴,10500
정백어가 가산퍼블릭점,디지털로 178 A동 1층 엠128호 지번,고소 담백한 임연수구이 정찬,14000
정백어가 가산퍼블릭점,디지털로 178 A동 1층 엠128호 지번,갈치구이 추가단품 메뉴,11500
정백어가 가산퍼블릭점,디지털로 178 A동 1층 엠128호 지번,임연수구이 추가단품 메뉴,10500
정백어가 가산퍼블릭점,디지털로 178 A동 1층 엠128호 지번,가자미와 뽈락 추가 단품메뉴,11000
정백어가 가산퍼블릭점,디지털로 178 A동 1층 엠128호 지번,고등어조림 추가단품 메뉴,12500
정백어가 가산퍼블릭점,디지털로 178 A동 1층 엠128호 지번,갈치조림 추가단품 메뉴,13500
정백어가 가산퍼블릭점,디지털로 178 A동 1층 엠128호 지번,오모가리 김치찌개 추가단품 메뉴,10000
정백어가 가산퍼블릭점,디지털로 178 A동 1층 엠128호 지번,통살오징어 제육 추가단품 메뉴,10000
정백어가 가산퍼블릭점,디지털로 178 A동 1층 엠128호 지번,수제 소 불고기 추가단품 메뉴,10000
정백어가 가산퍼블릭점,디지털로 178 A동 1층 엠128호 지번,더덕 화덕구이 곁들임,10000
정백어가 가산퍼블릭점,디지털로 178 A동 1층 엠128호 지번,왕만두 곁들임,5000
정백어가 가산퍼블릭점,디지털로 178 A동 1층 엠128호 지번,특대 갈치구이 정찬,16000
정백어가 가산퍼블릭점,디지털로 178 A동 1층 엠128호 지번,가자미와 뽈락구이 정찬,16000
정백어가 가산퍼블릭점,디지털로 178 A동 1층 엠128호 지번,연어 스테이크 정찬,19000
정백어가 가산퍼블릭점,디지털로 178 A동 1층 엠128호 지번,보양 도미구이 정찬,20000
정백어가 가산퍼블릭점,디지털로 178 A동 1층 엠128호 지번,남도식 갈치 무조림 정찬,17500
정백어가 가산퍼블릭점,디지털로 178 A동 1층 엠128호 지번,제주식 고등어 무조림 정찬,15000
정백어가 가산퍼블릭점,디지털로 178 A동 1층 엠128호 지번,오모가리 김치찌개 정찬,13000
한옥마을 전주비빔밥 가산점,서부샛길 606 A동 지하1층 107-2호 지번,[건강 가~득]한옥마을정식 전주비빔밥+순두부찌개+제육두루치기,13000
한옥마을 전주비빔밥 가산점,서부샛길 606 A동 지하1층 107-2호 지번,[쫄깃함 가득 인기]육회비빔밥 육회비빔밥+콩나물국+반찬3종,11000
한옥마을 전주비빔밥 가산점,서부샛길 606 A동 지하1층 107-2호 지번,오콩국밥(오징어콩나물국밥) 오징어콩나물국밥+공기밥+수란+김+반찬3종,9000
한옥마을 전주비빔밥 가산점,서부샛길 606 A동 지하1층 107-2호 지번,제육볶음(150g),5000
한옥마을 전주비빔밥 가산점,서부샛길 606 A동 지하1층 107-2호 지번,공깃밥,1300
한옥마을 전주비빔밥 가산점,서부샛길 606 A동 지하1층 107-2호 지번,콜라 190ml,1000
한옥마을 전주비빔밥 가산점,서부샛길 606 A동 지하1층 107-2호 지번,[인기+]매콤두루치기 매콤두루치기+콩나물국+공기밥+반찬3종,9500
한옥마을 전주비빔밥 가산점,서부샛길 606 A동 지하1층 107-2호 지번,40년 전통전주비빔밥 전통비빔밥+콩나물국+반찬3종,9000
한옥마을 전주비빔밥 가산점,서부샛길 606 A동 지하1층 107-2호 지번,신선한 속초명태회비빔밥 속초명태회비빔밥+콩나물국+반찬3종,10000
한옥마을 전주비빔밥 가산점,서부샛길 606 A동 지하1층 107-2호 지번,전주콩나물국밥(전주남부시장식) 전주콩나물국밥+공기밥+수란+김+반찬3종,8000
한옥마을 전주비빔밥 가산점,서부샛길 606 A동 지하1층 107-2호 지번,[통통 매콤달콤]낙지비빔밥 낙지비빔밥+콩나물국+반찬3종,10000
한옥마을 전주비빔밥 가산점,서부샛길 606 A동 지하1층 107-2호 지번,향긋한 곤드레비빔밥 곤드레비빔밥+콩나물국+반찬3종,9500
한옥마을 전주비빔밥 가산점,서부샛길 606 A동 지하1층 107-2호 지번,순두부찌개 순두부찌개+공기밥+반찬3종,8800
한옥마을 전주비빔밥 가산점,서부샛길 606 A동 지하1층 107-2호 지번,청국장찌개 청국장찌개+공기밥+반찬3종,8800
본가찌개마을 가산본점,서울 금천구 가산디지털1로 219 111호 지번,"본가찌개마을 메뉴정보 인기 메뉴 보기 김치찌개 동태탕 9,000원 녹돈 생삼겹살 15,000원 녹돈 대패삼겹살 11,000원",8000
본가찌개마을 가산본점,서울 금천구 가산디지털1로 219 111호 지번,김치찌개,8000
본가찌개마을 가산본점,서울 금천구 가산디지털1로 219 111호 지번,동태탕,9000
본가찌개마을 가산본점,서울 금천구 가산디지털1로 219 111호 지번,녹돈 생삼겹살,15000
본가찌개마을 가산본점,서울 금천구 가산디지털1로 219 111호 지번,녹돈 대패삼겹살,11000
신선도,"디지털로9길 32 지하 102호, 103호 지번","신선도 메뉴정보 인기 메뉴 보기 신 선 55,000원 VIP 100,000원 도 38,000원",80000
신선도,"디지털로9길 32 지하 102호, 103호 지번",신,80000
신선도,"디지털로9길 32 지하 102호, 103호 지번",선,55000
신선도,"디지털로9길 32 지하 102호, 103호 지번",VIP,100000
신선도,"디지털로9길 32 지하 102호, 103호 지번",도,38000
민소푸,가산디지털2로 166 1층 지번,카이센동 해수 숙성방법을 이용한 제철 해산물덮밥,16000
민소푸,가산디지털2로 166 1층 지번,"마구로 후토마끼 생참치를 한가득 넣은 풍성한 후토마끼 5pc 11,000 10pc 22,000",12000
민소푸,가산디지털2로 166 1층 지번,홍게살내장크림파스타 마늘페스토를 이용한 진한 홍게 내장 크림파스타,19000
민소푸,가산디지털2로 166 1층 지번,"아롱사태 스지전골 진한 소 육수에 쫄깃한 스지, 부드러운 사태",28000
민소푸,가산디지털2로 166 1층 지번,피그피그 스테이크 안심을 수비드하여 극강의 부드러움을 느끼게 해주는 허브크러스트 스테이크,19000
민소푸,가산디지털2로 166 1층 지번,새우 & 아나고 튀김 레몬 생크림을 곁들인 장어와 새우 튀김,19000
민소푸,가산디지털2로 166 1층 지번,아보카도 문어샐러드 아보카도 한개가 통으로 들어간 정성가득 문어샐러드,10000
민소푸,가산디지털2로 166 1층 지번,1인 사시미 혼자와도 즐길 수 있는 1인 사시미,20000
민소푸,가산디지털2로 166 1층 지번,우니플레이트 우니 한판,35000
민소푸,가산디지털2로 166 1층 지번,"우니삼합 바다의 보물 성게알과, 세가지 이상의 재료를 같이먹으면 입안 가득 퍼지는 맛의 행복",36000
민소푸,가산디지털2로 166 1층 지번,화로 치즈 카니미소 게딱지 내장에 치즈그라탕을 넣은 게살 화로 구이,9000
민소푸,가산디지털2로 166 1층 지번,레몬생크림 토마토츠케모노 비법의 토마토 절임과 크림치즈,6000
민소푸,가산디지털2로 166 1층 지번,"우니 카이센동 성게알을 얹은 특 카이센동 10g 30g 30,000원",23000
민소푸,가산디지털2로 166 1층 지번,"성게알을 얹은 특 카이센동 10g 30g 30,000원",23000
민소푸,가산디지털2로 166 1층 지번,부타노가쿠니동 미소로 장시간 졸여 만든 돼지고기를 듬뿍넣은 덮밥,10000
민소푸,가산디지털2로 166 1층 지번,칠리가라아게동 직접 배합한 칠리소스에 12가지 재료로 숙성한 가라아게를 곁들여 먹는덮밥,10000
민소푸,가산디지털2로 166 1층 지번,사케동 맛있는 연어덮밥,15000
민소푸,가산디지털2로 166 1층 지번,들기름 연어알 소바 순도높은 들기름을 이용한 연어알 비빔 메밀소바,12000
민소푸,가산디지털2로 166 1층 지번,우나기동 압도적인 사이즈의 민물장어덮밥(!),38000
민소푸,가산디지털2로 166 1층 지번,우니 동 바다의 보물 성게알을 듬뿍얹은 덮밥,37000
민소푸,가산디지털2로 166 1층 지번,사시미모리아와세 특선 모듬사시미 (2.5인분기준),38000
스시이찌 가산점,"가산디지털1로 204 가산역반도아이비밸리 1층 114호, 115호 지번","런치 스시오마카세 쉐프가 엄선한 스시,식사,디저트 포함 12가지",29000
스시이찌 가산점,"가산디지털1로 204 가산역반도아이비밸리 1층 114호, 115호 지번","디너 스시오마카세 쉐프가 엄선한 스시,식사,디저트 포함 16가지 (주류or 음료 주문필수)",39000
고조,가산디지털2로 101 B동 2층 202호 지번,"광어&연어&한우육회 콘부지메(다시마 숙성)광어, 부드러운 연어, 고소한 풍미의 부드러운 육회가 어우러진 한접시",55000
고조,가산디지털2로 101 B동 2층 202호 지번,한우 스끼야끼 한우 소고기와 시어링된 채소가 어우러진 관동식 스끼야끼,38000
고조,가산디지털2로 101 B동 2층 202호 지번,갈비살 스테이크동 쫀득한 식감이 매력적인 고소한 육즙의 갈빗살을 이용한 부드러운 스테이크 덮밥,19000
고조,가산디지털2로 101 B동 2층 202호 지번,오무라 가라아게 카레 진한 일본식 브라운 카레와 직접만든 수제 가라아게가 올라간 카레,14000
고조,가산디지털2로 101 B동 2층 202호 지번,새우&베이컨 배추볶음 탱글한 새우와 짭짤한 베이컨이 함께 어우러진 알배추 볶음,18000
고조,가산디지털2로 101 B동 2층 202호 지번,탱글숙성 생연어 최적의 숙성시간을 거쳐낸 노르웨이산 생연어 사시미,30000
고조,가산디지털2로 101 B동 2층 202호 지번,콘부지메 숙성 광어회 콘부지메(다시마 숙성) 고급 광어사시미 (*상황에 따라 '도미'로 변경될 수 있습니다.),30000
고조,가산디지털2로 101 B동 2층 202호 지번,스테미나 장어구이 민물장어를 직화로 구워낸 보양식 장어구이,33000
고조,가산디지털2로 101 B동 2층 202호 지번,육회 특제 양념으로 깊은 풍미를 더한 부드러운 소고기 육회,25000
고조,가산디지털2로 101 B동 2층 202호 지번,치즈 오꼬노미야끼 신선한 채소와 해산물로 주문 즉시 직접 요리하는 치즈가 올라간 오꼬노미야끼,21000
고조,가산디지털2로 101 B동 2층 202호 지번,야끼소바 신선한 채소와 해산물이 들어간 간장 베이스의 일본식 수제 볶음면,20000
고조,가산디지털2로 101 B동 2층 202호 지번,"MIX가츠 바삭한 가라아게, 새우튀김, 야채튀김을 함께 즐길 수 있는 한 접시",18000
고조,가산디지털2로 101 B동 2층 202호 지번,한우 모츠나베 한우 대창과 특수부위가 들어간 얼큰 모츠나베,38000
고조,가산디지털2로 101 B동 2층 202호 지번,수제 가라아게 고조만의 특별한 염지와 숙성을 거쳐 직접 만든 수제 가라아게,17000
고조,가산디지털2로 101 B동 2층 202호 지번,문어 가라아게 스파이시한 문어튀김과 샐러드가 곁들여진 튀김요리,16000
고조,가산디지털2로 101 B동 2층 202호 지번,타코와사비 알싸한 양념과 타코의 조화,13000
고조,가산디지털2로 101 B동 2층 202호 지번,오이 탕탕이 탕탕 때린 오이를 새콤달콤하게 무쳐낸 일본식 오이무침,10000
고조,가산디지털2로 101 B동 2층 202호 지번,오무라 우나기&규동 토톰하고 탱글한 민물장어구이와 특제 소스에 볶은 소고기를 한 그릇에 담은 프리미엄 덮밥,18000
고조,가산디지털2로 101 B동 2층 202호 지번,우나기동 탱글하고 부드러운 민물장어구이 한 마리가 올라간 스태미나 보양식 장어 덮밥,19000
고조,가산디지털2로 101 B동 2층 202호 지번,한우 육회&사케동 고소한 한우 육회와 부드러운 숙성연어를 한그릇에 담은 신선 덮밥,18000
고조,가산디지털2로 101 B동 2층 202호 지번,신선 한우 육회동 한우 육회를 특제 소스에 버무려 고소한 신선 비빔 육회 덮밥,18000
고조,가산디지털2로 101 B동 2층 202호 지번,사케동 신선한 노르웨이 생연어로 만들어 올린 덮밥,17000
고조,가산디지털2로 101 B동 2층 202호 지번,규동 소고기 특수부위를 볶아 만든 일본식 소고기덮밥,14000
고조,가산디지털2로 101 B동 2층 202호 지번,연어&육회 노르웨이산 생연어와 특제 양념으로 깊은 풍미를 더한 육회가 곁들여진 한 접시,45000
고조,가산디지털2로 101 B동 2층 202호 지번,"오무라 MIX가츠동 부드러운 오무라 위에 수제 가라아게, 야채튀김, 새우튀김을 한 그릇에 담은 튀김 덮밥",14000
고조,가산디지털2로 101 B동 2층 202호 지번,오무라 치즈함바그 카레 진한 일본식 브라운 카레와 고소한 치즈 함바그가 올라간 카레 덮밥,16000
고조,가산디지털2로 101 B동 2층 202호 지번,"오무라 MIX카츠 카레 진한 일본식 브라운 카레와 가라아게, 새우튀김, 야채튀김을 한 번에 올라간 카레 덮밥",15000
고조,가산디지털2로 101 B동 2층 202호 지번,오무라 규 카레 진한 일본식 브라운카레와 소고기 특수부위가 올라간 카레,14000
고조,가산디지털2로 101 B동 2층 202호 지번,오무라 등심카츠 카레 진한 일본식 브라운 카레에 갓튀긴 돈가츠가 올라간 카레 덮밥,14000
고조,가산디지털2로 101 B동 2층 202호 지번,오무라 에비 후라이 카레 진한 일본식 브라운 카레와 수제 새우튀김이 올라간 카레,14000
고조,가산디지털2로 101 B동 2층 202호 지번,해물 오꼬노미야끼 신선한 채소와 해산물로 즉석에서 바로 구운 수제 오꼬노미야끼,20000
고조,가산디지털2로 101 B동 2층 202호 지번,한우 대창 나베 국내산 한우 대창과 특제 양념장으로 맛을 낸 국물 요리,14000
고조,가산디지털2로 101 B동 2층 202호 지번,해장 김치나베 칼칼한 김치국물에 등심카츠를 담근 한국식 퓨전나베,13000
고조,가산디지털2로 101 B동 2층 202호 지번,프리미엄 우나기동 도톰하고 탱글한 장어 1.5마리를 듬뿍 올린 스태미나 프리미엄 덮밥,25000
고조,가산디지털2로 101 B동 2층 202호 지번,갈비살 스테이크&우나기동 쫀득한 식감이 매력적인 갈빗살과 스태미나 가득 민물장어구이를 한 그릇에 담은 프리미엄 덮밥,20000
고조,가산디지털2로 101 B동 2층 202호 지번,갈비살 스테이크&사케동 쫀득한 식감이 매력적인 고소한 갈빗살과 부드러운 숙성 연어를 한그릇에 담은 프리미엄 덮밥,19000
고칸 대륭포스트5차점,디지털로9길 68 1층 108호 지번,연새덮밥 고칸 시그니처 연어장과 간장새우장이 올라간 덮밥입니다,12900
고칸 대륭포스트5차점,디지털로9길 68 1층 108호 지번,"사케동 슈페리어 최상급 연어로, 당일손질 당일소진을 원칙으로 판매하고있습니다.",12900
고칸 대륭포스트5차점,디지털로9길 68 1층 108호 지번,BIG항정살덮밥,15900
고칸 대륭포스트5차점,디지털로9길 68 1층 108호 지번,BIG불규동,13900
고칸 대륭포스트5차점,디지털로9길 68 1층 108호 지번,BIG규동,13900
고칸 대륭포스트5차점,디지털로9길 68 1층 108호 지번,새우장 추가,5000
고칸 대륭포스트5차점,디지털로9길 68 1층 108호 지번,연어장 추가,6000
고칸 대륭포스트5차점,디지털로9길 68 1층 108호 지번,생연어 추가,5000
고칸 대륭포스트5차점,디지털로9길 68 1층 108호 지번,치즈멘치카츠동,9900
고칸 대륭포스트5차점,디지털로9길 68 1층 108호 지번,치즈치킨가라아게동,9900
고칸 대륭포스트5차점,디지털로9길 68 1층 108호 지번,치즈에비동,9900
고칸 대륭포스트5차점,디지털로9길 68 1층 108호 지번,치즈가츠동,9900
고칸 대륭포스트5차점,디지털로9길 68 1층 108호 지번,연어장동 7시간 이상 정성으로 숙성시켰습니다. 쫀득쫀득 단짠단짠 ㄹㅇ 밥도둑입니다.,12900
고칸 대륭포스트5차점,디지털로9길 68 1층 108호 지번,치즈규동,9900
고칸 대륭포스트5차점,디지털로9길 68 1층 108호 지번,치즈불규동 매운맛 규동입니다,9900
고칸 대륭포스트5차점,디지털로9길 68 1층 108호 지번,새우장동 직접 손질하여 8시간 이상 숙성시킨 새우를 올린 덮밥입니다,10900
고칸 대륭포스트5차점,디지털로9길 68 1층 108호 지번,"새우튀김 카레 [강력추천]오랜시간 카라멜라이징한 양파, 소고기가 들어간 일본식 수제 카레입니다.",9900
고칸 대륭포스트5차점,디지털로9길 68 1층 108호 지번,"가라아게 카레 [강력추천]오랜시간 카라멜라이징한 양파, 소고기가 들어간 일본식 수제 카레입니다.",9900
고칸 대륭포스트5차점,디지털로9길 68 1층 108호 지번,"돈까츠 카레 [강력추천]오랜시간 카라멜라이징한 양파, 소고기가 들어간 일본식 수제 카레입니다.",9900
고칸 대륭포스트5차점,디지털로9길 68 1층 108호 지번,"비프카레 [강력추천]오랜시간 카라멜라이징한 양파, 소고기가 들어간 일본식 수제 카레입니다.",9900
고칸 대륭포스트5차점,디지털로9길 68 1층 108호 지번,"멘치카츠카레 [강력추천]오랜시간 카라멜라이징한 양파, 소고기가 들어간 일본식 수제 카레입니다.",9900
고칸 대륭포스트5차점,디지털로9길 68 1층 108호 지번,"감자고로케카레 [강력추천]오랜시간 카라멜라이징한 양파, 소고기가 들어간 일본식 수제 카레입니다.",9900
고칸 대륭포스트5차점,디지털로9길 68 1층 108호 지번,돈가츠동/돈부리 [겨울추천]수제 돈카츠를 달짝지근한 간장소스로 맛을 낸 덮밥입니다,8900
고칸 대륭포스트5차점,디지털로9길 68 1층 108호 지번,"토시살스테이크동 부채살을 센불에 파바박 볶았습니다. 계란노른자, 양파채, 와사비와 곁들어먹는 시그니쳐메뉴!",12900
고칸 대륭포스트5차점,디지털로9길 68 1층 108호 지번,멘치카츠동 [겨울추천]수제 멘치카츠를 달짝지근한 간장소스로 맛을 낸 덮밥입니다,8900
고칸 대륭포스트5차점,디지털로9길 68 1층 108호 지번,치킨가라아게동 [겨울추천]수제 치킨가라아게를 달짝지근한 간장소스로 맛을 낸 덮밥입니다,8900
고칸 대륭포스트5차점,디지털로9길 68 1층 108호 지번,에비동 [겨울추천]수제 왕새우튀김을 달짝지근한 간장소스로 맛을 낸 덮밥입니다,8900
고칸 대륭포스트5차점,디지털로9길 68 1층 108호 지번,유케동 특제 맛간장 베이스로한 육회를 채소와 함께 고소하게 드실 수 있는 육회 덮밥입니다,9900
고칸 대륭포스트5차점,디지털로9길 68 1층 108호 지번,연어사시미,19900
고칸 대륭포스트5차점,디지털로9길 68 1층 108호 지번,치킨가라아게 8-9pc,5500
고칸 대륭포스트5차점,디지털로9길 68 1층 108호 지번,왕새우튀김 3pc,5500
고칸 대륭포스트5차점,디지털로9길 68 1층 108호 지번,감자고로케 4pc,5500
고칸 대륭포스트5차점,디지털로9길 68 1층 108호 지번,멘치카츠 4pc,5500
고칸 대륭포스트5차점,디지털로9길 68 1층 108호 지번,자몽 에이드,2900
고칸 대륭포스트5차점,디지털로9길 68 1층 108호 지번,항정살 덮밥 특제 간장소스에 볶아낸 항정살을 밥 위에 얹어 계란 노른자를 터뜨려 떠먹는 덮밥입니다,10900
고칸 대륭포스트5차점,디지털로9길 68 1층 108호 지번,애플망고 에이드,2900
고칸 대륭포스트5차점,디지털로9길 68 1층 108호 지번,블루베리 에이드,2900
고칸 대륭포스트5차점,디지털로9길 68 1층 108호 지번,청포도 에이드,2900
고칸 대륭포스트5차점,디지털로9길 68 1층 108호 지번,오리지널 하이볼,3900
고칸 대륭포스트5차점,디지털로9길 68 1층 108호 지번,진저에일 하이볼,3900
고칸 대륭포스트5차점,디지털로9길 68 1층 108호 지번,블루베리 하이볼,3900
고칸 대륭포스트5차점,디지털로9길 68 1층 108호 지번,청포도 하이볼,3900
고칸 대륭포스트5차점,디지털로9길 68 1층 108호 지번,애플망고 하이볼,3900
고칸 대륭포스트5차점,디지털로9길 68 1층 108호 지번,자몽 하이볼,3900
히나타,가산디지털1로 16 107-1R호 지번,온소바 정식(O세트) 온소바+수제생등심돈가츠+계란밥+샐러드가 제공 됩니다,15000
히나타,가산디지털1로 16 107-1R호 지번,히나타 정식 A세트 히나타우동+수제생등심돈가츠+계란밥+샐러드가 제공 됩니다,15000
히나타,가산디지털1로 16 107-1R호 지번,자루소바,10000
히나타,가산디지털1로 16 107-1R호 지번,김치가츠나베,12000
히나타,가산디지털1로 16 107-1R호 지번,히나타 정식 B세트 붓가케우동+수제생등심돈가츠+계란밥+샐러드가 제공 됩니다.,15000
히나타,가산디지털1로 16 107-1R호 지번,히나타 정식 C세트 살얼음냉소바+수제생등심돈가츠+계란밥+샐러드가 제공 됩니다.,15000
히나타,가산디지털1로 16 107-1R호 지번,텐붓가게 우동,12000
히나타,가산디지털1로 16 107-1R호 지번,수제생등심돈가츠,12000
히나타,가산디지털1로 16 107-1R호 지번,가츠돈,12000
히나타,가산디지털1로 16 107-1R호 지번,냉소바,10000
히나타,가산디지털1로 16 107-1R호 지번,붓가케 우동,10000
히나타,가산디지털1로 16 107-1R호 지번,히나타 우동,10000
명서쿠 가산디지털단지직영점,가산디지털1로 204 109호 110호 지번,라멘 + 미니규동 세트 점심 인기 메뉴를 한번에!,16000
명서쿠 가산디지털단지직영점,가산디지털1로 204 109호 110호 지번,"덮밥류 + 미니라멘 세트 밥도 먹고 라멘도 먹고! 든든하게! (덮밥류=규동, 가츠동)",16000
명서쿠 가산디지털단지직영점,가산디지털1로 204 109호 110호 지번,미소라멘 이거 먹으면 미소가 저절로 나온다던데..,11000
명서쿠 가산디지털단지직영점,가산디지털1로 204 109호 110호 지번,매운청향규동 담백하고 짭쪼름한 맛에 매콤함을 더한 일본식 덮밥,11000
명서쿠 가산디지털단지직영점,가산디지털1로 204 109호 110호 지번,가츠동 일본식 돈카츠 덮밥,11000
명서쿠 가산디지털단지직영점,가산디지털1로 204 109호 110호 지번,에비동 일본식 새우 덮밥,11000
명서쿠 가산디지털단지직영점,가산디지털1로 204 109호 110호 지번,가라아게동 일본식 닭튀김 덮밥,11000
명서쿠 가산디지털단지직영점,가산디지털1로 204 109호 110호 지번,믹스카츠동 가장 인기 있는 조합만 모았습니다!,13000
명서쿠 가산디지털단지직영점,가산디지털1로 204 109호 110호 지번,모듬카츠(등심/안심/새우) 돈까스 좋아하는 사람들이 좋아하는 것만 모두 담았습니다.,17000
명서쿠 가산디지털단지직영점,가산디지털1로 204 109호 110호 지번,에비카레 일본식 새우튀김 카레,12000
명서쿠 가산디지털단지직영점,가산디지털1로 204 109호 110호 지번,가라아게 카레 일본식 닭튀김 카레,12000
명서쿠 가산디지털단지직영점,가산디지털1로 204 109호 110호 지번,규카레,12000
명서쿠 가산디지털단지직영점,가산디지털1로 204 109호 110호 지번,명서쿠라멘 명서쿠 시그니처 라멘 (맵기 조절 가능),11000
명서쿠 가산디지털단지직영점,가산디지털1로 204 109호 110호 지번,냉소바,11000
명서쿠 가산디지털단지직영점,가산디지털1로 204 109호 110호 지번,냉우동,9900
명서쿠 가산디지털단지직영점,가산디지털1로 204 109호 110호 지번,가라아게 4P,5000
명서쿠 가산디지털단지직영점,가산디지털1로 204 109호 110호 지번,에비후라이 2P,5000
명서쿠 가산디지털단지직영점,가산디지털1로 204 109호 110호 지번,모듬 덴뿌라 명서쿠 대표메뉴 튀김메뉴를 한번에!!,18000
명서쿠 가산디지털단지직영점,가산디지털1로 204 109호 110호 지번,소주 / 맥주,3500
명서쿠 가산디지털단지직영점,가산디지털1로 204 109호 110호 지번,규동 담백하고 짭쪼름한 맛이 일품인 덮밥,11000
명서쿠 가산디지털단지직영점,가산디지털1로 204 109호 110호 지번,히레카츠 일본식 안심 돈카츠,12000
명서쿠 가산디지털단지직영점,가산디지털1로 204 109호 110호 지번,가츠카레 일본식 카레에 육즙 터지는 돈카츠의 조합,12000
명서쿠 가산디지털단지직영점,가산디지털1로 204 109호 110호 지번,유린카츠,13000
명서쿠 가산디지털단지직영점,가산디지털1로 204 109호 110호 지번,김치가츠나베,12500
명서쿠 가산디지털단지직영점,가산디지털1로 204 109호 110호 지번,마!!라멘(마라라멘) 여심저격 마라라멘,11000
명서쿠 가산디지털단지직영점,가산디지털1로 204 109호 110호 지번,돈코츠라멘 사골육수 푹 끓여서 만든 찐돈코츠 라멘,11000
4월의오또상,가산디지털1로 204 반도아이비밸리 1층 119호 지번,[런치]오또상초밥A 초밥10p+국물2종류 *구성은 변동됩니다,15000
4월의오또상,가산디지털1로 204 반도아이비밸리 1층 119호 지번,[런치]오또상초밥B 초밥12p+국물2종류 *구성은 변동됩니다,20000
4월의오또상,가산디지털1로 204 반도아이비밸리 1층 119호 지번,가리비탕,18000
4월의오또상,가산디지털1로 204 반도아이비밸리 1층 119호 지번,간사이 오뎅탕 일본 간사이 현지 느낌의 오뎅탕,23000
4월의오또상,가산디지털1로 204 반도아이비밸리 1층 119호 지번,마즈타키(닭전골) 오또상만의 특제 소스로 만든 일본식 닭전골 안드신분은 있지만 한번만 드시분은 없는 전골,28000
4월의오또상,가산디지털1로 204 반도아이비밸리 1층 119호 지번,먹고가소 특제간장소스로 볶은 가지와 우삼겹,20000
4월의오또상,가산디지털1로 204 반도아이비밸리 1층 119호 지번,"부타쇼가야끼 일본식 가정식 중 베스트, 믿고 먹는 돼지고기 생강볶음",18000
4월의오또상,가산디지털1로 204 반도아이비밸리 1층 119호 지번,안키모라멘 특제 버터 안키모 소스로 만든 볶음 라멘,20000
4월의오또상,가산디지털1로 204 반도아이비밸리 1층 119호 지번,"봉골라멘 봉골레 파스타 하나!!,, 아니 봉골레 라멘 하나!!",20000
4월의오또상,가산디지털1로 204 반도아이비밸리 1층 119호 지번,아지후라이 아지(전갱이)가 통째로 튀겨졌다!!,18000
4월의오또상,가산디지털1로 204 반도아이비밸리 1층 119호 지번,가라아게 일본식 닭튀김,16000
4월의오또상,가산디지털1로 204 반도아이비밸리 1층 119호 지번,타르타르 잘게 다진 사시미와 오또상의 소스로 간을 한 간단한 안주,8000
4월의오또상,가산디지털1로 204 반도아이비밸리 1층 119호 지번,"[런치]스키야키 밥 무한제공 (고기,야채,우동사리 추가가능)",15000
4월의오또상,가산디지털1로 204 반도아이비밸리 1층 119호 지번,모찌리도후 오또상의 수제 참깨 우유 두부,8000
4월의오또상,가산디지털1로 204 반도아이비밸리 1층 119호 지번,"오늘의 사시미 제철 횟감을 숙성하여 제공됩니다. (1인주문가능, 구성은 변동됩니다)",45000
4월의오또상,가산디지털1로 204 반도아이비밸리 1층 119호 지번,광어&안키모&우니 보장된 깔끔한 맛 3가지,55000
4월의오또상,가산디지털1로 204 반도아이비밸리 1층 119호 지번,"오또상 사합2.0 날것으로 재탄생한 4합, 맛있는거X4",38000
4월의오또상,가산디지털1로 204 반도아이비밸리 1층 119호 지번,오까상초밥 당일 준비된 13가지 다양한 네타로 구성된 초밥,28000
4월의오또상,가산디지털1로 204 반도아이비밸리 1층 119호 지번,고등어봉초밥 오또상만의 특제 소스가 올라간 고등어 봉초밥,25000
4월의오또상,가산디지털1로 204 반도아이비밸리 1층 119호 지번,마구로 마끼 참다랑어가 가득 들어간 김말이(김밥),30000
4월의오또상,가산디지털1로 204 반도아이비밸리 1층 119호 지번,스키야끼,18000
오키소바,가산디지털1로 128 b129호 지번,냉소바 오키소바 시그니처 냉소바. 살얼음이 있는 냉소바 맞춤 비법 육수와 조화된 감동적인 맛,8000
오키소바,가산디지털1로 128 b129호 지번,가츠동 16가지 엄선한 재료로 만든 특제 소스를 맞춤 배합 요리법으로 어우러낸 가츠동(돈코츠덮밥),9000
오키소바,가산디지털1로 128 b129호 지번,규동 16가지 엄선한 재료로 만든 특제 소스를 맞춤 배합 요리법으로 어우러낸 규동(소고기덮밥),9500
오키소바,가산디지털1로 128 b129호 지번,탄탄멘 특제 돈골 육수와 매일 직접 만든 탄멘장이 어우러져 고소하면서도 특색 있는 매콤한 라멘,10900
오키소바,가산디지털1로 128 b129호 지번,돈코츠라멘 특제 돈골 육수를 베이스로 하여 클래식한 풍미가 돋보이는 오키소바만의 담백한 돈코츠라멘,9900
오키소바,가산디지털1로 128 b129호 지번,에비동 바삭하고 쫄깃한 새우튀김과 타래의 은근한 유혹 (새우튀김 과 함께 즐기는 인기있는 돈부리,9000
오키소바,가산디지털1로 128 b129호 지번,"오야꼬동 묵직한 닭고기의 고소, 바삭한 풍미 (특제소스로 맛을 낸 닭다리살이 들어간 돈부리)",9000
호랑이초밥 가산디지털단지점,가산디지털1로 186 제이플라츠 지하1층 118-2호 지번,"어린이 초밥(8p)+우동+매실청토마토(8p) 초새우2p.계란3p,유부3p (와사비가 들어가지 않는 메뉴입니다.참고 부탁드립니다)",9000
호랑이초밥 가산디지털단지점,가산디지털1로 186 제이플라츠 지하1층 118-2호 지번,모둠참치초밥(10p)+서비스초밥1p+우동+매실청토마토(10p) 참다랑어등살(적신)3p+황새치뱃살(메카도로)3p+참치2p+황새치2p,21000
호랑이초밥 가산디지털단지점,가산디지털1로 186 제이플라츠 지하1층 118-2호 지번,광어초밥(10p)+서비스초밥1p+우동+매실청토마토(10P) 매일 완도에서 올라오는 대광어만 사용합니다.정말 잘 드시는거에요,21000
호랑이초밥 가산디지털단지점,가산디지털1로 186 제이플라츠 지하1층 118-2호 지번,"스페셜연어초밥(12p)+서비스초밥1p+우동+매실청토마토(12P) 연어 6P(2p는 연어아부리), 연어뱃살 2P, 연어토핑 2P, 연어군함 2P",24000
호랑이초밥 가산디지털단지점,가산디지털1로 186 제이플라츠 지하1층 118-2호 지번,살치살스테이크 초밥+서비스초밥1p+우동+매실청토마토(5P) 제대로된 최상급 살치살을 직화로 아부리하였습니다.흔한 냉동 소고기초밥과 비교불가 기름진 살치살을 그대로 느낄 수 있습니다,13000
호랑이초밥 가산디지털단지점,가산디지털1로 186 제이플라츠 지하1층 118-2호 지번,묵은지삼겹살 초밥+서비스초밥1p+우동+매실청토마토(5P) 묵은지삼겹초밥+서비스초밥1p+우동+매실청토마토,8000
호랑이초밥 가산디지털단지점,가산디지털1로 186 제이플라츠 지하1층 118-2호 지번,묵은지삼겹살 초밥+서비스초밥1p+우동+매실청토마토(10P) 묵은지삼겹초밥+서비스초밥1p+우동+매실청토마토,14000
호랑이초밥 가산디지털단지점,가산디지털1로 186 제이플라츠 지하1층 118-2호 지번,광어5p 참치5p +서비스초밥1p+우동+매실청토마토(10p) 광어5p+참치5p,21000
호랑이초밥 가산디지털단지점,가산디지털1로 186 제이플라츠 지하1층 118-2호 지번,연어5p 참치5p+서비스초밥1p+우동+매실청토마토(10p) 연어5p+참치5p,21000
호랑이초밥 가산디지털단지점,가산디지털1로 186 제이플라츠 지하1층 118-2호 지번,광어5p 살치살5p+서비스초밥1p+우동+매실청토마토(10p) 광어5p + 살치살스테이크초밥 5p,22000
호랑이초밥 가산디지털단지점,가산디지털1로 186 제이플라츠 지하1층 118-2호 지번,연어5p 살치살5p+서비스초밥1p+우동+매실청토마토(10p) 연어5p + 살치스테이크초밥5p,22000
호랑이초밥 가산디지털단지점,가산디지털1로 186 제이플라츠 지하1층 118-2호 지번,연어5p 연어아부리5p+서비스초밥1p+우동+매실청토마토(10p),22000
호랑이초밥 가산디지털단지점,가산디지털1로 186 제이플라츠 지하1층 118-2호 지번,연어5p 계란5p+서비스초밥1p+우동+매실청토마토(10p),15000
호랑이초밥 가산디지털단지점,가산디지털1로 186 제이플라츠 지하1층 118-2호 지번,모둠 사시미+서비스간장새우+우동(소 15p) 구성과 수량에서 가성비갑 숙성된 회에서 느껴지는 감칠맛을 즐겨보세요. 매일 아침 공수한 생선에따라 구성은 변경됩니다.,34000
호랑이초밥 가산디지털단지점,가산디지털1로 186 제이플라츠 지하1층 118-2호 지번,연어5p 계란아부리5p+서비스초밥1p+우동+매실청토마토(10p),16500
호랑이초밥 가산디지털단지점,가산디지털1로 186 제이플라츠 지하1층 118-2호 지번,"새우모둠초밥12p+서비스초밥1p+우동+매실청토마토(12p) 생새우2p,초새우2p,간장새우2p,구운갈릭치즈새우2p,구운스리라차치즈새우2p,구운망고치즈새우2p",19000
호랑이초밥 가산디지털단지점,가산디지털1로 186 제이플라츠 지하1층 118-2호 지번,도로5p 광어5p+서비스초밥1p+우동+매실청토마토(10p),25000
호랑이초밥 가산디지털단지점,가산디지털1로 186 제이플라츠 지하1층 118-2호 지번,도로5p 연어5p+서비스초밥1p+우동+매실청토마토(10p),25000
호랑이초밥 가산디지털단지점,가산디지털1로 186 제이플라츠 지하1층 118-2호 지번,광어5p 생새우5p+서비스초밥1p+우동+매실청토마토(10p),20000
호랑이초밥 가산디지털단지점,가산디지털1로 186 제이플라츠 지하1층 118-2호 지번,연어5p 생새우5p+서비스초밥1p+우동+매실청토마토(10p),20000
호랑이초밥 가산디지털단지점,가산디지털1로 186 제이플라츠 지하1층 118-2호 지번,광어5p 연어아부리5p+서비스초밥1p+우동+매실청토마토(10p),22000
호랑이초밥 가산디지털단지점,가산디지털1로 186 제이플라츠 지하1층 118-2호 지번,광어5p 광어묵은지5p+서비스초밥1p+우동+매실청토마토(10p),22000
호랑이초밥 가산디지털단지점,가산디지털1로 186 제이플라츠 지하1층 118-2호 지번,참치5p 살치살5p+서비스초밥1p+우동+매실청토마토(10p) 참치5p+살치살스테이크5p,22000
호랑이초밥 가산디지털단지점,가산디지털1로 186 제이플라츠 지하1층 118-2호 지번,"스페셜광어초밥12p+서비스초밥1p+우동+매실청토마토(12p) 광어 6p,광어묵은지 3p,광어지느러미(엔가와) 3p",24000
호랑이초밥 가산디지털단지점,가산디지털1로 186 제이플라츠 지하1층 118-2호 지번,모둠 사시미+서비스간장새우+우동(중 23p) 구성과 수량에서 가성비갑 숙성된 회에서 느껴지는 감칠맛을 즐겨보세요. 매일 아침 공수한 생선에따라 구성은 변경됩니다.,48000
호랑이초밥 가산디지털단지점,가산디지털1로 186 제이플라츠 지하1층 118-2호 지번,연어사시미(16p)+서비스간장새우(2p)+우동(16p) 노르웨이산 최고 등급 신선한 생연어,38000
호랑이초밥 가산디지털단지점,가산디지털1로 186 제이플라츠 지하1층 118-2호 지번,광어사시미8p + 연어사시미8p+간장새우(2p)+우동(광어 8p + 연어8p) 노르웨이에서 건너온 생연어와 완도산 대광어의 조합,39000
호랑이초밥 가산디지털단지점,가산디지털1로 186 제이플라츠 지하1층 118-2호 지번,광어사시미(16p)+서비스간장새우(2p)+우동(16p) 숙성시킨 완도산 대광어,40000
호랑이초밥 가산디지털단지점,가산디지털1로 186 제이플라츠 지하1층 118-2호 지번,"모둠참치사시미(16p)+서비스간장새우(2p)+우동 도로,참다랑어등살 등 참치로 구성된 사시미",40000
호랑이초밥 가산디지털단지점,가산디지털1로 186 제이플라츠 지하1층 118-2호 지번,도로 참다랑어 대뱃살,3500
호랑이초밥 가산디지털단지점,가산디지털1로 186 제이플라츠 지하1층 118-2호 지번,참다랑어등살(적신) 참다랑어 등살(적신),2500
호랑이초밥 가산디지털단지점,가산디지털1로 186 제이플라츠 지하1층 118-2호 지번,광어 지느러미(엔가와),2500
갓포소,가산디지털2로 144 현대테라타워가산DK 1층 106호 지번,"갓포소 숙성 모둠사시미 (1인기준) 전문셰프가 생선에 어울리는 소금,다시마,간장,된장,쌀누륵으로 숙성하여 한층 높음 퀄리티 회",28000
갓포소,가산디지털2로 144 현대테라타워가산DK 1층 106호 지번,갓포소 정식스시19 숙성한 생선과 해산물 11종류를 전문 스시셰프가 혼을 담아서 직접 쥐어 만든 초밥,19000
갓포소,가산디지털2로 144 현대테라타워가산DK 1층 106호 지번,프리미엄 벤또 52 본 메뉴는 런치한정 예약제로 이용 가능합니다. (스시 또는 카이센동 택 1),52000
갓포소,가산디지털2로 144 현대테라타워가산DK 1층 106호 지번,갓포소 벤또정식 39 본 메뉴는 런치한정 예약제로 이용 가능합니다. (스시 또는 카이센동 택 1),39000
갓포소,가산디지털2로 144 현대테라타워가산DK 1층 106호 지번,갓포소 런치스시13 숙성한 생선과 해산물 9종류를 전문 스시셰프가 혼을 담아서 직접 쥐어서 만든 초밥,13000
갓포소,가산디지털2로 144 현대테라타워가산DK 1층 106호 지번,우나기 고토우동 부드러운 우나기와 쫄깃한 식감의 고토우동,15000
갓포소,가산디지털2로 144 현대테라타워가산DK 1층 106호 지번,한국식 회덮밥 신선한 야채들과 모둠회,11000
갓포소,가산디지털2로 144 현대테라타워가산DK 1층 106호 지번,"살몬 크랩롤 연어와 크랩, 특제소스를 곁들인 스페셜롤",25000
갓포소,가산디지털2로 144 현대테라타워가산DK 1층 106호 지번,후또마끼 여러가지 생선과 식자재를 많이 넣어서 굵게 말은 마끼,30000
갓포소,가산디지털2로 144 현대테라타워가산DK 1층 106호 지번,메로구이 특제 간장소스에 절인 기름기 꽉찬 메로구이,26000
갓포소,가산디지털2로 144 현대테라타워가산DK 1층 106호 지번,갑오징어 튀김 통통한 갑오징어를 바싹하게 튀김,18000
갓포소,가산디지털2로 144 현대테라타워가산DK 1층 106호 지번,앙끼몽큐리 상큼한 일본 폰즈소스를 곁들인 부드러우며 기름진 아귀간과 상큼하면서 아삭한 오이,15000
갓포소,가산디지털2로 144 현대테라타워가산DK 1층 106호 지번,갓포소 스페셜스시28 숙성한 생선과 해산물 13종류를 전문 스시셰프가 혼을 담아서 직접 쥐어서 만든 초밥,28000
갓포소,가산디지털2로 144 현대테라타워가산DK 1층 106호 지번,타코야끼 오사카 대표메뉴 타코야끼,12000
갓포소,가산디지털2로 144 현대테라타워가산DK 1층 106호 지번,크림새우튀김 크리미한 특제 과일소스와 통통한 새우와의 콜라보,20000
갓포소,가산디지털2로 144 현대테라타워가산DK 1층 106호 지번,고추치킨 가라아게 매콤한 고추소스를 곁들인 치킨가라아게,20000
갓포소,가산디지털2로 144 현대테라타워가산DK 1층 106호 지번,카니미소 쉘크랩 파스타 농축된 게내장과 일본식된장으로 만든 크리미하며 바다의 풍미가 진한 소스와 바싹한 쉘크랩,26000
갓포소,가산디지털2로 144 현대테라타워가산DK 1층 106호 지번,매콤한 전복내장파스타 직접 만든 매콤 녹진한 전복내장 파스타,26000
갓포소,가산디지털2로 144 현대테라타워가산DK 1층 106호 지번,새우/야채튀김 바싹한 일본식 튀김,20000
갓포소,가산디지털2로 144 현대테라타워가산DK 1층 106호 지번,나가사끼 나베 돈등뼈와 닭뼈로 직접 푹 고아 진하면서 깔끔한 육수의 나가사끼 나베,28000
갓포소,가산디지털2로 144 현대테라타워가산DK 1층 106호 지번,스키야끼 간토 스타일의 일본식 쇠고기전골,35000
갓포소,가산디지털2로 144 현대테라타워가산DK 1층 106호 지번,토마카도 부드러운 아보카도와 토마토에 새콤한 유자소스를 곁들인 샐러드,9000
갓포소,가산디지털2로 144 현대테라타워가산DK 1층 106호 지번,갓포소 카이센동18 당일 신선한 12종류의 생선과 해산물을 어우러지게 갓포소 스타일로 만든 일본식 해산물덮밥,18000
갓포소,가산디지털2로 144 현대테라타워가산DK 1층 106호 지번,갓포소 카이센동29 당일 신선한 14종류의 생선과 해산물을 어우러지게 갓포소 스타일로 만든 일본식 해산물덮밥,29000
갓포소,가산디지털2로 144 현대테라타워가산DK 1층 106호 지번,"사케동15 연어의 녹으며 진한맛, 연어알이 톡톡터지면서 조화스러운 맛과 양파와 특제소스의 어울림",15000
갓포소,가산디지털2로 144 현대테라타워가산DK 1층 106호 지번,"사케동19 연어의 녹으며 진한맛, 연어알이 톡톡터지면서 조화스러운 맛과 양파와 특제소스의 어울림",19000
갓포소,가산디지털2로 144 현대테라타워가산DK 1층 106호 지번,우나기동 부드럽게 익힌 민물장어에 직접 만든 특제간장 소스를 발라가면서 구운 장어덮밥과 다시마끼,20000
갓포소,가산디지털2로 144 현대테라타워가산DK 1층 106호 지번,뎀뿌라덮밥 바싹한 튀김과 직접만든 달큰한 텐동소스와 온센타마고의 농후한 부드러움을 느낄 수 있는 맛,15000
갓포소,가산디지털2로 144 현대테라타워가산DK 1층 106호 지번,"스시코스 39 / 49 에피, 사시미, 고바찌, 구이, 튀김, 스시, 우동 갓포소 메뉴를 골고루 즐기는 있는 코스",39000
요미우돈교자 퍼블릭가산점,디지털로 178 가산퍼블릭 B동 1층 M-130호 지번,"넓적우동 넓고 얇게 재단하여 식감을 살린 면과 시원한 냉쯔유, 고소한 참깨소스를 곁들여 먹는 우동",13900
요미우돈교자 퍼블릭가산점,디지털로 178 가산퍼블릭 B동 1층 M-130호 지번,지도리우동 일본 규슈지방의 감칠맛의 닭 육수 베이스와 닭고기와 표고버섯 채소들이 고명으로 올라간 우동,13900
요미우돈교자 퍼블릭가산점,디지털로 178 가산퍼블릭 B동 1층 M-130호 지번,냉)튀김 붓카케 우동 진한 쯔유소스를 면에 부어 튀김 모듬과 비벼 먹는 시원한 냉우동,11900
요미우돈교자 퍼블릭가산점,디지털로 178 가산퍼블릭 B동 1층 M-130호 지번,냉)소고기 붓카케 우동 진한 쯔유소스를 면에 부어 소고기와 비벼 먹는 시원한 냉우동,11900
요미우돈교자 퍼블릭가산점,디지털로 178 가산퍼블릭 B동 1층 M-130호 지번,명란치즈교자 후쿠오카현의 특산물 중 하나인 명란을 교자에 올린 뒤 치즈와 함께 노릇하게 구운 메뉴,11900
요미우돈교자 퍼블릭가산점,디지털로 178 가산퍼블릭 B동 1층 M-130호 지번,사천교자 매콤한 교자를 사용하여 튀일과 함께 바삭하게 구워낸 교자,7900
요미우돈교자 퍼블릭가산점,디지털로 178 가산퍼블릭 B동 1층 M-130호 지번,마라마제우동 고추기름에 절인 돼지고기와 쪽파가 들어간 마제우동에 더욱 매콤한 마라소스가 들어간 비빔우동,11900
요미우돈교자 퍼블릭가산점,디지털로 178 가산퍼블릭 B동 1층 M-130호 지번,요미마제우동 매콤한 고추기름에 절여진 돼지 고기와 개운한 쪽파가 듬뿍 들어간 비빔 우동,11900
요미우돈교자 퍼블릭가산점,디지털로 178 가산퍼블릭 B동 1층 M-130호 지번,소세지카레라이스 깊고 깔끔한 맛의 카레라이스와 불향 가득 통통한 소세지를 함께 즐기는 색다른 카레라이스,13900
요미우돈교자 퍼블릭가산점,디지털로 178 가산퍼블릭 B동 1층 M-130호 지번,소고기듬뿍카레라이스 깊고 깔끔한 맛의 카레라이스와 담백한 소고기를 함께 즐기는 새로운 카레라이스,12900
요미우돈교자 퍼블릭가산점,디지털로 178 가산퍼블릭 B동 1층 M-130호 지번,"소고기듬뿍우동 불향을 가득 입힌 우삼겹과 달달한 양파, 고소한 우엉 튀김을 듬뿍 올린 간장 베이스의 우동",10900
요미우돈교자 퍼블릭가산점,디지털로 178 가산퍼블릭 B동 1층 M-130호 지번,삿포로생맥주,6000
요미우돈교자 퍼블릭가산점,디지털로 178 가산퍼블릭 B동 1층 M-130호 지번,카라이해물우동 진한 풍미의 육수와 다양한 종류의 신선한 해물을 듬뿍 넣어 매콤하게 끓여낸 따뜻한 온우동,13900
요미우돈교자 퍼블릭가산점,디지털로 178 가산퍼블릭 B동 1층 M-130호 지번,"유자하이볼 달콤한 유자 베이스에 유자 탁주, 살얼음이 들어간 하이볼",6000
요미우돈교자 퍼블릭가산점,디지털로 178 가산퍼블릭 B동 1층 M-130호 지번,진저라임하이볼 산토리 가쿠빈 베이스의 진저라임 하이볼 시나몬 향과 상큼한 라임의 향까지 가득,8000
요미우돈교자 퍼블릭가산점,디지털로 178 가산퍼블릭 B동 1층 M-130호 지번,레몬홍차하이볼 산토리 가쿠빈 베이스의 레몬홍차 하이볼 향긋한 홍차의 향기와 상큼한 레몬의 맛,8000
요미우돈교자 퍼블릭가산점,디지털로 178 가산퍼블릭 B동 1층 M-130호 지번,요미산토리하이볼 산토리 가쿠빈 베이스의 요미 하이볼 달달하고 상큼한 하이볼 대표메뉴,8000
요미우돈교자 퍼블릭가산점,디지털로 178 가산퍼블릭 B동 1층 M-130호 지번,스키야끼규동 스키야끼 간장에 달콤짭짤하게 조린 우삼겹과 아삭한 쪽파와 함께 곁들여 먹는 덮밥,9500
요미우돈교자 퍼블릭가산점,디지털로 178 가산퍼블릭 B동 1층 M-130호 지번,고추장부타동 한국의 대중적인 음식인 제육덮밥을 요미우돈교자만의 방식으로 만들었습니다,9500
요미우돈교자 퍼블릭가산점,디지털로 178 가산퍼블릭 B동 1층 M-130호 지번,미소가츠동 바삭하게 튀긴 돈가스와 적미소소스를 밥 위에 가득 얹어 아삭한 양배추와 곁들여 먹는 덮밥,9900
요미우돈교자 퍼블릭가산점,디지털로 178 가산퍼블릭 B동 1층 M-130호 지번,키츠네우동 가쓰오부시와 다시마를 우려낸 맑고 감칠맛 있는 육수를 듬뿍 머금은 유부가 들어간 우동,8900
요미우돈교자 퍼블릭가산점,디지털로 178 가산퍼블릭 B동 1층 M-130호 지번,요미우동 요미우돈교자만의 특제간장에 가쓰오부시로 깊게 우려낸 육수 베이스에 고소한 새우를 얹은 우동,8900
요미우돈교자 퍼블릭가산점,디지털로 178 가산퍼블릭 B동 1층 M-130호 지번,요미유부초밥 2pcs,3500
요미우돈교자 퍼블릭가산점,디지털로 178 가산퍼블릭 B동 1층 M-130호 지번,치킨투움바넓적우동 담백한 닭고기와 탱글한 새우가 들어간 투움바소스를 넓적면과 함께 즐기는 따끈한 우동,14900
요미우돈교자 퍼블릭가산점,디지털로 178 가산퍼블릭 B동 1층 M-130호 지번,마제유부초밥 2pcs,4000
요미우돈교자 퍼블릭가산점,디지털로 178 가산퍼블릭 B동 1층 M-130호 지번,제로콜라 355ml 캔음료,2500
요미우돈교자 퍼블릭가산점,디지털로 178 가산퍼블릭 B동 1층 M-130호 지번,콜라 355ml 캔음료,2500
요미우돈교자 퍼블릭가산점,디지털로 178 가산퍼블릭 B동 1층 M-130호 지번,"베이컨크림우동 고소한 크림에 우동면을 탱글하게 볶아 적양파와 쪽파, 빨간 시즈닝을 곁들인 크림 우동",14900
요미우돈교자 퍼블릭가산점,디지털로 178 가산퍼블릭 B동 1층 M-130호 지번,명란크림우동 고소한 크림에 탱글하게 볶아낸 우동면과 짭짤한 명란젓을 함께 비벼먹는 크림 우동,14900
요미우돈교자 퍼블릭가산점,디지털로 178 가산퍼블릭 B동 1층 M-130호 지번,"고기교자 상큼한 오이 참기름 무침이 올라가, 부담스럽지않게 즐기기 좋은 교자",10900
요미우돈교자 퍼블릭가산점,디지털로 178 가산퍼블릭 B동 1층 M-130호 지번,오코노미야끼 교자 바삭한 교자 가운데 가늘게 썰은 양배추를 넣고 익혀 달달하고 아삭하게 곁들어 먹는 메뉴,11900
요미우돈교자 퍼블릭가산점,디지털로 178 가산퍼블릭 B동 1층 M-130호 지번,소세지카레우동 깊고 깔끔한 맛의 카레 우동과 불향 가득 통통한 소세지를 함께 즐기는 색다른 카레 우동,13900
요미우돈교자 퍼블릭가산점,디지털로 178 가산퍼블릭 B동 1층 M-130호 지번,소고기듬뿍카레우동 깊고 깔끔한 맛의 카레 우동과 담백한 소고기를 함께 즐기는 새로운 카레 우동,12900
코코로식당,벚꽃로38길 32-25 2층 지번,안심카츠 카레,12000
코코로식당,벚꽃로38길 32-25 2층 지번,안심카츠,12000
코코로식당,벚꽃로38길 32-25 2층 지번,스페셜카레,15000
코코로식당,벚꽃로38길 32-25 2층 지번,에비후라이카레,10000
코코로식당,벚꽃로38길 32-25 2층 지번,카츠에비후라이카레,14000
코코로식당,벚꽃로38길 32-25 2층 지번,안심믹스카츠,14000
코코로식당,벚꽃로38길 32-25 2층 지번,코코로카츠,15000
코코로식당,벚꽃로38길 32-25 2층 지번,스페셜카츠,14000
코코로식당,벚꽃로38길 32-25 2층 지번,등심카츠동,10000
코코로식당,벚꽃로38길 32-25 2층 지번,믹스후라이동,12000
코코로식당,벚꽃로38길 32-25 2층 지번,등심카츠,10000
코코로식당,벚꽃로38길 32-25 2층 지번,등심카츠 카레,12000
코코로식당,벚꽃로38길 32-25 2층 지번,사케동,12000
코코로식당,벚꽃로38길 32-25 2층 지번,가라아게동,9000
코코로식당,벚꽃로38길 32-25 2층 지번,에비후라이동,10000
코코로식당,벚꽃로38길 32-25 2층 지번,냉모밀,9000
코코로식당,벚꽃로38길 32-25 2층 지번,얼큰카츠나베,10000
코코로식당,벚꽃로38길 32-25 2층 지번,카츠나베,10000
텐마루,디지털로12길 21 2층 지번,"창코뚝배기 맛있는 녀석들 외 공중파 3사 출연!! 창코나베 大 38,000 창코나베 小 28000",16000
텐마루,디지털로12길 21 2층 지번,한우++ 육회타르트,25000
텐마루,디지털로12길 21 2층 지번,연어 솥밥,10000
텐마루,디지털로12길 21 2층 지번,덴푸라 소,14000
텐마루,디지털로12길 21 2층 지번,덴푸라 대,30000
텐마루,디지털로12길 21 2층 지번,오징어 덴푸라,15000
텐마루,디지털로12길 21 2층 지번,닭 가라아게,16000
텐마루,디지털로12길 21 2층 지번,리얼새우깡,18000
텐마루,디지털로12길 21 2층 지번,감자사라다크래커,15000
텐마루,디지털로12길 21 2층 지번,명란오이무침,16000
텐마루,디지털로12길 21 2층 지번,타코 와사비,16000
텐마루,디지털로12길 21 2층 지번,수제 아지타마고,8000
텐마루,디지털로12길 21 2층 지번,창코나베 대,30000
텐마루,디지털로12길 21 2층 지번,명란주먹밥 2P,6000
텐마루,디지털로12길 21 2층 지번,오뎅뚝배기,15000
텐마루,디지털로12길 21 2층 지번,단새우니,38000
텐마루,디지털로12길 21 2층 지번,가이세끼 사시미 벤또,45000
텐마루,디지털로12길 21 2층 지번,우니한판 (성게),40000
텐마루,디지털로12길 21 2층 지번,민물장어 화로구이(2마리),30000
텐마루,디지털로12길 21 2층 지번,장어 솥밥,15000
텐마루,디지털로12길 21 2층 지번,도미 솥밥,10000
스시히또,벚꽃로 286 리더스타워 지하1층 114호 지번,오마카세 C,90000
스시히또,벚꽃로 286 리더스타워 지하1층 114호 지번,오마카세 B,60000
스시히또,벚꽃로 286 리더스타워 지하1층 114호 지번,오마카세 D,120000
스시히또,벚꽃로 286 리더스타워 지하1층 114호 지번,[단품] 오늘의 사시미(모듬) 2-3인용 모듬 숙성회,50000
스시히또,벚꽃로 286 리더스타워 지하1층 114호 지번,"[단품] 오늘의 숙회 문어, 갑오징어, 소라, 골뱅이 등 당일 재료에 따라 달라지는 숙회 한 접시",35000
스시히또,벚꽃로 286 리더스타워 지하1층 114호 지번,"[단품] 전복모듬 생전복, 전복다시마찜, 전복내장까지 한 번에 뙇!",40000
스시히또,벚꽃로 286 리더스타워 지하1층 114호 지번,"[단품] 연어사시미 연어는 못참지, 연어 사시미와 이쿠라까지 사르르 녹는 스시히또표 연어사시미",40000
스시히또,벚꽃로 286 리더스타워 지하1층 114호 지번,[단품] 참치 타다끼 보기만해도 아깝지만 먹어보면 잊을 수 없는 참치의 변신,35000
스시히또,벚꽃로 286 리더스타워 지하1층 114호 지번,[단품] 도미대가리(조림) 3kg 이상 도미 대가리를 요리합니다.,35000
스시히또,벚꽃로 286 리더스타워 지하1층 114호 지번,[단품] 후토마끼 크기도 비주얼도 감당하기 힘든 스시히또표 후토마키 한 접시,30000
스시히또,벚꽃로 286 리더스타워 지하1층 114호 지번,[단품] 모듬튀김 바삭바삭 해산물&야채튀김,30000
스시히또,벚꽃로 286 리더스타워 지하1층 114호 지번,[단품] 오뎅탕,20000
스시히또,벚꽃로 286 리더스타워 지하1층 114호 지번,[단품] 오늘의 사시미 (특) 3-4인이 즐길 수 있는 숙성회,90000
스시히또,벚꽃로 286 리더스타워 지하1층 114호 지번,특선스시,30000
스시히또,벚꽃로 286 리더스타워 지하1층 114호 지번,히또스시,22000
스시히또,벚꽃로 286 리더스타워 지하1층 114호 지번,오마카세 A (런치) 실속 오마카세 / 점심시간에만 이용 가능,40000
스시히또,벚꽃로 286 리더스타워 지하1층 114호 지번,"스시히또정식(런치) 회 식사 후, 초밥이 나오는 미니 오마카세 코스",25000
스시히또,벚꽃로 286 리더스타워 지하1층 114호 지번,커플세트(런치) 2인 세트메뉴 스시 24pcs + 샐러드+차왕무시+튀김+우동(하절기 냉모밀),40000
스시히또,벚꽃로 286 리더스타워 지하1층 114호 지번,[단품] 오징어 튀김,20000
스시히또,벚꽃로 286 리더스타워 지하1층 114호 지번,[단품] 우x단한판 고급입맛 제대로 저격할 고급 우니와 단새우만 모아 담은 메뉴,50000
스시히또,벚꽃로 286 리더스타워 지하1층 114호 지번,[단품] 광어참돔 쯔케모노 일식 장아찌들을 넣은 흰살생선 쌈,30000
스시히또,벚꽃로 286 리더스타워 지하1층 114호 지번,[단품] 풍천장어구이 전북 고창산 자포니카 민물장어 양념구이,40000
스시히또,벚꽃로 286 리더스타워 지하1층 114호 지번,[단품] 장어덮밥 장어 한 마리를 통째 얹은 우나기동,22000
스시히또,벚꽃로 286 리더스타워 지하1층 114호 지번,[단품] 봉초밥 횟감용 고등어 속에 야채를 곁들인 스시,25000
스시히또,벚꽃로 286 리더스타워 지하1층 114호 지번,[단품] 안키모 바다의 푸아그라 아귀간과 야채 곁들임,25000
스시히또,벚꽃로 286 리더스타워 지하1층 114호 지번,[단품] 어란 아보카도 20번 이상 참기름을 입혀 직접 만든 숭어 어란과 야채 곁들임,25000
준스시,가산디지털2로 165 1층 준스시 지번,"준스시 메뉴정보 인기 메뉴 보기 초새우초밥10ps 광+소고기10ps 17,000원 유부초밥10ps 10,000원 연어+소고기10ps 17,000원 회덮밥정식 10,000원",12000
준스시,가산디지털2로 165 1층 준스시 지번,초새우초밥10ps,12000
준스시,가산디지털2로 165 1층 준스시 지번,광+소고기10ps,17000
준스시,가산디지털2로 165 1층 준스시 지번,유부초밥10ps,10000
준스시,가산디지털2로 165 1층 준스시 지번,연어+소고기10ps,17000
준스시,가산디지털2로 165 1층 준스시 지번,회덮밥정식,10000
미미초밥 금천점,시흥대로 192 지번,"미미초밥(모듬초밥) 12ps 눈다랑어붉은살,황새치흰살,생연어,광어,새우,생새우 계란구이,장어(1ps)등 모듬초밥",15000
미미초밥 금천점,시흥대로 192 지번,우동정식,15000
미미초밥 금천점,시흥대로 192 지번,모밀정식,15000
미미초밥 금천점,시흥대로 192 지번,튀김정식,20000
미미초밥 금천점,시흥대로 192 지번,생새우초밥6ps,8000
미미초밥 금천점,시흥대로 192 지번,광어초밥6ps,10000
미미초밥 금천점,시흥대로 192 지번,새우초밥6ps,7000
미미초밥 금천점,시흥대로 192 지번,한치초밥6ps,8000
미미초밥 금천점,시흥대로 192 지번,한우타다끼초밥6ps,10000
미미초밥 금천점,시흥대로 192 지번,한우육사시미초밥6ps,9000
미미초밥 금천점,시흥대로 192 지번,스페셜초밥 12ps,19000
미미초밥 금천점,시흥대로 192 지번,장어초밥 2ps,4000
미미초밥 금천점,시흥대로 192 지번,"미미정식 참치회(9ps),초밥(6ps),새우튀김(2ps),마끼(2ps),알밥or우동or모밀 택1",22000
미미초밥 금천점,시흥대로 192 지번,계란구이초밥 6ps,7000
미미초밥 금천점,시흥대로 192 지번,생연어초밥 6ps,10000
미미초밥 금천점,시흥대로 192 지번,냉모밀국수,8000
미미초밥 금천점,시흥대로 192 지번,참치까스,10000
미미초밥 금천점,시흥대로 192 지번,참치회,19000
미미초밥 금천점,시흥대로 192 지번,참치육회비빔밥,9000
미미초밥 금천점,시흥대로 192 지번,새싹회덮밥,9000
미미초밥 금천점,시흥대로 192 지번,대구뽈탕,10000
미미초밥 금천점,시흥대로 192 지번,알탕,10000
코미오,가산디지털2로 142-13 1층 지번,미야자키식 닭구이 [やきとり] [당일공수 당일손질]- 미야자키식으로 살려낸 진짜 닭의 맛,16500
코미오,가산디지털2로 142-13 1층 지번,카이조개라멘 [かいラーメン] [포세이돈이 반한 맛]- 국물 한입에 바다를 담아낸 라멘,10500
코미오,가산디지털2로 142-13 1층 지번,오니기리 [おにぎり] [단순해서 더 맛있다]- 괜히 오래 살아남은 게 아니라니까요.,3500
코미오,가산디지털2로 142-13 1층 지번,칼피스하이볼 [カルピス] [사랑해요 칼피스]- 이거 왜 이렇게 맛있냐. 술 못 마시는 사람 필수,7000
코미오,가산디지털2로 142-13 1층 지번,산토리맥주 [ザ・プレミアム・モルツ生] [일본맥주최강자]- 한국맥주 먹을바에 이 돈이면 산토리생맥주 마시지,6000
코미오,가산디지털2로 142-13 1층 지번,마제소바 [まぜそば] [개인적으로 제일 맛있어]- 오른손으로 비비고 왼손으로 비비고. 마제비빔면.,10500
코미오,가산디지털2로 142-13 1층 지번,테바사키 [てばさき] [교X치킨 압살]- 손 더러워질 준비. 왜 다들 이거부터 시키는지 알겠어,14500
코미오,가산디지털2로 142-13 1층 지번,"치킨난반 [なんばん] [남쪽오랑캐의 맛]- 새콤달콤 닭튀김, 밥과도, 술과도 너무 잘 어울립니다.",14500
코미오,가산디지털2로 142-13 1층 지번,토마토치킨스튜 [トマトチキン煮込み] [이건 반칙이지] - ...얼큰한 닭볶음탕과 토메이토소스.,15900
코미오,가산디지털2로 142-13 1층 지번,닭껍질교자 [とりかわぎょうざ] [겉바속촉의 끝]- 생맥주 한잔은 무조건 따라오는 메뉴.,10500
코미오,가산디지털2로 142-13 1층 지번,닭목살볶음밥 [鶏せせりチャーハン] [볶음밥의 정점]- 이건 사이드가 아니라 메인이다. 뭐라고? 메인이다.,6000
코미오,가산디지털2로 142-13 1층 지번,야끼소바 [焼きそば] [불에 면이 닿은 맛]- 지금까지 어떤 야끼소바를 먹었던 앞으로 그건 중요하지 않습니다.,6000
스시쥬베이,가산로 147 지번,Dinner 스페셜초밥,23000
스시쥬베이,가산로 147 지번,런치모듬초밥(10개) 2시까지 판매하고 포장않됩니다,13000
스시쥬베이,가산로 147 지번,와규스테이크초밥,22000
스시쥬베이,가산로 147 지번,장새우초밥,21000
스시쥬베이,가산로 147 지번,참치뱃살초밥,30000
스시쥬베이,가산로 147 지번,반반초밥 광어(5pcs)+연어(5pcs),21000
스시쥬베이,가산로 147 지번,스테이크(5pcs)+광어(pcs),22000
스시쥬베이,가산로 147 지번,연어(5pcs)+스테이크(5pcs),22000
스시쥬베이,가산로 147 지번,광어(5pcs)+장새우(5pcs),21000
스시쥬베이,가산로 147 지번,짠새우계란유부초밥(10pcs),13000
스시쥬베이,가산로 147 지번,스시코스 1인,40000
스시쥬베이,가산로 147 지번,사시미코스 1인,50000
스시쥬베이,가산로 147 지번,특선모듬초밥(12개) 2시까지 판매 합니다 포장은 가능하십니다,19000
스시쥬베이,가산로 147 지번,쥬베이코스 1인,60000
스시쥬베이,가산로 147 지번,"모둠사시미 小 中 58,000원 大 78,000원",38000
스시쥬베이,가산로 147 지번,"小 中 58,000원 大 78,000원",38000
스시쥬베이,가산로 147 지번,참치사시미,75000
스시쥬베이,가산로 147 지번,生연어회,38000
스시쥬베이,가산로 147 지번,도미머리구이,25000
스시쥬베이,가산로 147 지번,연어머리구이,22000
스시쥬베이,가산로 147 지번,메로소금구이,30000
스시쥬베이,가산로 147 지번,회무침,20000
스시쥬베이,가산로 147 지번,간사이오뎅탕,15000
스시쥬베이,가산로 147 지번,새우튀김,12000
스시쥬베이,가산로 147 지번,스페셜초밥 13피스 고로케1 제공하며 포장시 고로케 대신 14피스 제공합니다,23000
스시쥬베이,가산로 147 지번,고로케,10000
스시쥬베이,가산로 147 지번,우동or모밀,12000
스시쥬베이,가산로 147 지번,생대구탕,15000
스시쥬베이,가산로 147 지번,알탕,13000
스시쥬베이,가산로 147 지번,회덮밥,13000
스시쥬베이,가산로 147 지번,광어초밥,21000
스시쥬베이,가산로 147 지번,연어초밥,21000
동흥관,시흥대로63길 20 지번,디너 A,44000
동흥관,시흥대로63길 20 지번,디너 B,52000
동흥관,시흥대로63길 20 지번,간짜장,9000
동흥관,시흥대로63길 20 지번,볶음밥,9000
동흥관,시흥대로63길 20 지번,짬뽕밥,9000
동흥관,시흥대로63길 20 지번,활조개짬뽕,13000
동흥관,시흥대로63길 20 지번,활조개우동,13000
동흥관,시흥대로63길 20 지번,삼선간짜장,12000
동흥관,시흥대로63길 20 지번,쟁반짜장 기본 2인분,22000
동흥관,시흥대로63길 20 지번,수제군만두,8500
동흥관,시흥대로63길 20 지번,마라탕면,12000
동흥관,시흥대로63길 20 지번,차돌짬뽕,12000
동흥관,시흥대로63길 20 지번,디너 C,65000
동흥관,시흥대로63길 20 지번,쇠고기탕면,12000
동흥관,시흥대로63길 20 지번,삼선화로얼큰탕,28000
동흥관,시흥대로63길 20 지번,오무라이스,10000
동흥관,시흥대로63길 20 지번,마파두부밥,11000
동흥관,시흥대로63길 20 지번,잡채밥,11000
동흥관,시흥대로63길 20 지번,굴짬뽕 계절메뉴,12000
동흥관,시흥대로63길 20 지번,우동,9000
동흥관,시흥대로63길 20 지번,기스면,9500
동흥관,시흥대로63길 20 지번,송이덮밥,13000
동흥관,시흥대로63길 20 지번,꿔바로우(중),28000
동흥관,시흥대로63길 20 지번,디너 D,78000
동흥관,시흥대로63길 20 지번,깐풍기(중),38000
동흥관,시흥대로63길 20 지번,사천탕수육(중),30000
동흥관,시흥대로63길 20 지번,짜춘결,36000
동흥관,시흥대로63길 20 지번,징장로쓰,32000
동흥관,시흥대로63길 20 지번,마라샹궈,38000
동흥관,시흥대로63길 20 지번,해물누룽지탕,53000
동흥관,시흥대로63길 20 지번,전가복(중),88000
동흥관,시흥대로63길 20 지번,런치 A,29000
동흥관,시흥대로63길 20 지번,런치 B,37000
동흥관,시흥대로63길 20 지번,화로얼큰탕,27000
동흥관,시흥대로63길 20 지번,탕수육(중),26000
동흥관,시흥대로63길 20 지번,짜장,8000
동흥관,시흥대로63길 20 지번,짬뽕,9000
카오룽,시흥대로 291 2층 215호 지번,라즈지,21000
카오룽,시흥대로 291 2층 215호 지번,흑후추갈비튀김,23000
카오룽,시흥대로 291 2층 215호 지번,홍콩식탕수육,21000
카오룽,시흥대로 291 2층 215호 지번,흑식초탕수육,21000
카오룽,시흥대로 291 2층 215호 지번,유린기,21000
카오룽,시흥대로 291 2층 215호 지번,해산물 누룽지탕,25000
카오룽,시흥대로 291 2층 215호 지번,마라탕면,10000
카오룽,시흥대로 291 2층 215호 지번,탄탄면,10000
카오룽,시흥대로 291 2층 215호 지번,새우완탕면,10500
예원 가산점,가산디지털1로 145 에이스하이엔드타워3차 203호 지번,"디너코스메뉴 디너코스 성도 낙양 50,000원 장안 70,000원 서안 85,000원",39000
예원 가산점,가산디지털1로 145 에이스하이엔드타워3차 203호 지번,"디너코스 성도 낙양 50,000원 장안 70,000원 서안 85,000원",39000
예원 가산점,가산디지털1로 145 에이스하이엔드타워3차 203호 지번,"코스메뉴 런치코스 함양 정주 33,000원",26000
예원 가산점,가산디지털1로 145 에이스하이엔드타워3차 203호 지번,"런치코스 함양 정주 33,000원",26000
예원 가산점,가산디지털1로 145 에이스하이엔드타워3차 203호 지번,유산슬밥,14000
예원 가산점,가산디지털1로 145 에이스하이엔드타워3차 203호 지번,마파두부밥,11000
예원 가산점,가산디지털1로 145 에이스하이엔드타워3차 203호 지번,잡채밥,11000
예원 가산점,가산디지털1로 145 에이스하이엔드타워3차 203호 지번,XO볶음밥,9500
예원 가산점,가산디지털1로 145 에이스하이엔드타워3차 203호 지번,새우볶음밥,9000
예원 가산점,가산디지털1로 145 에이스하이엔드타워3차 203호 지번,자장면,8000
예원 가산점,가산디지털1로 145 에이스하이엔드타워3차 203호 지번,기스면,9000
예원 가산점,가산디지털1로 145 에이스하이엔드타워3차 203호 지번,짬뽕,11000
예원 가산점,가산디지털1로 145 에이스하이엔드타워3차 203호 지번,우동,11000
예원 가산점,가산디지털1로 145 에이스하이엔드타워3차 203호 지번,사천탕면,11000
예원 가산점,가산디지털1로 145 에이스하이엔드타워3차 203호 지번,우육탕면,11000
예원 가산점,가산디지털1로 145 에이스하이엔드타워3차 203호 지번,팔진탕면,11000
예원 가산점,가산디지털1로 145 에이스하이엔드타워3차 203호 지번,잡탕밥,16000
보배반점 가산점,가산디지털2로 123 103호 지번,[대표]소고기짬뽕 보배반점의 불맛나는 국물에 소고기를 넣어 조화롭다 못해 환상적인 맛의 소고기짬뽕,13000
보배반점 가산점,가산디지털2로 123 103호 지번,"[얼큰시원]해물짬뽕 오징어, 꽃게, 새우 등 다양한 해산물의 시원함과 얼큰함을 더해주는 보배만의 최고봉 짬뽕!",13000
보배반점 가산점,가산디지털2로 123 103호 지번,[깊고시원한]해물중화우동 해산물의 깊고 시원한 맛을 느낄 수 있는 중화풍 해물우동,14000
보배반점 가산점,가산디지털2로 123 103호 지번,[인기만점]보배짜장면 보배의 수제 짜장소스와 쫀득한 면발의 조화 알싸한 무순과 메추리알이 더해주는 감칠맛,8000
보배반점 가산점,가산디지털2로 123 103호 지번,[매콤]새우고추짜장 보배의 수제짜장에 알새우와 청양고추가 들어가 매콤하고 알새우의 씹는 맛이 매력적인 메뉴,10000
보배반점 가산점,가산디지털2로 123 103호 지번,[불맛가득]보배간짜장 진한 불 맛으로 즐기는 감칠맛! 불맛 짜장에 계란프라이 토핑으로 퀄리티 UP!,12000
보배반점 가산점,가산디지털2로 123 103호 지번,[매콤불맛]중화비빔밥 매콤 불맛에 계란후라이 토핑으로 마무리!,12000
보배반점 가산점,가산디지털2로 123 103호 지번,"[고슬고슬]볶음밥 고슬고슬 갓 지어낸 밥과 신선한 야채, 계산을 불맛나게 볶아낸 정통 보배 볶음밥",10000
보배반점 가산점,가산디지털2로 123 103호 지번,[불맛뿜뿜]불고기잡채밥 직화로 구워 풍미가 살아있는 불고기를 중화풍 잡채에 얹은 덮밥,12000
보배반점 가산점,가산디지털2로 123 103호 지번,[맛집랭킹1등]탕수육미니(1인추천) 최상급 돼지고기를 보배만의 레시피로 조리하여 바삭함과 찰진 부드러움이 조화롭게 어울린 맛,15000
보배반점 가산점,가산디지털2로 123 103호 지번,[맛집랭킹1등]탕수육 소(2인추천) 최상급 돼지고기를 보배만의 레시피로 조리하여 바삭함과 찰진 부드러움이 조화롭게 어울린 맛,20000
보배반점 가산점,가산디지털2로 123 103호 지번,[맛집랭킹1등]탕수육 중(3인추천) 최상급 돼지고기를 보배만의 레시피로 조리하여 바삭함과 찰진 부드러움이 조화롭게 어울린 맛,26000
보배반점 가산점,가산디지털2로 123 103호 지번,[통마리]통오징어짬뽕 얼큰한 짬뽕에 오징어가 통째로 올라간 보배반점 신메뉴 통오징어짬뽕!,15000
보배반점 가산점,가산디지털2로 123 103호 지번,[맛집랭킹1등]탕수육 대(4인추천) 최상급 돼지고기를 보배만의 레시피로 조리하여 바삭함과 찰진 부드러움이 조화롭게 어울린 맛,31000
보배반점 가산점,가산디지털2로 123 103호 지번,[화끈한 감칠맛]사천탕수육 소 보배반점만의 특제 매운소스와 청양고추로 버무려 화끈하고 매콤한 사천탕수육,21000
보배반점 가산점,가산디지털2로 123 103호 지번,[화끈한 감칠맛]사천탕수육 중 보배반점만의 특제 매운소스와 청양고추로 버무려 화끈하고 매콤한 사천탕수육,27000
보배반점 가산점,가산디지털2로 123 103호 지번,[화끈한 감칠맛]사천탕수육 대 보배반점만의 특제 매운소스와 청양고추로 버무려 화끈하고 매콤한 사천탕수육,32000
보배반점 가산점,가산디지털2로 123 103호 지번,[양념치킨라이벌]갈릭깐풍기(미니) 닭다리살을 바삭하게 튀긴 뒤 보배 특제 소스에 볶아낸 매콤 짭짤 인기만점 갈릭깐풍기,16000
보배반점 가산점,가산디지털2로 123 103호 지번,[양념치킨라이벌]갈릭깐풍기 닭다리살을 바삭하게 튀긴 뒤 보배 특제 소스에 볶아낸 매콤 짭짤 인기만점 갈릭깐풍기,24000
보배반점 가산점,가산디지털2로 123 103호 지번,[끝까지바삭한]사막깐풍기 매콤한 깐풍기와 달큰한 양파후레이크의 만남~끝까지 바삭한 사막깐풍기,25000
보배반점 가산점,가산디지털2로 123 103호 지번,[불맛가득]고추잡채 불 맛으로 볶은 피망과 돼지고기에 꽃빵을 더한 고추잡채,20000
보배반점 가산점,가산디지털2로 123 103호 지번,"[그냥진리]깐쇼새우(미니) 담백한 새우튀김과 부드러운 소스의 조화, 남녀노소 모두를 사로잡는 새콤달콤한 맛!",16000
보배반점 가산점,가산디지털2로 123 103호 지번,"[그냥진리]깐쇼새우 담백한 새우튀김과 부드러운 소스의 조화, 남녀노소 모두를 사로잡는 새콤달콤한 맛!",24000
보배반점 가산점,가산디지털2로 123 103호 지번,"[불맛뿜뿜]보배짬뽕 진한 보배짬뽕 육수에 유슬고기와 오징어, 홍합 등 다양한 해물이 들어간 얼큰한 보배짬뽕",10000
보배반점 가산점,가산디지털2로 123 103호 지번,[맛있게매운]고추듬뿍유린기(미니) 청양고추의 매콤함을 아낌없이 담아 맛있게 맵다!,17000
보배반점 가산점,가산디지털2로 123 103호 지번,[맛있게매운]고추듬뿍유린기 청양고추의 매콤함을 아낌없이 담아 맛있게 맵다!,26000
보배반점 가산점,가산디지털2로 123 103호 지번,[새콤달콤]산더미유린기(미니) 뜨거운 기름을 뿌린 닭고기란 뜻으로 아삭한 식감의 야채와 함께 즐기는 중독성 강한 요리,17000
보배반점 가산점,가산디지털2로 123 103호 지번,[새콤달콤]산더미유린기 뜨거운 기름을 뿌린 닭고기란 뜻으로 아삭한 식감의 야채와 함께 즐기는 중독성 강한 요리,26000
보배반점 가산점,가산디지털2로 123 103호 지번,[여심저격]바질크림새우(미니) 통통한 새우에 달달구리 고소한 비주얼 폭발! 여심저격 바질크림새우,17000
보배반점 가산점,가산디지털2로 123 103호 지번,[여심저격]바질크림새우 통통한 새우에 달달구리 고소한 비주얼 폭발! 여심저격 바질크림새우,26000
보배반점 가산점,가산디지털2로 123 103호 지번,"[코가찡한술안주]양장피 각종 야채와 해물이 춤추고, 겨자 특유의 톡 쏘는 맛이 일품인 요리",33000
보배반점 가산점,가산디지털2로 123 103호 지번,삼대천왕세트 탕수육+유린기+바질크림새우,45000
보배반점 가산점,가산디지털2로 123 103호 지번,술안주A세트 갈릭깐풍기+통오징어짬뽕탕+군만두,51000
보배반점 가산점,가산디지털2로 123 103호 지번,술안주B세트 깐쇼새우+통오징어짬뽕탕+군만두,51000
보배반점 가산점,가산디지털2로 123 103호 지번,[속풀리는]해장수제비짬뽕 다양한 해물과 진한 보배육수로 만들어진 스트레스 확 풀리는 얼큰 수제비짬뽕,12000
보배반점 가산점,가산디지털2로 123 103호 지번,술안주C세트 산더미유린기+통오징어짬뽕탕+군만두,53000
보배반점 가산점,가산디지털2로 123 103호 지번,술안주D세트 바질크림새우+통오징어짬뽕탕+군만두,53000
보배반점 가산점,가산디지털2로 123 103호 지번,술안주E세트 탕수육(소)+양장피+통오징어짬뽕탕+군만두,81000
보배반점 가산점,가산디지털2로 123 103호 지번,"[가성비갑]해물쟁반짜장 통오징어 토핑추가 +4,000원",21000
보배반점 가산점,가산디지털2로 123 103호 지번,통오징어 토핑추가 +,4000
보배반점 가산점,가산디지털2로 123 103호 지번,"[술땡기는]통오징어짬뽕탕 통오징어,꽃게,새우,홍합 등 각종 해물과 넉넉한 국물로 여럿이 함께 즐길 수 있는 탕요리",26000
보배반점 가산점,가산디지털2로 123 103호 지번,[탕탕깨먹는]깨먹는 누룽지탕 탕탕 깨먹는 재미가있는 고소하고 담백한 누룽지탕,27000
호랭이반점 가산디지털단지역점,가산디지털1로 165 가산비지니스센터 105호 지번,호랭이짜장 유니 짜장소스와 사천 짜장소스의 절묘한 조화를 맛볼 수 있는 호랭이반점만의 특별한 메뉴,8000
호랭이반점 가산디지털단지역점,가산디지털1로 165 가산비지니스센터 105호 지번,호랭이 불고기짬뽕 신선한 돼지고기가 듬뿍 들어가 깊고 진한 육향에 불맛의 풍미가 일품인 호랭이 대표 짬뽕,13000
호랭이반점 가산디지털단지역점,가산디지털1로 165 가산비지니스센터 105호 지번,바삭군만두(반접시) 각종 재료가 알차게 배어있는 만두소를 육즙을 가두어 쫄깃하게 튀겨낸 일품 군만두,3500
호랭이반점 가산디지털단지역점,가산디지털1로 165 가산비지니스센터 105호 지번,바삭군만두(한접시) 각종 재료가 알차게 배어있는 만두소를 육즙을 가두어 쫄깃하게 튀겨낸 일품 군만두,6500
호랭이반점 가산디지털단지역점,가산디지털1로 165 가산비지니스센터 105호 지번,유니짜장 전통 유니짜장에 옥수수튀김을 올려 트렌디한 맛을 더한 깔끔 담백한 짜장면,8000
호랭이반점 가산디지털단지역점,가산디지털1로 165 가산비지니스센터 105호 지번,사천유니짜장 특제소스를 이용한 신개념 매운 유니짜장으로 풍성한 맛을 자랑하는 메뉴,8000
호랭이반점 가산디지털단지역점,가산디지털1로 165 가산비지니스센터 105호 지번,해물볶음짜장(1인) 신선한 해물과 불맛나게 볶은 야채를 짜장과 빠르게 볶아 불맛을 극대화 한 해물쟁반짜장,12000
호랭이반점 가산디지털단지역점,가산디지털1로 165 가산비지니스센터 105호 지번,오징어짬뽕 신선한 돼지고기와 오징어가 들어가 시원하고 담백한 맛에 불맛의 풍미가 일품인 호랭이짬뽕,10000
호랭이반점 가산디지털단지역점,가산디지털1로 165 가산비지니스센터 105호 지번,오징어백짬뽕 진한 사골육수에 돼지고기와 오징어가 들어가 담백한 맛에 불맛의 풍미가 일품 오징어백짬뽕,10000
호랭이반점 가산디지털단지역점,가산디지털1로 165 가산비지니스센터 105호 지번,유니짜장 소고기볶음밥 소고기와 갖은 야채를 넣고 센불에 볶아 불맛과 풍미를 살린 호랭이반점 명품 소고기 볶음밥,9000
호랭이반점 가산디지털단지역점,가산디지털1로 165 가산비지니스센터 105호 지번,한돈 탕수육(반접시) 국내산 한돈을 두툼하게 튀겨 육즙을 살린 겉바속촉의 식감을 자랑하는 새콤달콤한 탕수육,9900
호랭이반점 가산디지털단지역점,가산디지털1로 165 가산비지니스센터 105호 지번,한돈 탕수육(한접시) 국내산 한돈을 두툼하게 튀겨 육즙을 살린 겉바속촉의 식감을 자랑하는 새콤달콤한 탕수육,17900
황실왕짬뽕,가산디지털2로 108 1층 111호 지번,"30%할인 짜장면 곱빼기: +2,000원",4900
황실왕짬뽕,가산디지털2로 108 1층 111호 지번,곱빼기: +,2000
황실왕짬뽕,가산디지털2로 108 1층 111호 지번,등심탕수육+짜장면,18900
황실왕짬뽕,가산디지털2로 108 1층 111호 지번,"새우고추간짜장 곱빼기: +2,000원",12000
황실왕짬뽕,가산디지털2로 108 1층 111호 지번,"황실짬뽕밥 곱빼기: +2,000원",11000
황실왕짬뽕,가산디지털2로 108 1층 111호 지번,"소고기짬뽕밥 곱빼기: +2,000원",14000
황실왕짬뽕,가산디지털2로 108 1층 111호 지번,"새우볶음밥 곱빼기: +2,000원",11000
황실왕짬뽕,가산디지털2로 108 1층 111호 지번,"황실짬뽕 곱빼기: +2,000원",10000
황실왕짬뽕,가산디지털2로 108 1층 111호 지번,"소고기짬뽕 곱빼기: +2,000원",13000
황실왕짬뽕,가산디지털2로 108 1층 111호 지번,한돈등심탕수육 (미니) 소 : 20000 대 : 35000,14000
황실왕짬뽕,가산디지털2로 108 1층 111호 지번,사천탕수육 (소),25000
황실왕짬뽕,가산디지털2로 108 1층 111호 지번,통낙지짬뽕술국,30000
황실왕짬뽕,가산디지털2로 108 1층 111호 지번,유린기,25000
황실왕짬뽕,가산디지털2로 108 1층 111호 지번,등심탕수육+짬뽕,22000
황실왕짬뽕,가산디지털2로 108 1층 111호 지번,깐쇼새우,35000
황실왕짬뽕,가산디지털2로 108 1층 111호 지번,갈릭 깐풍기,25000
황실왕짬뽕,가산디지털2로 108 1층 111호 지번,황실쟁반짜장(2인) 곱빼기: +2000원,23000
황실왕짬뽕,가산디지털2로 108 1층 111호 지번,황실 중화비빔밥 돼지고기와 오징어 그리고 야채를 황실왕짬뽕만의 비법소스로 맛있게 맵게 볶아낸 신메뉴,12000
황실왕짬뽕,가산디지털2로 108 1층 111호 지번,황실 중화비빔면 돼지고기와 오징어 그리고 야채를 황실왕짬뽕만의 비법소스로 맛있게 맵게 볶아낸 신메뉴,12000
황실왕짬뽕,가산디지털2로 108 1층 111호 지번,양장피,35000
황실왕짬뽕,가산디지털2로 108 1층 111호 지번,누룽지탕,35000
황실왕짬뽕,가산디지털2로 108 1층 111호 지번,등심탕수육+간짜장,23000
황실왕짬뽕,가산디지털2로 108 1층 111호 지번,등심탕수육+짜장면2,23800
황실왕짬뽕,가산디지털2로 108 1층 111호 지번,등심탕수육+짜장+짬뽕,26900
황실왕짬뽕,가산디지털2로 108 1층 111호 지번,등심탕수육+짬뽕2,30000
황실왕짬뽕,가산디지털2로 108 1층 111호 지번,등심탕수육+간짜장+짬뽕,31000
황실왕짬뽕,가산디지털2로 108 1층 111호 지번,간짜장 곱빼기: +2000원,10000
황실왕짬뽕,가산디지털2로 108 1층 111호 지번,불맛해물간짜장 곱빼기: +2000원,12000
빠오즈푸 가산점,벚꽃로 298 대륭포스트타워6차 지하1층 139호 지번,고기빠오즈,8900
빠오즈푸 가산점,벚꽃로 298 대륭포스트타워6차 지하1층 139호 지번,새우지짐만두,9900
빠오즈푸 가산점,벚꽃로 298 대륭포스트타워6차 지하1층 139호 지번,삼선빠오즈,10400
빠오즈푸 가산점,벚꽃로 298 대륭포스트타워6차 지하1층 139호 지번,부추지짐만두,8900
빠오즈푸 가산점,벚꽃로 298 대륭포스트타워6차 지하1층 139호 지번,훈둔면/훈둔국밥,8900
빠오즈푸 가산점,벚꽃로 298 대륭포스트타워6차 지하1층 139호 지번,매운훈둔면/매운훈둔국밥,9400
빠오즈푸 가산점,벚꽃로 298 대륭포스트타워6차 지하1층 139호 지번,쓰촨딴딴면,8900
빠오즈푸 가산점,벚꽃로 298 대륭포스트타워6차 지하1층 139호 지번,홍샤로우 덮밥,10400
니뽕내뽕 현대아울렛가산점,디지털로10길 9 현대시티아울렛 6층 지번,크뽕 해산물의 감칠맛에 고소한 크림소스가 더해진 크림짬뽕,11900
니뽕내뽕 현대아울렛가산점,디지털로10길 9 현대시티아울렛 6층 지번,로뽕 모짜렐라 치즈가 듬뿍 올라가 더욱 꾸덕꾸덕한 로제짬뽕,12900
니뽕내뽕 현대아울렛가산점,디지털로10길 9 현대시티아울렛 6층 지번,고기백짬뽕 깔끔하고 담백한 육수에 숯불고기가 들어간 하얀 고기짬뽕,12500
니뽕내뽕 현대아울렛가산점,디지털로10길 9 현대시티아울렛 6층 지번,맵크뽕 부드럽고 고소한 크림에 중독적인 매운맛을 더한 짬뽕,12900
니뽕내뽕 현대아울렛가산점,디지털로10길 9 현대시티아울렛 6층 지번,마라크뽕 얼얼한 마라와 부드러운 크림의 조합이 매력적인 짬뽕,13500
니뽕내뽕 현대아울렛가산점,디지털로10길 9 현대시티아울렛 6층 지번,토뽕 통마늘이 들어간 매콤한 토마토짬뽕,11900
니뽕내뽕 현대아울렛가산점,디지털로10길 9 현대시티아울렛 6층 지번,태뽕 해산물과 야채를 불 맛 가득 볶아낸 달콤 짭짤한 볶음면,10900
니뽕내뽕 현대아울렛가산점,디지털로10길 9 현대시티아울렛 6층 지번,고기짜장 고기가 자작한 깊은 맛의 기본 짜장,9500
니뽕내뽕 현대아울렛가산점,디지털로10길 9 현대시티아울렛 6층 지번,맵짜장 매콤함이 더해진 감칠맛 나는 짜장,9500
니뽕내뽕 현대아울렛가산점,디지털로10길 9 현대시티아울렛 6층 지번,숯불제육중화볶음밥 숯불 제육 고기와 니뽕내뽕 소스로 불향을 가미한 매콤 중화 볶음밥,12500
니뽕내뽕 현대아울렛가산점,디지털로10길 9 현대시티아울렛 6층 지번,크림불고기리조또 고소한 크림소스와 불고기를 함께 즐기는 리조또,11900
니뽕내뽕 현대아울렛가산점,디지털로10길 9 현대시티아울렛 6층 지번,맵로제불고기리조또 매콤한 로제소스로 즐기는 불고기 리조또,12900
니뽕내뽕 현대아울렛가산점,디지털로10길 9 현대시티아울렛 6층 지번,"NEW)통새우완탕뽕 담백&칼칼한 국물에 탱글한 통새우 만두와 목이버섯, 다진고기까지! 풍성하게 즐기는 완탕면",12900
니뽕내뽕 현대아울렛가산점,디지털로10길 9 현대시티아울렛 6층 지번,로제불고기리조또 이색적인 로제소스로 즐기는 불고기 리조또,12900
니뽕내뽕 현대아울렛가산점,디지털로10길 9 현대시티아울렛 6층 지번,니피자 달콤 고소한 고구마피자 매콤한 짬뽕과 최고의 조합,12500
니뽕내뽕 현대아울렛가산점,디지털로10길 9 현대시티아울렛 6층 지번,내피자 감칠맛 나는 갈릭버터로 크림치즈 딥소스에 찍어 먹는 스테디셀러,12500
니뽕내뽕 현대아울렛가산점,디지털로10길 9 현대시티아울렛 6층 지번,"페피자 트리플치즈의 풍미와 페페로니, 갈릭디핑소스의 만남",13500
니뽕내뽕 현대아울렛가산점,디지털로10길 9 현대시티아울렛 6층 지번,콘치즈피자 피자에 콘치즈를 듬뿍올려 트러플 오일로 마무리,13500
니뽕내뽕 현대아울렛가산점,디지털로10길 9 현대시티아울렛 6층 지번,치즈라구뽕 깊은 고기 풍미의 토마토&고기 소스와 생중화면의 매콤한 만남,12900
니뽕내뽕 현대아울렛가산점,디지털로10길 9 현대시티아울렛 6층 지번,치즈라구또 매콤한 라구 소스로 재해석한 알덴테 식감의 라구리조또,12500
니뽕내뽕 현대아울렛가산점,디지털로10길 9 현대시티아울렛 6층 지번,탄산세트 일부메뉴 제외 추가금액이 발생합니다.,30900
니뽕내뽕 현대아울렛가산점,디지털로10길 9 현대시티아울렛 6층 지번,차뽕 홍합 육수와 특제 고춧가루 배합으로 시원 칼칼한 차이나짬뽕,10500
니뽕내뽕 현대아울렛가산점,디지털로10길 9 현대시티아울렛 6층 지번,백짬뽕 해산물&야채 육수로 만든 담백하고 깔끔한 국물이 맛있는 하얀짬뽕,10500
니뽕내뽕 현대아울렛가산점,디지털로10길 9 현대시티아울렛 6층 지번,고기차뽕 본래 불 맛에 숯불 향이 더해진 숯불고기가 들어간 차이나짬뽕,12500
중화요리 연,가산디지털1로 225 1층 116호 지번,담백 특 짜장 유니짜장과 간짜장에 차돌과 숙주를 볶아 토핑으로 올린 풍미가 좋고 식감을 살린 메뉴,12000
중화요리 연,가산디지털1로 225 1층 116호 지번,차돌숙주짬뽕 국물에서 느껴지는 차돌의 깊은맛! 연의 신메뉴!,13000
중화요리 연,가산디지털1로 225 1층 116호 지번,파장면(파김치) 짜장면도 맛있는데 파김차까지? 이건 놓칠수 없지요,10000
중화요리 연,가산디지털1로 225 1층 116호 지번,간짬뽕 해산물과 야채로 약간 매콤 맛의 국물 없는 짬뽕,12000
중화요리 연,가산디지털1로 225 1층 116호 지번,간짜장 판매1위. 드셔보세요. 말이 필요없습니다.,10000
중화요리 연,가산디지털1로 225 1층 116호 지번,연짜장 물을 섞지 않고 오직 양파만으로 만들어낸 정통 짜장,9000
중화요리 연,가산디지털1로 225 1층 116호 지번,쟁반짜장(1인) 적당한 매콤함으로 느끼함을 잡아낸 1인 쟁반짜장,11000
중화요리 연,가산디지털1로 225 1층 116호 지번,마장면(마파두부+짜장),12000
중화요리 연,가산디지털1로 225 1층 116호 지번,연짬뽕,10000
중화요리 연,가산디지털1로 225 1층 116호 지번,매운연짬뽕,11000
중화요리 연,가산디지털1로 225 1층 116호 지번,삼선짬뽕 꽃게와 해산물이 듬뿍 들어간 얼큰하고 담백한 짬뽕,14000
중화요리 연,가산디지털1로 225 1층 116호 지번,매운삼선짬뽕,15000
중화요리 연,가산디지털1로 225 1층 116호 지번,마라크림짬뽕 부드러운 크림베이스에 마라소스를 더해 느끼함은 잡고 맛은 더 업그레이드,14000
중화요리 연,가산디지털1로 225 1층 116호 지번,얼큰튀김짬뽕,14000
중화요리 연,가산디지털1로 225 1층 116호 지번,백짬뽕 해산물을 곁들어 볶아낸 시원한 맛이 일품인 맵지 않은 짬뽕,12000
중화요리 연,가산디지털1로 225 1층 116호 지번,해물우동 개운한 우동 국물로 올겨울 추위를 녹여버리시라,10000
중화요리 연,가산디지털1로 225 1층 116호 지번,크림짬뽕 꾸덕함을 사랑하는 이라면 후회할 리 없다.. 느끼함까지 잡아냈음,13000
중화요리 연,가산디지털1로 225 1층 116호 지번,계란볶음밥 계란 스크램블과 각종 야채들로 불맛을 입혀 든든한 한 끼로 딱!!,8000
중화요리 연,가산디지털1로 225 1층 116호 지번,삼선볶음밥 엄선된 3가지 해물이 어우러진 일품 볶음밥,10000
중화요리 연,가산디지털1로 225 1층 116호 지번,게살볶음밥 게살과 함께 불향으로 볶아내어 맛있게 매콤한 게살볶음밥,11000
중화요리 연,가산디지털1로 225 1층 116호 지번,유산슬덮밥,14000
중화요리 연,가산디지털1로 225 1층 116호 지번,해물잡채밥,10000
중화요리 연,가산디지털1로 225 1층 116호 지번,통전복잡탕밥 통전복과 각종 해산물을 볶아 만든 덮밥,16000
중화요리 연,가산디지털1로 225 1층 116호 지번,돼지고기튀김(소),27000
중화요리 연,가산디지털1로 225 1층 116호 지번,고추잡채밥 피망과 각종 야채를 볶아 만든 덮밥 (당면X),12000
중화요리 연,가산디지털1로 225 1층 116호 지번,마파두부덮밥,10000
중화요리 연,가산디지털1로 225 1층 116호 지번,소고기우육덮밥,12000
중화요리 연,가산디지털1로 225 1층 116호 지번,어향가지덮밥 한번 튀겨낸 가지를 어향 소스에 볶아 만든 덮밥,10000
중화요리 연,가산디지털1로 225 1층 116호 지번,중국식냉면(여름시즌메뉴) 각종 야채와 해산물 고명을 땅콩잼과 겨자를 곁들여 먹는 중국식 냉면,11000
중화요리 연,가산디지털1로 225 1층 116호 지번,"냉짬뽕(여름시즌메뉴) 신선한 생채소와 새우, 오징어를 얹어 가슴속까지 시원해지는 여름 별미중의 별미",11000
중화요리 연,가산디지털1로 225 1층 116호 지번,콩국수(여름시즌메뉴),10000
중화요리 연,가산디지털1로 225 1층 116호 지번,돼지고기튀김(중),36000
중화요리 연,가산디지털1로 225 1층 116호 지번,육즙탕수육(소),24000
중화요리 연,가산디지털1로 225 1층 116호 지번,육즙탕수육(중),33000
중화요리 연,가산디지털1로 225 1층 116호 지번,고추바삭 유린기(소),24000
중화요리 연,가산디지털1로 225 1층 116호 지번,사천탕수육(소),27000
중화요리 연,가산디지털1로 225 1층 116호 지번,사천탕수육(중),36000
중화요리 연,가산디지털1로 225 1층 116호 지번,옛날식볶음탕수육(소),24000
중화요리 연,가산디지털1로 225 1층 116호 지번,옛날식볶음탕수육(중),33000
중화요리 연,가산디지털1로 225 1층 116호 지번,매콤깐풍육(소),24000
중화요리 연,가산디지털1로 225 1층 116호 지번,매콤깐풍육(중),33000
중화요리 연,가산디지털1로 225 1층 116호 지번,매콤깐풍기(중),33000
중화요리 연,가산디지털1로 225 1층 116호 지번,고추바삭 유린기(중),33000
중화요리 연,가산디지털1로 225 1층 116호 지번,칠리새우(소) 연만의 해석으로 만들어낸 새우튀김 끝판왕,29000
고구려짬뽕10101,시흥대로52길 7 지번,옛날짜장,7000
고구려짬뽕10101,시흥대로52길 7 지번,옛날짬뽕,9000
고구려짬뽕10101,시흥대로52길 7 지번,양장피,24000
고구려짬뽕10101,시흥대로52길 7 지번,팔보채,24000
고구려짬뽕10101,시흥대로52길 7 지번,칠리새우,24000
고구려짬뽕10101,시흥대로52길 7 지번,깐풍새우,24000
고구려짬뽕10101,시흥대로52길 7 지번,크림새우,24000
고구려짬뽕10101,시흥대로52길 7 지번,삼선불짬뽕,11000
고구려짬뽕10101,시흥대로52길 7 지번,차돌불짬뽕,12000
고구려짬뽕10101,시흥대로52길 7 지번,쟁반짜장 2인,20000
고구려짬뽕10101,시흥대로52길 7 지번,짬뽕밥,9000
고구려짬뽕10101,시흥대로52길 7 지번,볶음밥,9000
고구려짬뽕10101,시흥대로52길 7 지번,불짬뽕,9000
고구려짬뽕10101,시흥대로52길 7 지번,삼선짬뽕밥,11000
고구려짬뽕10101,시흥대로52길 7 지번,차돌짬뽕밥,12000
고구려짬뽕10101,시흥대로52길 7 지번,삼선불짬뽕밥,11000
고구려짬뽕10101,시흥대로52길 7 지번,차돌불짬뽕밥,12000
고구려짬뽕10101,시흥대로52길 7 지번,군만두,5500
고구려짬뽕10101,시흥대로52길 7 지번,유린기,21000
고구려짬뽕10101,시흥대로52길 7 지번,깐풍기,21000
고구려짬뽕10101,시흥대로52길 7 지번,삼선누룽지탕,20000
고구려짬뽕10101,시흥대로52길 7 지번,삼선짬뽕탕,20000
고구려짬뽕10101,시흥대로52길 7 지번,삼선짬뽕,11000
고구려짬뽕10101,시흥대로52길 7 지번,쟁반짬뽕,20000
고구려짬뽕10101,시흥대로52길 7 지번,미니탕수육,11000
고구려짬뽕10101,시흥대로52길 7 지번,찹쌀탕수육(소),19000
고구려짬뽕10101,시흥대로52길 7 지번,찹쌀탕수육(중),24000
고구려짬뽕10101,시흥대로52길 7 지번,찹쌀탕수육(대),29000
고구려짬뽕10101,시흥대로52길 7 지번,차돌짬뽕,12000
비스트로딤섬,시흥대로 291 1층 171호 지번,탕수육 칠리탕슈육도 있어요!,23000
비스트로딤섬,시흥대로 291 1층 171호 지번,어향가지덮밥,9500
비스트로딤섬,시흥대로 291 1층 171호 지번,지삼선,17000
비스트로딤섬,시흥대로 291 1층 171호 지번,게살 샤오롱바오 꽉찬 대게살과 육즙에 올리브오일!,6000
비스트로딤섬,시흥대로 291 1층 171호 지번,어린이짜장면 모든 어린이들이 좋아할수있게 요리하며 건강을위해 면은 다시마물에 삶아 소화를 돕습니다!,5500
비스트로딤섬,시흥대로 291 1층 171호 지번,유니짜장,8500
비스트로딤섬,시흥대로 291 1층 171호 지번,볶음밥,8000
비스트로딤섬,시흥대로 291 1층 171호 지번,가지튀김(풍미가지) 겉바속촉 바삭바삭 달콤짭잘한 산동식 가지튀김 맥주랑 잘 어울려요!!,18000
비스트로딤섬,시흥대로 291 1층 171호 지번,향라닭볶음 매콤한 닭볶음,25000
비스트로딤섬,시흥대로 291 1층 171호 지번,탄탄면,10000
비스트로딤섬,시흥대로 291 1층 171호 지번,오이무침(파이황과) 고량주와 먹으면 맛있어요. 반접시 5000원,9000
비스트로딤섬,시흥대로 291 1층 171호 지번,고량주와 먹으면 맛있어요. 반접시,5000
비스트로딤섬,시흥대로 291 1층 171호 지번,청경채 데침,6500
비스트로딤섬,시흥대로 291 1층 171호 지번,우육면 5월 신메뉴 대만식 우육면입니다. 소사태를 오랜시간 삶아올리고 대만식답게 은은한 팔각향,11000
비스트로딤섬,시흥대로 291 1층 171호 지번,토마토달걀볶음,16000
비스트로딤섬,시흥대로 291 1층 171호 지번,새우볶음밥 매콤한정도 맵기조절 가능,16000
비스트로딤섬,시흥대로 291 1층 171호 지번,해물쟁반짜장 맵기조절가능!,22000
비스트로딤섬,시흥대로 291 1층 171호 지번,칠리새우,35000
비스트로딤섬,시흥대로 291 1층 171호 지번,레몬크림새우 15마리 서빙됩니다. 새우살 크고 실한 새우만 엄선하여 사용합니다!,35000
비스트로딤섬,시흥대로 291 1층 171호 지번,마파두부덮밥 한돈을 직접 다져 연두부와 함께 조리한 덮밥,9000
비스트로딤섬,시흥대로 291 1층 171호 지번,마파두부,21000
비스트로딤섬,시흥대로 291 1층 171호 지번,홍소육 동파육의 원형,29000
비스트로딤섬,시흥대로 291 1층 171호 지번,샤오롱바오,5500
비스트로딤섬,시흥대로 291 1층 171호 지번,바질 시우마이 신선한 바질향이 가득한 새우돼지고기시우마이 바질(스페인),7500
비스트로딤섬,시흥대로 291 1층 171호 지번,오렌지치킨 (AmChi) 미국식 중화 치킨!,26000
비스트로딤섬,시흥대로 291 1층 171호 지번,하가우,7000
비스트로딤섬,시흥대로 291 1층 171호 지번,새우돼지고기시우마이,6500
비스트로딤섬,시흥대로 291 1층 171호 지번,새우부추교자,6500
비스트로딤섬,시흥대로 291 1층 171호 지번,가지딤섬,6500
비스트로딤섬,시흥대로 291 1층 171호 지번,마늘치킨덮밥 마늘향 가득한 치킨덮밥,9500
비스트로딤섬,시흥대로 291 1층 171호 지번,마라완툰탕면 기본에 충실한 마라탕면 지마장이나 땅콩버터는 사용하지않습니다!,9500
비스트로딤섬,시흥대로 291 1층 171호 지번,홍콩식비빔면(마늘치킨) 마늘치킨이 올라간 홍콩식 비빔면,10000
비스트로딤섬,시흥대로 291 1층 171호 지번,홍콩식비빔면(홍소육),11000
비스트로딤섬,시흥대로 291 1층 171호 지번,마라완툰,6000
비스트로딤섬,시흥대로 291 1층 171호 지번,수제새우춘권,6000
비스트로딤섬,시흥대로 291 1층 171호 지번,마늘가리비찜&실당면,9000
비스트로딤섬,시흥대로 291 1층 171호 지번,홍소육덮밥,10500
비스트로딤섬,시흥대로 291 1층 171호 지번,새우완탕면 닭육수와 건새우를 활용한 홍콩식 새우완탕면,10000
비스트로딤섬,시흥대로 291 1층 171호 지번,마라샹궈,26000
비스트로딤섬,시흥대로 291 1층 171호 지번,봄동비빔밥,9000
비스트로딤섬,시흥대로 291 1층 171호 지번,감자채볶음,11000
백스키친,가마산로 96 지번,"등심탕수육 소 중 33,000",23000
백스키친,가마산로 96 지번,얼큰알짬뽕,13500
백스키친,가마산로 96 지번,냉짬뽕,10000
백스키친,가마산로 96 지번,굴짬뽕,11000
백스키친,가마산로 96 지번,소고기짬뽕,13000
백스키친,가마산로 96 지번,게살볶음밥,11000
백스키친,가마산로 96 지번,얼큰 알짬뽕밥,13500
백스키친,가마산로 96 지번,소고기짬뽕밥,13000
백스키친,가마산로 96 지번,삼선짬뽕밥,11000
백스키친,가마산로 96 지번,마파밥,9000
백스키친,가마산로 96 지번,유산슬밥,15000
백스키친,가마산로 96 지번,순두부밥,11000
백스키친,가마산로 96 지번,"찹쌀꿔바로우 소 중 32,000",22000
백스키친,가마산로 96 지번,오룡해삼,38000
백스키친,가마산로 96 지번,옛날볶음밥,8500
백스키친,가마산로 96 지번,"유린기 소 중 35,000",25000
백스키친,가마산로 96 지번,짜장면,7500
백스키친,가마산로 96 지번,간짜장,10000
백스키친,가마산로 96 지번,쟁반짜장,11000
백스키친,가마산로 96 지번,삼선짬뽕,11000
실라칸스 마리오아울렛점,디지털로9길 23 마리오아울렛 3관 13층 실라칸스 지번,짜장면,8000
실라칸스 마리오아울렛점,디지털로9길 23 마리오아울렛 3관 13층 실라칸스 지번,해물 짬뽕,10000
실라칸스 마리오아울렛점,디지털로9길 23 마리오아울렛 3관 13층 실라칸스 지번,칠리새우,28000
실라칸스 마리오아울렛점,디지털로9길 23 마리오아울렛 3관 13층 실라칸스 지번,크림새우,28000
실라칸스 마리오아울렛점,디지털로9길 23 마리오아울렛 3관 13층 실라칸스 지번,유린기,29000
실라칸스 마리오아울렛점,디지털로9길 23 마리오아울렛 3관 13층 실라칸스 지번,깐풍기,29000
실라칸스 마리오아울렛점,디지털로9길 23 마리오아울렛 3관 13층 실라칸스 지번,팔보채,38000
실라칸스 마리오아울렛점,디지털로9길 23 마리오아울렛 3관 13층 실라칸스 지번,비빔 탄탄면,12000
실라칸스 마리오아울렛점,디지털로9길 23 마리오아울렛 3관 13층 실라칸스 지번,쇠고기 유니짜장,12000
실라칸스 마리오아울렛점,디지털로9길 23 마리오아울렛 3관 13층 실라칸스 지번,우삼겹 짬뽕,12000
실라칸스 마리오아울렛점,디지털로9길 23 마리오아울렛 3관 13층 실라칸스 지번,황금달걀 볶음밥,8000
실라칸스 마리오아울렛점,디지털로9길 23 마리오아울렛 3관 13층 실라칸스 지번,XO 게살 볶음밥,13000
실라칸스 마리오아울렛점,디지털로9길 23 마리오아울렛 3관 13층 실라칸스 지번,유산슬 덮밥,15000
실라칸스 마리오아울렛점,디지털로9길 23 마리오아울렛 3관 13층 실라칸스 지번,(런치한정) 미니 탕수육,13000
실라칸스 마리오아울렛점,디지털로9길 23 마리오아울렛 3관 13층 실라칸스 지번,탕수육,26000
김사부 샤브샤브,가산로 132 지번,꿔뽀우뤄우 锅包肉,21000
김사부 샤브샤브,가산로 132 지번,마라탕 麻辣烫(500g),13500
김사부 샤브샤브,가산로 132 지번,어향육슬 鱼香肉丝,21000
김사부 샤브샤브,가산로 132 지번,지삼선 地三鲜,16000
김사부 샤브샤브,가산로 132 지번,향라육슬 香辣肉丝,22000
김사부 샤브샤브,가산로 132 지번,마파두부 麻辣豆腐,13000
김사부 샤브샤브,가산로 132 지번,부추계란볶음韭菜炒鸡蛋(1),13000
김사부 샤브샤브,가산로 132 지번,파채소고기무침 葱香牛肉丝,18000
김사부 샤브샤브,가산로 132 지번,양깃머리무침 辣拌肚领,22000
김사부 샤브샤브,가산로 132 지번,오이무침 爽口黄瓜,11000
김사부 샤브샤브,가산로 132 지번,건두부무침 拌干豆腐丝,13000
김사부 샤브샤브,가산로 132 지번,향라육슬덮밥 香辣肉丝盖饭,12000
김사부 샤브샤브,가산로 132 지번,마라샹궈 麻辣香锅(500g),13500
김사부 샤브샤브,가산로 132 지번,어향육슬덮밥 鱼香肉丝盖饭,12000
김사부 샤브샤브,가산로 132 지번,토마토계란덮밥 西红柿鸡蛋盖饭,12000
김사부 샤브샤브,가산로 132 지번,볶음면 炒面,11000
김사부 샤브샤브,가산로 132 지번,공기밥 米饭(1인분),2000
김사부 샤브샤브,가산로 132 지번,녹차,3000
김사부 샤브샤브,가산로 132 지번,빙탕쇠리,3000
김사부 샤브샤브,가산로 132 지번,빙홍차,3000
김사부 샤브샤브,가산로 132 지번,사이다,2000
김사부 샤브샤브,가산로 132 지번,환타,2000
김사부 샤브샤브,가산로 132 지번,콜라,2000
김사부 샤브샤브,가산로 132 지번,양주볶음밥 扬州炒饭,9000
김사부 샤브샤브,가산로 132 지번,가지만두튀김 炸茄盒,21000
김사부 샤브샤브,가산로 132 지번,향라닭날개 香辣鸡翅,22000
김사부 샤브샤브,가산로 132 지번,경장육슬 京酱肉丝,21000
김사부 샤브샤브,가산로 132 지번,동파육덮밥(1),15000
김사부 샤브샤브,가산로 132 지번,김사부닭볶음(2~3인분),38000
김사부 샤브샤브,가산로 132 지번,룽샤미 麻辣龙虾尾,25000
만다린,가산디지털1로 186 제이플라츠 B121 만다린 지번,"만다린 메뉴정보 인기 메뉴 보기 유린기 삼선짬뽕 11,000원 자장면 7,000원",27000
만다린,가산디지털1로 186 제이플라츠 B121 만다린 지번,유린기,27000
만다린,가산디지털1로 186 제이플라츠 B121 만다린 지번,삼선짬뽕,11000
만다린,가산디지털1로 186 제이플라츠 B121 만다린 지번,자장면,7000
조선짬뽕,독산로 85 지번,짬뽕,10000
조선짬뽕,독산로 85 지번,백짬뽕,10000
조선짬뽕,독산로 85 지번,조선짜장,8000
조선짬뽕,독산로 85 지번,우동,10000
조선짬뽕,독산로 85 지번,잡채밥,10000
조선짬뽕,독산로 85 지번,만두짬뽕,11000
조선짬뽕,독산로 85 지번,백굴짬뽕,13000
조선짬뽕,독산로 85 지번,자장면,7000
조선짬뽕,독산로 85 지번,간짜장,8000
조선짬뽕,독산로 85 지번,해물짜장,11000
조선짬뽕,독산로 85 지번,탕수육小,23000
조선짬뽕,독산로 85 지번,양장피,36000
조선짬뽕,독산로 85 지번,쟁반짜장(2인),20000
황금룡,디지털로9길 68 비122호 비121호 지번,[런치] 중식뷔페 1인권 점심 한정 식권,13000
황금룡,디지털로9길 68 비122호 비121호 지번,[런치] 중식 도시락(포장전용) 중식 도시락 구성은 그날 그날 다릅니다. 플레이스-소식에서 확인해주세요 :),14000
황금룡,디지털로9길 68 비122호 비121호 지번,[디너] 고추잡채밥 부드러운 돼지고기와 아삭한 채소를 볶아 매콤하게 완성한 덮밥,10000
황금룡,디지털로9길 68 비122호 비121호 지번,[디너] 잡탕밥 삼선해물과 채소를 볶아낸 덮밥,15000
황금룡,디지털로9길 68 비122호 비121호 지번,[디너] 미니 탕수육 돼지고기 등심을 먹기 좋게 손질해 전분에 바삭하게 튀겨낸 튀김요리,12000
황금룡,디지털로9길 68 비122호 비121호 지번,[디너] 돼지고기튀김 소금과 후추로 등심의 풍미를 살려 파채와 함께 즐기는 담백한 튀김 요리,12000
황금룡,디지털로9길 68 비122호 비121호 지번,[디너] 깐풍기 닭고기를 바삭하게 튀겨 특제 간장소스에 강하게 볶아낸 튀김요리,14000
황금룡,디지털로9길 68 비122호 비121호 지번,[디너] 마늘쫑 돼지고기 볶음 육즙 가득한 돼지고기와 마늘쫑이 조화로운 홍콩식 돼지고기 볶음 요리,15000
황금룡,디지털로9길 68 비122호 비121호 지번,[디너] 고추잡채&꽃빵 피망과 고기를 볶아낸 중화식 잡채 요리,15000
황금룡,디지털로9길 68 비122호 비121호 지번,"[디너] 중새우(5pcs) 바삭한 새우 튀김에 원하는 소스 한가지(칠리, 크림, 마늘)를 선택하여 즐기는 요리",15000
황금룡,디지털로9길 68 비122호 비121호 지번,[디너] 가지완자튀김 다진 고기로 속을 채운 가지 튀김에 특제 간장소스와 야채를 곁들인 요리,15000
황금룡,디지털로9길 68 비122호 비121호 지번,[디너] 유린기 닭다리살을 얇게 튀겨 특제 간장소스에 강하게 볶아낸 튀김요리,17000
황금룡,디지털로9길 68 비122호 비121호 지번,"[디너] 삼대천왕 세트 요리 5개 중 3선택 탕수육, 깐풍기, 유린기, 고추잡채, 마늘쫑돼지고기볶음",25000
황금룡,디지털로9길 68 비122호 비121호 지번,[디너] 생선 새우말이 다진 새우살을 흰살생선으로 감싸 육수에 조린 상해식 고급 생선 요리,15000
황금룡,디지털로9길 68 비122호 비121호 지번,[디너] 팔보채 해산물과 야채를 강한 불에 매콤하게 볶아낸 요리,30000
황금룡,디지털로9길 68 비122호 비121호 지번,"[디너] 전가복 전복과 관자, 자연송이, 해삼 등 최고급 해산물과 채소를 볶아낸 고급 요리",45000
황금룡,디지털로9길 68 비122호 비121호 지번,[디너] 자연송이 해삼볶음 자연산 송이와 해삼을 조려서 볶아낸 최고급 요리,45000
황금룡,디지털로9길 68 비122호 비121호 지번,[디너] 자연송이 발채 샥스핀 수프 자연산 송이와 해삼을 조려서 볶아낸 최고급 요리,11000
황금룡,디지털로9길 68 비122호 비121호 지번,[디너] 군만두(8pcs) 노릇하고 바삭하게 구워내 겉바속촉의 식감을 살린 정통 사이드 요리,6000
황금룡,디지털로9길 68 비122호 비121호 지번,[디너] 삼선짬뽕탕(술국) 다양한 해물과 채소를 볶아낸 국물요리,18000
황금룡,디지털로9길 68 비122호 비121호 지번,[디너] 간짜장 양파와 돼지고기를 강한 불에 오랫동안 볶아 만든 짜장,8000
황금룡,디지털로9길 68 비122호 비121호 지번,[디너] 유니짜장 다진 양파와 돼지고기를 강한 불에 오랫동안 볶아 만든 짜장,8000
황금룡,디지털로9길 68 비122호 비121호 지번,[디너] 삼선 간짜장 다양한 해산물과 채소를 듬뿍 넣어 풍미 가득한 간짜장,10000
황금룡,디지털로9길 68 비122호 비121호 지번,[디너] 해물 짬뽕 해물과 채소를 강하게 볶아 감치맛이 살아있는 짬뽕,9000
황금룡,디지털로9길 68 비122호 비121호 지번,[디너] 삼선 짬뽕 삼선해물과 채소를 강하게 볶아 진한 풍미의 짬뽕,15000
황금룡,디지털로9길 68 비122호 비121호 지번,[디너] 차돌 짬뽕 소고기 차돌과 신선한 채소를 볶아 깊은 맛의 조화가 느껴지는 짬뽕,11000
황금룡,디지털로9길 68 비122호 비121호 지번,[디너] 새우 볶음밥 탱글한 새우와 고슬한 볶음밥의 균형이 좋은 정통 중식 스타일 볶음밥,9000
실크로드,가산로 147-5 지번,크림새우 중,39000
실크로드,가산로 147-5 지번,스페셜황제짬뽕 각종 해산물을 골고루 넣어 시원하고 얼큰한 맛을 살린 실크로드만의 시그니처 짬뽕,17000
실크로드,가산로 147-5 지번,멘보샤,50000
실크로드,가산로 147-5 지번,잡탕밥,17000
실크로드,가산로 147-5 지번,잡채밥,9000
실크로드,가산로 147-5 지번,마파두부밥,9000
실크로드,가산로 147-5 지번,고추덮밥,9000
실크로드,가산로 147-5 지번,백짬뽕,11000
실크로드,가산로 147-5 지번,삼선해물짬뽕밥,12000
실크로드,가산로 147-5 지번,차돌짬뽕밥,12000
실크로드,가산로 147-5 지번,유산슬밥,16000
실크로드,가산로 147-5 지번,양장피 중,39000
실크로드,가산로 147-5 지번,깐풍기 중,39000
실크로드,가산로 147-5 지번,류산슬 중,43000
실크로드,가산로 147-5 지번,옛날짜장,7000
실크로드,가산로 147-5 지번,삼선해물짬뽕,11000
실크로드,가산로 147-5 지번,삼선볶음밥,9000
실크로드,가산로 147-5 지번,어향동고,55000
실크로드,가산로 147-5 지번,찹쌀탕수육 중,35000
실크로드,가산로 147-5 지번,통낙지해물짬뽕,15000
실크로드,가산로 147-5 지번,통전복해물짬뽕,15000
칭따오,범안로 1130 디지털엠파이어206호 지번,돌판김치볶음밥(신메뉴),10000
칭따오,범안로 1130 디지털엠파이어206호 지번,마라 연두부 면(신메뉴)매워요~~,10000
칭따오,범안로 1130 디지털엠파이어206호 지번,중식냉면,10000
칭따오,범안로 1130 디지털엠파이어206호 지번,돌판볶음밥,10000
칭따오,범안로 1130 디지털엠파이어206호 지번,마라돌판짜장(신메뉴)매워요,10000
칭따오,범안로 1130 디지털엠파이어206호 지번,차돌짬뽕,11000
칭따오,범안로 1130 디지털엠파이어206호 지번,굴 짬뽕 (계절별미),11000
칭따오,범안로 1130 디지털엠파이어206호 지번,짜장면,7000
칭따오,범안로 1130 디지털엠파이어206호 지번,돌판짜장,9000
칭따오,범안로 1130 디지털엠파이어206호 지번,짬뽕,8000
칭따오,범안로 1130 디지털엠파이어206호 지번,우동,9000
칭따오,범안로 1130 디지털엠파이어206호 지번,냉짬뽕,10000
짬뽕의 제왕,가산디지털2로 101 한라원앤원타워 2층 215호 지번,사카이텐동 다양한 야채와 새우튀김을 맛있는 덮밥으로. 볶음김치 제공으로 느끼함은 제로!!,12000
짬뽕의 제왕,가산디지털2로 101 한라원앤원타워 2층 215호 지번,에비텐동 큼직한 새우튀김을 더 풍성하게 즐기고 싶다면 에비텐동 선택,14000
짬뽕의 제왕,가산디지털2로 101 한라원앤원타워 2층 215호 지번,중화국밥 볶음밥을 짬뽕에 말아먹는 묘한 매력. 계란후라이까지 더해지니 고소함까지. 퓨전 중식 메뉴,13000
짬뽕의 제왕,가산디지털2로 101 한라원앤원타워 2층 215호 지번,냉면(물/비빔-계절) 냉면보다 시원한 중화 냉면(물/비빔-계절),11000
짬뽕의 제왕,가산디지털2로 101 한라원앤원타워 2층 215호 지번,제왕냉우동(계절) 냉면보다 더 맛있는 시원한 냉우동(계절),15000
짬뽕의 제왕,가산디지털2로 101 한라원앤원타워 2층 215호 지번,한우사태짬뽕 진한 해물육수에 푸짐한 소고기가 듬뿍 들어간 퓨전 짬뽕,15000
짬뽕의 제왕,가산디지털2로 101 한라원앤원타워 2층 215호 지번,짜장면 중식당 기본 메뉴. 맛있는 짜장면 먹으러 고고!!,8000
짬뽕의 제왕,가산디지털2로 101 한라원앤원타워 2층 215호 지번,고기듬뿍간짜장 돼지고기가 듬뿍. 신선하게 새로 볶아나오는 인생 간짜장,11000
짬뽕의 제왕,가산디지털2로 101 한라원앤원타워 2층 215호 지번,짜장밥 짜장밥은 계란후라이가 진리!,9000
짬뽕의 제왕,가산디지털2로 101 한라원앤원타워 2층 215호 지번,해물짬뽕밥 해물짬뽕을 밥으로 즐기고 싶다면!!,13000
짬뽕의 제왕,가산디지털2로 101 한라원앤원타워 2층 215호 지번,해물삼선짬뽕밥 해물삼선짬뽕을 밥으로 즐기고 싶다면!!,16000
짬뽕의 제왕,가산디지털2로 101 한라원앤원타워 2층 215호 지번,새우볶음밥 새우를 넣어 중화풍으로 볶아낸 푸짐한 맛의 새우볶음밥,12000
짬뽕의 제왕,가산디지털2로 101 한라원앤원타워 2층 215호 지번,제왕텐동(기본+요리튀김) 중식 튀김 대가의 대표 텐동 메뉴. 기본 텐동에 중화요리튀김이 추가되어 든든하게 즐기세요,17000
짬뽕의 제왕,가산디지털2로 101 한라원앤원타워 2층 215호 지번,중화잡채밥 먹어보면 반할 맛. 맛있는 잡채를 중화풍으로 볶아낸 덮밥 스타일 요리.,14000
짬뽕의 제왕,가산디지털2로 101 한라원앤원타워 2층 215호 지번,해물짬뽕 푸짐한 해물과 깊은 육수가 일품인 기본 짬뽕 메뉴.,12000
짬뽕의 제왕,가산디지털2로 101 한라원앤원타워 2층 215호 지번,해물삼선짬뽕 풍부한 해물과 진한 육수의 맛. 짬뽕의 제왕 대표 메뉴,15000
짬뽕의 제왕,가산디지털2로 101 한라원앤원타워 2층 215호 지번,제왕짬뽕 짬뽕의 제왕 시그니쳐 메뉴.,17000
짬뽕의 제왕,가산디지털2로 101 한라원앤원타워 2층 215호 지번,"삼선간짜장 새우, 낙지 등 신선한 해물이 듬뿍. 나 이제부터 삼선짜장은 짬뽕의 제왕에서 먹을래요!!!",13000
짬뽕의 제왕,가산디지털2로 101 한라원앤원타워 2층 215호 지번,차슈동 일식풍 차슈를 덮밥 형태로 즐기는 퓨전메뉴,12000
짬뽕의 제왕,가산디지털2로 101 한라원앤원타워 2층 215호 지번,차슈짬뽕 짬뽕위에 일식풍 차슈를 토핑으로 얹어서 즐기는 퓨젼 메뉴,14000
짬뽕의 제왕,가산디지털2로 101 한라원앤원타워 2층 215호 지번,명동교자 스타일 짬뽕 이제 명동칼국수 먹으러 명동까지 가지 않아도 됩니다. 명동교자 스타일로 즐기는 새로운 짬뽕,11000
믹스토랑 금천구청점,시흥대로79길 15 리솜메디라이프 1층 106호~108호 지번,[10%할인] 안심비프 찹스테이크박스 20.0 > 18.0 부드러운 안심 스테이크와 풍성한 구성으로 즐기는 든든한 피크닉 한 끼,18000
믹스토랑 금천구청점,시흥대로79길 15 리솜메디라이프 1층 106호~108호 지번,"[10%할인] 버터갈릭 쉬림프 박스 20.0 > 18.0 버터향 가득한 쉬림프에 바삭한 사이드까지, 피크닉 한 박스",18000
믹스토랑 금천구청점,시흥대로79길 15 리솜메디라이프 1층 106호~108호 지번,🎉신메뉴 태국식 마늘 닭날개 튀김 바삭한 닭날개에 태국식 마늘 풍미가 가득! 황금빛 마늘 크럼블의 감칠맛으로 술안주에 딱!,6000
믹스토랑 금천구청점,시흥대로79길 15 리솜메디라이프 1층 106호~108호 지번,🎉신메뉴 프렌치프라이 겉은 바삭하고 속은 포슬한 감자에 케이준 시즈닝을 더해 향신료의 풍미를 살린 감자튀김,5000
믹스토랑 금천구청점,시흥대로79길 15 리솜메디라이프 1층 106호~108호 지번,풀드포크 플래터 풀드포크와 샐러드를 4가지 소스를 더해 또띠아에 싸먹는 풀드포크플래터,30900
믹스토랑 금천구청점,시흥대로79길 15 리솜메디라이프 1층 106호~108호 지번,부채살 스테이크 마블링이 좋고 씹는 맛이 뛰어난 육즙이 풍부한 스테이크,25900
믹스토랑 금천구청점,시흥대로79길 15 리솜메디라이프 1층 106호~108호 지번,"찹스테이크 안심, 파프리카, 버섯, 통마늘이 들어간 찹스테이크",34900
믹스토랑 금천구청점,시흥대로79길 15 리솜메디라이프 1층 106호~108호 지번,목살 스테이크 그릴에 구워 불맛을 살린 목살과 신선한 샐러드를 함께 즐길 수 있는 스테이크,15900
믹스토랑 금천구청점,시흥대로79길 15 리솜메디라이프 1층 106호~108호 지번,슈니첼 눈꽃등심돈까스를 믹스토랑에서 즐겨보세요,13900
믹스토랑 금천구청점,시흥대로79길 15 리솜메디라이프 1층 106호~108호 지번,"베이비폭립 베이비폭립 400g, 감자튀김으로 이루어진 세트메뉴",35900
믹스토랑 금천구청점,시흥대로79길 15 리솜메디라이프 1층 106호~108호 지번,해장파스타 기본맵기 2단계 (맵기 조절 불가) 각종 해산물과 상하이소스로 만든 프리미엄 국물 파스타,17900
믹스토랑 금천구청점,시흥대로79길 15 리솜메디라이프 1층 106호~108호 지번,마라 크림 파스타 마라와 크림의 조화,13900
믹스토랑 금천구청점,시흥대로79길 15 리솜메디라이프 1층 106호~108호 지번,믹스 플래터 특제 소스와 불맛을 한껏 끌어올린 포크스테이크에 또띠아를 함께 즐기는 멕시코의 화이타,26900
믹스토랑 금천구청점,시흥대로79길 15 리솜메디라이프 1층 106호~108호 지번,우상겹 상하이 파스타 소고기의 풍미를 더한 매콤한 상하이식 파스타,13900
믹스토랑 금천구청점,시흥대로79길 15 리솜메디라이프 1층 106호~108호 지번,토마토 베이컨 파스타 베이컨과 버섯이 어우러진 깊고 진한 믹스만의 특제 소스로 만든 파스타,11900
믹스토랑 금천구청점,시흥대로79길 15 리솜메디라이프 1층 106호~108호 지번,상하이 필라프 통통한 새우와 매콤한 상하이 소스가 어우러진 필라프,13900
믹스토랑 금천구청점,시흥대로79길 15 리솜메디라이프 1층 106호~108호 지번,"새우 필라프 통통한 새우와 버섯, 신선한 야채가 어우러진 필라프",12900
믹스토랑 금천구청점,시흥대로79길 15 리솜메디라이프 1층 106호~108호 지번,"김치 필라프 감칠맛나는 김치와 버섯, 풍미있는 베이컨이 어우러진 필라프",12900
믹스토랑 금천구청점,시흥대로79길 15 리솜메디라이프 1층 106호~108호 지번,포르치니버섯 크림 아란치니 포르치니버섯과 크림소스로 아란치니를 즐기세요,14900
믹스토랑 금천구청점,시흥대로79길 15 리솜메디라이프 1층 106호~108호 지번,아라비아따 아란치니 아란치니를 으깨서 아라비아따 소스와 함께 즐기는 메뉴,14900
믹스토랑 금천구청점,시흥대로79길 15 리솜메디라이프 1층 106호~108호 지번,트러플 크림 리조또 향긋한 트러플오일과 고소한 크림으로 맛을 낸 리조또,13900
믹스토랑 금천구청점,시흥대로79길 15 리솜메디라이프 1층 106호~108호 지번,로제 베이컨 리조또 특제 로제 소스와 버섯 베이컨으로 맛을 낸 리조또,12900
믹스토랑 금천구청점,시흥대로79길 15 리솜메디라이프 1층 106호~108호 지번,바질크림베이컨 리조또 고소한 크림과 버섯 베이컨 바질로 맛을 낸 리조또,13900
믹스토랑 금천구청점,시흥대로79길 15 리솜메디라이프 1층 106호~108호 지번,안심 스테이크 지방이 적어 담백한 고급 식재료인 안심을 허브로 숙성시켜 풍미와 식감이 일품인 스테이크,32900
믹스토랑 금천구청점,시흥대로79길 15 리솜메디라이프 1층 106호~108호 지번,"감바스 알 아히요 스페인식 새우 마늘요리, 새우와 올리브오일에 빵을 찍거나 올려먹는 일품요리",22000
믹스토랑 금천구청점,시흥대로79길 15 리솜메디라이프 1층 106호~108호 지번,"상하이 파스타 조개, 새우 등 해산물과 버섯을 넣은 매콤한 시그니처 파스타",12900
믹스토랑 금천구청점,시흥대로79길 15 리솜메디라이프 1층 106호~108호 지번,크림 베이컨 파스타 베이컨과 고소한 크림소스가 잘 어우러진 파스타,11900
믹스토랑 금천구청점,시흥대로79길 15 리솜메디라이프 1층 106호~108호 지번,감바스 오일 파스타 올리브 오일에 마늘과 새우로 맛을 낸 오일 파스타,11900
믹스토랑 금천구청점,시흥대로79길 15 리솜메디라이프 1층 106호~108호 지번,"목살 필라프 부드러운 돼지 목살과 버섯, 신선한 야채가 어우러진 필라프",12900
믹스토랑 금천구청점,시흥대로79길 15 리솜메디라이프 1층 106호~108호 지번,🎉신메뉴 짜품빠(단품) 바삭한 빠네 속 불향 가득 해물 철판짜장! 연유 찍어 먹는 빵으로 디저트까지 즐기는 파스타,16900
믹스토랑 금천구청점,시흥대로79길 15 리솜메디라이프 1층 106호~108호 지번,🎉신메뉴 짜품빠(콤보) 빠네 속 해산물 철판짜장과 볶음밥의 만남! 풀코스 구성에 연유 빵 디저트까지 완벽한 한 접,25900
영향,남부순환로108길 7 1층 지번,"부채살 스테이크(포장불가) 오일 숙성시킨 그릴링 부채살, 매쉬드 포테이토 포장주문시 주문 거부됩니다.",33900
영향,남부순환로108길 7 1층 지번,"명란 할라피뇨 오일 파스타 할라피뇨 오일소스, 마늘, 명란, 수란",15800
영향,남부순환로108길 7 1층 지번,"단호박 뇨끼 구운 감자뇨끼, 단호박 퓨레, 모짜렐라 치즈볼, 고구마칩",16000
영향,남부순환로108길 7 1층 지번,"치킨 라자냐 치킨 라구소스, 베샤멜소스, 치즈, 오븐에 구운 라자냐",18000
영향,남부순환로108길 7 1층 지번,"페퍼로니 라자냐 페퍼로니, 할라피뇨, 치킨라구소스, 베샤멜소스, 치즈, 오븐에 구운 라자냐",18600
영향,남부순환로108길 7 1층 지번,"리코타 샐러드 계절과일, 로메인, 허니리코타치즈, 견과류, 바케트2조각",10900
영향,남부순환로108길 7 1층 지번,"시저 샐러드 로메인, 렌치드레싱, 베이컨칩, 크루통, 그라나파다노",10900
영향,남부순환로108길 7 1층 지번,"감자 크림스프 감자크림스프,체다치즈,베이컨,크루통",6800
영향,남부순환로108길 7 1층 지번,"매쉬드포테이토&당근라페 매쉬드포테이토,당근샐러드,바게트빵3조각",6800
영향,남부순환로108길 7 1층 지번,"크림치즈 비스킷 수제리코타치즈,꿀,견과류,비스킷",7900
영향,남부순환로108길 7 1층 지번,바게트빵 4ea,1500
영향,남부순환로108길 7 1층 지번,"바질 크림 리소토 베이컨,바질크림소스, 모짜렐라치즈",12800
영향,남부순환로108길 7 1층 지번,"치미추리 파스타 다진 소고기, 영향식 치미추리소스, 적양파, 크러쉬드페퍼",15800
영향,남부순환로108길 7 1층 지번,"매콤 해산물 토마토 리소토 해산물(변동가능),파마산치즈, 모짜렐라 치즈볼,매콤토마토소스",15800
영향,남부순환로108길 7 1층 지번,해산물로제리소토 낙지.오징어.홍합.피망.매콤한로제소스,14800
영향,남부순환로108길 7 1층 지번,바질치킨라자냐 치킨라구라자냐.바질소스.루꼴라.썬드라이토마토,18600
영향,남부순환로108길 7 1층 지번,"라구 파스타 다진소고기,토마토라구소스,파마산치즈,노른자,모짜렐라치즈",16800
영향,남부순환로108길 7 1층 지번,"비프 버섯크림파스타 살치살,트러플오일, 각종버섯,뒬쉘, 눈꽃치즈,크림소스",27800
영향,남부순환로108길 7 1층 지번,"페퍼로니 로제 파스타 페퍼로니, 로제소스, 모짜렐라치즈, 체다치즈",16800
영향,남부순환로108길 7 1층 지번,"해물 토마토 국물파스타 낙지,오징어,고추장,토마토소스(해산물 변동될수있음)",13800
영향,남부순환로108길 7 1층 지번,"블루치즈 해산물 크림 리소토 낙지, 오징어, 날치알, 블루치즈, 모짜렐라치즈",17000
영향,남부순환로108길 7 1층 지번,"버섯 크림 리소토 각종버섯으로 만든 뒥쉘,크림소스 리소토",12800
영향,남부순환로108길 7 1층 지번,"버섯 크림 뇨끼 구운 감자뇨끼, 뒥쉘, 양송이,모짜렐라 치즈볼, 루꼴라",16000
벨 구스토,시흥대로 315 롯데캐슬골드파크타워960 201호 지번,시저 샐러드,12000
벨 구스토,시흥대로 315 롯데캐슬골드파크타워960 201호 지번,뽀모도로 디마레,15000
벨 구스토,시흥대로 315 롯데캐슬골드파크타워960 201호 지번,까르보나라,13000
벨 구스토,시흥대로 315 롯데캐슬골드파크타워960 201호 지번,빠네,15000
벨 구스토,시흥대로 315 롯데캐슬골드파크타워960 201호 지번,뽈로 커리 빠네,16000
벨 구스토,시흥대로 315 롯데캐슬골드파크타워960 201호 지번,바질 크레마 감베로니,15000
벨 구스토,시흥대로 315 롯데캐슬골드파크타워960 201호 지번,크레마 디마레,15000
벨 구스토,시흥대로 315 롯데캐슬골드파크타워960 201호 지번,알리오 에 올리오,11000
벨 구스토,시흥대로 315 롯데캐슬골드파크타워960 201호 지번,초리조 알리오 올리오,14000
벨 구스토,시흥대로 315 롯데캐슬골드파크타워960 201호 지번,카프레제,14000
벨 구스토,시흥대로 315 롯데캐슬골드파크타워960 201호 지번,바질 페스토 감베로니,15000
벨 구스토,시흥대로 315 롯데캐슬골드파크타워960 201호 지번,가쓰오부시 감베로니,14000
벨 구스토,시흥대로 315 롯데캐슬골드파크타워960 201호 지번,프루티 디마레,15000
벨 구스토,시흥대로 315 롯데캐슬골드파크타워960 201호 지번,앤쵸비 감베로니,15000
벨 구스토,시흥대로 315 롯데캐슬골드파크타워960 201호 지번,올리브 봉골레,15000
벨 구스토,시흥대로 315 롯데캐슬골드파크타워960 201호 지번,로제 뽈로 리조토,14000
벨 구스토,시흥대로 315 롯데캐슬골드파크타워960 201호 지번,마리나라,14000
벨 구스토,시흥대로 315 롯데캐슬골드파크타워960 201호 지번,바질 감베로니 리조토,14000
벨 구스토,시흥대로 315 롯데캐슬골드파크타워960 201호 지번,크림 마리나라,15000
벨 구스토,시흥대로 315 롯데캐슬골드파크타워960 201호 지번,만조 인살라테,13000
벨 구스토,시흥대로 315 롯데캐슬골드파크타워960 201호 지번,크레마 바질 리조토,15000
벨 구스토,시흥대로 315 롯데캐슬골드파크타워960 201호 지번,마르게리타,15000
벨 구스토,시흥대로 315 롯데캐슬골드파크타워960 201호 지번,시저 피자,17000
벨 구스토,시흥대로 315 롯데캐슬골드파크타워960 201호 지번,초리조 피자,17000
벨 구스토,시흥대로 315 롯데캐슬골드파크타워960 201호 지번,고르곤졸라,17000
벨 구스토,시흥대로 315 롯데캐슬골드파크타워960 201호 지번,세이 포르마쥐,17000
벨 구스토,시흥대로 315 롯데캐슬골드파크타워960 201호 지번,채끝 등심(250g),35000
벨 구스토,시흥대로 315 롯데캐슬골드파크타워960 201호 지번,안심(220g),40000
벨 구스토,시흥대로 315 롯데캐슬골드파크타워960 201호 지번,올리브 치아바타(4조각),2500
벨 구스토,시흥대로 315 롯데캐슬골드파크타워960 201호 지번,"콜라,제로콜라(355ml)",2500
벨 구스토,시흥대로 315 롯데캐슬골드파크타워960 201호 지번,"스프라이트,제로스프라이트(355ml)",2500
벨 구스토,시흥대로 315 롯데캐슬골드파크타워960 201호 지번,환타(오렌지)355ml,2500
벨 구스토,시흥대로 315 롯데캐슬골드파크타워960 201호 지번,펩시콜라 제로 라임(355ml),2500
벨 구스토,시흥대로 315 롯데캐슬골드파크타워960 201호 지번,웰치스(포도)355ml,2500
벨 구스토,시흥대로 315 롯데캐슬골드파크타워960 201호 지번,"레몬,오렌지,자몽,청포도 에이드",5000
벨 구스토,시흥대로 315 롯데캐슬골드파크타워960 201호 지번,라구 알라 볼로네즈,13000
벨 구스토,시흥대로 315 롯데캐슬골드파크타워960 201호 지번,펜네 아라비아타,14000
벨 구스토,시흥대로 315 롯데캐슬골드파크타워960 201호 지번,스파게티 아라비아타,14000
매드포갈릭,디지털로10길 9 현대시티아울렛 8층 지번,"로맨틱 프리미엄 커플 세트 K-Cultured 그랑 갈릭 본스테이크 with Filet, 로맨틱무드를 더한 커플 세트",222000
매드포갈릭,디지털로10길 9 현대시티아울렛 8층 지번,"스페셜 프리미엄 세트 K-Cultured 그랑 갈릭 본스테이크 with Filet, 풍성한 구성의 프리미엄 세트",248000
매드포갈릭,디지털로10길 9 현대시티아울렛 8층 지번,포레스트 스트립 스테이크 바삭하게 튀긴 브로콜리를 올리고 홀그레인 스윗 크림소스로 부드러움을 더한 채끝 스테이크,66800
매드포갈릭,디지털로10길 9 현대시티아울렛 8층 지번,"트러플 머시룸 잠봉 피자 트러플의 풍미와 버섯 크림 소스에 잠봉, 그라나 파다노 치즈를 함께 즐기는 프리미엄 피자",35700
매드포갈릭,디지털로10길 9 현대시티아울렛 8층 지번,"갈릭 명란 파스타 명란과 마늘의 조화, 쪽파와 김가루로 깊은 바다의 향을 섬세하게 채워낸 갈릭 명란 파스타",28700
매드포갈릭,디지털로10길 9 현대시티아울렛 8층 지번,갈릭페뇨 파스타 할라페뇨와 마늘의 알싸함에 엔쵸비로 풍미를 더한 매콤한 올리브오일 파스타,28700
매드포갈릭,디지털로10길 9 현대시티아울렛 8층 지번,"갈릭 스노잉 피자 화이트소스에 새우, 파인애플, 고소한 튀긴 마늘이 어우러진 매드포갈릭 시그니처 피자",28700
파슷타애요 독산점,시흥대로88가길 39 1층 지번,"파슷타애요 메뉴정보 인기 메뉴 보기 매콤크림 파스타 느끼함을 잡아줄 매콤한 특제 크림소스에 통통한 새우, 고소한 베이컨이 만나 풍미가 넘치는",11400
파슷타애요 독산점,시흥대로88가길 39 1층 지번,"매콤크림 파스타 느끼함을 잡아줄 매콤한 특제 크림소스에 통통한 새우, 고소한 베이컨이 만나 풍미가 넘치는",11400
포타제,디지털로9길 68 1F (대륭포스트타워 5차) 지번,Economy Lunch A 이코노미 런치 코스 A,39000
포타제,디지털로9길 68 1F (대륭포스트타워 5차) 지번,Business Lunch B 비즈니스 런치 코스 B,47000
포타제,디지털로9길 68 1F (대륭포스트타워 5차) 지번,Premium Lunch C 프리미엄 런치 코스 C,57000
포타제,디지털로9길 68 1F (대륭포스트타워 5차) 지번,Signature Dinner 시그니처 디너 코스 A,95000
포타제,디지털로9길 68 1F (대륭포스트타워 5차) 지번,Premium Dinner 프리미엄 디너 코스 B,105000
롱블랙스푼,가산디지털1로 131 BYC하이시티 B동 2층 지번,관자새우페스토 부드러운관자와 통통한 새우를 듬뜩 넣어 깻잎 페스토로 조리한 오일파스타,18000
롱블랙스푼,가산디지털1로 131 BYC하이시티 B동 2층 지번,새우 날치알 크림 파스타 톡톡 터지는 날치알과 통통한 새우가 들어간 매콤한 크림파스타,18000
롱블랙스푼,가산디지털1로 131 BYC하이시티 B동 2층 지번,전복리조또,24000
롱블랙스푼,가산디지털1로 131 BYC하이시티 B동 2층 지번,"명란아보카도 버터,레몬 향을 더한 명란오일파스타에 아보카도를 올린 파스타",18000
롱블랙스푼,가산디지털1로 131 BYC하이시티 B동 2층 지번,해산물토마토리조또 신선한 각종해물이 들어간 토마토리조또,19000
롱블랙스푼,가산디지털1로 131 BYC하이시티 B동 2층 지번,이베리코 스테이크 스페인산 흑돼지 목살로 조리한 육즙 가득 스테이크,32000
롱블랙스푼,가산디지털1로 131 BYC하이시티 B동 2층 지번,마르게리따,16000
롱블랙스푼,가산디지털1로 131 BYC하이시티 B동 2층 지번,부라타과일샐러드,22000
롱블랙스푼,가산디지털1로 131 BYC하이시티 B동 2층 지번,비프샐러드,23000
롱블랙스푼,가산디지털1로 131 BYC하이시티 B동 2층 지번,양갈비스테이크,48000
롱블랙스푼,가산디지털1로 131 BYC하이시티 B동 2층 지번,하이볼 3종 블루레몬/얼그레이/자몽 하이볼,8000
롱블랙스푼,가산디지털1로 131 BYC하이시티 B동 2층 지번,비프스테이크 리조또 채끝등심스테이크가 올라간 고르곤졸라 크림리조또,24000
롱블랙스푼,가산디지털1로 131 BYC하이시티 B동 2층 지번,채끝등심 스테이크 겉은 크리스피하고 속은 육즙 가득한 시그니처 스테이크,48000
롱블랙스푼,가산디지털1로 131 BYC하이시티 B동 2층 지번,감바스 올리브오일에 마늘과 큼지막한 새우를 넣어 만든 스페인식 타파스요리,24000
롱블랙스푼,가산디지털1로 131 BYC하이시티 B동 2층 지번,풍기뇨끼 브라운으로 구운 뇨끼와 버섯에 트리플오일을 가미한 크림소스 감자요리,19000
롱블랙스푼,가산디지털1로 131 BYC하이시티 B동 2층 지번,알리오올리오 고소한 마늘과 페페로치노로 맛을 낸 정통 오일파스타,15000
롱블랙스푼,가산디지털1로 131 BYC하이시티 B동 2층 지번,해산물파스타 신선한 각종 해물이 들어간 국물 자작한 매콤 토마토파스타,19000
롱블랙스푼,가산디지털1로 131 BYC하이시티 B동 2층 지번,비프치즈크림파스타 소고기에 아메리칸 치즈로 풍미를 더한 크림파스타,19000
롱블랙스푼,가산디지털1로 131 BYC하이시티 B동 2층 지번,그란치오 꽃게의 살만을 발라 넣어 조리한 매콤 로제파스타,18000
미들루프,시흥대로123길 66 1층 지번,안심 스테이크 코스,43000
미들루프,시흥대로123길 66 1층 지번,알리오 올리오,14000
미들루프,시흥대로123길 66 1층 지번,불고기 샐러드 피자,20000
미들루프,시흥대로123길 66 1층 지번,새우 볶음밥,14000
미들루프,시흥대로123길 66 1층 지번,김치 볶음밥,13000
미들루프,시흥대로123길 66 1층 지번,오징어 먹물 리조또,16000
미들루프,시흥대로123길 66 1층 지번,해산물 토마토 리조또,16000
미들루프,시흥대로123길 66 1층 지번,훈제 연어 샐러드,26000
미들루프,시흥대로123길 66 1층 지번,순살 후라이드치킨& 샐러드,23000
미들루프,시흥대로123길 66 1층 지번,아메리카노,5000
미들루프,시흥대로123길 66 1층 지번,에스프레스,4500
미들루프,시흥대로123길 66 1층 지번,카페라떼,5500
미들루프,시흥대로123길 66 1층 지번,베이컨 크림 파스타,15000
미들루프,시흥대로123길 66 1층 지번,바닐라라떼,6000
미들루프,시흥대로123길 66 1층 지번,헤이즐넛라떼,6000
미들루프,시흥대로123길 66 1층 지번,캬라멜 마끼아또,6500
미들루프,시흥대로123길 66 1층 지번,초코라떼,6000
미들루프,시흥대로123길 66 1층 지번,녹차라떼,6000
미들루프,시흥대로123길 66 1층 지번,오곡라떼,6000
미들루프,시흥대로123길 66 1층 지번,딸기라떼(아이스),6000
미들루프,시흥대로123길 66 1층 지번,레몬에이드,6000
미들루프,시흥대로123길 66 1층 지번,블루레몬에이드,6000
미들루프,시흥대로123길 66 1층 지번,청포도에이드,6000
미들루프,시흥대로123길 66 1층 지번,새우 바질페스토 크림 파스타,16000
미들루프,시흥대로123길 66 1층 지번,자몽에이드,6000
미들루프,시흥대로123길 66 1층 지번,망고에이드,6000
미들루프,시흥대로123길 66 1층 지번,아이스티,5000
미들루프,시흥대로123길 66 1층 지번,레몬차,5000
미들루프,시흥대로123길 66 1층 지번,유자차,5000
미들루프,시흥대로123길 66 1층 지번,자몽차,5000
미들루프,시흥대로123길 66 1층 지번,생강차,5000
미들루프,시흥대로123길 66 1층 지번,얼그레이,5000
미들루프,시흥대로123길 66 1층 지번,캐모마일,5000
미들루프,시흥대로123길 66 1층 지번,페퍼민트,5000
미들루프,시흥대로123길 66 1층 지번,로제 새우 파스타,16000
미들루프,시흥대로123길 66 1층 지번,라구 파스타,16000
미들루프,시흥대로123길 66 1층 지번,토마토 해산물 파스타,17000
미들루프,시흥대로123길 66 1층 지번,포치니 버섯 크림 파스타,17000
미들루프,시흥대로123길 66 1층 지번,고르곤졸라,19000
미들루프,시흥대로123길 66 1층 지번,마르게리따 피자,20000
세라즈피자펍,가산디지털1로 168 A동 2층 222호 지번,카프레제샐러드,14900
세라즈피자펍,가산디지털1로 168 A동 2층 222호 지번,런치스페셜3인분,31900
세라즈피자펍,가산디지털1로 168 A동 2층 222호 지번,홈메이드리코타치즈 샐러드,14900
세라즈피자펍,가산디지털1로 168 A동 2층 222호 지번,감자튀김과 케찹&홈메이드아이올리소스,8000
세라즈피자펍,가산디지털1로 168 A동 2층 222호 지번,18인치 반반 피자,39600
세라즈피자펍,가산디지털1로 168 A동 2층 222호 지번,피자 13인치,26500
세라즈피자펍,가산디지털1로 168 A동 2층 222호 지번,"피자 18인치 3-4 인분. 반반(36,900원) 고르실수 있습니다",38500
세라즈피자펍,가산디지털1로 168 A동 2층 222호 지번,3-4 인분. 반반() 고르실수 있습니다,36900
세라즈피자펍,가산디지털1로 168 A동 2층 222호 지번,파스타 점심-렌치스페셜 2/3인분만 가능 (1인분은 저녁에 가능합니다.),14900
세라즈피자펍,가산디지털1로 168 A동 2층 222호 지번,세라즈라거 대전 랜치브루잉 의 프랑스 양조자분이 만드신 수제맥주 와 국내외 게스트탭이 있습니다,4700
세라즈피자펍,가산디지털1로 168 A동 2층 222호 지번,소주,5000
세라즈피자펍,가산디지털1로 168 A동 2층 222호 지번,Coke,3000
세라즈피자펍,가산디지털1로 168 A동 2층 222호 지번,런치스페셜 파스타2인분,23900
세라즈피자펍,가산디지털1로 168 A동 2층 222호 지번,상그리아,24000
세라즈피자펍,가산디지털1로 168 A동 2층 222호 지번,레모네이드,4500
세라즈피자펍,가산디지털1로 168 A동 2층 222호 지번,코스타베라 와인 보틀,29000
세라즈피자펍,가산디지털1로 168 A동 2층 222호 지번,잔와인,7500
세라즈피자펍,가산디지털1로 168 A동 2층 222호 지번,하이볼,7500
세라즈피자펍,가산디지털1로 168 A동 2층 222호 지번,자체운영랜치브루펍수제맥주,7500
세라즈피자펍,가산디지털1로 168 A동 2층 222호 지번,치킨텐더,12900
오비스트로,시흥대로63길 11 1층 지번,"잠봉에그피자 모짜렐라치즈, 잠봉, 달걀, 루꼴라 맛있는건 다 들어갔어요",22000
오비스트로,시흥대로63길 11 1층 지번,"시금치크림뇨끼 적절한 농도의 블랙페퍼 크림소스에, 구운 뇨끼를 얹어 맛과 식감을 모두 잡았어요",16000
오비스트로,시흥대로63길 11 1층 지번,바질새우파스타 바질페스토와 탱탱한 새우 그리고 올리브오일까지,15000
오비스트로,시흥대로63길 11 1층 지번,쉬림프로제파스타 토마토소스와 크림을 알맞은 비율로 섞어 새우와 함께 돌돌 말아먹는 파스타 쉬림프로제,15000
오비스트로,시흥대로63길 11 1층 지번,알리올리오 우수한 품질의 올리브 오일에 마늘을 볶아서 만든 오일파스타 알리오 올리오,10000
오비스트로,시흥대로63길 11 1층 지번,해산물토마토파스타 해산물을 넣고 직접끓인 수제토마토소스에 매콤하게 간이되어 나오는 파스타 해산물토마토,14000
오비스트로,시흥대로63길 11 1층 지번,까르보나라 꾸덕한 크림소스에 노른자를 섞어 먹는 담백하고 느끼하지않은 파스타 까르보나라,13000
오비스트로,시흥대로63길 11 1층 지번,"봉골레파스타 알 찬 바지락이 들어간 칼칼한 국물 파스타 봉골레 소주,와인 안어울리는게 없음 물론 맥주도",14000
오비스트로,시흥대로63길 11 1층 지번,베이컨크림리조또 한숟가락 떠올리면 치즈가 엄청 늘어나고 사진찍기도 좋은 리조또 베이컨크림,13000
오비스트로,시흥대로63길 11 1층 지번,버섯트러플오일리조또 3대진미 트러플버섯오일을 넣어 만든 담백한 리조또 버섯트러플오일,12000
오비스트로,시흥대로63길 11 1층 지번,순살치킨 10조각,10000
오비스트로,시흥대로63길 11 1층 지번,"닭날개 윙,봉 섞어서 10조각",10000
오비스트로,시흥대로63길 11 1층 지번,살치살 스테이크 원육 손질부터 최고의 식감을 자부 합니다,36000
오비스트로,시흥대로63길 11 1층 지번,감자튀김 300g,9000
오비스트로,시흥대로63길 11 1층 지번,보코치니루꼴라샐러드,10000
오비스트로,시흥대로63길 11 1층 지번,시저샐러드,10000
오비스트로,시흥대로63길 11 1층 지번,"콘피자 콘,감자 모든 맛있는 식감을 다 살려낸 재미있는 피자",21000
오비스트로,시흥대로63길 11 1층 지번,감자트러플피자 맛감자와 트러플 소스의 조합이 엄청난 피자,19000
오비스트로,시흥대로63길 11 1층 지번,"하와이안베이컨피자 토마토 소스에 구운 파인애플, 베이컨을 올려 단짠새콤을 느낄 수 있는 매력적인 피자",20000
오비스트로,시흥대로63길 11 1층 지번,루꼴라피자 다이어트 pick1,20000
오비스트로,시흥대로63길 11 1층 지번,"고르곤졸라피자 도우와, 치즈만의 조합으로 깊은 풍미를 느낄수있는",16000
오비스트로,시흥대로63길 11 1층 지번,"페파로니피자 토마토소스, 모짜렐라치즈, 페파로니 햄까지",17000
오비스트로,시흥대로63길 11 1층 지번,마르게리타 직접 끓인 소스에 모차렐라치즈 듬뿍 바질 페스토를 얹어 풍미를 업 시켰어요,18000
마피아피자앤펍,가산디지털1로 168 우림 라이온스밸리A동 지하1층 B106-1호 지번,피자 2가지 맛 18인치 피자 2가지 맛 선택가능,38900
마피아피자앤펍,가산디지털1로 168 우림 라이온스밸리A동 지하1층 B106-1호 지번,수제 오븐 핫윙&봉 오븐에 노릇하게 구워 기름기를 쪼옥 뺀 그맛!!! 쫄깃하고 담백한 맛 / MAFIA 치킨은 '순살'로만 제공됩니다. 단!! 핫윙&봉과 훈제치킨은 제외!!,16900
마피아피자앤펍,가산디지털1로 168 우림 라이온스밸리A동 지하1층 B106-1호 지번,후라이드 치킨 겉은 바삭! 속은 부드러운~ 맥주 하면 빼놓을수 없는 후라이드 치킨 / MAFIA 치킨은 '순살'로만 제공됩니다. 단!! 핫윙&봉과 훈제치킨은 제외!!,21900
마피아피자앤펍,가산디지털1로 168 우림 라이온스밸리A동 지하1층 B106-1호 지번,허니 갈릭 치킨 몸에 좋은 아카시아꿀과 마늘 소스가 들어가 달콤한 맛을 내는 치킨 / MAFIA 치킨은 '순살'로만 제공됩니다. 단!! 핫윙&봉과 훈제치킨은 제외!!,23900
마피아피자앤펍,가산디지털1로 168 우림 라이온스밸리A동 지하1층 B106-1호 지번,깐풍치킨 간장과 마늘향의 매콤 달콤한 특제 소스와 통닭의 만남 / MAFIA 치킨은 '순살'로만 제공됩니다. 단!! 핫윙&봉과 훈제치킨은 제외!!,23900
마피아피자앤펍,가산디지털1로 168 우림 라이온스밸리A동 지하1층 B106-1호 지번,"산타리타 120 멜롯 붉은 기가 있는 짙은 자줏빛의 와인, 미디엄 바디로 신맛과 타닌감이 좋아 목넘김이 좋은 와인(칠레산)",42900
마피아피자앤펍,가산디지털1로 168 우림 라이온스밸리A동 지하1층 B106-1호 지번,옐로우 테일 쉬라 풀바디 와인으로 떫은 맛과 신맛의 조화가 좋은 와인. 미국에서 가장 대중적인 와인(호주산),43900
마피아피자앤펍,가산디지털1로 168 우림 라이온스밸리A동 지하1층 B106-1호 지번,1865 커버네 소비뇽 부드럽고 목넘김이 좋아 국민와인 이라는 별명까지 가진 와인. 신의 물방울이라고 불리움(칠레산),98900
마피아피자앤펍,가산디지털1로 168 우림 라이온스밸리A동 지하1층 B106-1호 지번,콜라(1.25L) 1.25l. PET병,4000
마피아피자앤펍,가산디지털1로 168 우림 라이온스밸리A동 지하1층 B106-1호 지번,피클추가 피클,500
마피아피자앤펍,가산디지털1로 168 우림 라이온스밸리A동 지하1층 B106-1호 지번,핫소스 포장용 핫소스,200
마피아피자앤펍,가산디지털1로 168 우림 라이온스밸리A동 지하1층 B106-1호 지번,갈릭디핑소스 갈릭디핑소스,1000
마피아피자앤펍,가산디지털1로 168 우림 라이온스밸리A동 지하1층 B106-1호 지번,파마산 치즈가루 포장용 파마산 치즈가루,200
마피아피자앤펍,가산디지털1로 168 우림 라이온스밸리A동 지하1층 B106-1호 지번,꿀 추가 꿀,1000
무드무드,탑골로4길 58 지번,"찹스테이크 플레이트 소고기 찹스테이크를 또띠아, 웨지감자와 함께 즐기는 플레이트",17000
무드무드,탑골로4길 58 지번,"무드무드 브런치 플레이트 부드러운 오믈렛, 웨지감자, 소세지, 샐러드, 당근라페로 이뤄진 플레이트",13000
무드무드,탑골로4길 58 지번,볼로네제 파스타(w.미트볼) 고기 듬뿍 볼로네제 파스타와 수제 미트볼,13000
무드무드,탑골로4길 58 지번,"라구소스 라자냐 5시간 들여 만든 라구소스, 베사멜소스와 부드러운 라자냐로 만든 이탈리아식 파스타",16000
무드무드,탑골로4길 58 지번,바질크림파스타 생바질로 만든 바질 크림 소스 파스타,12000
무드무드,탑골로4길 58 지번,아마뜨리치아나 베이컨이 들어간 매콤한 토마토 파스타,11000
무드무드,탑골로4길 58 지번,풀드포크 샌드위치 24시간 숙성시킨 돼지고기를 6시간 동안 구워 부드러운 풀드포크가 듬뿍 들어간 샌드위치,8000
무드무드,탑골로4길 58 지번,바질페스토 치킨 샌드위치 직접 만든 바질페스토와 부드러운 닭가슴살로 만든 치아바타 샌드위치,8000
무드무드,탑골로4길 58 지번,연어 샐러드 생연어와 매일 아침 가져온 신선한 채소가 들어간 샐러드,9800
무드무드,탑골로4길 58 지번,"바질쉬림프 샐러드 생바질과 잣을 직접 갈아 만든 바질소스와 새우, 숏파스타가 들어간 샐러드",9200
무드무드,탑골로4길 58 지번,치킨 샐러드 12시간 마리네이드한 부드러운 닭가슴살과 매일 아침 공수한 신선한 채소가 들어간 샐러드,8000
무드무드,탑골로4길 58 지번,아메리카노,4000
무드무드,탑골로4길 58 지번,카페라떼,4500
무드무드,탑골로4길 58 지번,바닐라라떼,4800
무드무드,탑골로4길 58 지번,무드라떼,5200
무드무드,탑골로4길 58 지번,무드아인슈페너,5000
무드무드,탑골로4길 58 지번,트러플 버섯 리조또 제철 버섯과 트러플 오일의 리조또,13000
무드무드,탑골로4길 58 지번,"목살 쌈장 리조또 수비드한 통목살과 바삭한 김부각, 구운 꽈리고추 특제 쌈장베이스의 리조또",15000
무드무드,탑골로4길 58 지번,연어 크림 파스타 연어 스테이크와 매콤고소한 크림 파스타,14000
애슐리퀸즈 가산퍼블릭점,디지털로 178 A동 B1층 지번,[기간한정 특가]평일디너+무제한와인 전용룸에서 으로 즐기는 무제한 와인과 디너 샐러드바,29900
애슐리퀸즈 가산퍼블릭점,디지털로 178 A동 B1층 지번,전용룸에서 으로 즐기는 무제한 와인과 디너 샐러드바,29900
애슐리퀸즈 가산퍼블릭점,디지털로 178 A동 B1층 지번,성인 평일런치,19900
애슐리퀸즈 가산퍼블릭점,디지털로 178 A동 B1층 지번,성인 평일디너,25900
애슐리퀸즈 가산퍼블릭점,디지털로 178 A동 B1층 지번,성인 주말.공휴일,27900
플러버,시흥대로 291 롯데캐슬골드파크3차 WEST동 208호 지번,핑키게살 로제스파게티,12000
플러버,시흥대로 291 롯데캐슬골드파크3차 WEST동 208호 지번,와규 스테이크,24000
플러버,시흥대로 291 롯데캐슬골드파크3차 WEST동 208호 지번,투움바 파스타,12000
플러버,시흥대로 291 롯데캐슬골드파크3차 WEST동 208호 지번,목살큐브스테이크 김치볶음밥,9000
플러버,시흥대로 291 롯데캐슬골드파크3차 WEST동 208호 지번,상하이 파스타,12500
플러버,시흥대로 291 롯데캐슬골드파크3차 WEST동 208호 지번,머쉬룸까르보나라 크림파스타,10500
플러버,시흥대로 291 롯데캐슬골드파크3차 WEST동 208호 지번,알리오올리오,9000
플러버,시흥대로 291 롯데캐슬골드파크3차 WEST동 208호 지번,명란 치즈 오믈렛,9000
플러버,시흥대로 291 롯데캐슬골드파크3차 WEST동 208호 지번,와규찹스테이크,22000
플러버,시흥대로 291 롯데캐슬골드파크3차 WEST동 208호 지번,하우스와인,5000
플러버,시흥대로 291 롯데캐슬골드파크3차 WEST동 208호 지번,안창살스테이크 크림 파스타,15500
플러버,시흥대로 291 롯데캐슬골드파크3차 WEST동 208호 지번,뽀모도로 파스타,9000
플러버,시흥대로 291 롯데캐슬골드파크3차 WEST동 208호 지번,꽈리불고기 오므라이스,9000
플러버,시흥대로 291 롯데캐슬골드파크3차 WEST동 208호 지번,안창스테이크 크림 파스타,15500
플러버,시흥대로 291 롯데캐슬골드파크3차 WEST동 208호 지번,베이컨쉬림프 리가토니 파스타,12500
플러버,시흥대로 291 롯데캐슬골드파크3차 WEST동 208호 지번,봉골레 파스타,13500
플러버,시흥대로 291 롯데캐슬골드파크3차 WEST동 208호 지번,명란크림파스타,10500
플러버,시흥대로 291 롯데캐슬골드파크3차 WEST동 208호 지번,먹물 해산물 빠에야,12000
미태리 가산한라원앤원점,가산디지털2로 101 1층 126호 지번,머쉬룸바질리조또 크리미하고 진한 바질크림과 버섯으로 완성된 프리미엄 리조또,11800
미태리 가산한라원앤원점,가산디지털2로 101 1층 126호 지번,바질크림뇨끼 미태리에서 직접 만든 바질크림 소스로 완성한 순이탈리아식 뇨끼,12800
미태리 가산한라원앤원점,가산디지털2로 101 1층 126호 지번,돈까스 볶음밥 세트 바삭하게 튀긴 돈까스와 필라프(볶음밥)을 한 번에 즐길 수 있는 메뉴,10800
미태리 가산한라원앤원점,가산디지털2로 101 1층 126호 지번,토마토 돈까스타 바삭하게 튀긴 돈까스와 토마토 파스타를 한 번에 즐길 수 있는 메뉴,11800
미태리 가산한라원앤원점,가산디지털2로 101 1층 126호 지번,까르보 돈까스타 바삭하게 튀긴 돈까스와 까르보나라 파스타를 한 번에 즐길 수 있는 메뉴,13800
미태리 가산한라원앤원점,가산디지털2로 101 1층 126호 지번,스파이시 로제 돈까스타 바삭하게 튀긴 돈까스와 매콤한 핫로제 파스타를 한 번에 즐길 수 있는 메뉴,13800
미태리 가산한라원앤원점,가산디지털2로 101 1층 126호 지번,토마토 파스타 토마토 과육이 살아있는 토마토 파스타,6800
미태리 가산한라원앤원점,가산디지털2로 101 1층 126호 지번,"베이컨토마토 파스타 베이컨으로 맛을 더한 토마토 파스타! 기본맛, 매운맛으로 다양하게 선택 가능합니다.",10800
미태리 가산한라원앤원점,가산디지털2로 101 1층 126호 지번,해물 토마토 파스타 해물로 맛을 더한 토마토 파스타,11800
미태리 가산한라원앤원점,가산디지털2로 101 1층 126호 지번,해물 짬뽕 파스타 해장으로 좋은 이태리식 정통 짬뽕 파스타,10800
미태리 가산한라원앤원점,가산디지털2로 101 1층 126호 지번,라구 파스타 고기 풍미 가득! 정통 스타일 라구 파스타,10800
미태리 가산한라원앤원점,가산디지털2로 101 1층 126호 지번,엑스트라 버진 알리오올리오 올리브오일 베이스에 마늘로 맛을 낸 파스타,8800
미태리 가산한라원앤원점,가산디지털2로 101 1층 126호 지번,바질마스카포네피자 진한 우유의 풍미가 가득한 마스카포네 치즈와 바질의 조합이 환상적인 맛의 피자,15800
미태리 가산한라원앤원점,가산디지털2로 101 1층 126호 지번,봉골레파스타 올리브오일 베이스에 마늘과 조개로 맛을 낸 파스타,9800
미태리 가산한라원앤원점,가산디지털2로 101 1층 126호 지번,까르보나라 이태리 정통 크림의 풍미를 느낄 수 있는 파스타,4800
미태리 가산한라원앤원점,가산디지털2로 101 1층 126호 지번,트러플 해쉬 까르보나라 진짜 트러플이 들어간 오일에 겉바속촉 해쉬와 크림소스의 꾸덕한 조합,7800
미태리 가산한라원앤원점,가산디지털2로 101 1층 126호 지번,양송이 까르보나라 이태리 정통 크림 소스에 양송이를 더한 파스타,8800
미태리 가산한라원앤원점,가산디지털2로 101 1층 126호 지번,스파이시 까르보나라 이태리 정통 크림 소스에 매콤함을 더한 파스타,10800
미태리 가산한라원앤원점,가산디지털2로 101 1층 126호 지번,베이컨 까르보나라 이태리 정통 크림 소스에 베이컨을 더한 파스타,10800
미태리 가산한라원앤원점,가산디지털2로 101 1층 126호 지번,미태리 로제 파스타 크림 소스와 토마토가 어우러진 깊고 풍부한 맛의 파스타,10800
미태리 가산한라원앤원점,가산디지털2로 101 1층 126호 지번,"이태리 정통 빠네 빠네 안에 진한 크림과 베이컨, 양송이를 더한 파스타 (기본맛/매운맛)",12800
미태리 가산한라원앤원점,가산디지털2로 101 1층 126호 지번,고기고기 분모자 파스타 소고기의 풍미와 쫀득한 분모자가 어우러진 매콤한 파스타 핫불닭 / 핵불닭 중 선택,13800
미태리 가산한라원앤원점,가산디지털2로 101 1층 126호 지번,불닭 분모자 파스타 분모자와 강렬한 불닭 소스의 조합! 맵부심을 자극하는 파스타 핫불닭 / 핵불닭 중 선택,11800
미태리 가산한라원앤원점,가산디지털2로 101 1층 126호 지번,"커플세트 *구성: 파스타/리조또/필라프 택2+사이드 샘플러+에이드 택1(에이드, 탄산 변경 가능)",30800
미태리 가산한라원앤원점,가산디지털2로 101 1층 126호 지번,미태리 치즈피자 바삭한 도우에 치즈를 듬뿍 올린 정통 피자,9800
미태리 가산한라원앤원점,가산디지털2로 101 1층 126호 지번,미태리 페퍼로니 피자 바삭한 도우에 페퍼로니로 맛을 낸 정통 피자,11800
미태리 가산한라원앤원점,가산디지털2로 101 1층 126호 지번,미태리 고르곤졸라 피자 바삭한 도우에 고르곤졸라 치즈로 맛을 낸 정통 피자,11800
미태리 가산한라원앤원점,가산디지털2로 101 1층 126호 지번,미태리 갈릭 포테이토 피자 바삭한 도우에 감자튀김을 듬뿍 올려 갈릭 치즈로 맛을 낸 포테이토 피자,13800
미태리 가산한라원앤원점,가산디지털2로 101 1층 126호 지번,킹소세지 김치 볶음밥 커다란 킹소시지와 김치볶음밥의 완벽한 MIX MATCH!,11800
미태리 가산한라원앤원점,가산디지털2로 101 1층 126호 지번,소불고기 필라프 각종 야채와 소불고기로 맛을 낸 볶음밥,10800
미태리 가산한라원앤원점,가산디지털2로 101 1층 126호 지번,"크림 치즈 리조또 크림 리조또 위에 모짜렐라 치즈 듬뿍! 기본맛, 매운맛으로 다양하게 선택 가능합니다.",11800
미태리 가산한라원앤원점,가산디지털2로 101 1층 126호 지번,"토마토 치즈 리조또 토마토 리조또 위에 모짜렐라 치즈 듬뿍! 기본맛, 매운맛으로 다양하게 선택 가능합니다.",11800
미태리 가산한라원앤원점,가산디지털2로 101 1층 126호 지번,미태리 가든 샐러드,6800
미태리 가산한라원앤원점,가산디지털2로 101 1층 126호 지번,바게트빵2P,1000
미태리 가산한라원앤원점,가산디지털2로 101 1층 126호 지번,올데이세트 하루 종일 부담 없는 가격으로 더 풍성하게!(*구성: 메인 택2+피자 택1+에이드 택1),34800
미태리 가산한라원앤원점,가산디지털2로 101 1층 126호 지번,해쉬브라운1P,1800
미태리 가산한라원앤원점,가산디지털2로 101 1층 126호 지번,촉촉한 수제 마늘빵2P,2000
미태리 가산한라원앤원점,가산디지털2로 101 1층 126호 지번,크림 쏙~콘파이(3P),2000
미태리 가산한라원앤원점,가산디지털2로 101 1층 126호 지번,감자튀김,2800
미태리 가산한라원앤원점,가산디지털2로 101 1층 126호 지번,킹소시지 1P,2800
미태리 가산한라원앤원점,가산디지털2로 101 1층 126호 지번,우유 쏙~치즈볼(3P),3000
미태리 가산한라원앤원점,가산디지털2로 101 1층 126호 지번,버터 갈릭 감자튀김,3800
백만그릇파스타,디지털로 207 2층 지번,알리오올리오,10900
백만그릇파스타,디지털로 207 2층 지번,라구파스타,16400
백만그릇파스타,디지털로 207 2층 지번,베이컨로제파스타 크림의 고소함과 직접끓여만든 수제토마토소스가 어우러져 풍부한 로제맛이 나는 파스타입니다,12900
백만그릇파스타,디지털로 207 2층 지번,매콤크림파스타 매콤하게 진한 크림소스에 크러쉬드레드페퍼를 더했어요,13900
백만그릇파스타,디지털로 207 2층 지번,"불닭크림파스타 모두가 아는 ㅅㅇ불닭맛에 체다치즈와 버터풍미를 더한 , 그리고 구운탈각새우와.소세지",17900
백만그릇파스타,디지털로 207 2층 지번,우삼겹짬뽕파스타,12900
백만그릇파스타,디지털로 207 2층 지번,트러플 버섯크림리조또 향긋한 버섯과 구운감자가 올라간 토도독한 식감이 함께하는 리조또 입니다. 거기에 트러플오일,18000
백만그릇파스타,디지털로 207 2층 지번,라구리조또 매장에서 매일 직접 라구소스를 끓입니다. 진짜진한 라구소스와 토도독터지는 리조또의 식감,16400
백만그릇파스타,디지털로 207 2층 지번,베이컨크림리조또,12900
백만그릇파스타,디지털로 207 2층 지번,"쉬림프크림리조또 녹진한 크림과 구운새우, 고소한비율의 리조또입니다",12900
백만그릇파스타,디지털로 207 2층 지번,"베이컨필라프 구운베이컨과 양파,버섯- 특제소스로 맛을낸 필라프입니다",11900
백만그릇파스타,디지털로 207 2층 지번,"우삼겹필라프 불향가득한 우삼겹구이와 양파,버섯- 특제소스로 볶아낸 필라프입니다",13900
백만그릇파스타,디지털로 207 2층 지번,"정통 까르보나라 크림이 안들어간, 계란노른자와 그라나파다노치즈로 만들어낸 정통까르보나라 입니다.",17000
백만그릇파스타,디지털로 207 2층 지번,쉬림프 필라프,12900
백만그릇파스타,디지털로 207 2층 지번,소세지필라프,13900
백만그릇파스타,디지털로 207 2층 지번,미니해쉬프라운 (20p),4700
백만그릇파스타,디지털로 207 2층 지번,리코타치즈샐러드,12900
백만그릇파스타,디지털로 207 2층 지번,미니 치킨텐더 샐러드,4700
백만그릇파스타,디지털로 207 2층 지번,치킨텐더샐러드,12900
백만그릇파스타,디지털로 207 2층 지번,레드와인 하이볼,7500
백만그릇파스타,디지털로 207 2층 지번,화이트와인 하이볼,7500
백만그릇파스타,디지털로 207 2층 지번,잔 와인(레드),8000
백만그릇파스타,디지털로 207 2층 지번,잔 와인(화이트),8000
백만그릇파스타,디지털로 207 2층 지번,매콤크림리조또,13900
백만그릇파스타,디지털로 207 2층 지번,산토리 하이볼,6500
백만그릇파스타,디지털로 207 2층 지번,짐콕,6000
백만그릇파스타,디지털로 207 2층 지번,블루레몬 하이볼,6000
백만그릇파스타,디지털로 207 2층 지번,별빛청하,5800
백만그릇파스타,디지털로 207 2층 지번,청하,5800
백만그릇파스타,디지털로 207 2층 지번,참이슬 후레쉬,3000
백만그릇파스타,디지털로 207 2층 지번,우삼겹알리오올리오,13900
백만그릇파스타,디지털로 207 2층 지번,"트러플버섯크림파스타 향긋한 버섯과 꾸덕한크림, . 거기에 트러플오일 촤라략~",18000
백만그릇파스타,디지털로 207 2층 지번,볼로네제파스타 매장에서 직접 푹 끓인 진한라구소스와 토마토소스를 사용한 이탈리아의 전통적인 파스타입니다,16400
백만그릇파스타,디지털로 207 2층 지번,"쉬림프크림파스타 담백하게 구운 탈각새우와 진한크림소스, 그위에.그라나파다노치즈",13900
백만그릇파스타,디지털로 207 2층 지번,쉬림프로제파스타 크림의 고소함과 직접끓여만든 수제토마토소스가 어우러져 풍부한 로제맛이 나는 파스타입니다,13900
백만그릇파스타,디지털로 207 2층 지번,베이컨크림파스타 찐한 백만그릇파스타만의 크림소스와 구운베이컨,11900
피자EPP 구로가산점,가산로9길 12-8 1동 111호 지번,"EPP프리미엄 [P/1인용] 기본제공 피클1.치즈가루1,핫소스1 풍부한 토핑이 풍미 가득한, 피자 EPP를 대표하는 시그니처 메뉴",13800
피자EPP 구로가산점,가산로9길 12-8 1동 111호 지번,"감베리 핫 갈릭 크림 소스[P/1인용] 기본제공 피클1.치즈가루1,핫소스1 그 어디에서도 맛볼수 없는 EPP만의 진하고 매콤한 갈릭크림소스와 풍미 가득한 새우의 조합",13800
피자EPP 구로가산점,가산로9길 12-8 1동 111호 지번,"하와이안 치즈 [P/1인용] 기본제공 피클1.치즈가루1,핫소스1 달콤한 파인애플과 스테이크 베이컨. 누구나에게 친숙하죠~",12800
피자EPP 구로가산점,가산로9길 12-8 1동 111호 지번,"돈 불고기 [P/1인용] 기본제공 피클1.치즈가루1,핫소스1 돈육으로 맛있게 양념한 불고기 토핑과 각종 야채가 들어간 달콤 짭조름한 피자.",11800
피자EPP 구로가산점,가산로9길 12-8 1동 111호 지번,"슈퍼 콤보 [P/1인용] 기본제공 피클1.치즈가루1,핫소스1 오븐에 구워낸 미트 토핑과 페퍼로니,블랙올리브와 각종 야채가 어우러진 대한민국 대표피자메뉴.",13800
피자EPP 구로가산점,가산로9길 12-8 1동 111호 지번,"소 불고기와 풍기 [P/1인용] 기본제공 피클1.치즈가루1,핫소스1 아메리칸 소스에 담백하고 쫄깃한 버섯과 불고기, 구운 파프리카와 오레가노, 그라나 파다노 치즈",13800
피자EPP 구로가산점,가산로9길 12-8 1동 111호 지번,"파이브 치즈 [P/1인용] 기본제공 피클1.치즈가루1,핫소스1 치즈 마니아들을 위한 다섯가지 치즈 피자. 치즈의 퀄리티가 다른 프리미엄 치즈 피자",12800
피자EPP 구로가산점,가산로9길 12-8 1동 111호 지번,"더블 치즈 [R] 기본제공 피클1.갈릭소스1,치즈가루1,핫소스1 나는 그저 치즈만 있는 피자를 좋아할 뿐이다. 더블치즈 피자",18800
피자EPP 구로가산점,가산로9길 12-8 1동 111호 지번,"마가리타 [R] 기본제공 피클1.갈릭소스1,치즈가루1,핫소스1 심플해서 무겁지 않고 깔끔한 피자를 원한다면 프레쉬 모짜렐라와 생바질의 향긋함의 피자",19800
피자EPP 구로가산점,가산로9길 12-8 1동 111호 지번,"스위트 고구마 [R] 기본제공 피클1.갈릭소스1,치즈가루1,핫소스1 단순 하지만 강렬한 구운 고구마 맛이 바삭한 도우와 잘 어울리는 맛",21300
피자EPP 구로가산점,가산로9길 12-8 1동 111호 지번,"리얼 페퍼로니 [R] 기본제공 피클1.갈릭소스1,치즈가루1,핫소스1 아메리칸 스타일을 느끼기에 가장 많이 사랑받는 두툼한 페퍼로니가 듬뿍 들어간 피자",19800
피자EPP 구로가산점,가산로9길 12-8 1동 111호 지번,"하와이안 치즈 [R] 기본제공 피클1.갈릭소스1,치즈가루1,핫소스1 달콤한 파인애플과 스테이크 베이컨. 누구에게나 친숙하죠",22500
피자EPP 구로가산점,가산로9길 12-8 1동 111호 지번,"리얼 페퍼로니 [P/1인용] 기본제공 피클1.치즈가루1,핫소스1 아메리칸 스타일을 느끼기에 가장 많이 사랑받는 두툼한 페퍼로니가 듬뿍 들어간 피자",11800
피자EPP 구로가산점,가산로9길 12-8 1동 111호 지번,"스트링 포테이토 [R] 기본제공 피클1.갈릭소스1,치즈가루1,핫소스1 피자EPP만의 포테이토 피자 . 달콤 짬쪼름한 시즈닝과 스트링 포테이토, 베이컨의 환상의 조화.",21500
피자EPP 구로가산점,가산로9길 12-8 1동 111호 지번,"바질 마스카포네 치즈[R] 기본제공 피클1.갈릭소스1,치즈가루1,핫소스1 직접 갈아 만든 풍미 가득한 바질페스토와 진한 마스카포네 치즈의 깔끔하고 상쾌한 맛",22800
피자EPP 구로가산점,가산로9길 12-8 1동 111호 지번,"돈 불고기 [R] 기본제공 피클1.갈릭소스1,치즈가루1,핫소스1 돈육으로 맛있게 양념한 불고기 토핑과 각종 야채가 들어간 달콤 짭조름한 피자.",21800
피자EPP 구로가산점,가산로9길 12-8 1동 111호 지번,"슈퍼 콤보 [R] 기본제공 피클1.갈릭소스1,치즈가루1,핫소스1 오븐에 구워낸 미트 토핑과 페퍼로니,블랙올리브와 각종 야채가 어우러진 대한민국 대표피자메뉴.",21800
피자EPP 구로가산점,가산로9길 12-8 1동 111호 지번,"소 불고기와 풍기 [R] 기본제공 피클1.갈릭소스1,치즈가루1,핫소스1 아메리칸 소스에 담백하고 쫄깃한 버섯과 불고기 구운 파프리카와 ,그라나 파다노치즈",23800
피자EPP 구로가산점,가산로9길 12-8 1동 111호 지번,"파이브 치즈 [R] 기본제공 피클1.갈릭소스1,치즈가루1,핫소스1 치즈 마니아들을 위한 다섯가지 치즈 피자. 치즈의 퀄리티가 다른 프리미엄 치즈피자.",22800
피자EPP 구로가산점,가산로9길 12-8 1동 111호 지번,"감베리 핫 갈릭 크림 소스 [R] 기본제공 피클1.갈릭소스1,치즈가루1,핫소스1 그 어디에서도 맛볼수 없는 EPP만의 진하고 매콤한 갈릭크림소스와 풍미 가득한 새우의 조합",23800
피자EPP 구로가산점,가산로9길 12-8 1동 111호 지번,"포테이토&블로네제[R] 기본제공 피클1.갈릭소스1,치즈가루1,핫소스1 부드러운 라구소스를 베이스로 불고기와 포테이토 리코타 치즈가 자극적이지 않고 담백한 맛",23800
피자EPP 구로가산점,가산로9길 12-8 1동 111호 지번,"아메리칸 스파이시[R] 기본제공 피클1.갈릭소스1,치즈가루1,핫소스1 아메리칸 소스에 파마산 쉐레드와 페퍼로니, 통베이컨,구운파프리가 잘 어우러져 매콤한 맛",23800
피자EPP 구로가산점,가산로9길 12-8 1동 111호 지번,"EPP프리미엄 [R] 기본제공 피클1.갈릭소스1,치즈가루1,핫소스1 풍부한 토핑이 풍미 가득한, 피자 epp를 대표하는 시그니처 메뉴.",23800
피자EPP 구로가산점,가산로9길 12-8 1동 111호 지번,"바질 마스카포네 치즈[P/1인용] 기본제공 피클1,치즈가루1,핫소스1 직접 갈아 만든 풍미 가득한 바질페스토와 진한 마스카포네 치즈의 깔끔하고 상쾌한 맛",12800
피자EPP 구로가산점,가산로9길 12-8 1동 111호 지번,"더블 치즈 [L] 기본제공 피클1.갈릭소스1,치즈가루2,핫소스2 나는 그저 치즈만 있는 피자를 좋아할 뿐이다. 더블치즈 피자",25500
피자EPP 구로가산점,가산로9길 12-8 1동 111호 지번,"마가리타 [L] 기본제공 피클1.갈릭소스1,치즈가루2,핫소스2 심플해서 무겁지 않고 깔끔한 피자를 원한다면 프레쉬 모짜렐라와 생바질의 향긋함의 피자",26000
피자EPP 구로가산점,가산로9길 12-8 1동 111호 지번,"리얼 페퍼로니 [L] 기본제공 피클1.갈릭소스1,치즈가루2,핫소스2 아메리칸 스타일을 느끼기에 가장 많이 사랑받는 두툼한 페퍼로니가 듬뿍 들어간 피자",28800
피자EPP 구로가산점,가산로9길 12-8 1동 111호 지번,"스트링 포테이토 [L] 기본제공 피클1.갈릭소스1,치즈가루2,핫소스2 피자EPP만의 포테이토 피자. 달콤 짬쪼름한 시즈닝과 스트링 포테이토, 베이컨의 환상의 조화.",29500
피자EPP 구로가산점,가산로9길 12-8 1동 111호 지번,"하와이안 치즈 [L] 기본제공 피클1.갈릭소스1,치즈가루2,핫소스2 달콤한 파인애플과 스테이크 베이컨. 누구에게나 친숙하죠",30500
피자EPP 구로가산점,가산로9길 12-8 1동 111호 지번,"돈 불고기 [L] 기본제공 피클1.갈릭소스1,치즈가루2,핫소스2 돈육으로 맛있게 양념한 불고기 토핑과 각종 야채가 들어간 달콤 짭조름한 피자.",30800
피자EPP 구로가산점,가산로9길 12-8 1동 111호 지번,"슈퍼 콤보 [L] 기본제공 피클1.갈릭소스1,치즈가루2,핫소스2 오븐에 구워낸 미트 토핑과 페퍼로니,블랙올리브와 각종 야채가 어우러진 대한민국 대표피자메뉴.",30800
피자EPP 구로가산점,가산로9길 12-8 1동 111호 지번,"바질 마스카포네 치즈 [L] 기본제공 피클1.갈릭소스1,치즈가루2,핫소스2 직접 갈아 만든 풍미 가득한 바질페스토와 진한 마스카포네 치즈의 깔끔하고 상쾌한 맛",31000
피자EPP 구로가산점,가산로9길 12-8 1동 111호 지번,"소불고기와 풍기 [L] 기본제공 피클1.갈릭소스1,치즈가루2,핫소스2 아메리칸 소스에 담백하고 쫄깃한 버섯과 불고기 구운 파프리카 ,그라나 파다노치즈",32500
피자EPP 구로가산점,가산로9길 12-8 1동 111호 지번,"포테이토&볼로네제[P/1인용] 기본제공 피클1.치즈가루1,핫소스1 부드러운 라구소스를 베이스로 불고기와 포테이토, 리코타 치즈가 자극적이지 않고 담백한 맛",13800
피자EPP 구로가산점,가산로9길 12-8 1동 111호 지번,"파이브 치즈 [L] 기본제공 피클1.갈릭소스1,치즈가루2,핫소스2 치즈 마니아들을 위한 다섯가지 치즈 피자. 치즈의 퀄리티가 다른 프리미엄 치즈피자.",32500
피자EPP 구로가산점,가산로9길 12-8 1동 111호 지번,"감베리 핫 갈릭 크림 소스 [L] 기본제공 피클1.갈릭소스1,치즈가루2,핫소스2 그 어디에서도 맛볼수 없는 EPP만의 진하고 매콤한 갈릭크림소스와 풍미 가득한 새우의 조합",33800
피자EPP 구로가산점,가산로9길 12-8 1동 111호 지번,"포테이토&블로네제[L] 기본제공 피클1.갈릭소스1,치즈가루2,핫소스2 부드러운 라구소스를 베이스로 불고기와 포테이토 리코타 치즈가 자극적이지 않고 담백한 맛",33800
피자EPP 구로가산점,가산로9길 12-8 1동 111호 지번,"아메리칸 스파이시[L] 기본제공 피클1.갈릭소스1,치즈가루2,핫소스2 아메리칸 소스에 파마산 쉐레드와 페퍼로니, 통베이컨,구운파프리가 잘 어우러져 매콤한 맛",33800
피자EPP 구로가산점,가산로9길 12-8 1동 111호 지번,"EPP프리미엄 [L] 기본제공 피클1.갈릭소스1,치즈가루2,핫소스2 풍부한 토핑이 풍미 가득한, 피자 epp를 대표하는 시그니처 메뉴.",33800
피자EPP 구로가산점,가산로9길 12-8 1동 111호 지번,고르곤졸라 버섯크림 생크림 소스와 깊은 풍미를 위 고르곤졸라 치즈가 더해진 풍미 가득한 스파게티,9800
한남동 파스타,시흥대로128길 10 지상1층(독산동) 지번,오징어 먹물 파스타 먹물의 고소함을 이제는 집에서 편안하게 마음껏 드세요~,13900
한남동 파스타,시흥대로128길 10 지상1층(독산동) 지번,"민 오일 파스타(베이컨,새우가 없는 오일 파스타 에요) 오직 마늘만으로 풍미를 극대화한~ 새우, 베이컨은 없어요",9500
한남동 파스타,시흥대로128길 10 지상1층(독산동) 지번,[리뷰] 치즈볼2개 메뉴 1개당 리뷰 1개씩 주문 가능합니다~ ex)1메뉴 & 1리뷰 2메뉴 & 2리뷰,500
한남동 파스타,시흥대로128길 10 지상1층(독산동) 지번,[리뷰] 해쉬브라운 2개 메뉴 1개당 리뷰 1개씩 주문 가능합니다~ ex)1메뉴 & 1리뷰 2메뉴 & 2리뷰,500
한남동 파스타,시흥대로128길 10 지상1층(독산동) 지번,[리뷰] 코카콜라 355ml 메뉴 1개당 리뷰 1개씩 주문 가능합니다~ ex)1메뉴 & 1리뷰 2메뉴 & 2리뷰,500
한남동 파스타,시흥대로128길 10 지상1층(독산동) 지번,[리뷰] 제로콜라 355ml 메뉴 1개당 리뷰 1개씩 주문 가능합니다~ ex)1메뉴 & 1리뷰 2메뉴 & 2리뷰,500
한남동 파스타,시흥대로128길 10 지상1층(독산동) 지번,[리뷰] 사이다 355ml 메뉴 1개당 리뷰 1개씩 주문 가능합니다~ ex)1메뉴 & 1리뷰 2메뉴 & 2리뷰,500
한남동 파스타,시흥대로128길 10 지상1층(독산동) 지번,오믈렛 파스타 파스타에 올라가는 계란 이불 파스타~,13500
한남동 파스타,시흥대로128길 10 지상1층(독산동) 지번,크림 파스타(베이컨) 순한맛 : 순해요 중간맛 : 신라면 맵기 매운맛 : 불닭볶음면 맵기 매운 정도는 주관적이니.. 참고만 하시길 바랍니다~,11500
한남동 파스타,시흥대로128길 10 지상1층(독산동) 지번,크림 파스타(쉬림프) 순한맛 : 순해요 중간맛 : 신라면 맵기 매운맛 : 불닭볶음면 맵기 매운 정도는 주관적이니.. 참고만 하시길 바랍니다~,12500
한남동 파스타,시흥대로128길 10 지상1층(독산동) 지번,크림 파스타(게살) 순한맛 : 순해요 중간맛 : 신라면 맵기 매운맛 : 불닭볶음면 맵기 매운 정도는 주관적이니.. 참고만 하시길 바랍니다~,12500
한남동 파스타,시흥대로128길 10 지상1층(독산동) 지번,매콤 크림 파스타(베이컨) 매콤 크림이라 순한맛도 살짝 매콤 해요,11500
한남동 파스타,시흥대로128길 10 지상1층(독산동) 지번,투움바 파스타 순한맛도 살짝 매콤해요,13500
한남동 파스타,시흥대로128길 10 지상1층(독산동) 지번,매콤 크림 파스타(쉬림프) 매콤 크림이라 순한맛도 살짝 매콤 해요,12500
한남동 파스타,시흥대로128길 10 지상1층(독산동) 지번,매콤 크림 파스타(게살) 매콤 크림이라 순한맛도 살짝 매콤 해요,12500
한남동 파스타,시흥대로128길 10 지상1층(독산동) 지번,바질 크림 파스타(베이컨) 순한맛 : 순해요 중간맛 : 신라면 맵기 매운맛 : 불닭볶음면 맵기 매운 정도는 주관적이니.. 참고만 하시길 바랍니다~,12500
한남동 파스타,시흥대로128길 10 지상1층(독산동) 지번,바질 크림 파스타(쉬림프) 순한맛 : 순해요 중간맛 : 신라면 맵기 매운맛 : 불닭볶음면 맵기 매운 정도는 주관적이니.. 참고만 하시길 바랍니다~,13500
한남동 파스타,시흥대로128길 10 지상1층(독산동) 지번,오일 파스타(베이컨) 순한맛 : 순해요 중간맛 : 신라면 맵기 매운맛 : 불닭볶음면 맵기 매운 정도는 주관적이니.. 참고만 하시길 바랍니다~,11500
한남동 파스타,시흥대로128길 10 지상1층(독산동) 지번,오일 파스타(쉬림프) 순한맛 : 순해요 중간맛 : 신라면 맵기 매운맛 : 불닭볶음면 맵기 매운 정도는 주관적이니.. 참고만 하시길 바랍니다~,12500
한남동 파스타,시흥대로128길 10 지상1층(독산동) 지번,바질 오일 파스타(베이컨) 순한맛 : 순해요 중간맛 : 신라면 맵기 매운맛 : 불닭볶음면 맵기 매운 정도는 주관적이니.. 참고만 하시길 바랍니다~,12500
한남동 파스타,시흥대로128길 10 지상1층(독산동) 지번,바질 오일 파스타(쉬림프) 순한맛 : 순해요 중간맛 : 신라면 맵기 매운맛 : 불닭볶음면 맵기 매운 정도는 주관적이니.. 참고만 하시길 바랍니다~,13500
한남동 파스타,시흥대로128길 10 지상1층(독산동) 지번,토마토 파스타(베이컨) 순한맛 : 순해요 중간맛 : 신라면 맵기 매운맛 : 불닭볶음면 맵기 매운 정도는 주관적이니.. 참고만 하시길 바랍니다~,11500
한남동 파스타,시흥대로128길 10 지상1층(독산동) 지번,토마토 파스타(쉬림프) 순한맛 : 순해요 중간맛 : 신라면 맵기 매운맛 : 불닭볶음면 맵기 매운 정도는 주관적이니.. 참고만 하시길 바랍니다~,12500
한남동 파스타,시흥대로128길 10 지상1층(독산동) 지번,오일에 재운 목살 야채 구이(1~2인분) 올리브 오일에 재운 목살과 목살 기름에 구운 각종 야채들을 한번에 만나 보세요~,15400
한남동 파스타,시흥대로128길 10 지상1층(독산동) 지번,로제 파스타(베이컨) 순한맛 : 순해요 중간맛 : 신라면 맵기 매운맛 : 불닭볶음면 맵기 매운 정도는 주관적이니.. 참고만 하시길 바랍니다~,11500
한남동 파스타,시흥대로128길 10 지상1층(독산동) 지번,로제 파스타(쉬림프) 순한맛 : 순해요 중간맛 : 신라면 맵기 매운맛 : 불닭볶음면 맵기 매운 정도는 주관적이니.. 참고만 하시길 바랍니다~,12500
한남동 파스타,시흥대로128길 10 지상1층(독산동) 지번,크림 리조또(베이컨) 순한맛 : 순해요 중간맛 : 신라면 맵기 매운맛 : 불닭볶음면 맵기 매운 정도는 주관적이니.. 참고만 하시길 바랍니다~,11500
한남동 파스타,시흥대로128길 10 지상1층(독산동) 지번,크림 리조또(쉬림프) 순한맛 : 순해요 중간맛 : 신라면 맵기 매운맛 : 불닭볶음면 맵기 매운 정도는 주관적이니.. 참고만 하시길 바랍니다~,12500
한남동 파스타,시흥대로128길 10 지상1층(독산동) 지번,매콤 크림 리조또(베이컨) 순한맛 : 살짝 매콤해요 중간맛 : 신라면 맵기 매운맛 : 불닭볶음면 맵기 매운 정도는 주관적이니.. 참고만 하시길 바랍니다~,11500
한남동 파스타,시흥대로128길 10 지상1층(독산동) 지번,매콤 크림 리조또(쉬림프) 순한맛 : 살짝 매콤해요 중간맛 : 신라면 맵기 매운맛 : 불닭볶음면 맵기 매운 정도는 주관적이니.. 참고만 하시길 바랍니다~,12500
한남동 파스타,시흥대로128길 10 지상1층(독산동) 지번,로제 리조또(베이컨) &통통한 새우와 한남동만의 특제 로제 소스의 만남&,11500
한남동 파스타,시흥대로128길 10 지상1층(독산동) 지번,로제 리조또(쉬림프) &통통한 새우와 한남동만의 특제 로제 소스의 만남&,12500
한남동 파스타,시흥대로128길 10 지상1층(독산동) 지번,필라프(베이컨) 순한맛 : 순해요 중간맛 : 신라면 맵기 매운맛 : 불닭볶음면 맵기 매운 정도는 주관적이니.. 참고만 하시길 바랍니다~,11500
한남동 파스타,시흥대로128길 10 지상1층(독산동) 지번,필라프(스팸) 순한맛 : 순해요 중간맛 : 신라면 맵기 매운맛 : 불닭볶음면 맵기 매운 정도는 주관적이니.. 참고만 하시길 바랍니다~,12000
한남동 파스타,시흥대로128길 10 지상1층(독산동) 지번,명란 크림 파스타(베이컨) 순한맛 : 순해요 중간맛 : 신라면 맵기 매운맛 : 불닭볶음면 맵기 매운 정도는 주관적이니.. 참고만 하시길 바랍니다~,12500
한남동 파스타,시흥대로128길 10 지상1층(독산동) 지번,필라프(쉬림프) 순한맛 : 순해요 중간맛 : 신라면 맵기 매운맛 : 불닭볶음면 맵기 매운 정도는 주관적이니.. 참고만 하시길 바랍니다~,12500
한남동 파스타,시흥대로128길 10 지상1층(독산동) 지번,필라프(목살) 순한맛 : 순해요 중간맛 : 신라면 맵기 매운맛 : 불닭볶음면 맵기 매운 정도는 주관적이니.. 참고만 하시길 바랍니다~,12500
한남동 파스타,시흥대로128길 10 지상1층(독산동) 지번,파스타 & 사이드 파스타와 사이드의 든든한 1인 세트,13900
한남동 파스타,시흥대로128길 10 지상1층(독산동) 지번,리조또 & 사이드 리조또와 사이드의 든든한 1인 세트,13900
한남동 파스타,시흥대로128길 10 지상1층(독산동) 지번,필라프 & 사이드 필라프와 사이드의 든든한 1인 세트,13900
한남동 파스타,시흥대로128길 10 지상1층(독산동) 지번,파스타 & 파스타,22500
인크커피 가산점,가산디지털2로 127-20 지번,인크슈페너,7500
인크커피 가산점,가산디지털2로 127-20 지번,럼배럴 크림커피,6800
인크커피 가산점,가산디지털2로 127-20 지번,카페라떼,5800
인크커피 가산점,가산디지털2로 127-20 지번,바닐라빈 라떼,6500
인크커피 가산점,가산디지털2로 127-20 지번,카페모카,6500
인크커피 가산점,가산디지털2로 127-20 지번,연유라떼,6500
인크커피 가산점,가산디지털2로 127-20 지번,쿠키앤크림 블렌디드,7500
인크커피 가산점,가산디지털2로 127-20 지번,제주 한라봉 블렌디드,7500
인크커피 가산점,가산디지털2로 127-20 지번,자몽에이드,7500
인크커피 가산점,가산디지털2로 127-20 지번,청포도 라임 에이드,7500
인크커피 가산점,가산디지털2로 127-20 지번,콰테말라 럼배럴 DRIP COFFEE,8000
인크커피 가산점,가산디지털2로 127-20 지번,에티오피아 예가체프 코케허니내츄럴G1 DRIP COFFEE,6500
인크커피 가산점,가산디지털2로 127-20 지번,론 자카파 밀크 럼의 왕 '자카파' 오크통에 생두를 숙성한 커피와 우유,8000
인크커피 가산점,가산디지털2로 127-20 지번,초코 라떼,6800
인크커피 가산점,가산디지털2로 127-20 지번,제주 말차 라떼,6800
인크커피 가산점,가산디지털2로 127-20 지번,밀크티,6800
인크커피 가산점,가산디지털2로 127-20 지번,"겐마이차 GRREN TEA_ 현미, 녹차",5800
인크커피 가산점,가산디지털2로 127-20 지번,"얼그레이 리저브 BLACK TEA_ 천연 베르가못 오일, 홍차",5800
인크커피 가산점,가산디지털2로 127-20 지번,크림슨펀치,5800
인크커피 가산점,가산디지털2로 127-20 지번,세레니티,5800
인크커피 가산점,가산디지털2로 127-20 지번,"피치우롱 OOLONG TEA_ 천연 복숭아오일, 포모사우롱찻잎, 마리골드 꽃잎",5800
인크커피 가산점,가산디지털2로 127-20 지번,럼배럴 아메리카노 럼배럴의 진한 풍미와 달콤함을 느낄 수 있는 독특한 커피,6800
인크커피 가산점,가산디지털2로 127-20 지번,럼배럴 카페라떼 럼배럴의 독특한 커피와 우유,6800
인크커피 가산점,가산디지털2로 127-20 지번,문경사과주스,7500
인크커피 가산점,가산디지털2로 127-20 지번,시트러스주스,7500
인크커피 가산점,가산디지털2로 127-20 지번,아메리카노,5400
인크커피 가산점,가산디지털2로 127-20 지번,에스프레소,5400
인크커피 가산점,가산디지털2로 127-20 지번,플랫화이트,5800
우지커피 독산시티렉스점,시흥대로 399 지상1층 103호 지번,HOT 아메리카노,1800
우지커피 독산시티렉스점,시흥대로 399 지상1층 103호 지번,ICE 아메리카노,2000
우지커피 독산시티렉스점,시흥대로 399 지상1층 103호 지번,연유큐브라떼,4100
우지커피 독산시티렉스점,시흥대로 399 지상1층 103호 지번,아이스크림라떼,3900
우지커피 독산시티렉스점,시흥대로 399 지상1층 103호 지번,바닐라크림콜드브루,4800
우지커피 독산시티렉스점,시흥대로 399 지상1층 103호 지번,망고오렌망,3700
우지커피 독산시티렉스점,시흥대로 399 지상1층 103호 지번,복숭아아이스티,3000
우지커피 독산시티렉스점,시흥대로 399 지상1층 103호 지번,석류아이스티,3000
우지커피 독산시티렉스점,시흥대로 399 지상1층 103호 지번,리얼딸기라떼,3700
우지커피 독산시티렉스점,시흥대로 399 지상1층 103호 지번,리얼블루베리라떼,4000
우지커피 독산시티렉스점,시흥대로 399 지상1층 103호 지번,리얼초코라떼,4200
우지커피 독산시티렉스점,시흥대로 399 지상1층 103호 지번,얼그레이초코라떼,3900
우지커피 독산시티렉스점,시흥대로 399 지상1층 103호 지번,디카페인 HOT 아메리카노,2800
우지커피 독산시티렉스점,시흥대로 399 지상1층 103호 지번,스크류딸기스무디,3900
우지커피 독산시티렉스점,시흥대로 399 지상1층 103호 지번,딸기요거트스무디,3900
우지커피 독산시티렉스점,시흥대로 399 지상1층 103호 지번,플레인요거트스무디,3900
우지커피 독산시티렉스점,시흥대로 399 지상1층 103호 지번,망고요거트스무디,3900
우지커피 독산시티렉스점,시흥대로 399 지상1층 103호 지번,더블커피칩프라페,4300
우지커피 독산시티렉스점,시흥대로 399 지상1층 103호 지번,율무크림프라페,3900
우지커피 독산시티렉스점,시흥대로 399 지상1층 103호 지번,오레오프라페,3900
우지커피 독산시티렉스점,시흥대로 399 지상1층 103호 지번,딸기오레오프라페,3900
우지커피 독산시티렉스점,시흥대로 399 지상1층 103호 지번,자바칩프라페,3900
우지커피 독산시티렉스점,시흥대로 399 지상1층 103호 지번,레몬생강차,3500
우지커피 독산시티렉스점,시흥대로 399 지상1층 103호 지번,디카페인 ICE 아메리카노,3000
우지커피 독산시티렉스점,시흥대로 399 지상1층 103호 지번,레몬차,3500
우지커피 독산시티렉스점,시흥대로 399 지상1층 103호 지번,얼그레이레몬차,3500
우지커피 독산시티렉스점,시흥대로 399 지상1층 103호 지번,모히또레몬홍차,3700
우지커피 독산시티렉스점,시흥대로 399 지상1층 103호 지번,애플히비스커스,3500
우지커피 독산시티렉스점,시흥대로 399 지상1층 103호 지번,라임모히또,3900
우지커피 독산시티렉스점,시흥대로 399 지상1층 103호 지번,체리콕,3300
우지커피 독산시티렉스점,시흥대로 399 지상1층 103호 지번,딥카페라떼,3300
우지커피 독산시티렉스점,시흥대로 399 지상1층 103호 지번,피넛크림라떼,4300
우지커피 독산시티렉스점,시흥대로 399 지상1층 103호 지번,우지믹스커피,2700
우지커피 독산시티렉스점,시흥대로 399 지상1층 103호 지번,카라멜마끼야또,3500
우지커피 독산시티렉스점,시흥대로 399 지상1층 103호 지번,시나몬슈가카푸치노,3500
우지커피 독산시티렉스점,시흥대로 399 지상1층 103호 지번,바닐라라떼,3500
아로케,디지털로 121 1층 105호 AROKE 지번,뺑오 쇼콜라 프랑스산 발로나 초코스틱과 발로나 코코아파우더로 더욱 깊은 풍미의 뺑오쇼콜라,4500
아로케,디지털로 121 1층 105호 AROKE 지번,"라즈베리 맘모스 고소한 버터크림과 상큼한 라즈베리쨈, 고급진 보늬밤과 호두가 들어간 맘모스빵",5500
아로케,디지털로 121 1층 105호 AROKE 지번,콜드브루 라떼 차가운 물로 천천히 추출한 콜드브루 원액에 우유가 들어가서 부드러운 커피,5200
아로케,디지털로 121 1층 105호 AROKE 지번,콜드브루 꿀 라떼(ice) 수제 크림베이스에 꿀이 들어가 달달하게 드실 수 있는 라떼,5900
아로케,디지털로 121 1층 105호 AROKE 지번,리얼초코라떼 깔리바우트 초콜렛을 넣어 직접 끓여 만든 베이스가 들어간 진한 초코음료,5400
아로케,디지털로 121 1층 105호 AROKE 지번,말차라떼 제주 유기농 녹차로 직접 만든 베이스가 들어간 말차 음료,5400
아로케,디지털로 121 1층 105호 AROKE 지번,"밀크티 아쌈, 얼그레이차를 직접 끓여 만들어 진한 풍미가 느껴지는 홍차라떼",5400
아로케,디지털로 121 1층 105호 AROKE 지번,미숫가루라떼 11가지 곡물이 들어가 식사대용으로도 든든하게 드실 수 있는 음료,4900
아로케,디지털로 121 1층 105호 AROKE 지번,고구마라떼 남녀노소 누구나 좋아하는 달콤한 고구마로 만든 라떼,5400
아로케,디지털로 121 1층 105호 AROKE 지번,딸기라떼(ice) 수제딸기청에 꿀우유를 베이스로 한 딸기음료,4900
아로케,디지털로 121 1층 105호 AROKE 지번,"핑크레몬에이드 상큼한 레몬청에 히비스커스, 파인애플이 들어간 티가 어우러진 청량한 에이드",6200
아로케,디지털로 121 1층 105호 AROKE 지번,모과에이드 은은한 모과향이 나는 달달한 에이드,5600
아로케,디지털로 121 1층 105호 AROKE 지번,수정과라떼 수정과의 계피향이 은은하게 느껴지는 달콤한 라떼,4600
아로케,디지털로 121 1층 105호 AROKE 지번,수정과사과에이드 수정과베이스에 상큼한 사과가 들어간 에이드,5600
아로케,디지털로 121 1층 105호 AROKE 지번,딸기요거트 프라페 요거트를 얼음과 갈아서 만든 스무디에 새콤한 딸기가 들어간 음료,6600
아로케,디지털로 121 1층 105호 AROKE 지번,망고요거트 프라페 요거트를 얼음과 갈아서 만든 스무디에 망고베이스가 들어간 음료,6600
아로케,디지털로 121 1층 105호 AROKE 지번,블루베리요거트 프라페 요거트를 얼음과 갈아서 만든 스무디에 블루베리베이스가 들어간 음료,6600
아로케,디지털로 121 1층 105호 AROKE 지번,초코 프라페 초코칩을 얼음과 같이 갈아서 만든 진한 초코음료,6200
아로케,디지털로 121 1층 105호 AROKE 지번,어텀브리즈 아로케만의 자체 블레딩으로 만든 달지 않고 향긋한 티,4800
아로케,디지털로 121 1층 105호 AROKE 지번,루이보스,4200
아로케,디지털로 121 1층 105호 AROKE 지번,페퍼민트,4200
아로케,디지털로 121 1층 105호 AROKE 지번,유자베리티 유자청에 라즈베리티가 들어가 상큼달달한 티베리에이션 음료,5200
아로케,디지털로 121 1층 105호 AROKE 지번,캐모애플 사과베이스에 캐모마일 티가 들어간 티베리에이션 음료,5500
아로케,디지털로 121 1층 105호 AROKE 지번,스페셜티 아메리카노 직접 로스팅한 아로케 블렌드 원두 선택 가능,3700
아로케,디지털로 121 1층 105호 AROKE 지번,황도 아이스티(ice) 황도복숭아가 들어간 달콤하고 시원한 아이스 음료,4200
아로케,디지털로 121 1층 105호 AROKE 지번,오미자차 면역력에 좋은 새콤달콤한 전통차,4300
아로케,디지털로 121 1층 105호 AROKE 지번,쌀 아이스크림,4200
아로케,디지털로 121 1층 105호 AROKE 지번,크로와상 프랑스산 최고급 발효버터와 밀가루를 사용한 깊은 풍미의 프랑스 크로와상,3900
아로케,디지털로 121 1층 105호 AROKE 지번,아몬드 크로와상 아몬드 리큐르를 넣어 더욱 깊은 고소한 맛의 바삭한 크로와상,5200
아로케,디지털로 121 1층 105호 AROKE 지번,라즈베리 크로와상 상큼한 수제 라즈베리쨈과 고소한 아몬드크림이 가득 들어간 바삭한 크로와상,5200
아로케,디지털로 121 1층 105호 AROKE 지번,카스테라 크로와상 동물성 생크림의 깊은 우유 맛의 크림으로 속을 채워 보드라운 카스테라 가루가 가득 묻혀있는 크로와상,4500
아로케,디지털로 121 1층 105호 AROKE 지번,단팥빵 고소한 호두와 팥앙금이 가득 찬 쫄깃한 단팥빵,2800
아로케,디지털로 121 1층 105호 AROKE 지번,생크림 단팥빵 100% 동물성 생크림과 달달한 호두팥앙금의 조화,3500
아로케,디지털로 121 1층 105호 AROKE 지번,소금빵 담백하고 고소한 버터향이 가득한 아로케의 베스트 메뉴,2800
아로케,디지털로 121 1층 105호 AROKE 지번,카페라떼 진한 에스프레소에 우유가 들어가 부드러운 커피,4200
아로케,디지털로 121 1층 105호 AROKE 지번,모카 소금빵 진한 커피향의 바삭한 모카피와 한입 베어물면 버터풍미가 가득 느껴지는 소금빵,3500
아로케,디지털로 121 1층 105호 AROKE 지번,감자치즈 베이글 고소한 메쉬 포테이토에 톡톡 터지는 옥수수가 들어간 든든한 베이글,4200
아로케,디지털로 121 1층 105호 AROKE 지번,"피자 베이글 페퍼로니와 블랙올리브, 할라피뇨와 치즈까지 들어간 피자베이글",4500
아로케,디지털로 121 1층 105호 AROKE 지번,햄치즈 에그마요 샌드위치 매일 아침 생산하는 크로와상에 수제 에그마요 샐러드가 가득 들어가 한끼 식사로도 든든한 햄치즈 에그마요 크로와상,6200
아로케,디지털로 121 1층 105호 AROKE 지번,햄치즈 에그마요 샌드위치 세트 햄치즈 에그마요 크로와상 + 아메리카노 세트,8910
아로케,디지털로 121 1층 105호 AROKE 지번,유자 퀸아망 바삭한 퀸아망에 달콤한 화이트 초코와 유자의 조화,5200
카페 스미다,벚꽃로 298 대륭포스트타워6차 B143호 지번,아메리카노,4300
카페 스미다,벚꽃로 298 대륭포스트타워6차 B143호 지번,플랫화이트,5200
카페 스미다,벚꽃로 298 대륭포스트타워6차 B143호 지번,리얼밀크티,6500
카페 스미다,벚꽃로 298 대륭포스트타워6차 B143호 지번,달고나밀크티,6800
카페 스미다,벚꽃로 298 대륭포스트타워6차 B143호 지번,감기라떼 생강+대추+도라지+꿀+배를 직접 달여 만든 웰빙 라떼,6800
카페 스미다,벚꽃로 298 대륭포스트타워6차 B143호 지번,더치커피,5500
카페 스미다,벚꽃로 298 대륭포스트타워6차 B143호 지번,더치라떼,6000
카페 스미다,벚꽃로 298 대륭포스트타워6차 B143호 지번,리얼딸기우유,6800
카페 스미다,벚꽃로 298 대륭포스트타워6차 B143호 지번,다크쇼콜라라떼,6000
카페 스미다,벚꽃로 298 대륭포스트타워6차 B143호 지번,패션망고에이드,6500
카페 스미다,벚꽃로 298 대륭포스트타워6차 B143호 지번,청포도살롱에이드,6500
카페 스미다,벚꽃로 298 대륭포스트타워6차 B143호 지번,콜롬비아,7500
카페 스미다,벚꽃로 298 대륭포스트타워6차 B143호 지번,카푸치노,5200
카페 스미다,벚꽃로 298 대륭포스트타워6차 B143호 지번,과테말라,7500
카페 스미다,벚꽃로 298 대륭포스트타워6차 B143호 지번,예가체프,7500
카페 스미다,벚꽃로 298 대륭포스트타워6차 B143호 지번,레몬차,5800
카페 스미다,벚꽃로 298 대륭포스트타워6차 B143호 지번,자몽차,5800
카페 스미다,벚꽃로 298 대륭포스트타워6차 B143호 지번,레몬후르츠,6000
카페 스미다,벚꽃로 298 대륭포스트타워6차 B143호 지번,애플레몬,6000
카페 스미다,벚꽃로 298 대륭포스트타워6차 B143호 지번,스미다차,6000
카페 스미다,벚꽃로 298 대륭포스트타워6차 B143호 지번,감기차 생강+대추+도라지+꿀+배,5300
카페 스미다,벚꽃로 298 대륭포스트타워6차 B143호 지번,레드몽 히비스커스+자몽,6000
카페 스미다,벚꽃로 298 대륭포스트타워6차 B143호 지번,허니자몽블랙,6000
카페 스미다,벚꽃로 298 대륭포스트타워6차 B143호 지번,카페라떼,5200
카페 스미다,벚꽃로 298 대륭포스트타워6차 B143호 지번,페퍼민트,5500
카페 스미다,벚꽃로 298 대륭포스트타워6차 B143호 지번,캐모마일,5500
카페 스미다,벚꽃로 298 대륭포스트타워6차 B143호 지번,히비스커스,5500
카페 스미다,벚꽃로 298 대륭포스트타워6차 B143호 지번,유기농 루이보스,5500
카페 스미다,벚꽃로 298 대륭포스트타워6차 B143호 지번,바닐라 루이보스,5000
카페 스미다,벚꽃로 298 대륭포스트타워6차 B143호 지번,로즈레몬,5300
카페 스미다,벚꽃로 298 대륭포스트타워6차 B143호 지번,스윗 루바브,6500
카페 스미다,벚꽃로 298 대륭포스트타워6차 B143호 지번,블랙베리&라즈베리,6500
카페 스미다,벚꽃로 298 대륭포스트타워6차 B143호 지번,얼그레이,5500
카페 스미다,벚꽃로 298 대륭포스트타워6차 B143호 지번,티라미수,7000
카페 스미다,벚꽃로 298 대륭포스트타워6차 B143호 지번,카라멜 마끼아또,5500
카페 스미다,벚꽃로 298 대륭포스트타워6차 B143호 지번,과일&패션커드 파블로바,13800
카페 스미다,벚꽃로 298 대륭포스트타워6차 B143호 지번,누텔라&오레오 파블로바,13800
카페 스미다,벚꽃로 298 대륭포스트타워6차 B143호 지번,아이리쉬커피,8000
카페 스미다,벚꽃로 298 대륭포스트타워6차 B143호 지번,뱅쇼,8000
카페 스미다,벚꽃로 298 대륭포스트타워6차 B143호 지번,카페모카,5500
카페 스미다,벚꽃로 298 대륭포스트타워6차 B143호 지번,아인슈패너,5500
카페 스미다,벚꽃로 298 대륭포스트타워6차 B143호 지번,크림모카,6300
카페 스미다,벚꽃로 298 대륭포스트타워6차 B143호 지번,빠삭달고나라떼,5500
카페 스미다,벚꽃로 298 대륭포스트타워6차 B143호 지번,리얼바닐라빈라떼 마다가르카산 바닐라빈을 직접 갈아서 사용합니다.,6300
커피사피엔스 가산 한라원앤원점,가산디지털2로 101 1층 119호 지번,"[패스오더전용] 아메리카노 패스오더 앱 설치하면, 최소 주문 금액 없이 에 커피 주문+1,500원 쿠폰까지",100
커피사피엔스 가산 한라원앤원점,가산디지털2로 101 1층 119호 지번,[패스오더전용] 아메리카노,100
커피사피엔스 가산 한라원앤원점,가산디지털2로 101 1층 119호 지번,"패스오더 앱 설치하면, 최소 주문 금액 없이 에 커피 주문+1,500원 쿠폰까지",100
커피사피엔스 가산 한라원앤원점,가산디지털2로 101 1층 119호 지번,아메리카노 A원두 : 부드러운 산미 / B원두 : 고소한,2000
커피사피엔스 가산 한라원앤원점,가산디지털2로 101 1층 119호 지번,연딸 라떼 수제딸기청과 수제연유베이스로 제조한 딸기크런치가 톡톡 씹히는 라떼,5300
커피사피엔스 가산 한라원앤원점,가산디지털2로 101 1층 119호 지번,킹아샷추 1리터 대용량 아이스티+2샷,4800
커피사피엔스 가산 한라원앤원점,가산디지털2로 101 1층 119호 지번,햄프씨드 크림샷 라떼 라떼 위 수제 햄프씨드 고소 달달 생크림 투척,4300
커피사피엔스 가산 한라원앤원점,가산디지털2로 101 1층 119호 지번,피스차피오 크림라떼 라떼위 수제 피스타치오 생크림,4800
커피사피엔스 가산 한라원앤원점,가산디지털2로 101 1층 119호 지번,단호박 크림라떼 단호박 라떼위 수제 생크림,4800
커피사피엔스 가산 한라원앤원점,가산디지털2로 101 1층 119호 지번,로투스 크림라떼 로투스 액상+ 분태 라떼와 사피엔스 수제 생크림이 올라간 시그니처 메뉴,4800
커피사피엔스 가산 한라원앤원점,가산디지털2로 101 1층 119호 지번,옛다커피 옛날 다방커피 스무디,4000
커피사피엔스 가산 한라원앤원점,가산디지털2로 101 1층 119호 지번,오트라떼 건강한 오트밀 라떼,4000
커피사피엔스 가산 한라원앤원점,가산디지털2로 101 1층 119호 지번,꿀라떼,3800
커피사피엔스 가산 한라원앤원점,가산디지털2로 101 1층 119호 지번,바닐라라떼,3800
커피사피엔스 가산 한라원앤원점,가산디지털2로 101 1층 119호 지번,해장 꿀 토마토주스 해장에 좋은 국내산 벌꿀이 함유된 신선 토마토 주스,4800
커피사피엔스 가산 한라원앤원점,가산디지털2로 101 1층 119호 지번,카페라떼,3300
커피사피엔스 가산 한라원앤원점,가산디지털2로 101 1층 119호 지번,헤이즐라떼,3800
커피사피엔스 가산 한라원앤원점,가산디지털2로 101 1층 119호 지번,카페모카,3800
커피사피엔스 가산 한라원앤원점,가산디지털2로 101 1층 119호 지번,캬라멜 마끼야또 디카페인 변경 가능,3800
커피사피엔스 가산 한라원앤원점,가산디지털2로 101 1층 119호 지번,카푸치노 디카페인 변경가능,4300
커피사피엔스 가산 한라원앤원점,가산디지털2로 101 1층 119호 지번,햄프씨드 라떼 세계 6대 슈퍼푸드 햄프씨드와 우유의 조화,3500
커피사피엔스 가산 한라원앤원점,가산디지털2로 101 1층 119호 지번,그냥 딸기라떼 수제 딸기청으로 제조한 딸기라떼,4800
커피사피엔스 가산 한라원앤원점,가산디지털2로 101 1층 119호 지번,말차넛 라떼 말차와 토피넛 커피의 조합,4800
커피사피엔스 가산 한라원앤원점,가산디지털2로 101 1층 119호 지번,토피넛라떼,3800
커피사피엔스 가산 한라원앤원점,가산디지털2로 101 1층 119호 지번,초코넛라떼 토피넛과 초코의 조합,4800
커피사피엔스 가산 한라원앤원점,가산디지털2로 101 1층 119호 지번,아샷추 아이스티 + 1샷,3500
커피사피엔스 가산 한라원앤원점,가산디지털2로 101 1층 119호 지번,초코라떼,3800
커피사피엔스 가산 한라원앤원점,가산디지털2로 101 1층 119호 지번,그린티라떼,3800
커피사피엔스 가산 한라원앤원점,가산디지털2로 101 1층 119호 지번,얼그레이 밀크티,4000
커피사피엔스 가산 한라원앤원점,가산디지털2로 101 1층 119호 지번,타로 밀크티,4000
커피사피엔스 가산 한라원앤원점,가산디지털2로 101 1층 119호 지번,피스타치오 라떼 피스타치오향이 일품인 부드러운 라떼,4000
커피사피엔스 가산 한라원앤원점,가산디지털2로 101 1층 119호 지번,단호박 라떼 든든하고 고소한 단호박 라떼,4000
커피사피엔스 가산 한라원앤원점,가산디지털2로 101 1층 119호 지번,꿀밤라떼 국내산 벌꿀과 밤의 조화로운 라떼,4000
커피사피엔스 가산 한라원앤원점,가산디지털2로 101 1층 119호 지번,꿀고구마라떼 국내산 벌꿀과 고구마의 조화로운 라떼,4000
커피사피엔스 가산 한라원앤원점,가산디지털2로 101 1층 119호 지번,아이스티,3000
커피사피엔스 가산 한라원앤원점,가산디지털2로 101 1층 119호 지번,킹아이스티 1리터 대용량 아이스티,4300
커피사피엔스 가산 한라원앤원점,가산디지털2로 101 1층 119호 지번,"솔트크림라떼 사피엔스 대표 시그니쳐 메뉴, 라떼 위 수제 단짠단짠 생크림 풍덩",4800
커피사피엔스 가산 한라원앤원점,가산디지털2로 101 1층 119호 지번,블루베리 바나나 우유 100% 블루베리와 바나나를 갈아만든 우유,4800
커피사피엔스 가산 한라원앤원점,가산디지털2로 101 1층 119호 지번,리얼 딸기바나나 우유 100% 딸기와 바나나를 갈아만든 우유,4800
커피사피엔스 가산 한라원앤원점,가산디지털2로 101 1층 119호 지번,플레인 요거트 스무디 플레인 요거트 스무디,4300
커피사피엔스 가산 한라원앤원점,가산디지털2로 101 1층 119호 지번,블루베리 요거트 스무디 블루베리잼과 요거트 스무디,4300
커피사피엔스 가산 한라원앤원점,가산디지털2로 101 1층 119호 지번,딸기 요거트 스무디 딸기잼과 요거트 스무디,4300
커피사피엔스 가산 한라원앤원점,가산디지털2로 101 1층 119호 지번,망고 요거트 스무디 망고잼과 요거트의 조화로운 스무디,4300
커피사피엔스 가산 한라원앤원점,가산디지털2로 101 1층 119호 지번,피스타치오 스무디 피스타치오와 은은한 밀크향의 조화로운 스무디,4000
메종크로키,범안로 1130 1층 106-1호~3호 지번,"상하이 버터떡 버터의 깊은 풍미와 찹쌀의 쫀득함이 어우러진, 바삭하고 쫀득한 식감의 상하이 버터떡",2000
메종크로키,범안로 1130 1층 106-1호~3호 지번,체리에리어 플레이버 아포가토 체리와 바닐라 아이스크림 그리고 수제 바닐라 생크림과 메종크로키 스페셜 블렌딩 에스프레소,6800
메종크로키,범안로 1130 1층 106-1호~3호 지번,초코 브레드 푸딩 부드러운 초코 디플로마트 크림과 달콤한 초콜릿의 진한 여운,6300
메종크로키,범안로 1130 1층 106-1호~3호 지번,흑임자 오레오 브레드 푸딩 바삭한 오레오 쿠키와 달콤 고소한 흑임자의 부드러운 입 속 하모니,6300
메종크로키,범안로 1130 1층 106-1호~3호 지번,캐러멜 약과 브레드 푸딩 (일시 중단)달달한 캐러멜 디플로마트 크림 사이로 느껴지는 쫀득한 약과의 매력적인 식감,6300
메종크로키,범안로 1130 1층 106-1호~3호 지번,클래식 크루키 달콤 고소한 클래식 르뱅쿠키와 겹겹이 결이 살아있는 크루아상의 만남,6000
메종크로키,범안로 1130 1층 106-1호~3호 지번,더블 초코 크루키 진한 달콤함의 초코 르뱅 쿠키와 겹겹이 결이 살아있는 크루아상의 만남,6300
메종크로키,범안로 1130 1층 106-1호~3호 지번,"흑임자 크루키 메종크로키의 시그니처 플레이버, 흑임자의 고소함과 바삭함을 느낄 수 있는 흑임자 크루키",6300
메종크로키,범안로 1130 1층 106-1호~3호 지번,"쑥 인절미 크루키 어른 입맛 저격 쌉싸름한 쑥, 인절미와 크루아상의 만남",6300
메종크로키,범안로 1130 1층 106-1호~3호 지번,"[패스오더전용] 아메리카노 패스오더 앱 설치하면, 최소 주문 금액 없이 에 커피 주문+1,500원 쿠폰까지",100
메종크로키,범안로 1130 1층 106-1호~3호 지번,[패스오더전용] 아메리카노,100
메종크로키,범안로 1130 1층 106-1호~3호 지번,"패스오더 앱 설치하면, 최소 주문 금액 없이 에 커피 주문+1,500원 쿠폰까지",100
메종크로키,범안로 1130 1층 106-1호~3호 지번,에스프레소 메종크로키 스페셜 블랜딩 에스프레소,2500
메종크로키,범안로 1130 1층 106-1호~3호 지번,핫 아메리카노 메종크로키 스페셜 블랜딩 아메리카노 기본을 지키다.,2500
메종크로키,범안로 1130 1층 106-1호~3호 지번,비스코프 플레이버 아포가토 비스코프와 수제 바닐라빈 생크림 그리고 메종크로키 스페셜 블렌딩 에스프레소의 조화,7300
메종크로키,범안로 1130 1층 106-1호~3호 지번,아이스 아메리카노 메종크로키 스페셜 블랜딩 아메리카노 기본을 지키다.,3000
메종크로키,범안로 1130 1층 106-1호~3호 지번,꿀 아메리카노 메종크로키 스페셜 블랜딩 아메리카노와 꿀의 조화,3500
메종크로키,범안로 1130 1층 106-1호~3호 지번,"헤이즐넛 아메리카노 메종크로키 스페셜 블랜딩 아메리카노와 달달 고소한 헤이즐넛, 제로슈가 변경 가능",3500
메종크로키,범안로 1130 1층 106-1호~3호 지번,선셋 커피 메종크로키가 재해석한 오렌지 커피,4500
메종크로키,범안로 1130 1층 106-1호~3호 지번,카페라떼 메종크로키 스페셜 블랜딩 에스프레소와 우유의 완벽한 비율,4000
메종크로키,범안로 1130 1층 106-1호~3호 지번,플랫 화이트 메종크로키 스페셜 블랜딩 에스프레소의 진함을 더 완벽한 비율로 즐기는 플랫화이트,4000
메종크로키,범안로 1130 1층 106-1호~3호 지번,콜드브루 아메리카노 메종크로키가 선택한 콜드브루,4300
메종크로키,범안로 1130 1층 106-1호~3호 지번,콜드브루 라떼 메종크로키가 선택한 진한 콜드브루와 우유의 완벽한 비율,4800
메종크로키,범안로 1130 1층 106-1호~3호 지번,바닐라빈 라떼 프리미엄 고메 등급 100% 자연산 마다가스카르 바닐라빈이 들어간 진짜 바닐라빈 라떼,4800
메종크로키,범안로 1130 1층 106-1호~3호 지번,캐러멜 마키아또 메종크로키 스페셜 블랜딩과 캐러멜의 달달한 시간,4800
메종크로키,범안로 1130 1층 106-1호~3호 지번,버터프레소 플레이버 아포가토 수제 버터크림과 메종크로키 스페셜 블렌딩 에스프레소 그리고 바닐라 아이스크림의 아포가토,6800
메종크로키,범안로 1130 1층 106-1호~3호 지번,카페 모카 진한 초코와 메종크로키 스페셜 블랜딩으로 즐기는 행복한 당 충전,4800
메종크로키,범안로 1130 1층 106-1호~3호 지번,돌체 라떼 메종크로키가 돌체 라떼를 대하는 자세,4800
메종크로키,범안로 1130 1층 106-1호~3호 지번,버터 크림 라떼 바닐라빈 수제 버터 크림과 스페셜 블랜딩 에스프레소의 달콤한 조화,5300
메종크로키,범안로 1130 1층 106-1호~3호 지번,아인슈페너 메종크로키 스페셜 블랜딩과 프리미엄 고메 등급 100% 자연산 마다가스카르 바닐라빈 생크림,5300
메종크로키,범안로 1130 1층 106-1호~3호 지번,시나몬 허니 라떼 메종크로키 스페셜 블랜딩과 시나몬과 꿀의 조화,5300
메종크로키,범안로 1130 1층 106-1호~3호 지번,수제청 딸기 라떼 수제 딸기청의 새콤달콤함을 부드럽게 즐길 수 있는 논커피 대표메뉴,5300
메종크로키,범안로 1130 1층 106-1호~3호 지번,진한 초코 라떼 꾸덕 달달한 초코 시럽과 마시멜로우의 달콤한 조화,5300
메종크로키,범안로 1130 1층 106-1호~3호 지번,제주 말차 라떼 깊고 진한 말차 본연의 향을 부드럽게 느낄 수 있는 제주 말차 라떼,5300
메종크로키,범안로 1130 1층 106-1호~3호 지번,오로라 말차 몽환적인 코코넛 음료와 수제 생크림과 말차의 환상적인 조합,5300
메종크로키,범안로 1130 1층 106-1호~3호 지번,더복아 진짜 복숭아가 들어간 달콤한 더블 복숭아 아이스티,4500
메종크로키,범안로 1130 1층 106-1호~3호 지번,"크로키 흑임자 라떼 메종크로키의 시그니처 메뉴, 논커피 크로키 흑임자 라떼",5300
메종크로키,범안로 1130 1층 106-1호~3호 지번,아망추 달콤한 망고 아이스티,4500
메종크로키,범안로 1130 1층 106-1호~3호 지번,복숭아 아이스티 얼그레이 베이스의 달달한 복숭아 아이스티,3800
메종크로키,범안로 1130 1층 106-1호~3호 지번,"캐모마일 티 불면증, 우울증에 좋은, 몸과 마음을 다스려주는 캐모마일 티",4500
메종크로키,범안로 1130 1층 106-1호~3호 지번,"페퍼민트 티 소화불량, 부종에 효과가 좋은 상쾌한 향과 맛의 페퍼민트 티",4500
메종크로키,범안로 1130 1층 106-1호~3호 지번,"루이보스 바닐라 티 루이보스의 풍부한 향과 바닐라의 달콤한 향이 어우러진 고급스러운 티, 루이보스 바닐라 티",4500
메종크로키,범안로 1130 1층 106-1호~3호 지번,굿나잇 레몬밤 티 저녁에 마셔도 좋은 레몬밤 티,4500
그레이핍플 가산디지털단지점,가산디지털1로 181 가산W센터 104호 지번,[SIGNATURE] 그레이라떼 풍부한 견과류의 맛이 중독적인 자체개발 블랙베이스와 달콤한 연유가 어우러진 그레이라떼,4500
그레이핍플 가산디지털단지점,가산디지털1로 181 가산W센터 104호 지번,"바스크 치즈케이크 겉바속촉, 바삭한 브륄레와 꾸덕한 치즈의 조합이 매력적인 케이크",6500
그레이핍플 가산디지털단지점,가산디지털1로 181 가산W센터 104호 지번,얼그레이폼초코라떼 풍미 가득한 얼그레이 폼으로 부드럽고 달콤하게 즐기는 초코라떼,3800
그레이핍플 가산디지털단지점,가산디지털1로 181 가산W센터 104호 지번,[SIGNATURE] 버터크림라떼 부드럽고 진한 풍미의 버터크림을 느낄 수 있는 그레이핍플 시그니처 라떼,3800
그레이핍플 가산디지털단지점,가산디지털1로 181 가산W센터 104호 지번,[SIGNATURE] 피스타치오라떼 산뜻한 향의 피스타치오 크림이 올라간 그레이핍플 시그니처 라떼,4000
그레이핍플 가산디지털단지점,가산디지털1로 181 가산W센터 104호 지번,[SIGNATURE] 스페셜밀크라떼 더욱 고소해진 특별한 우유와 부드러운 커피크림이 어우러진 그레이핍플 시그니처 라떼,3800
그레이핍플 가산디지털단지점,가산디지털1로 181 가산W센터 104호 지번,뉴욕 치즈케이크,4500
그레이핍플 가산디지털단지점,가산디지털1로 181 가산W센터 104호 지번,크루아상 바삭하고 부드러운 식감과 풍부한 버터맛을 자랑하는 크루아상,3000
그레이핍플 가산디지털단지점,가산디지털1로 181 가산W센터 104호 지번,초코 크루아상 버터의 풍미와 달콤한 초코가 어우러진 부드러운 크루아상,3300
그레이핍플 가산디지털단지점,가산디지털1로 181 가산W센터 104호 지번,소금빵 쫄깃하고 촉촉한 식감에 고소한 버터향이 가득한 소금빵,2800
그레이핍플 가산디지털단지점,가산디지털1로 181 가산W센터 104호 지번,"먹물 소금빵 고소한 버터 풍미를 자랑하며, 먹물 반죽을 사용하여 더욱 쫄깃한 소금빵",3000
그레이핍플 가산디지털단지점,가산디지털1로 181 가산W센터 104호 지번,시나몬 소금빵 은은하게 퍼지는 시나몬향과 짭짤한 소금빵의 완벽조화,3000
그레이핍플 가산디지털단지점,가산디지털1로 181 가산W센터 104호 지번,[BEST] 아메리카노 고소한 견과류 향과 깊은 다크초콜렛의 풍미가 조화로운 커피,2000
그레이핍플 가산디지털단지점,가산디지털1로 181 가산W센터 104호 지번,갈릭 소금빵 부드럽고 고소한 소금빵에 달콤한 갈릭 버터 소스를 듬뿍,3300
그레이핍플 가산디지털단지점,가산디지털1로 181 가산W센터 104호 지번,오리지널 까눌레 풍성한 바닐라 향과 쫀득한 식감이 특징인 까눌레,3000
그레이핍플 가산디지털단지점,가산디지털1로 181 가산W센터 104호 지번,미니 몽블랑 겹겹의 페스츄리에 달콤한 바닐라의 풍미를 느낄 수 있는 몽블랑,3000
그레이핍플 가산디지털단지점,가산디지털1로 181 가산W센터 104호 지번,퐁당 쇼콜라 겉은 바삭하고 속에는 진한 초콜릿이 녹아내리는 퐁당 쇼콜라,3200
그레이핍플 가산디지털단지점,가산디지털1로 181 가산W센터 104호 지번,에그 페스츄리 바삭한 식감에 달콤하고 부드러운 에그 커스터드가 가득,3300
그레이핍플 가산디지털단지점,가산디지털1로 181 가산W센터 104호 지번,소시지 브레드 육즙 가득 두툼한 소시지와 바삭한 페스츄리의 완벽 조합,3300
그레이핍플 가산디지털단지점,가산디지털1로 181 가산W센터 104호 지번,초코 크런키 케이크 흘러넘치는 꾸덕한 초코와 크런치한 식감이 매력적인 케이크,6700
그레이핍플 가산디지털단지점,가산디지털1로 181 가산W센터 104호 지번,바닐라빈 휘낭시에 입안 가득 퍼지는 달콤한 바닐라향에 속은 촉촉하고 겉은 바삭한 휘낭시에,2800
그레이핍플 가산디지털단지점,가산디지털1로 181 가산W센터 104호 지번,다크초코 휘낭시에 깊고 진한 다크초코 코팅이 더해져 달콤한 휘낭시에,2800
그레이핍플 가산디지털단지점,가산디지털1로 181 가산W센터 104호 지번,카라멜피칸 휘낭시에 고소한 피칸을 듬뿍 올려 카라멜 소스를 코팅한 달콤한 휘낭시에,2800
그레이핍플 가산디지털단지점,가산디지털1로 181 가산W센터 104호 지번,카페라떼 에스프레소에 달콤한 우유가 더해져 고소하고 부드러운 라떼,3300
그레이핍플 가산디지털단지점,가산디지털1로 181 가산W센터 104호 지번,마카다미아 르뱅쿠키 은은하게 달고 고소한 마카다미아를 듬뿍 넣은 르뱅쿠키,4300
그레이핍플 가산디지털단지점,가산디지털1로 181 가산W센터 104호 지번,솔티초코 르뱅쿠키 초코의 달달함과 솔티의 짭쪼름한 맛이 더해진 르뱅쿠키,4300
그레이핍플 가산디지털단지점,가산디지털1로 181 가산W센터 104호 지번,오레오 크림치즈 르뱅쿠키 부드러운 크림치즈와 오레오 쿠키의 바삭한 식감을 맛볼 수 있는 르뱅쿠키,4300
그레이핍플 가산디지털단지점,가산디지털1로 181 가산W센터 104호 지번,말차캐슈넛 르뱅쿠키 쌉싸름하고 진한 말차와 고소한 캐슈넛이 듬뿍 들어간 르뱅쿠키,4300
그레이핍플 가산디지털단지점,가산디지털1로 181 가산W센터 104호 지번,갈릭 버터 브레드 겉바속촉 바게트에 달콤한 갈릭버터 소스를 듬뿍 바른 브레드,4800
그레이핍플 가산디지털단지점,가산디지털1로 181 가산W센터 104호 지번,바닐라 쿠키슈 바삭한 쿠키 안에 부드러운 바닐라 크림이 듬뿍,3300
그레이핍플 가산디지털단지점,가산디지털1로 181 가산W센터 104호 지번,초코 쿠키슈 바삭한 쿠키 안에 부드러운 초코 크림이 듬뿍,3300
그레이핍플 가산디지털단지점,가산디지털1로 181 가산W센터 104호 지번,미니 바닐라 쿠키슈 바삭한 쿠키 안에 부드러운 바닐라 크림이 듬뿍,1300
그레이핍플 가산디지털단지점,가산디지털1로 181 가산W센터 104호 지번,미니 초코 쿠키슈 바삭한 쿠키 안에 부드러운 초코 크림이 듬뿍,1300
그레이핍플 가산디지털단지점,가산디지털1로 181 가산W센터 104호 지번,초코 브라우니 쫀득꾸덕한 식감과 진한 초코맛으로 달콤함 폭발,2800
그레이핍플 가산디지털단지점,가산디지털1로 181 가산W센터 104호 지번,바닐라라떼 풍부한 바닐라 향과 부드러운 우유에 에스프레소가 더해진 라떼,3800
그레이핍플 가산디지털단지점,가산디지털1로 181 가산W센터 104호 지번,[Big Size] 아메리카노 (에스프레소 4샷) 사이즈는 커졌지만 기존의 깊고 진한 맛을 유지한 대용량 아메리카노,3500
그레이핍플 가산디지털단지점,가산디지털1로 181 가산W센터 104호 지번,돌체라떼 달달한 연유와 부드러운 우유에 에스프레소가 더해진 라떼,3800
그레이핍플 가산디지털단지점,가산디지털1로 181 가산W센터 104호 지번,카페모카 진한 초콜릿의 여운과 부드러운 우유에 에스프레소가 더해진 라떼,4300
그레이핍플 가산디지털단지점,가산디지털1로 181 가산W센터 104호 지번,카라멜라떼 달콤한 카라멜과 부드러운 우유에 에스프레소가 더해진 라떼,4300
그레이핍플 가산디지털단지점,가산디지털1로 181 가산W센터 104호 지번,콜드브루 (디카페인 가능) 자체 블렌딩 원두를 장시간 우려내 깊은 바디감과 균형 잡힌 밸런스를 자랑하는 콜드브루,3500
그레이핍플 가산디지털단지점,가산디지털1로 181 가산W센터 104호 지번,콜드브루라떼 콜드브루의 깊은 풍미와 고소한 우유가 어우러져 깔끔하고 달콤한 라떼,4000
애월빵공장 가산점,디지털로10길 37 지번,애월빵공장 메뉴정보 인기 메뉴 보기 현무암쌀빵,6400
애월빵공장 가산점,디지털로10길 37 지번,현무암쌀빵,6400
블루샥 가산DK점,가산디지털2로 144 현대테라타워 가산DK 103호 지번,"[패스오더전용] 아메리카노 패스오더 앱 설치하면, 최소 주문 금액 없이 에 커피 주문+1,500원 쿠폰까지",100
블루샥 가산DK점,가산디지털2로 144 현대테라타워 가산DK 103호 지번,[패스오더전용] 아메리카노,100
블루샥 가산DK점,가산디지털2로 144 현대테라타워 가산DK 103호 지번,"패스오더 앱 설치하면, 최소 주문 금액 없이 에 커피 주문+1,500원 쿠폰까지",100
블루샥 가산DK점,가산디지털2로 144 현대테라타워 가산DK 103호 지번,샥 라떼,3400
블루샥 가산DK점,가산디지털2로 144 현대테라타워 가산DK 103호 지번,베리 히비스커스(아이스),3900
블루샥 가산DK점,가산디지털2로 144 현대테라타워 가산DK 103호 지번,피치 보이(핫),3900
블루샥 가산DK점,가산디지털2로 144 현대테라타워 가산DK 103호 지번,피치 보이(아이스),3900
블루샥 가산DK점,가산디지털2로 144 현대테라타워 가산DK 103호 지번,백도 우롱(핫),3900
블루샥 가산DK점,가산디지털2로 144 현대테라타워 가산DK 103호 지번,백도 우롱(아이스),3900
블루샥 가산DK점,가산디지털2로 144 현대테라타워 가산DK 103호 지번,허니 캐모마일(핫),3900
블루샥 가산DK점,가산디지털2로 144 현대테라타워 가산DK 103호 지번,허니 캐모마일(아이스),3900
블루샥 가산DK점,가산디지털2로 144 현대테라타워 가산DK 103호 지번,청포도 에이드,4500
블루샥 가산DK점,가산디지털2로 144 현대테라타워 가산DK 103호 지번,진저 배 티(핫),3900
블루샥 가산DK점,가산디지털2로 144 현대테라타워 가산DK 103호 지번,진저 배 티(아이스),3900
블루샥 가산DK점,가산디지털2로 144 현대테라타워 가산DK 103호 지번,피넛 라떼,3800
블루샥 가산DK점,가산디지털2로 144 현대테라타워 가산DK 103호 지번,제주 미숫가루(핫),4000
블루샥 가산DK점,가산디지털2로 144 현대테라타워 가산DK 103호 지번,제주 미숫가루(아이스),4000
블루샥 가산DK점,가산디지털2로 144 현대테라타워 가산DK 103호 지번,제주 말차 라떼(핫),4500
블루샥 가산DK점,가산디지털2로 144 현대테라타워 가산DK 103호 지번,제주 말차 라떼(아이스),4500
블루샥 가산DK점,가산디지털2로 144 현대테라타워 가산DK 103호 지번,자몽 에이드,4500
블루샥 가산DK점,가산디지털2로 144 현대테라타워 가산DK 103호 지번,영암고구마라떼(아이스),4000
블루샥 가산DK점,가산디지털2로 144 현대테라타워 가산DK 103호 지번,애플망고 아이스 티,3900
블루샥 가산DK점,가산디지털2로 144 현대테라타워 가산DK 103호 지번,순수 우유(핫),2500
블루샥 가산DK점,가산디지털2로 144 현대테라타워 가산DK 103호 지번,순수 우유(아이스),2500
블루샥 가산DK점,가산디지털2로 144 현대테라타워 가산DK 103호 지번,설향딸기라떼,4400
블루샥 가산DK점,가산디지털2로 144 현대테라타워 가산DK 103호 지번,아메리카노(아이스),2500
블루샥 가산DK점,가산디지털2로 144 현대테라타워 가산DK 103호 지번,리얼 쇼콜라(핫),5200
블루샥 가산DK점,가산디지털2로 144 현대테라타워 가산DK 103호 지번,리얼 쇼콜라(아이스),5200
블루샥 가산DK점,가산디지털2로 144 현대테라타워 가산DK 103호 지번,로얄 밀크 티(핫),4200
블루샥 가산DK점,가산디지털2로 144 현대테라타워 가산DK 103호 지번,로얄 밀크 티(아이스),4200
블루샥 가산DK점,가산디지털2로 144 현대테라타워 가산DK 103호 지번,레몬 유자 티(핫),3900
블루샥 가산DK점,가산디지털2로 144 현대테라타워 가산DK 103호 지번,레몬 유자 티(아이스),3900
블루샥 가산DK점,가산디지털2로 144 현대테라타워 가산DK 103호 지번,레몬 에이드,4500
블루샥 가산DK점,가산디지털2로 144 현대테라타워 가산DK 103호 지번,딸기 아이스티,4000
블루샥 가산DK점,가산디지털2로 144 현대테라타워 가산DK 103호 지번,꿀 자몽 티(핫),3900
블루샥 가산DK점,가산디지털2로 144 현대테라타워 가산DK 103호 지번,꿀 자몽 티(아이스),3900
블루샥 가산DK점,가산디지털2로 144 현대테라타워 가산DK 103호 지번,얼그레이 바통휘낭시에,2800
블루샥 가산DK점,가산디지털2로 144 현대테라타워 가산DK 103호 지번,밀크 쉐이크,4900
블루샥 가산DK점,가산디지털2로 144 현대테라타워 가산DK 103호 지번,플레인 요거트 스무디,4500
블루샥 가산DK점,가산디지털2로 144 현대테라타워 가산DK 103호 지번,컵빙수,4200
블루샥 가산DK점,가산디지털2로 144 현대테라타워 가산DK 103호 지번,초코 쉐이크,3900
블루샥 가산DK점,가산디지털2로 144 현대테라타워 가산DK 103호 지번,초코 바나나 스무디,4800
블루샥 가산DK점,가산디지털2로 144 현대테라타워 가산DK 103호 지번,청포도 스무디,4800
블루샥 가산DK점,가산디지털2로 144 현대테라타워 가산DK 103호 지번,제주 말차 프라페,4700
블루샥 가산DK점,가산디지털2로 144 현대테라타워 가산DK 103호 지번,커피 쉐이크,4500
블루샥 가산DK점,가산디지털2로 144 현대테라타워 가산DK 103호 지번,블루베리 요거트 스무디,4700
블루샥 가산DK점,가산디지털2로 144 현대테라타워 가산DK 103호 지번,민트 초코 프라페,6900
블루샥 가산DK점,가산디지털2로 144 현대테라타워 가산DK 103호 지번,쑥단팔스모어 쿠키,4000
블루샥 가산DK점,가산디지털2로 144 현대테라타워 가산DK 103호 지번,망고바나나 스무디,4800
카페 구움,시흥대로 315 2층 212호 (롯데마트건물아닙니다) 지번,두바이 쫀득쿠키 바삭한 카다이프피스타치오를 마시멜로우로 감싼 수제 쫀득쿠키 (인공감미료x),5500
카페 구움,시흥대로 315 2층 212호 (롯데마트건물아닙니다) 지번,에그타르트,3900
카페 구움,시흥대로 315 2층 212호 (롯데마트건물아닙니다) 지번,에스프레소,3500
카페 구움,시흥대로 315 2층 212호 (롯데마트건물아닙니다) 지번,헤이즐넛아메리카노,4200
카페 구움,시흥대로 315 2층 212호 (롯데마트건물아닙니다) 지번,아인슈페너,5000
카페 구움,시흥대로 315 2층 212호 (롯데마트건물아닙니다) 지번,카페라떼,4500
카페 구움,시흥대로 315 2층 212호 (롯데마트건물아닙니다) 지번,카푸치노,4500
카페 구움,시흥대로 315 2층 212호 (롯데마트건물아닙니다) 지번,돌체라떼,5000
카페 구움,시흥대로 315 2층 212호 (롯데마트건물아닙니다) 지번,카페모카,5000
카페 구움,시흥대로 315 2층 212호 (롯데마트건물아닙니다) 지번,바닐라라떼,5000
카페 구움,시흥대로 315 2층 212호 (롯데마트건물아닙니다) 지번,카라멜마끼아또,4700
카페 구움,시흥대로 315 2층 212호 (롯데마트건물아닙니다) 지번,아몬드라떼,5000
카페 구움,시흥대로 315 2층 212호 (롯데마트건물아닙니다) 지번,휘낭시에,2900
카페 구움,시흥대로 315 2층 212호 (롯데마트건물아닙니다) 지번,헤이즐넛라떼,5000
카페 구움,시흥대로 315 2층 212호 (롯데마트건물아닙니다) 지번,그린티라떼,5000
카페 구움,시흥대로 315 2층 212호 (롯데마트건물아닙니다) 지번,토피넛파떼,5000
카페 구움,시흥대로 315 2층 212호 (롯데마트건물아닙니다) 지번,홍차로얄밀크티,5000
카페 구움,시흥대로 315 2층 212호 (롯데마트건물아닙니다) 지번,핫초코&아이스초코,5000
카페 구움,시흥대로 315 2층 212호 (롯데마트건물아닙니다) 지번,수제청자몽티,5000
카페 구움,시흥대로 315 2층 212호 (롯데마트건물아닙니다) 지번,수제청자몽에이드,5500
카페 구움,시흥대로 315 2층 212호 (롯데마트건물아닙니다) 지번,히비스커스,4000
카페 구움,시흥대로 315 2층 212호 (롯데마트건물아닙니다) 지번,캐모마일,4000
카페 구움,시흥대로 315 2층 212호 (롯데마트건물아닙니다) 지번,루이보스,4000
카페 구움,시흥대로 315 2층 212호 (롯데마트건물아닙니다) 지번,까눌레,2900
카페 구움,시흥대로 315 2층 212호 (롯데마트건물아닙니다) 지번,얼그레이,4000
카페 구움,시흥대로 315 2층 212호 (롯데마트건물아닙니다) 지번,마들렌,3400
카페 구움,시흥대로 315 2층 212호 (롯데마트건물아닙니다) 지번,상하목장 유기농 아이스크림,3700
카페 구움,시흥대로 315 2층 212호 (롯데마트건물아닙니다) 지번,후르츠산도,7500
카페 구움,시흥대로 315 2층 212호 (롯데마트건물아닙니다) 지번,버터떡(4ea),6000
카페 구움,시흥대로 315 2층 212호 (롯데마트건물아닙니다) 지번,두바이 초코타르트,6500
카페 구움,시흥대로 315 2층 212호 (롯데마트건물아닙니다) 지번,아메리카노,3500
5TO7&구욱희씨 가산점,디지털로 178 가산퍼블릭 1층 M-111호 지번,"펄 크림뷔릴레 수플레 5to7의 시그니처 수플레. 달달한 커스터드 크림과 쫀득한 펄, 그리고 설탕 토치.",15000
5TO7&구욱희씨 가산점,디지털로 178 가산퍼블릭 1층 M-111호 지번,생과일 수플레 제철 과일에 따라 변동되어 올라가는 과일수플레!!,16000
5TO7&구욱희씨 가산점,디지털로 178 가산퍼블릭 1층 M-111호 지번,바닐라크림콜드브루,5800
5TO7&구욱희씨 가산점,디지털로 178 가산퍼블릭 1층 M-111호 지번,티라미수 수플레 마스카포네 치즈 크림과 커피소스 그리고 코코아 파우더. 색다른 티라미수를 맛보세요!,14000
5TO7&구욱희씨 가산점,디지털로 178 가산퍼블릭 1층 M-111호 지번,아메리카노,4000
5TO7&구욱희씨 가산점,디지털로 178 가산퍼블릭 1층 M-111호 지번,상아히버터떡(4p),5900
5TO7&구욱희씨 가산점,디지털로 178 가산퍼블릭 1층 M-111호 지번,두쫀쿠,5300
5TO7&구욱희씨 가산점,디지털로 178 가산퍼블릭 1층 M-111호 지번,두바이쿠키,6500
5TO7&구욱희씨 가산점,디지털로 178 가산퍼블릭 1층 M-111호 지번,두바이 휘낭시에,4000
5TO7&구욱희씨 가산점,디지털로 178 가산퍼블릭 1층 M-111호 지번,카페라떼,5000
5TO7&구욱희씨 가산점,디지털로 178 가산퍼블릭 1층 M-111호 지번,유기농바닐라빈라떼,5500
5TO7&구욱희씨 가산점,디지털로 178 가산퍼블릭 1층 M-111호 지번,돌체콜드브루,5500
애퍼블,시흥대로123길 30 1층 애퍼블 지번,티라미수 (매장이용만 가능)전통 이탈리아 가정집 방식을 재현한 촉촉하고 풍미 가득한 클래식 티라미수,5500
애퍼블,시흥대로123길 30 1층 애퍼블 지번,"바나나브레드 바닐라아이스크림을 얹어 드셔보세요😆 (*아이스크림 별도, 추가시 +2,000원)",3000
애퍼블,시흥대로123길 30 1층 애퍼블 지번,"바닐라아이스크림을 얹어 드셔보세요😆 (*아이스크림 별도, 추가시 +)",2000
애퍼블,시흥대로123길 30 1층 애퍼블 지번,초코칩바나나브레드,3000
애퍼블,시흥대로123길 30 1층 애퍼블 지번,애퍼블아이스커피,6000
애퍼블,시흥대로123길 30 1층 애퍼블 지번,딸기잼 레밍턴,3000
애퍼블,시흥대로123길 30 1층 애퍼블 지번,"생크림 결스콘 (과일잼 별도, 추가시 +500원)",3000
애퍼블,시흥대로123길 30 1층 애퍼블 지번,"(과일잼 별도, 추가시 +)",500
애퍼블,시흥대로123길 30 1층 애퍼블 지번,안작비스킷,2000
애퍼블,시흥대로123길 30 1층 애퍼블 지번,카페라떼,4500
애퍼블,시흥대로123길 30 1층 애퍼블 지번,T2,4500
온초점,남부순환로124길 17 1층 101호 지번,"버터떡 (1개) 요즘 핫한 ""버터떡"" 온초점이 직접 만들어봤어요 :)",1500
온초점,남부순환로124길 17 1층 101호 지번,온초점 퍼지 브라우니 온초점 시그니처 수제 브라우니,9500
온초점,남부순환로124길 17 1층 101호 지번,수제 쫀득쿠키(오레오딸기) 온초점이 직접만든 오레오딸기 쫀득쿠키 :),5500
온초점,남부순환로124길 17 1층 101호 지번,수제 쫀득쿠키 (솔티카라멜),5500
온초점,남부순환로124길 17 1층 101호 지번,ICE 초당옥수수크림라떼 온초점 시그니처 라떼,6500
온초점,남부순환로124길 17 1층 101호 지번,ICE 바닐라빈크림라떼 온초점 시그니처 라떼,6500
온초점,남부순환로124길 17 1층 101호 지번,온초점 플랫화이트 온초점 플랫화이트,3800
온초점,남부순환로124길 17 1층 101호 지번,온초점 아메리카노,3500
온초점,남부순환로124길 17 1층 101호 지번,온초점 카페라떼,4200
온초점,남부순환로124길 17 1층 101호 지번,온초점 바닐라라떼,4500
온초점,남부순환로124길 17 1층 101호 지번,수제 고메버터 휘낭시에,2800
온초점,남부순환로124길 17 1층 101호 지번,수제 발로나초코 휘낭시에,3200
온초점,남부순환로124길 17 1층 101호 지번,온초점 애플크럼블 온초점 시그니처 수제 애플크럼블,9500
온초점,남부순환로124길 17 1층 101호 지번,블루베리슈프림 치즈케이크,7500
온초점,남부순환로124길 17 1층 101호 지번,스트로베리 버터밀크,9500
온초점,남부순환로124길 17 1층 101호 지번,망고 갸또,9000
온초점,남부순환로124길 17 1층 101호 지번,"스트로베리 초콜릿 갸또 딸기와 초콜릿, 부드러운 크림, 바삭한 크러스트",9000
온초점,남부순환로124길 17 1층 101호 지번,체리 초콜릿 갸또 달콤 쌉싸르한 체리와 다크 초콜릿의 만남,9000
온초점,남부순환로124길 17 1층 101호 지번,프리미엄 애플파이 프리미엄 애플파이,9000
온초점,남부순환로124길 17 1층 101호 지번,라즈베리 초코 타르트 라즈베리 초콜릿 타르트,8500
온초점,남부순환로124길 17 1층 101호 지번,다크 갸또 쇼콜라 케이크 독일식 프리미엄 갸또 쇼콜라 케이크,7000
온초점,남부순환로124길 17 1층 101호 지번,레몬 치즈케이크 아메리칸 스타일 레몬치즈케이크,7500
온초점,남부순환로124길 17 1층 101호 지번,아메리칸 치즈케이크 아메리칸 스타일 치즈케이크,7000
온초점,남부순환로124길 17 1층 101호 지번,온초점 에그바게트 상상하는맛 절.대. 아님 판매1위 에그바게트,7800
온초점,남부순환로124길 17 1층 101호 지번,온초점 아포가토,6000
온초점,남부순환로124길 17 1층 101호 지번,ICE 호지크림라떼,7000
온초점,남부순환로124길 17 1층 101호 지번,로투스크림라떼 로투스크럼블과 로투스가 통째로 들어간 시그니처 크림라떼,7000
온초점,남부순환로124길 17 1층 101호 지번,밤크림라떼 보늬밤과 시나몬의 깊은 맛,7000
온초점,남부순환로124길 17 1층 101호 지번,ICE 말차초코크림라떼 온초점 시그니처 크림라떼 :),6800
온초점,남부순환로124길 17 1층 101호 지번,ICE 흑임자크림라떼 온초점 시그니처 흑임자크림라떼 :),6800
온초점,남부순환로124길 17 1층 101호 지번,ICE 너티크림라떼 온초점 시그니처 라떼 !!,6800
온초점,남부순환로124길 17 1층 101호 지번,ICE 인절미크림라떼 온초점 시그니처 라떼,6500
온초점,남부순환로124길 17 1층 101호 지번,초코 위드 샷,5800
온초점,남부순환로124길 17 1층 101호 지번,온초점 블랙라떼 온초점 시크릿 블랙라떼,4500
온초점,남부순환로124길 17 1층 101호 지번,쇼콜라 콘파냐,4500
온초점,남부순환로124길 17 1층 101호 지번,온초점 숙성라떼 우유 본질의 단맛을 끌어올린 라떼,5500
온초점,남부순환로124길 17 1층 101호 지번,온초점 블러드에이드 히비스커스와 트리플베리의 만남,5000
온초점,남부순환로124길 17 1층 101호 지번,온초점 블루오션에이드 상큼한 유자와 레몬의 만남,5000
온초점,남부순환로124길 17 1층 101호 지번,딸기말차라떼 딸기와 말차의 만남,7000
온초점,남부순환로124길 17 1층 101호 지번,두바이&스모어브라우니 SET 온초점이 만든 두바이&스모어브라우니 초콜릿,28000
온초점,남부순환로124길 17 1층 101호 지번,온초점 두바이초콜릿 온초점이 만든 두바이초콜릿,18000
온초점,남부순환로124길 17 1층 101호 지번,온초점 스모어브라우니 초콜릿 온초점이 만든 스모어브라우니 초콜릿,12000
카페인잇 현대시티아울렛 가산점,디지털로10길 9 현대시티아울렛가산점 7층 지번,"카페인잇 메뉴정보 인기 메뉴 보기 인잇커피 레몬자몽에이드 6,000원 아메리카노 4,000원",5000
카페인잇 현대시티아울렛 가산점,디지털로10길 9 현대시티아울렛가산점 7층 지번,인잇커피,5000
카페인잇 현대시티아울렛 가산점,디지털로10길 9 현대시티아울렛가산점 7층 지번,레몬자몽에이드,6000
카페인잇 현대시티아울렛 가산점,디지털로10길 9 현대시티아울렛가산점 7층 지번,아메리카노,4000
킴스델리마켓 가산퍼블릭점,디지털로 178 M-132호 지번,토마토바질페스토베이글 색소O% 토마토 원재료를 이용하여 만든 킴스의 베스트 쌀 베이글,6800
킴스델리마켓 가산퍼블릭점,디지털로 178 M-132호 지번,두바이 쫀득 쿠키 고소한 피스타치오 스프레드와 바삭한 카다이프를 쫀득한 마쉬멜로우로 감싸 달콤 쫀득한 디저트,6800
킴스델리마켓 가산퍼블릭점,디지털로 178 M-132호 지번,"샌프란시스코 클래식 두툼한 계란, 바싹구운 베이컨, 치즈가 있는 아메리칸 아침 클래식 베이글",8900
킴스델리마켓 가산퍼블릭점,디지털로 178 M-132호 지번,"골든게이트선셋 아보카도, 햄, 수제 에그사과마요, 칠리소스가 있는 꽉찬 베이글 샌드위치",9800
킴스델리마켓 가산퍼블릭점,디지털로 178 M-132호 지번,"BLT 베이컨, 토마토, 양상추, 로메인 등이 들어간 베이글 샌드위치",8900
킴스델리마켓 가산퍼블릭점,디지털로 178 M-132호 지번,"김씨연어 김이 쏙쏙 박힌 크림치즈, 훈제연어, 채소가 가득한 킴스 시그니처 베이글 샌드위치",13900
킴스델리마켓 가산퍼블릭점,디지털로 178 M-132호 지번,갈릭 디아볼라 페퍼로니 베이글 갈릭소스로 코팅된 베이글에 매콤한 디아볼라소스와 페퍼로니가 가득 담긴 매콤달콤 쌀베이글,6800
킴스델리마켓 가산퍼블릭점,디지털로 178 M-132호 지번,"플레인베이글 킴스델리만의 쫀득하고, 고소한풍미를 품은 오리지널 쌀베이글",3800
킴스델리마켓 가산퍼블릭점,디지털로 178 M-132호 지번,에브리띵 베이글 쌀가루로 만든 에브리띵 시즈닝 베이글,4900
킴스델리마켓 가산퍼블릭점,디지털로 178 M-132호 지번,"시나몬 통피칸 베이글 밀가루 0%, 달콤한 시나몬 가루와 피칸이 들어간 쌀베이글",4900
킴스델리마켓 가산퍼블릭점,디지털로 178 M-132호 지번,블루베리 베이글 미국 정통 블루베리 쌀베이글,4700
킴스델리마켓 가산퍼블릭점,디지털로 178 M-132호 지번,밀크크림 카스테라 쫄깃한 베이글 빵피에 우유크림과 보들보들 카스테라 가루가 코팅된 디저트로 즐기는 베이글,6300
킴스델리마켓 가산퍼블릭점,디지털로 178 M-132호 지번,카카오 72% 초콜릿 소라빵,6200
킴스델리마켓 가산퍼블릭점,디지털로 178 M-132호 지번,어니언 베이글 어니언의 감칠맛나는 쌀베이글,4800
킴스델리마켓 가산퍼블릭점,디지털로 178 M-132호 지번,다크초코 베이글,4800
킴스델리마켓 가산퍼블릭점,디지털로 178 M-132호 지번,버터솔트프레즐 쫀득하고 풍신한 솔트프레젤의 맛과 연유버터가 들어간 단짠단짠 쌀 베이글,6200
킴스델리마켓 가산퍼블릭점,디지털로 178 M-132호 지번,프레즐버터리 아몬드크런치 베이글 더 쫀득하고 퐁신한 솔트프레즐의 맛과 버터슈가가 묻혀진 아몬드크림치즈의 극강의 단짠 베이글,7800
킴스델리마켓 가산퍼블릭점,디지털로 178 M-132호 지번,플레인 크림치즈 어느 베이글에도 잘 어울리는 부드러운 식감의 기본 크림치즈,3800
킴스델리마켓 가산퍼블릭점,디지털로 178 M-132호 지번,"스윗피넛버터 크림치즈 직접 볶은 버터리 아몬드와 피넛버터, 크림치즈가 섞인 미국본토의 맛이 느껴지는 크림치즈",4700
킴스델리마켓 가산퍼블릭점,디지털로 178 M-132호 지번,쪽파 크림치즈 쪽파가 콕콕 들어가있는 달콤 짭쪼름한 크림치즈,4200
킴스델리마켓 가산퍼블릭점,디지털로 178 M-132호 지번,믹스베리 크림치즈 직접 끓인 수제 홈메이드 베리잼과 베리과일이들어있는 크림치즈,4500
킴스델리마켓 가산퍼블릭점,디지털로 178 M-132호 지번,바다소금아몬드 초콜릿 헤이즐넛 소라빵,6800
킴스델리마켓 가산퍼블릭점,디지털로 178 M-132호 지번,피스타치오 소라빵,8200
킴스델리마켓 가산퍼블릭점,디지털로 178 M-132호 지번,선물박스 무료 베이글 5개 이상 구매시 무료 선물박스 (유상 ),2000
킴스델리마켓 가산퍼블릭점,디지털로 178 M-132호 지번,베이글 5개 이상 구매시 무료 선물박스 (유상 ),2000
킴스델리마켓 가산퍼블릭점,디지털로 178 M-132호 지번,(*NEW)바질올리브 납작베이글,9800
킴스델리마켓 가산퍼블릭점,디지털로 178 M-132호 지번,(*BEST)크레이지 올리브 베이글 *NEW 터져 나오는 올리브를 가득 담아 짠맛을 없애고 담백하게 구워낸 쫀쫀한 식사용베이글,8600
킴스델리마켓 가산퍼블릭점,디지털로 178 M-132호 지번,(NEW)크레이지 밤 베이글,10900
킴스델리마켓 가산퍼블릭점,디지털로 178 M-132호 지번,"클램차우더 스프 어니언, 포테이토, 조갯살을 넣은 차우더로 샌프란시스코식 크림스프",9800
더빈마켓,"시흥대로 343 1층, 2층 지번","더빈마켓 메뉴정보 인기 메뉴 보기 아메리카노 콩2 카카오와 같은 다크초콜릿의 단맛과 풀바디감, 안정적 발런스를 느낄수 있습니다 . 카페라떼 4,800원",4200
더빈마켓,"시흥대로 343 1층, 2층 지번","아메리카노 콩2 카카오와 같은 다크초콜릿의 단맛과 풀바디감, 안정적 발런스를 느낄수 있습니다 .",4200
더빈마켓,"시흥대로 343 1층, 2층 지번",카페라떼,4800
데미안,시흥대로 291 310동 142호 지번,데미안 메뉴정보 인기 메뉴 보기 아메리카노 아메리카노 (전국에서 가장 맛있는 원두만 찾아서 여러분들께 추천해드립니다.),4500
데미안,시흥대로 291 310동 142호 지번,아메리카노 아메리카노 (전국에서 가장 맛있는 원두만 찾아서 여러분들께 추천해드립니다.),4500
힛더스팟 베이커리 에이트,가산로 145 1층 101호 지번,햄치즈 파니니 치아바타 빵에 힛더스팟 특제 소스를 바르고 치즈와 드라이 토마토를 넣어 그릴에 구운 파니니,7500
힛더스팟 베이커리 에이트,가산로 145 1층 101호 지번,베리 프렌치 토스트 갓 구운 달콤한 브리오슈 식빵위에 상큼한 베리와 메이플 시럽을 뿌린 토스트,8500
힛더스팟 베이커리 에이트,가산로 145 1층 101호 지번,무화과파운드,6500
힛더스팟 베이커리 에이트,가산로 145 1층 101호 지번,월넛 브리오슈,7000
힛더스팟 베이커리 에이트,가산로 145 1층 101호 지번,아마레또라떼,6000
힛더스팟 베이커리 에이트,가산로 145 1층 101호 지번,버터캬라멜라떼,6000
힛더스팟 베이커리 에이트,가산로 145 1층 101호 지번,소금빵 요즘 제일 핫한 단짠단짝 소금빵.,2800
힛더스팟 베이커리 에이트,가산로 145 1층 101호 지번,아메리카노 ICE,4600
원두서점,서부샛길 578 1층(가산동) 지번,원두 200g 원두 기본 200g,13000
원두서점,서부샛길 578 1층(가산동) 지번,원두 기본 200g,13000
원두서점,서부샛길 578 1층(가산동) 지번,핸드드립 부터,4500
원두서점,서부샛길 578 1층(가산동) 지번,부터,4500
원두서점,서부샛길 578 1층(가산동) 지번,카페 라떼,4000
원두서점,서부샛길 578 1층(가산동) 지번,플랫 화이트,4000
원두서점,서부샛길 578 1층(가산동) 지번,수제 바닐라빈 라떼,4500
원두서점,서부샛길 578 1층(가산동) 지번,인생 밀크티,4500
원두서점,서부샛길 578 1층(가산동) 지번,타임 레몬 소다,4500
원두서점,서부샛길 578 1층(가산동) 지번,맑은 레몬티,4500
원두서점,서부샛길 578 1층(가산동) 지번,티라미수,6500
원두서점,서부샛길 578 1층(가산동) 지번,그래놀라떼,5500
원두서점,서부샛길 578 1층(가산동) 지번,커스터드 크림라떼,5500
원두서점,서부샛길 578 1층(가산동) 지번,레몬 소르베,3000
원두서점,서부샛길 578 1층(가산동) 지번,바스크 치즈 케이크,6500
원두서점,서부샛길 578 1층(가산동) 지번,호두 바닐라 쿠키,3500
원두서점,서부샛길 578 1층(가산동) 지번,아메리카노,3500
원두서점,서부샛길 578 1층(가산동) 지번,밸런스 에소,3500
커피사피엔스 가산어반워크점,가산디지털2로 135 1동 102호 지번,"[패스오더전용] 아메리카노 패스오더 앱 설치하면, 최소 주문 금액 없이 에 커피 주문+1,500원 쿠폰까지",100
커피사피엔스 가산어반워크점,가산디지털2로 135 1동 102호 지번,[패스오더전용] 아메리카노,100
커피사피엔스 가산어반워크점,가산디지털2로 135 1동 102호 지번,"패스오더 앱 설치하면, 최소 주문 금액 없이 에 커피 주문+1,500원 쿠폰까지",100
커피사피엔스 가산어반워크점,가산디지털2로 135 1동 102호 지번,땡모반 수박주스(여름한정) 리얼 수박을 갈아서 만든 달달한 수박주스,4800
커피사피엔스 가산어반워크점,가산디지털2로 135 1동 102호 지번,오트바닐라 바닐라빈 파우더와 오트사이드가 만난 오트바닐라 (커피x),4000
커피사피엔스 가산어반워크점,가산디지털2로 135 1동 102호 지번,코코넛라떼 코코넛 과육이 씹히는 고소한 코코넛 라떼,3900
커피사피엔스 가산어반워크점,가산디지털2로 135 1동 102호 지번,제로아망추 제로칼로리로 즐기는 아이스티와 망고의 콜라보 제로아망추,3900
커피사피엔스 가산어반워크점,가산디지털2로 135 1동 102호 지번,아망추 아이스티와 망고를 함께 먹을 수 있는 아망추 !,3900
커피사피엔스 가산어반워크점,가산디지털2로 135 1동 102호 지번,유자캐모마일티 유자청와 캐모마일이 만난 유자캐모마일티,4000
커피사피엔스 가산어반워크점,가산디지털2로 135 1동 102호 지번,얼그레이 피치 상큼 달달한 복숭아와 얼그레이가 만난 얼그레이피치티,4000
커피사피엔스 가산어반워크점,가산디지털2로 135 1동 102호 지번,캐모마일 안정이 필요한 날에는 캐모마일,3500
커피사피엔스 가산어반워크점,가산디지털2로 135 1동 102호 지번,페퍼민트 프리미엄 페퍼민트 티를 우린 페퍼민트,3500
커피사피엔스 가산어반워크점,가산디지털2로 135 1동 102호 지번,얼그레이 프리미엄 얼그레이 티를 우린 얼그레이,3500
커피사피엔스 가산어반워크점,가산디지털2로 135 1동 102호 지번,납작복숭아주스 스페인st 납작복숭아를 먹는 듯한 납작복숭아주스,4800
커피사피엔스 가산어반워크점,가산디지털2로 135 1동 102호 지번,아메리카노 원두 선택이 가능한 프리미엄 커피,2000
커피사피엔스 가산어반워크점,가산디지털2로 135 1동 102호 지번,커피밀크쉐이크 부드럽고 달달한 밀크쉐이크에 에스프레소가 들어간 커피밀크쉐이크,4500
커피사피엔스 가산어반워크점,가산디지털2로 135 1동 102호 지번,밀크쉐이크 달달한 우유 아이스크림을 먹는 듯한 밀크쉐이크,4000
커피사피엔스 가산어반워크점,가산디지털2로 135 1동 102호 지번,아보카도바나나 아보카도와 바나나가 만나 극강의 부드러운 맛의 든든한 아보카도바나나,4800
커피사피엔스 가산어반워크점,가산디지털2로 135 1동 102호 지번,오렌지자몽주스 자몽과즙과 100% 오렌지 착즙주스가 만난 오렌지자몽주스,4800
커피사피엔스 가산어반워크점,가산디지털2로 135 1동 102호 지번,해장꿀토마토주스 해장이 필요한 날엔 토마토와 꿀로만든 해장꿀토마토(강추:)!),4800
커피사피엔스 가산어반워크점,가산디지털2로 135 1동 102호 지번,박카사에이드 에너지가 필요할 땐 박카사에이드 !,4000
커피사피엔스 가산어반워크점,가산디지털2로 135 1동 102호 지번,"유자에이드 탄산수, 사이다 선택 가능한 유자청 유자에이드",4000
커피사피엔스 가산어반워크점,가산디지털2로 135 1동 102호 지번,"자몽에이드 탄산수, 사이다 선택 가능한 달콤 쌉싸름한 자몽에이드",4000
커피사피엔스 가산어반워크점,가산디지털2로 135 1동 102호 지번,"레몬에이드 탄산수, 사이다 선택 가능한 상큼달달한 블루레몬에이드",4000
커피사피엔스 가산어반워크점,가산디지털2로 135 1동 102호 지번,쇼콜라라떼 진하고 달달한 초코파우더로 만든 고급스러운 맛의 초코라떼,4000
커피사피엔스 가산어반워크점,가산디지털2로 135 1동 102호 지번,오렌지아메리카노 직접착즙한 오렌지와 오렌지주스 베이스에 에스프레소가 어우러진 오메리카노,4800
커피사피엔스 가산어반워크점,가산디지털2로 135 1동 102호 지번,꿀미숫가루 어린시절 마시던 달디단 미숫가루를 재현한 든든한 꿀미숫가루,3800
커피사피엔스 가산어반워크점,가산디지털2로 135 1동 102호 지번,제로킹아샷추(1L) 1L 대용량 제로아이스티에 에스프레소가 추가 된 제로킹아샷추,4800
커피사피엔스 가산어반워크점,가산디지털2로 135 1동 102호 지번,제로아샷추 칼로리 걱정 없이 즐기는 제로아이스티에 샷 추가 제로아샷추,3500
커피사피엔스 가산어반워크점,가산디지털2로 135 1동 102호 지번,제로킹아이스티(1L) 1L 대용량으로 즐기는 제로칼로리 아이스티,4300
커피사피엔스 가산어반워크점,가산디지털2로 135 1동 102호 지번,제로아이스티 제로칼로리로 즐기는 아이스티 ! 배아프지 않은 제로음료,3000
커피사피엔스 가산어반워크점,가산디지털2로 135 1동 102호 지번,봉샷추 상큼달달한 한라봉 슬러시에 에스프레소가 어우러진 사피엔스에서만 만나볼 수 있는 봉샷추,4000
커피사피엔스 가산어반워크점,가산디지털2로 135 1동 102호 지번,유샷추 상큼달달한 유자슬러시에 에스프레소가 어우러진 사피엔스에서만 만나볼 수 있는 유샷추,4000
커피사피엔스 가산어반워크점,가산디지털2로 135 1동 102호 지번,킹아샷추(1L) 1L 아이스티에 에스프레소가 추가 된 대용량으로 즐기는 킹아샷추 !,4800
커피사피엔스 가산어반워크점,가산디지털2로 135 1동 102호 지번,베트남st 연유라떼 달콤한 연유커피로 유명한 베트남st 연유라떼,4800
커피사피엔스 가산어반워크점,가산디지털2로 135 1동 102호 지번,솔트크림라떼 달콤한 라떼 위에 달콤 짭쪼름한 솔트크림이 올라간 단짠단짠 매력의 솔트크림라떼,4800
커피사피엔스 가산어반워크점,가산디지털2로 135 1동 102호 지번,킹아메리카노(1L) 4샷이 들어가는 1L 대용량 아메리카노,3800
커피사피엔스 가산어반워크점,가산디지털2로 135 1동 102호 지번,스노우아메리카노 쫀득하고 달달한 우유크림과 함께 즐기는 부드러운 스노우아메리카노,4800
커피사피엔스 가산어반워크점,가산디지털2로 135 1동 102호 지번,카페모카 초코파우더와 고소한 커피가 들어간 카페모카,3800
커피사피엔스 가산어반워크점,가산디지털2로 135 1동 102호 지번,"카푸치노 고소한 라떼와 부드러운 우유거품, 시나몬 가루가 어우러진 카푸치노",3300
커피사피엔스 가산어반워크점,가산디지털2로 135 1동 102호 지번,오트라떼 일반 우유가 아닌 오트사이드 귀리우유로 만든 오트라떼,4000
커피사피엔스 가산어반워크점,가산디지털2로 135 1동 102호 지번,바닐라빈라떼 시럽이 아닌 바닐라빈 파우더를 사용한 깊은 맛의 바닐라빈 라떼,3800
커피사피엔스 가산어반워크점,가산디지털2로 135 1동 102호 지번,헤이즐라떼 고소한 라떼에 헤이즐넛이 추가 된 헤이즐라떼,3800
잔,시흥대로52길 38 지번,나가사키해물탕,20000
잔,시흥대로52길 38 지번,유린기,19000
잔,시흥대로52길 38 지번,깐풍기,22000
잔,시흥대로52길 38 지번,찹쌀등심탕수육,19000
잔,시흥대로52길 38 지번,철판제육볶음,18000
잔,시흥대로52길 38 지번,해물오꼬노미야끼,18000
잔,시흥대로52길 38 지번,키조개살크림치즈구이,18000
잔,시흥대로52길 38 지번,치즈계란말이,16000
잔,시흥대로52길 38 지번,모듬해물야채볶음,27000
잔,시흥대로52길 38 지번,모듬튀김,23000
잔,시흥대로52길 38 지번,새우 튀김 (10P),17000
잔,시흥대로52길 38 지번,고로케 튀김,17000
잔,시흥대로52길 38 지번,해물짬뽕탕,20000
잔,시흥대로52길 38 지번,닭고기가라아게,17000
잔,시흥대로52길 38 지번,타코와사비,13000
잔,시흥대로52길 38 지번,카레우동,7000
잔,시흥대로52길 38 지번,튀김우동,7000
잔,시흥대로52길 38 지번,우동사리,3000
잔,시흥대로52길 38 지번,공기밥,1000
잔,시흥대로52길 38 지번,조개탕,20000
잔,시흥대로52길 38 지번,오뎅탕,20000
잔,시흥대로52길 38 지번,새우크림소스,22000
잔,시흥대로52길 38 지번,매운소스 탕수육,19000
잔,시흥대로52길 38 지번,참치 타다끼,24000
잔,시흥대로52길 38 지번,해물 볶음 우동,18000
잔,시흥대로52길 38 지번,돼지고기숙주볶음,18000
상신상회,시흥대로56길 22 102호 지번,숙성간장 삼겹보쌈 (부타노 가쿠니) 숙성시킨 간장과 여러 채소를 함께 오랜시간 삶아낸 부드럽고 감칠맛나는 삼겹보쌈(with무),19000
상신상회,시흥대로56길 22 102호 지번,숙성 광어사시미 직접 손질하여 숙성시킨 감칠맛과 쫀득한 식감의 광어 사시미,28000
상신상회,시흥대로56길 22 102호 지번,오다리튀김 바삭한 튀김속 부드러운 오징어 다리!,16800
상신상회,시흥대로56길 22 102호 지번,소고기 타다끼 겉면만 살짝 익힌 살치살과 파인소스 & 샐러드,24000
상신상회,시흥대로56길 22 102호 지번,멜론치즈 & 방울토마토절임 상큼하게 마무리하기 좋은 새콤달콤한 토마토쯔케와 멜론치즈,12000
상신상회,시흥대로56길 22 102호 지번,파인애플 & 아이스크림 새콤달콤한 신선한 파인애플 위에 달콤한 아이스크림,13900
상신상회,시흥대로56길 22 102호 지번,칠리새우마요 통통한 새우튀김과 매콤달콤 칠리소스의 만남,21000
상신상회,시흥대로56길 22 102호 지번,수제 고로케 & 야채튀김 붉은 대게살과 크림으로 만든 고로케 + 감자 고로케+ 야채튀김,17000
상신상회,시흥대로56길 22 102호 지번,미나리 왕새우전 미나리와 통통한 새우를 바삭하게 구워낸 노릇한 부침개,19800
상신상회,시흥대로56길 22 102호 지번,나가사끼 짬뽕탕 신선한 해산물과 함께 불향 가득 볶아 만든 하얀국물의 나가사끼 짬뽕,23000
상신상회,시흥대로56길 22 102호 지번,"모짜치즈 토마토 샐러드 토마토 카프레제를 연상시키는 신선한 모짜치즈와 토마토, 샐러드",18000
상신상회,시흥대로56길 22 102호 지번,김치우동 김치가 들어간 얼큰우동,7000
상신상회,시흥대로56길 22 102호 지번,오늘의 하이볼 매일 달라지는 술과 재료로 만든 오늘의 하이볼,6000
상신상회,시흥대로56길 22 102호 지번,짐빔 하이볼 은은한 위스키향이 매력적인 짐빔 하이볼,6000
상신상회,시흥대로56길 22 102호 지번,"산토리 하이볼 하이볼의 대명사, 부드러운 맛의 산토리 하이볼",8000
상신상회,시흥대로56길 22 102호 지번,무알콜 하이볼 알콜은 없지만 찐 위스키향 하이볼,8000
상신상회,시흥대로56길 22 102호 지번,자몽 하이볼 달콤쌉싸름한 자몽맛 하이볼,8000
상신상회,시흥대로56길 22 102호 지번,피치 하이볼 상큼달콤한 복숭아맛의 하이볼,8000
상신상회,시흥대로56길 22 102호 지번,"캄파리소다 숨겨진 칵테일계의 보석, 쌉싸름한 허브향의 캄파리",7000
상신상회,시흥대로56길 22 102호 지번,매콤 토마토 돈가스나베 (돈토베) 매콤한 수제 토마토소스에 바삭한 돈가스가 올라간 나베.,27000
상신상회,시흥대로56길 22 102호 지번,숙성 연어사시미 당일 손질한 연어를 감칠맛나게 숙성시킨 탱글한 연어사시미,28000
상신상회,시흥대로56길 22 102호 지번,"차돌 우동나베 부드러운 차돌과 쫄깃한 우동면, 푸짐한 채소가 한가득 들어간 샤브샤브 같은 맑은 나베",22000
상신상회,시흥대로56길 22 102호 지번,치즈 감자채전 바삭하고 노릇한 감자전 사이에 치즈가 듬뿍!,19800
상신상회,시흥대로56길 22 102호 지번,생등심 탕수육 100% 전분가루를 사용해 튀겨낸 호텔식 탕수육,19800
상신상회,시흥대로56길 22 102호 지번,명란 크림우동 신선한 저염 명란으로 만든 수제크림소스의 우동,17000
상신상회,시흥대로56길 22 102호 지번,깐풍 가라아게 부드러운 닭다리살을 튀겨내 중화풍으로 볶아낸 요리,19800
View,시흥대로52길 24 1층 지번,블랙타이거 감바스 블랙타이거 내장과 껍질로 비스큐 오일을 뽑아내어 만든 감바스,20000
View,시흥대로52길 24 1층 지번,해물크림짬뽕 나가사끼와 다른 매력적인 크림짬뽕,20000
View,시흥대로52길 24 1층 지번,토마토해산물스튜(면추가+0.3) 싱싱한 해산물과 토마토 소스를 함께 졸인 해장과 술안주를 동시에 할 수 있는 서양식 스튜,18000
View,시흥대로52길 24 1층 지번,유자깐린기 바삭하게 튀긴 닭과 아삭한 양상추 그리고 특제 유자소스로 맛을 더한 매콤 달달 깐린기,18000
View,시흥대로52길 24 1층 지번,매콤크림떡볶이 각종 야채와 매콤 크리미한 소스로 맛을 낸 남녀노소 호 불호 없이 즐길 수 있는 떡볶이,18000
View,시흥대로52길 24 1층 지번,치킨난반 부드러운 계란소스와 바삭한 치킨,18000
View,시흥대로52길 24 1층 지번,명란버터구이 버터에 명란을 구운 달콤짭짤,12000
View,시흥대로52길 24 1층 지번,가지라구구이 촉촉한 가지에 라구소스와 치즈를 가득 채운 오븐요리,12000
View,시흥대로52길 24 1층 지번,"치즈폭포감자사라다 부드러운 매쉬와, 아삭한 야채로 식감을 더하고 트러플 오일로 향과 풍미를 올린 폭포사라다",10000
View,시흥대로52길 24 1층 지번,볼로네제 프라이즈 바삭한 감자튀김과 볼로네제 소스를 올린 어떤 주류와도 페어링되는 view 시그니처 사이드!,14000
View,시흥대로52길 24 1층 지번,한 입 피자 바삭한 바게트 위로 가득 올린 토핑 가볍게 즐기기 좋은 핑거푸드,12000
View,시흥대로52길 24 1층 지번,리얼 스팸김치볶음밥 스팸을 듬뿍 넣어 만든 최고의 탄수화물!,8000
View,시흥대로52길 24 1층 지번,"비프 나초타코 나초 위 직접 만든 살사,렌치 아삭한 야채를 더해 손이 자꾸가는 가벼운 술 안주",14000
View,시흥대로52길 24 1층 지번,"짜계치 흔하지만, 흔하지 않은 특별한 레시피",7000
View,시흥대로52길 24 1층 지번,바닐라 아이스크림 아이스크림계의 에르메스,5500
View,시흥대로52길 24 1층 지번,"베이컨 알배추구이 버터에 가볍게 구워 단맛을 올린 알배추와 크리스피한 베이컨,view 특제소스로 풍미가득",14000
View,시흥대로52길 24 1층 지번,돈코츠라멘,14000
View,시흥대로52길 24 1층 지번,비프카르파쵸 최상급 프라임등급 부채살을 얇게 저며 팜슈가 드레싱을 곁들인 새콤달콤한 비프 카르파쵸,24000
View,시흥대로52길 24 1층 지번,최상급 부채살 육전 최상급 프라임등급 부채살과 상큼한 대파채와 함께 싸먹는 육전,20000
View,시흥대로52길 24 1층 지번,에그인헬 토마토소스에 향신료를 더해 이국적인 맛을 낸 자꾸 퍼 먹고싶은 토마토요리,18000
View,시흥대로52길 24 1층 지번,"깐풍가지 가지 속에 닭,야채를 함께 튀겨 겉바 속촉한 튀김에 새콤 달콤한 깐풍소스를 곁들인 요리",18000
View,시흥대로52길 24 1층 지번,새우완탕 새우볼과 홍합을 넣어 시원한 맛을 올린 알콜 뚝딱 완탕,20000
줄까말까 퓨전포차,범안로 1130 103호 지번,양등심(400g),40000
줄까말까 퓨전포차,범안로 1130 103호 지번,고급양갈비(300g),35000
줄까말까 퓨전포차,범안로 1130 103호 지번,대하꼬치(10개),16000
줄까말까 퓨전포차,범안로 1130 103호 지번,매운닭발꼬치(7개),10000
줄까말까 퓨전포차,범안로 1130 103호 지번,닭똥집꼬치(7개),10000
줄까말까 퓨전포차,범안로 1130 103호 지번,대만소세지(2개),7000
줄까말까 퓨전포차,범안로 1130 103호 지번,향라대하,20000
줄까말까 퓨전포차,범안로 1130 103호 지번,참조기구이,18000
줄까말까 퓨전포차,범안로 1130 103호 지번,건두부볶음,15000
줄까말까 퓨전포차,범안로 1130 103호 지번,계란토마토볶음,15000
줄까말까 퓨전포차,범안로 1130 103호 지번,즈란오돌뼈볶음,18000
줄까말까 퓨전포차,범안로 1130 103호 지번,아이스새우,12000
줄까말까 퓨전포차,범안로 1130 103호 지번,생양꼬치(10개),17000
줄까말까 퓨전포차,범안로 1130 103호 지번,오이탕탕,12000
줄까말까 퓨전포차,범안로 1130 103호 지번,아이스황도,12000
줄까말까 퓨전포차,범안로 1130 103호 지번,반건조노가리,12000
줄까말까 퓨전포차,범안로 1130 103호 지번,차돌고추장찌개,20000
줄까말까 퓨전포차,범안로 1130 103호 지번,계란토마토탕,12000
줄까말까 퓨전포차,범안로 1130 103호 지번,오뎅탕,10000
줄까말까 퓨전포차,범안로 1130 103호 지번,번데기탕,9000
줄까말까 퓨전포차,범안로 1130 103호 지번,골뱅이무침,18000
줄까말까 퓨전포차,범안로 1130 103호 지번,우육면,10000
줄까말까 퓨전포차,범안로 1130 103호 지번,김치온면,9000
줄까말까 퓨전포차,범안로 1130 103호 지번,마라룽샤꼬리,25000
줄까말까 퓨전포차,범안로 1130 103호 지번,물만두,8000
줄까말까 퓨전포차,범안로 1130 103호 지번,특볶음밥,8000
줄까말까 퓨전포차,범안로 1130 103호 지번,중국식물냉면,8000
줄까말까 퓨전포차,범안로 1130 103호 지번,사천식닭날개,20000
줄까말까 퓨전포차,범안로 1130 103호 지번,꿔보러우,18000
줄까말까 퓨전포차,범안로 1130 103호 지번,지삼선,18000
줄까말까 퓨전포차,범안로 1130 103호 지번,소갈비살꼬치(10개),18000
줄까말까 퓨전포차,범안로 1130 103호 지번,양갈비살꼬치(10개),19000
줄까말까 퓨전포차,범안로 1130 103호 지번,오리지널양꼬치(10개),18000
