source_region,source_category,store_name,store_url,store_address,store_rating,review_count,menus_json,raw_body_excerpt,status,error_message
서울특별시 금천구,한식,진심담은 된장찌개 진된장 가산본점,https://www.diningcode.com/profile.php?rid=zLIq0MCtK9dW,서울특별시 금천구 벚꽃로36길 30 제씨118호 지번,4.6,5,"[{""menu_name"": ""[봄동 비빔밥 정식] 비빔밥+된장전골 봄에만 먹을 수 있는 프레시한 봄동 겉절이 계란후라이는 추가해주세요^^"", ""menu_price"": ""12000""}, {""menu_name"": ""보쌈 정식 (된장전골 + 1인보쌈)"", ""menu_price"": ""16000""}, {""menu_name"": ""매콤 제육볶음 매콤한 양념이 혀끝을 스치며 동시에 감칠맛이 돌아 밥 한공기 뚝딱입니다."", ""menu_price"": ""10000""}, {""menu_name"": ""된장 1kg (100% 연천 메주콩)"", ""menu_price"": ""30000""}, {""menu_name"": ""독도소주(17%)"", ""menu_price"": ""12000""}, {""menu_name"": ""왕율주(25%)"", ""menu_price"": ""19000""}, {""menu_name"": ""김포특주(14%)"", ""menu_price"": ""9000""}, {""menu_name"": ""호랑이 생막걸리"", ""menu_price"": ""7000""}, {""menu_name"": ""(5첩반상) 버섯가득 된장찌개(전골) 버섯이 들어가 더욱 건강합니다. (구성: 5첩반상+된장전골+국내산쌀)"", ""menu_price"": ""10000""}, {""menu_name"": ""가브리 수육보쌈 세트 소 된장전골 or 칼비빔면 서비스 (중: 45,000원 / 대 :55,000원)"", ""menu_price"": ""35000""}, {""menu_name"": ""된장전골 or 칼비빔면 서비스 (중: / 대 :55,000원)"", ""menu_price"": ""45000""}, {""menu_name"": ""(5첩반상) 소고기 된장찌개(전골) 소고기가 들어가 국물이 더욱 진한 된장전골(구성: 5첩반상+된장전골+국내산쌀)"", ""menu_price"": ""11000""}, {""menu_name"": ""(5첩반상) 우거지 된장찌개(전골) 우거지가 들어가 시원한 국물이 일품인 된장전골(구성: 5첩반상+된장전골+국내산쌀)"", ""menu_price"": ""10000""}, {""menu_name"": ""강된장 정식 버섯된장전골+강된장+계란후라이 (소고기된장전골은 1,000원 추가)"", ""menu_price"": ""12000""}, {""menu_name"": ""버섯된장전골+강된장+계란후라이 (소고기된장전골은 추가)"", ""menu_price"": ""1000""}, {""menu_name"": ""두쫀쿠소주 입고!! (20병 한정) 테이블당 한병만 판매합니다. 한정판매 두쫀쿠 소주!"", ""menu_price"": ""5000""}, {""menu_name"": ""[주류 무한리필] 1인 20여종의 전통주/막걸리를 무한으로 즐겨보세요"", ""menu_price"": ""8900""}, {""menu_name"": ""치즈 대왕 계란말이 대란을 7알이나 사용해 폭신하고 커다란 행운의 계란말이! 된장찌개 찰떡궁합"", ""menu_price"": ""13000""}]","DININGCODE 스킵네비게이션

본문바로가기
주메뉴바로가기
로그인
진심담은 된장찌...
진심담은 된장찌개 진된장 가산본점
저장
공유
가산집밥, 된장

4.6 (5명의 평가)
74점 

서울특별시 금천구 벚꽃로36길 30 제씨118호 지번 
지도보기
영업 전
오늘(목)
·
영업시간: 11:00 - 21:00
0507-1469-0429
혼밥, 점심회식
캐주얼한, 점심맛집, 점심식사, 저녁식사, 셀프바, 무료주차, 배달
폐업신고 · 정보수정 제안

Advertisement
Advertisement

진심담은 된장찌개 진된장 메뉴정보

인기 메뉴 보기

[봄동 비빔밥 정식] 비빔밥+된장전골

12,000원

봄에만 먹을 수 있는 프레시한 봄동 겉절이 계란후라이는 추가해주세요^^

된장 라면(라면사리) 무제한 무료

무료

진된장 최애궁합 된장찌개에 라면사리를 넣은 된장라면 너무 맛있어서 깜짝 놀랄 맛

보쌈 정식 (된장전골 + 1인보쌈)

16,000원

매콤 제육볶음

10,000원

매콤한 양념이 혀끝을 스치며 동시에 감칠맛이 돌아 밥 한공기 뚝딱입니다.

된장 1kg (100% 연천 메주콩)

30,000원

독도소주(17%)

12,000원

왕율주(25%)

19,000원

김포특주(14%)

9,000원

호랑이 생막걸리

7,000원

(5첩반상) 버섯가득 된장찌개(전골)

10,000원

버섯이 들어가 더욱 건강합니다. (구성: 5첩반상+된장전골+국내산쌀)

가브리 수육보쌈 세트 소

35,000원

된장전골 or 칼비빔면 서비스 (중: 45,000원 / 대 :55,000원)

(5첩반상) 소고기 된장찌개(전골)

11,000원

소고기가 들어가 국물이 더욱 진한 된장전골(구성: 5첩반상+된장전골+국내산쌀)

(5첩반상) 우거지 된장찌개(전골)

10,000원

우거지가 들어가 시원한 국물이 일품인 된장전골(구성: 5첩반상+된장전골+국내산쌀)

강된장 정식

12,000원

버섯된장전골+강된장+계란후라이 (소고기된장전골은 1,000원 추가)

두쫀쿠",ok,
서울특별시 금천구,한식,순남시래기 가산역점,https://www.diningcode.com/profile.php?rid=IXxxv3yq8eFU,서울특별시 금천구 가산디지털1로 186 제이플라츠 A동 지하1층 지번,4.6,8,"[{""menu_name"": ""3대 시래기국"", ""menu_price"": ""9000""}, {""menu_name"": ""도마 수육 정식"", ""menu_price"": ""12000""}, {""menu_name"": ""하우스막걸리"", ""menu_price"": ""4000""}, {""menu_name"": ""노을구름막걸리"", ""menu_price"": ""6000""}, {""menu_name"": ""유자탱탱막걸리"", ""menu_price"": ""6000""}, {""menu_name"": ""시래기불고기전골(점심특선)"", ""menu_price"": ""13000""}, {""menu_name"": ""시래기불낙전골(점심특선)"", ""menu_price"": ""16000""}, {""menu_name"": ""시래기꼬막정식"", ""menu_price"": ""12000""}, {""menu_name"": ""미나리 육회"", ""menu_price"": ""16000""}, {""menu_name"": ""마나리 육회비빔밥"", ""menu_price"": ""13000""}, {""menu_name"": ""얼큰시래기국"", ""menu_price"": ""9000""}, {""menu_name"": ""씨앗된장시래기밥"", ""menu_price"": ""10000""}, {""menu_name"": ""쑥떡 떡갈비 정식"", ""menu_price"": ""12000""}, {""menu_name"": ""도토리 해물파전"", ""menu_price"": ""19000""}, {""menu_name"": ""도마수육"", ""menu_price"": ""20000""}]","DININGCODE 스킵네비게이션

본문바로가기
주메뉴바로가기
로그인
순남시래기 가산...
순남시래기 가산역점
저장
공유
가산시래기국

4.6 (8명의 평가)
75점 

서울특별시 금천구 가산디지털1로 186 제이플라츠 A동 지하1층 지번 
지도보기
영업 전
오늘(목)
·
영업시간: 11:00 - 22:00
02-866-4555
혼밥, 해장
서민적인, 점심맛집, 점심식사, 셀프바
폐업신고 · 정보수정 제안

Advertisement
Advertisement

순남시래기 메뉴정보

인기 메뉴 보기

3대 시래기국

9,000원

도마 수육 정식

12,000원

하우스막걸리

4,000원

노을구름막걸리

6,000원

유자탱탱막걸리

6,000원

시래기불고기전골(점심특선)

13,000원

시래기불낙전골(점심특선)

16,000원

시래기꼬막정식

12,000원

미나리 육회

16,000원

마나리 육회비빔밥

13,000원

얼큰시래기국

9,000원

씨앗된장시래기밥

10,000원

쑥떡 떡갈비 정식

12,000원

도토리 해물파전

19,000원

도마수육

20,000원

메뉴 접기

맛집태그

순남시래기
의 사진
음식 (18) 실내 (4) 실외 (4) 메뉴ㆍ정보 (9)
사진 더보기

Advertisement
Advertisement

순남시래기 방문자 리뷰

4.6
8건의 리뷰가 작성되었어요.
5

최고에요

(5)

4

만족해요

(2)

3.5

괜찮아요

(1)

3

무난해요

(0)

2

아쉬워요

(0)

1

별로예요

(0)

맛
4.8
좋음
88%
보통
13%
부족
0%
가격
4.5
만족
75%
보통
25%
불만
0%
응대
4.5
친절함
75%
보통
25%
불친절
0%
방문목적

점심식사 6저녁식사 5혼밥 2식사모임 1술모임 1아이동반 1

편의시설

주차불가 1무료주차 1

분위기

서민적인 5캐주얼한 3깔끔한 2가성비좋은 2푸짐한 2격식있는 1지역주민이찾는 1

추천순 최신순 평점 높은순 평점 낮은순

배뚱얼통
평균 별점",ok,
서울특별시 금천구,한식,가마솥 서울깍두기,https://www.diningcode.com/profile.php?rid=TIsrMm19rLFS,서울특별시 금천구 가산디지털1로 186 지번,3.7,7,"[{""menu_name"": ""설렁탕 특"", ""menu_price"": ""11000""}, {""menu_name"": ""도가니탕"", ""menu_price"": ""16000""}, {""menu_name"": ""꼬리곰탕"", ""menu_price"": ""18000""}, {""menu_name"": ""소고기국밥"", ""menu_price"": ""9000""}, {""menu_name"": ""소갈비해장국"", ""menu_price"": ""11000""}, {""menu_name"": ""설렁탕 보통"", ""menu_price"": ""9000""}, {""menu_name"": ""선지해장국"", ""menu_price"": ""8000""}, {""menu_name"": ""황태해장국"", ""menu_price"": ""8000""}, {""menu_name"": ""김치찌개"", ""menu_price"": ""8000""}, {""menu_name"": ""청국장"", ""menu_price"": ""8000""}]","DININGCODE 스킵네비게이션

본문바로가기
주메뉴바로가기
로그인
가마솥 서울깍두...
가마솥 서울깍두기
저장
공유
가산디지털단지역설렁탕, 한식

3.7 (7명의 평가)
70점 

서울특별시 금천구 가산디지털1로 186 지번 
지도보기
영업시간 확인 필요
02-2028-7070
혼밥, 점심회식
서민적인, 점심맛집
폐업신고 · 정보수정 제안

Advertisement
Advertisement

가마솥 서울깍두기 메뉴정보

인기 메뉴 보기

설렁탕 특

11,000원

도가니탕

16,000원

꼬리곰탕

18,000원

소고기국밥

9,000원

소갈비해장국

11,000원

설렁탕 보통

9,000원

선지해장국

8,000원

황태해장국

8,000원

김치찌개

8,000원

청국장

8,000원

메뉴 접기

가마솥 서울깍두기
의 사진
음식 (12) 실내 (2) 메뉴ㆍ정보 (8)

Advertisement
Advertisement

가마솥 서울깍두기 방문자 리뷰

3.7
7건의 리뷰가 작성되었어요.
5

최고에요

(0)

4

만족해요

(5)

3

무난해요

(1)

2

아쉬워요

(1)

1

별로예요

(0)

맛
3.3
좋음
14%
보통
86%
부족
0%
가격
3.3
만족
14%
보통
86%
불만
0%
응대
3.3
친절함
14%
보통
86%
불친절
0%
방문목적

점심식사 7저녁식사 1혼밥 1

편의시설

무료주차 1

분위기

서민적인 6지역주민이찾는 1캐주얼한 1

추천순 최신순 평점 높은순 평점 낮은순

나능야
평균 별점 4.1   평가 1012   팔로워 14

4점
3월 27일

비빔밥이 맛있는데, 밑반찬을 보기 전체적으로 음식이 맛있는 것 같아요
맛: 보통|가격: 보통|응대: 보통

주문한 메뉴

낙지비빔밥

키워드

점심식사, 캐주얼한

양아줌마님이 좋아합니다.
좋아요
공유

Advertisement
Advertisement

베지밀은역시B
평균 별점 4.5   평가 181   팔로워 0

4점
2024년 8월 22일

도가니",ok,
서울특별시 금천구,한식,사월에보리밥과쭈꾸미 현대아울렛 가산점,https://www.diningcode.com/profile.php?rid=vxsHsWOBM6q5,서울특별시 금천구 디지털로10길 9 지상7층 지번,2.7,4,"[{""menu_name"": ""사월에보리밥한상 10가지 이상의 반찬과 국산콩으로 만든 청국장, 매일아침 만드는 순두부까지 무한리필 한상"", ""menu_price"": ""10000""}, {""menu_name"": ""쭈꾸미피자한상 사월에보리밥한상과 직화웍에서 볶은 불맛가득 매콤쭈꾸미, 그리고 달콤한 꿀과 먹는 고르곤졸라"", ""menu_price"": ""16900""}, {""menu_name"": ""고르곤졸라피자 바삭한 도우에 소스와 치즈를 뿌려 오븐에서 구운 고르곤졸라피자. 제공드리는 꿀과 함께드세요"", ""menu_price"": ""8000""}, {""menu_name"": ""셀프 소불고기주먹밥 쌔지 않은 간으로 구운 소불고기와 김, 후리가케 등 밥과 함께 먹는 어린아이 식사"", ""menu_price"": ""6000""}, {""menu_name"": ""사월에보리밥한상 4세-7세 뷔페형식의 매장이다보니, 부득이하게 이용료를 받습니다. 양해 부탁드리겠습니다"", ""menu_price"": ""5000""}, {""menu_name"": ""매콤코다리찜한상 맛있게 말린 코다리를 사월에 특제 양념으로 졸여 매콤하면서 살맛이 잘 나는 코다리찜한상"", ""menu_price"": ""15900""}, {""menu_name"": ""제육보쌈한상 불맛가득 제육볶음과 한방 냄새 가득나는 부드러운 수육을 한접시에 드실수있는 가성비 한상"", ""menu_price"": ""16900""}, {""menu_name"": ""쭈꾸미보쌈한상 불맛 가득한 매콤쭈꾸미와 부드러운 한방보쌈, 맛있는 보쌈김치까지 드실수있는 맛있는 한상"", ""menu_price"": ""18900""}, {""menu_name"": ""쭈꾸미고등어한상 불향 가득 매콤쭈꾸미와 맛있게 구운 촉촉한 고등어를 한상에 드실 수 있는 가성비 한상"", ""menu_price"": ""19900""}, {""menu_name"": ""직화쭈꾸미(220g) 사월에만의 양념과 맛있는 쭈꾸미를 중화웍에서 빠르게 볶아 쫄깃하면서도 매콤한 쭈꾸미"", ""menu_price"": ""12000""}, {""menu_name"": ""직화제육(220g) 맛있는 돼지 앞다리살을 사월에만의 특별한 양념으로 재워 직화로 볶아내어 맛있고 매콤한 제육"", ""menu_price"": ""10000""}, {""menu_name"": ""한방보쌈(150g) 어른, 아이 모두 좋아하는 부드럽고 육향이 있는 보쌈. 맛있는 보쌈김치와 함께 제공됩니다."", ""menu_price"": ""10000""}, {""menu_name"": ""참고등어구이 겉은 바삭 속은 촉촉하게 구워낸 고등어. 함께 제공되는 간장 와사비에 찍어 먹으면 별미"", ""menu_price"": ""10000""}]","DININGCODE 스킵네비게이션

본문바로가기
주메뉴바로가기
로그인
사월에보리밥과쭈...
사월에보리밥과쭈꾸미 현대아울렛 가산점
저장
공유
가산보리밥, 쭈꾸미

2.7 (4명의 평가)
69점 

서울특별시 금천구 디지털로10길 9 지상7층 지번 
지도보기
영업 전
오늘(목)
·
영업시간: 11:00 - 21:00
02-2136-9957
회식, 건강식
깔끔한, 매콤한, 점심식사, 저녁식사, 셀프바, 로봇서빙, 무료주차
폐업신고 · 정보수정 제안

Advertisement
Advertisement

사월에보리밥과쭈꾸미 메뉴정보

인기 메뉴 보기

사월에보리밥한상

10,000원

10가지 이상의 반찬과 국산콩으로 만든 청국장, 매일아침 만드는 순두부까지 무한리필 한상

쭈꾸미피자한상

16,900원

사월에보리밥한상과 직화웍에서 볶은 불맛가득 매콤쭈꾸미, 그리고 달콤한 꿀과 먹는 고르곤졸라

고르곤졸라피자

8,000원

바삭한 도우에 소스와 치즈를 뿌려 오븐에서 구운 고르곤졸라피자. 제공드리는 꿀과 함께드세요

셀프 소불고기주먹밥

6,000원

쌔지 않은 간으로 구운 소불고기와 김, 후리가케 등 밥과 함께 먹는 어린아이 식사

사월에보리밥한상 4세-7세

5,000원

뷔페형식의 매장이다보니, 부득이하게 이용료를 받습니다. 양해 부탁드리겠습니다

매콤코다리찜한상

15,900원

맛있게 말린 코다리를 사월에 특제 양념으로 졸여 매콤하면서 살맛이 잘 나는 코다리찜한상

제육보쌈한상

16,900원

불맛가득 제육볶음과 한방 냄새 가득나는 부드러운 수육을 한접시에 드실수있는 가성비 한상

쭈꾸미보쌈한상

18,900원

불맛 가득한 매콤쭈꾸미와 부드러운 한방보쌈, 맛있는 보쌈김치까지 드실수있는 맛있는 한상

쭈꾸미고등어한상

19,900원

불향 가득 매콤쭈꾸미와 맛있게 구운 촉촉한 고등어를 한상에 드실 수 있는 가성비 한상

직화쭈꾸미(220g)

12,000원

사월에만의 양념과 맛있는 쭈꾸미를 중화웍에서 빠르게 볶아 쫄깃하면서도 매콤한 쭈꾸미

직화제육(22",ok,
서울특별시 금천구,한식,맨날먹는 김치찌개 가산 DK점,https://www.diningcode.com/profile.php?rid=v97HXhHhNqa3,"서울 금천구 가산디지털2로 144 107호, 108호 지번",4.5,1,"[{""menu_name"": ""초당순두부 생고기김치찌개"", ""menu_price"": ""12000""}, {""menu_name"": ""생고기 짜글이(2인 이상)"", ""menu_price"": ""12000""}, {""menu_name"": ""직화제육정식(쌈채소+국+솥밥)"", ""menu_price"": ""12000""}, {""menu_name"": ""직화제육볶음"", ""menu_price"": ""9000""}, {""menu_name"": ""스팸구이"", ""menu_price"": ""8000""}, {""menu_name"": ""치즈왕계란말이"", ""menu_price"": ""10000""}, {""menu_name"": ""왕계란말이"", ""menu_price"": ""8000""}, {""menu_name"": ""참치 김치찌개"", ""menu_price"": ""10000""}, {""menu_name"": ""꽁치 김치찌개"", ""menu_price"": ""10000""}, {""menu_name"": ""스팸 김치찌개"", ""menu_price"": ""10000""}, {""menu_name"": ""모둠햄 김치찌개"", ""menu_price"": ""10000""}, {""menu_name"": ""생고기 김치찌개"", ""menu_price"": ""10000""}, {""menu_name"": ""생고기 김치찜"", ""menu_price"": ""12000""}, {""menu_name"": ""차돌박이(150g)"", ""menu_price"": ""17000""}, {""menu_name"": ""청정제주 생삼겹살(150g)"", ""menu_price"": ""15000""}, {""menu_name"": ""청정제주 눈꽃목살(180g)"", ""menu_price"": ""16000""}, {""menu_name"": ""청정제주 항정살(150g)"", ""menu_price"": ""19000""}, {""menu_name"": ""청정제주 흑돼지 오겹살(150g)"", ""menu_price"": ""17000""}, {""menu_name"": ""청정제주 세트(400g) 생삼겹살+눈꽃목살+항정살+김치찌개"", ""menu_price"": ""43000""}, {""menu_name"": ""청정제주 한라산 세트(600g) 흑돼지오겹살+생삼겹살+눈꽃목살+항정살+김치찌개"", ""menu_price"": ""60000""}]","DININGCODE 스킵네비게이션

본문바로가기
주메뉴바로가기
로그인
맨날먹는 김치찌...
맨날먹는 김치찌개 가산 DK점
저장
공유
가산김치찌개, 솥밥

4.5 (1명의 평가)
66점 

서울 금천구 가산디지털2로 144 107호, 108호 지번 
지도보기
영업 전
오늘(목)
·
영업시간: 10:30 - 22:00
0507-1483-1714
혼밥, 단체예약
점심맛집, 점심식사, 셀프바
폐업신고 · 정보수정 제안

Advertisement
Advertisement

맨날먹는 김치찌개 메뉴정보

인기 메뉴 보기

초당순두부 생고기김치찌개

12,000원

생고기 짜글이(2인 이상)

12,000원

직화제육정식(쌈채소+국+솥밥)

12,000원

직화제육볶음

9,000원

스팸구이

8,000원

치즈왕계란말이

10,000원

왕계란말이

8,000원

참치 김치찌개

10,000원

꽁치 김치찌개

10,000원

스팸 김치찌개

10,000원

모둠햄 김치찌개

10,000원

생고기 김치찌개

10,000원

생고기 김치찜

12,000원

차돌박이(150g)

17,000원

청정제주 생삼겹살(150g)

15,000원

청정제주 눈꽃목살(180g)

16,000원

청정제주 항정살(150g)

19,000원

청정제주 흑돼지 오겹살(150g)

17,000원

청정제주 세트(400g)

43,000원

생삼겹살+눈꽃목살+항정살+김치찌개

청정제주 한라산 세트(600g)

60,000원

흑돼지오겹살+생삼겹살+눈꽃목살+항정살+김치찌개

메뉴 접기

맨날먹는 김치찌개
의 사진
음식 (2) 메뉴ㆍ정보 (1)

Advertisement
Advertisement

맨날먹는 김치찌개 방문자 리뷰

4.5
1건의 리뷰가 작성되었어요.
5

최고에요

(0)

4.5

마음에 들어요

(1)

4

만족해요

(0)

3

무난해요

(0)

2

아쉬워요

(0)

1

별로예요

(0)

맛
3.0
좋음
0%
보통
100%
부족
0%
가격
3.0
만족
0%
보통",ok,
서울특별시 금천구,한식,모시네,https://www.diningcode.com/profile.php?rid=ufzuHTQdvWbK,서울특별시 금천구 가산디지털2로 142-12 지번,4.4,4,"[{""menu_name"": ""모시네 메뉴정보 인기 메뉴 보기 가정식백반 부대찌개 8,500원 김치찌개 8,500원 된장찌개 8,500원 동태찌개 10,000원"", ""menu_price"": ""7000""}, {""menu_name"": ""가정식백반"", ""menu_price"": ""7000""}, {""menu_name"": ""부대찌개"", ""menu_price"": ""8500""}, {""menu_name"": ""김치찌개"", ""menu_price"": ""8500""}, {""menu_name"": ""된장찌개"", ""menu_price"": ""8500""}, {""menu_name"": ""동태찌개"", ""menu_price"": ""10000""}]","DININGCODE 스킵네비게이션

본문바로가기
주메뉴바로가기
로그인
모시네 가산디지...
모시네
저장
공유
다시 보지 않기
저장 기능이 추가되었어요!
PC에서도 내가 저장한 맛집을 이용할 수 있어요.
나만의 맛집 리스트를 관리해보세요.
가산디지털단지백반, 부대찌개

4.4 (4명의 평가)
67점 

서울특별시 금천구 가산디지털2로 142-12 지번 
지도보기
영업 중
오늘(목)
·
영업시간: 05:00 - 21:00
02-468-6607
혼밥, 회식
서민적인, 가성비좋은, 점심식사, 저녁식사, 셀프바
폐업신고 · 정보수정 제안

Advertisement
Advertisement

모시네 메뉴정보

인기 메뉴 보기

가정식백반

7,000원

부대찌개

8,500원

김치찌개

8,500원

된장찌개

8,500원

동태찌개

10,000원

모시네
의 사진
음식 (10) 실내 (2) 메뉴ㆍ정보 (4)

Advertisement
Advertisement

모시네 방문자 리뷰

4.4
4건의 리뷰가 작성되었어요.
5

최고에요

(3)

4

만족해요

(0)

3

무난해요

(1)

2

아쉬워요

(0)

1

별로예요

(0)

맛
4.5
좋음
75%
보통
25%
부족
0%
가격
4.0
만족
50%
보통
50%
불만
0%
응대
4.5
친절함
75%
보통
25%
불친절
0%
방문목적

저녁식사 3점심식사 3혼밥 1회식 1

분위기

서민적인 4가성비좋은 3푸짐한 1지역주민이 찾는 1숨은맛집 1

추천순 최신순 평점 높은순 평점 낮은순

2호두
평균 별점 4.5   평가 245   팔로워 2

3장 더보기

5점
2025년 10월 27일

요즘같은 물가에 한줄기 빛인 식당입니다.
가격대도 좋은데 셀프바가 있어서 가성비 훌륭한곳..
된장찌개 하나시켜도 버너로 끓여먹을 수 있게끔 내어주셔서 감동포인트 폭팔
맛: 좋음|가격: 만족|응대: 좋음

주문한 메뉴

된장찌개

키워드

점심식사, 가성비좋은, 서민적인

좋아요
공유

Advertisement
Adverti",ok,
서울특별시 금천구,한식,북창동순두부 가산현대아울렛점,https://www.diningcode.com/profile.php?rid=0liX7AelxmL3,서울특별시 금천구 디지털로10길 9 지상6층 지번,5,1,"[{""menu_name"": ""특대가자미구이+제육볶음 2인 한상차림 특대가자미+제육볶음+순두부찌개2+솥밥2+기본찬"", ""menu_price"": ""30800""}, {""menu_name"": ""제육볶음 2인 실속상차림 제육볶음+순두부찌개2+솥밥2+기본찬"", ""menu_price"": ""28900""}, {""menu_name"": ""고등어+돈까스 2인 한상차림 고등어+돈까스+순두부찌개2+솥밥2+기본찬"", ""menu_price"": ""32800""}, {""menu_name"": ""특대가자미구이+갈비맛양념 2인 한상 특대가자미+갈비맛양념구이+순두부찌개2+솥밥2+기본찬"", ""menu_price"": ""31800""}, {""menu_name"": ""특대가자미구이+삼겹살 2인 한상차림 특대가자미+삼겹살+순두부찌개2+솥밥2+기본찬"", ""menu_price"": ""30800""}, {""menu_name"": ""특대가자미구이+돈까스 2인 한상차림 특대가자미+돈까스+순두부찌개2+솥밥2+기본찬"", ""menu_price"": ""29800""}, {""menu_name"": ""삼겹살구이 2인 실속상차림 삼겹살구이+순두부찌개2+솥밥2+기본찬"", ""menu_price"": ""29900""}, {""menu_name"": ""고등어구이 2인 실속상차림 고등어구이+순두부찌개2+솥밥2+기본찬"", ""menu_price"": ""29900""}, {""menu_name"": ""특대가자미구이 2인 실속상차림 특대가자미구이+순두부찌개2+솥밥2+기본찬"", ""menu_price"": ""26900""}, {""menu_name"": ""돈삼쌈밥 1인 상차림 돈까스+삼겹살+순두부찌개+솥밥+기본찬+쌈야채"", ""menu_price"": ""17900""}, {""menu_name"": ""돈제쌈밥 1인 상차림 돈까스+제육볶음+순두부찌개+솥밥+기본찬+쌈야채"", ""menu_price"": ""16900""}, {""menu_name"": ""갈비맛양념구이 1인 한상차림 갈비맛양념구이+순두부찌개+솥밥+기본찬"", ""menu_price"": ""19900""}, {""menu_name"": ""삼제쌈밥 1인 상차림 삼겹살+제육볶음+순두부찌개+솥밥+기본찬+쌈야채"", ""menu_price"": ""17900""}, {""menu_name"": ""삼겹살구이 1인 한상차림 삼겹살구이+순두부찌개+솥밥+기본찬"", ""menu_price"": ""18900""}, {""menu_name"": ""돈까스 1인 한상차림 돈까스+순두부찌개+솥밥+기본찬"", ""menu_price"": ""17900""}, {""menu_name"": ""특대가자미구이 1인 한상차림 특대가자미구이+순두부찌개+솥밥+기본찬"", ""menu_price"": ""16900""}, {""menu_name"": ""햄치즈순두부 햄치즈순두부+솥밥+기본찬"", ""menu_price"": ""11000""}, {""menu_name"": ""핵매운라면순두부 핵매운라면순두부+솥밥+기본찬"", ""menu_price"": ""11000""}, {""menu_name"": ""김치순두부 김치순두부+솥밥+기본찬"", ""menu_price"": ""11000""}, {""menu_name"": ""소고기순두부 소고기순두부+솥밥+기본찬"", ""menu_price"": ""11500""}, {""menu_name"": ""만두순두부 만두순두부+솥밥+기본찬"", ""menu_price"": ""11500""}, {""menu_name"": ""통영굴순두부 통영굴순두부+솥밥+기본찬"", ""menu_price"": ""12000""}, {""menu_name"": ""소곱창순두부 소곱창순두부+솥밥+기본찬"", ""menu_price"": ""12500""}, {""menu_name"": ""고등어구이 1인 한상차림 고등어구이+순두부찌개+솥밥+기본찬"", ""menu_price"": ""19900""}, {""menu_name"": ""해바랑청국장순두부 해바랑청국장순두부+솥밥+기본찬"", ""menu_price"": ""12500""}, {""menu_name"": ""콩비지찌개 콩비지찌개+솥밥+기본찬"", ""menu_price"": ""12000""}, {""menu_name"": ""갈비맛양념구이(단품) 200g"", ""menu_price"": ""9900""}, {""menu_name"": ""고등어구이(단품)"", ""menu_price"": ""9900""}, {""menu_name"": ""삼겹살구이(단품) 200g"", ""menu_price"": ""8900""}, {""menu_name"": ""제육볶음(단품) 200g"", ""menu_price"": ""7900""}, {""menu_name"": ""돈까스(단품)"", ""menu_price"": ""7900""}, {""menu_name"": ""특대가자미구이(단품)"", ""menu_price"": ""6900""}, {""menu_name"": ""솥밥"", ""menu_price"": ""3000""}, {""menu_name"": ""공기밥"", ""menu_price"": ""1000""}, {""menu_name"": ""제육볶음 1인 한상차림 제육볶음+순두부찌개+솥밥+기본찬"", ""menu_price"": ""17900""}, {""menu_name"": ""북창동순두부 북창동순두부+솥밥+기본찬"", ""menu_price"": ""11000""}, {""menu_name"": ""해물순두부 해물순두부+솥밥+기본찬"", ""menu_price"": ""12000""}, {""menu_name"": ""고등어+갈비맛양념구이 2인 한상차림 고등어+갈비맛양념구이+순두부찌개2+솥밥2+기본찬"", ""menu_price"": ""34800""}, {""menu_name"": ""고등어+삼겹살구이 2인 한상차림 고등어+삼겹살구이+순두부찌개2+솥밥2+기본찬"", ""menu_price"": ""33800""}, {""menu_name"": ""고등어+제육볶음 2인 한상차림 고등어+제육볶음+순두부찌개2+솥밥2+기본찬"", ""menu_price"": ""33800""}]","DININGCODE 스킵네비게이션

본문바로가기
주메뉴바로가기
로그인
북창동순두부 가...
북창동순두부 가산현대아울렛점
저장
공유
가산순두부, 고등어구이

5 (1명의 평가)
65점 

서울특별시 금천구 디지털로10길 9 지상6층 지번 
지도보기
영업 중
오늘(목)
·
영업시간: 10:00 - 21:00
0507-1363-0269
혼밥, 해장
매콤한, 매콤, 아침식사, 점심식사, 저녁식사, 바자리
폐업신고 · 정보수정 제안

Advertisement
Advertisement

북창동순두부 메뉴정보

인기 메뉴 보기

특대가자미구이+제육볶음 2인 한상차림

30,800원

특대가자미+제육볶음+순두부찌개2+솥밥2+기본찬

제육볶음 2인 실속상차림

28,900원

제육볶음+순두부찌개2+솥밥2+기본찬

고등어+돈까스 2인 한상차림

32,800원

고등어+돈까스+순두부찌개2+솥밥2+기본찬

특대가자미구이+갈비맛양념 2인 한상

31,800원

특대가자미+갈비맛양념구이+순두부찌개2+솥밥2+기본찬

특대가자미구이+삼겹살 2인 한상차림

30,800원

특대가자미+삼겹살+순두부찌개2+솥밥2+기본찬

특대가자미구이+돈까스 2인 한상차림

29,800원

특대가자미+돈까스+순두부찌개2+솥밥2+기본찬

삼겹살구이 2인 실속상차림

29,900원

삼겹살구이+순두부찌개2+솥밥2+기본찬

고등어구이 2인 실속상차림

29,900원

고등어구이+순두부찌개2+솥밥2+기본찬

특대가자미구이 2인 실속상차림

26,900원

특대가자미구이+순두부찌개2+솥밥2+기본찬

돈삼쌈밥 1인 상차림

17,900원

돈까스+삼겹살+순두부찌개+솥밥+기본찬+쌈야채

돈제쌈밥 1인 상차림

16,900원

돈까스+제육볶음+순두부찌개+솥밥+기본찬+쌈야채

갈비맛양념구이 1인 한상차림

19,900원

갈비맛양념구이+순두부찌개+솥밥+기본찬

삼제쌈밥 1인 상차림

17,900원

삼겹살+제육볶음+순두부찌개+솥밥+기본찬+쌈야채

삼겹살구이 1인 한상차림

18,900원

삼겹살구이+순두부찌개+솥밥+기본찬

",ok,
서울특별시 금천구,한식,오늘된장 가산점,https://www.diningcode.com/profile.php?rid=3NsE9NPcXsu2,서울특별시 금천구 가산디지털1로 171 1층 124-1호 지번,3.5,1,"[{""menu_name"": ""[주문1위] 고기정식 된장찌개(택1)+고추장불고기200g+밥+계란후라이+콩나물+어묵볶음+김치+쌈무"", ""menu_price"": ""10500""}, {""menu_name"": ""[프리미엄] 한상(2인) 된장찌개(택2)+고추장불고기550g+밥+계란찜+콩나물+쌈채소+쌈장/편마늘+잡채+김치+쌈무"", ""menu_price"": ""34000""}, {""menu_name"": ""[New] 김치청국장 [신메뉴 출시] 김치와 차돌이 어울어진 매콤 청국장!"", ""menu_price"": ""6000""}, {""menu_name"": ""능이 된장찌개 능이 버섯의 향이 그윽한 건강한 된장의 맛!"", ""menu_price"": ""6000""}, {""menu_name"": ""차돌 된장찌개 푸짐하게 올라간 차돌에 알싸한 청양고추의 환상의 콜라보!"", ""menu_price"": ""5000""}, {""menu_name"": ""꽃게 된장찌개 꽃게와 된장이 만나 칼칼하고 깔끔한 맛의 환상적인 조합!"", ""menu_price"": ""6000""}, {""menu_name"": ""우렁 된장찌개 쫄깃한 우렁의 식감이 풍부한 단백한 맛!"", ""menu_price"": ""5000""}, {""menu_name"": ""계란찜(소)"", ""menu_price"": ""4000""}, {""menu_name"": ""계란후라이"", ""menu_price"": ""1000""}, {""menu_name"": ""흑미공기밥"", ""menu_price"": ""1000""}, {""menu_name"": ""코카콜라(캔350ml)"", ""menu_price"": ""2000""}, {""menu_name"": ""칠성사이다(캔350ml)"", ""menu_price"": ""2000""}, {""menu_name"": ""[실속] 찌개정식 된장찌개(택1)+밥+계란후라이+콩나물+어묵볶음+김치"", ""menu_price"": ""8500""}, {""menu_name"": ""고추장불고기비빔밥찌개Set 고추장불고기비빔밥 + 된장찌개(택1)"", ""menu_price"": ""9500""}, {""menu_name"": ""환타(오렌지)"", ""menu_price"": ""2000""}, {""menu_name"": ""환타(파앤애플)"", ""menu_price"": ""2000""}, {""menu_name"": ""차돌 된장짜글이 차돌된장 짜글이+밥+콩나물+김치+계란후라이"", ""menu_price"": ""9000""}, {""menu_name"": ""[New] 김치청국장 찌개정식 김치청국장+밥+계란후라이+콩나물+어묵볶음+김치"", ""menu_price"": ""9000""}, {""menu_name"": ""간장게살비빔밥찌개Set 간장 게살 비빔밥 + 된장찌개(택1)"", ""menu_price"": ""14500""}, {""menu_name"": ""양념게살비빔밥찌개Set 양념 게살 비빔밥 + 된장찌개(택1)"", ""menu_price"": ""14500""}, {""menu_name"": ""열무비빔밥 고기정식 된장찌개(택1)+고추장불고기200g+열무김치비빔밥+콩나물+김치+쌈무"", ""menu_price"": ""12900""}, {""menu_name"": ""열무비빔밥 찌개정식 열무김치비빔밥 + 된장찌개(택1)"", ""menu_price"": ""10000""}, {""menu_name"": ""고추장불고기 200g 직접 만들어 숙성 시킨 고추장 특제 소스에 불 맛을 확~ 입힌 고추장불고기 ※ 조리 전 생고기 중량입니다."", ""menu_price"": ""5500""}]","DININGCODE 스킵네비게이션

본문바로가기
주메뉴바로가기
로그인
오늘된장 가산점
오늘된장 가산점
저장
공유
가산찌개, 청국장

3.5 (1명의 평가)
64점 

서울특별시 금천구 가산디지털1로 171 1층 124-1호 지번 
지도보기
영업 전
오늘(목)
·
영업시간: 11:00 - 20:00
02-6264-3133
혼밥
깔끔한, 직장인맛집, 점심식사, 배달
폐업신고 · 정보수정 제안

Advertisement
Advertisement

오늘된장 메뉴정보

인기 메뉴 보기

[주문1위] 고기정식

10,500원

된장찌개(택1)+고추장불고기200g+밥+계란후라이+콩나물+어묵볶음+김치+쌈무

[프리미엄] 한상(2인)

34,000원

된장찌개(택2)+고추장불고기550g+밥+계란찜+콩나물+쌈채소+쌈장/편마늘+잡채+김치+쌈무

[New] 김치청국장

6,000원

[신메뉴 출시] 김치와 차돌이 어울어진 매콤 청국장!

능이 된장찌개

6,000원

능이 버섯의 향이 그윽한 건강한 된장의 맛!

차돌 된장찌개

5,000원

푸짐하게 올라간 차돌에 알싸한 청양고추의 환상의 콜라보!

꽃게 된장찌개

6,000원

꽃게와 된장이 만나 칼칼하고 깔끔한 맛의 환상적인 조합!

우렁 된장찌개

5,000원

쫄깃한 우렁의 식감이 풍부한 단백한 맛!

계란찜(소)

4,000원

계란후라이

1,000원

흑미공기밥

1,000원

코카콜라(캔350ml)

2,000원

칠성사이다(캔350ml)

2,000원

[실속] 찌개정식

8,500원

된장찌개(택1)+밥+계란후라이+콩나물+어묵볶음+김치

고추장불고기비빔밥찌개Set

9,500원

고추장불고기비빔밥 + 된장찌개(택1)

환타(오렌지)

2,000원

환타(파앤애플)

2,000원

차돌 된장짜글이

9,000원

차돌된장 짜글이+밥+콩나물+김치+계란후라이

[New] 김치청국장 찌개정식

9,000원

김치청국장+밥+계란후라이+콩나물+어묵볶음+김치

간장게살비빔밥찌개Set

14,500원

간장 게살 비빔밥 + 된",ok,
서울특별시 금천구,한식,소공동뚝배기,https://www.diningcode.com/profile.php?rid=istSp9nBTlDp,서울특별시 금천구 가산디지털1로 168 우림라이온스밸리 지번,4.3,6,"[{""menu_name"": ""홍어무침"", ""menu_price"": ""20000""}, {""menu_name"": ""얼큰해물순두부"", ""menu_price"": ""8000""}, {""menu_name"": ""청국장뚝배기"", ""menu_price"": ""8000""}, {""menu_name"": ""1962 순두부"", ""menu_price"": ""7000""}, {""menu_name"": ""오징어직화"", ""menu_price"": ""20000""}, {""menu_name"": ""낙지직화"", ""menu_price"": ""20000""}, {""menu_name"": ""쭈꾸미직화"", ""menu_price"": ""20000""}, {""menu_name"": ""오삼직화"", ""menu_price"": ""20000""}, {""menu_name"": ""쭈삼직화"", ""menu_price"": ""20000""}, {""menu_name"": ""불쭈꾸미철판"", ""menu_price"": ""11000""}, {""menu_name"": ""두부김치"", ""menu_price"": ""15000""}, {""menu_name"": ""날치알계란말이"", ""menu_price"": ""10000""}, {""menu_name"": ""만두순두부"", ""menu_price"": ""8000""}, {""menu_name"": ""소공동계란찜"", ""menu_price"": ""6000""}, {""menu_name"": ""해물순두부전골"", ""menu_price"": ""20000""}, {""menu_name"": ""모듬전"", ""menu_price"": ""21000""}, {""menu_name"": ""육전"", ""menu_price"": ""17000""}, {""menu_name"": ""해물파전"", ""menu_price"": ""17000""}, {""menu_name"": ""김치전"", ""menu_price"": ""15000""}, {""menu_name"": ""해물녹두전"", ""menu_price"": ""15000""}, {""menu_name"": ""장터녹두전"", ""menu_price"": ""13000""}, {""menu_name"": ""모듬전+순두부"", ""menu_price"": ""26000""}, {""menu_name"": ""모듬전+제육직화+순두부"", ""menu_price"": ""37000""}, {""menu_name"": ""김치뚝배기"", ""menu_price"": ""8000""}, {""menu_name"": ""녹두전+어리굴젓"", ""menu_price"": ""20000""}, {""menu_name"": ""어리굴젓"", ""menu_price"": ""8000""}, {""menu_name"": ""냉묵사발"", ""menu_price"": ""7000""}, {""menu_name"": ""제육알밥"", ""menu_price"": ""8000""}, {""menu_name"": ""낙지알밥"", ""menu_price"": ""8500""}, {""menu_name"": ""오징어알밥"", ""menu_price"": ""8500""}, {""menu_name"": ""소고기알밥"", ""menu_price"": ""9000""}, {""menu_name"": ""쭈꾸미알밥"", ""menu_price"": ""8000""}, {""menu_name"": ""치즈순두부"", ""menu_price"": ""7500""}, {""menu_name"": ""불고기 뚝배기"", ""menu_price"": ""9000""}, {""menu_name"": ""제육직화"", ""menu_price"": ""19000""}, {""menu_name"": ""버섯순두부"", ""menu_price"": ""8000""}, {""menu_name"": ""굴순두부"", ""menu_price"": ""8000""}, {""menu_name"": ""햄/소시지순두부"", ""menu_price"": ""8000""}, {""menu_name"": ""콩비지뚝배기"", ""menu_price"": ""8000""}]","DININGCODE 스킵네비게이션

본문바로가기
주메뉴바로가기
로그인
소공동뚝배기 가...
소공동뚝배기
저장
공유
가산디지털단지역제육볶음, 제육직화

4.3 (6명의 평가)
70점 

서울특별시 금천구 가산디지털1로 168 우림라이온스밸리 지번 
지도보기
영업 전
오늘(목)
·
영업시간: 11:00 - 22:00
02-2026-0015
회식, 혼밥
서민적인, 불맛, 점심식사, 저녁식사
폐업신고 · 정보수정 제안

Advertisement
Advertisement

소공동뚝배기 메뉴정보

인기 메뉴 보기

홍어무침

20,000원

얼큰해물순두부

8,000원

청국장뚝배기

8,000원

1962 순두부

7,000원

오징어직화

20,000원

낙지직화

20,000원

쭈꾸미직화

20,000원

오삼직화

20,000원

쭈삼직화

20,000원

불쭈꾸미철판

11,000원

두부김치

15,000원

날치알계란말이

10,000원

만두순두부

8,000원

소공동계란찜

6,000원

해물순두부전골

20,000원

모듬전

21,000원

육전

17,000원

해물파전

17,000원

김치전

15,000원

해물녹두전

15,000원

장터녹두전

13,000원

모듬전+순두부

26,000원

모듬전+제육직화+순두부

37,000원

김치뚝배기

8,000원

녹두전+어리굴젓

20,000원

어리굴젓

8,000원

냉묵사발

7,000원

제육알밥

8,000원

낙지알밥

8,500원

오징어알밥

8,500원

소고기알밥

9,000원

쭈꾸미알밥

8,000원

치즈순두부

7,500원

불고기 뚝배기

9,000원

제육직화

19,000원

버섯순두부

8,000원

굴순두부

8,000원

햄/소시지순두부

8,000원

콩비지뚝배기

8,000원

메뉴 접기

맛집태그

소공동뚝배기
의 사진
음식 (11) 실내 (2) 실외 (1) 메뉴ㆍ정보 (5)

Advertisement
자세히 알아보기
음식점 리뷰
한국 요리
곡물 및 ",ok,
서울특별시 금천구,한식,백채김치찌개 독산시티렉스점,https://www.diningcode.com/profile.php?rid=5FKP55JBlImc,서울특별시 금천구 시흥대로 399 1층 113호 백채김치찌개 지번,4.4,4,"[{""menu_name"": ""돼지김치찌개 1인분(김치찌개는 역시) 11년간 이어온 백채의 뚝심 있는 시원하고 깔끔한 고기반 김치반 돼지김치찌개"", ""menu_price"": ""10000""}, {""menu_name"": ""햄김치찌개 1인분 (햄반 김치반) 얼큰하고 깔끔한 국물에 4가지 종류의 햄이 듬뿍 담긴 햄김치찌개"", ""menu_price"": ""10000""}, {""menu_name"": ""달걀말이 (김치찌개 단짝) 두툼함과 포슬포슬함이 함께! 뜨끈한 김치찌개와 환상의 짝꿍 달걀말이!"", ""menu_price"": ""8000""}, {""menu_name"": ""치즈달걀말이"", ""menu_price"": ""9000""}, {""menu_name"": ""햄구이 (흰 쌀밥 절친) 갓 지은 흰 쌀밥 한 숟갈에 짭짤한 햄 한 장! 숨겨진 밥도둑 햄구이!"", ""menu_price"": ""8000""}, {""menu_name"": ""만두탕수 (달콤 빠삭) 새콤달콤 특제 소스와 빠삭한 만두의 환상의 콜라보! 아는 사람만 먹는 만두탕수!"", ""menu_price"": ""8000""}, {""menu_name"": ""육두전"", ""menu_price"": ""8000""}, {""menu_name"": ""직화불고기 (단짠단짠) 단짠단짠 간장 베이스 양념과 은은한 불향이 입혀진 직화불고기!"", ""menu_price"": ""9000""}, {""menu_name"": ""고추장불고기 매콤한 고추장 베이스 양념과 화끈한 불향이 입혀진 직화고추장불고기!"", ""menu_price"": ""9000""}, {""menu_name"": ""식후식혜 (엄마손 맛) 어릴 적 엄마가 직접 만든 정성스런 그 맛! 얼큰한 찌개 후에는 달달한 식혜로 마무리!"", ""menu_price"": ""3000""}, {""menu_name"": ""돼지김치찌개 1인 세트 혼밥은 역시, 혼자 방문해도 부담없는 구성 김치찌개 1인분 + 미니햄구이"", ""menu_price"": ""13000""}, {""menu_name"": ""돼지김치찌개 2인세트 김치찌개2인분 + 곁들임 + 라면사리 정갈한 한식 스타일의 김치찌개"", ""menu_price"": ""27000""}, {""menu_name"": ""돼지김치찌개 3인 세트 김치찌개 3인분 + 계란말이 + 라면사리 점심 식사로 많이 찾는 대표메뉴"", ""menu_price"": ""37000""}, {""menu_name"": ""돼지김치찌개 4인 세트 한식은 역시 김치찌개! 김치찌개4인분+ 곁들임 + 라면사리"", ""menu_price"": ""47000""}, {""menu_name"": ""통돼지두루치기 1인분(2인 이상) 고기, 김치, 야채와 백채 비법 소스의 환상적인 콜라보! 국물 자작한 통돼지두루치기"", ""menu_price"": ""12000""}, {""menu_name"": ""통돼지두루치기 2인세트(중독적인 맛) 통돼지두루치기 + 곁들임 + 라면사리 + 대접밥"", ""menu_price"": ""31000""}, {""menu_name"": ""통돼지두루치기 3인세트(술안주) 통돼지두루치기 + 곁들임 + 라면사리 + 대접밥"", ""menu_price"": ""43000""}, {""menu_name"": ""통돼지두루치기 4인세트(강추) 통돼지두루치기 + 곁들임 + 라면사리 + 대접밥"", ""menu_price"": ""55000""}]","DININGCODE 스킵네비게이션

본문바로가기
주메뉴바로가기
로그인
백채김치찌개 독...
백채김치찌개 독산시티렉스점
저장
공유
독산김치찌개, 계란말이

4.4 (4명의 평가)
72점 

서울특별시 금천구 시흥대로 399 1층 113호 백채김치찌개 지번 
지도보기
영업 전
오늘(목)
·
영업시간: 11:00 - 22:00
0507-1337-8827
식사모임, 혼밥
서민적인, 깔끔한, 점심식사, 저녁식사, 셀프코너, 배달
폐업신고 · 정보수정 제안

Advertisement
Advertisement

백채김치찌개 메뉴정보

인기 메뉴 보기

돼지김치찌개 1인분(김치찌개는 역시)

10,000원

11년간 이어온 백채의 뚝심 있는 시원하고 깔끔한 고기반 김치반 돼지김치찌개

햄김치찌개 1인분 (햄반 김치반)

10,000원

얼큰하고 깔끔한 국물에 4가지 종류의 햄이 듬뿍 담긴 햄김치찌개

달걀말이 (김치찌개 단짝)

8,000원

두툼함과 포슬포슬함이 함께! 뜨끈한 김치찌개와 환상의 짝꿍 달걀말이!

치즈달걀말이

9,000원

햄구이 (흰 쌀밥 절친)

8,000원

갓 지은 흰 쌀밥 한 숟갈에 짭짤한 햄 한 장! 숨겨진 밥도둑 햄구이!

만두탕수 (달콤 빠삭)

8,000원

새콤달콤 특제 소스와 빠삭한 만두의 환상의 콜라보! 아는 사람만 먹는 만두탕수!

육두전

8,000원

직화불고기 (단짠단짠)

9,000원

단짠단짠 간장 베이스 양념과 은은한 불향이 입혀진 직화불고기!

고추장불고기

9,000원

매콤한 고추장 베이스 양념과 화끈한 불향이 입혀진 직화고추장불고기!

식후식혜 (엄마손 맛)

3,000원

어릴 적 엄마가 직접 만든 정성스런 그 맛! 얼큰한 찌개 후에는 달달한 식혜로 마무리!

돼지김치찌개 1인 세트

13,000원

혼밥은 역시, 혼자 방문해도 부담없는 구성 김치찌개 1인분 + 미니햄구이

돼지김치찌개 2인세트

27,000원

김치찌개2인분 + 곁들임 + 라면사리 정갈한 한식 스타일의 김치찌개

돼지김치찌개 3인 세트

37,0",ok,
서울특별시 금천구,한식,항아리식당,https://www.diningcode.com/profile.php?rid=wTVUK5F5Dq6m,서울특별시 금천구 시흥대로76길 9 지번,5,3,"[{""menu_name"": ""청국장"", ""menu_price"": ""7000""}, {""menu_name"": ""육개장"", ""menu_price"": ""8000""}, {""menu_name"": ""두부김치"", ""menu_price"": ""16000""}, {""menu_name"": ""콩비지찌개"", ""menu_price"": ""7000""}, {""menu_name"": ""즉석콩국수(여름)"", ""menu_price"": ""8000""}, {""menu_name"": ""김치찌개"", ""menu_price"": ""7000""}, {""menu_name"": ""순두부찌개"", ""menu_price"": ""7000""}, {""menu_name"": ""된장찌개"", ""menu_price"": ""7000""}, {""menu_name"": ""제육볶음"", ""menu_price"": ""10000""}, {""menu_name"": ""동태찌개 2인분"", ""menu_price"": ""16000""}, {""menu_name"": ""부대찌개 2인분"", ""menu_price"": ""16000""}, {""menu_name"": ""닭도리탕 중"", ""menu_price"": ""21000""}, {""menu_name"": ""닭도리탕 대"", ""menu_price"": ""26000""}]","DININGCODE 스킵네비게이션

본문바로가기
주메뉴바로가기
로그인
항아리식당 금천...
항아리식당
저장
공유
금천구청역제육볶음, 백반

5 (3명의 평가)
64점 

서울특별시 금천구 시흥대로76길 9 지번 
지도보기
영업시간 확인 필요
02-803-8191
혼밥
서민적인, 깔끔한
폐업신고 · 정보수정 제안

Advertisement
Advertisement

항아리식당 메뉴정보

인기 메뉴 보기

청국장

7,000원

육개장

8,000원

두부김치

16,000원

콩비지찌개

7,000원

즉석콩국수(여름)

8,000원

김치찌개

7,000원

순두부찌개

7,000원

된장찌개

7,000원

제육볶음

10,000원

동태찌개 2인분

16,000원

부대찌개 2인분

16,000원

닭도리탕 중

21,000원

닭도리탕 대

26,000원

메뉴 접기

맛집태그

항아리식당
의 사진
음식 (7) 메뉴ㆍ정보 (3)

Advertisement
Advertisement
자세히 알아보기
소고기
음료
한국 요리

항아리식당 방문자 리뷰

5.0
3건의 리뷰가 작성되었어요.
5

최고에요

(3)

4

만족해요

(0)

3

무난해요

(0)

2

아쉬워요

(0)

1

별로예요

(0)

맛
5.0
좋음
100%
보통
0%
부족
0%
가격
5.0
만족
100%
보통
0%
불만
0%
응대
5.0
친절함
100%
보통
0%
불친절
0%
방문목적

점심식사 2저녁식사 2

편의시설

주차불가 1

분위기

서민적인 3숨은맛집 2푸짐한 1캐주얼한 1가성비좋은 1

추천순 최신순 평점 높은순 평점 낮은순

쓰리윤
평균 별점 4.7   평가 169   팔로워 0

5점
3월 3일

사장님께서 인심이 좋으세요 제육볶음과 순두부찌개가 엄청 푸짐하고 반찬도 맛있어요
맛: 좋음|가격: 만족|응대: 좋음

주문한 메뉴

순두부찌개, 제육볶음

키워드

저녁식사, 숨은맛집, 서민적인, 캐주얼한, 가성비좋은, 주차불가

좋아요
공유

스마일
평균 별점 5.0   ",ok,
서울특별시 금천구,한식,육미정담,https://www.diningcode.com/profile.php?rid=UsZzZ2ZepxQB,서울특별시 금천구 독산로 135 지번,5,3,"[{""menu_name"": ""갈비덮밥"", ""menu_price"": ""7500""}, {""menu_name"": ""소불고기덮밥"", ""menu_price"": ""10000""}, {""menu_name"": ""갈비정식"", ""menu_price"": ""10000""}, {""menu_name"": ""고추물냉면 냉면 고기추가 3000"", ""menu_price"": ""7500""}, {""menu_name"": ""생소갈비정식"", ""menu_price"": ""22000""}, {""menu_name"": ""육미추어탕"", ""menu_price"": ""8500""}, {""menu_name"": ""숯불갈비"", ""menu_price"": ""8000""}]","DININGCODE 스킵네비게이션

본문바로가기
주메뉴바로가기
로그인
육미정담 시흥동
육미정담
저장
공유
다시 보지 않기
저장 기능이 추가되었어요!
PC에서도 내가 저장한 맛집을 이용할 수 있어요.
나만의 맛집 리스트를 관리해보세요.
시흥동돼지갈비, 숯불갈비

5 (3명의 평가)
65점 

서울특별시 금천구 독산로 135 지번 
지도보기
영업 전
오늘(목)
·
영업시간: 11:30 - 21:30
02-6465-1551
식사모임, 혼밥
지역주민이찾는, 깔끔한, 저녁식사
폐업신고 · 정보수정 제안

Advertisement
Advertisement

육미정담 메뉴정보

인기 메뉴 보기

갈비덮밥

7,500원

소불고기덮밥

10,000원

갈비정식

10,000원

고추물냉면

7,500원

냉면 고기추가 3000

생소갈비정식

22,000원

육미추어탕

8,500원

숯불갈비

8,000원

육미정담
의 사진
음식 (6) 실내 (2) 메뉴ㆍ정보 (3)

Advertisement
Advertisement

육미정담 방문자 리뷰

5.0
3건의 리뷰가 작성되었어요.
5

최고에요

(3)

4

만족해요

(0)

3

무난해요

(0)

2

아쉬워요

(0)

1

별로예요

(0)

맛
5.0
좋음
100%
보통
0%
부족
0%
가격
5.0
만족
100%
보통
0%
불만
0%
응대
4.3
친절함
67%
보통
33%
불친절
0%
방문목적

식사모임 2데이트 2저녁식사 1배달 1혼밥 1가족외식 1

편의시설

주차불가 2

분위기

지역주민이찾는 3깔끔한 2예쁜 1이국적/이색적 1숨은맛집 1캐주얼한 1가성비좋은 1

추천순 최신순 평점 높은순 평점 낮은순

산수유처럼
평균 별점 4.3   평가 26   팔로워 0

2장 더보기

5점
2025년 9월 27일

코로나 한창 심화되던 때 배달의 세계가 시작되었죠. 그때 식당에 못 가니 여러 곳 괜찮은 식당들을 찾다가 새로 생긴 곳인데 메뉴와 가격대가 집밥 같아서 주문해 보았다... 딱, 과하지도 부족하지도 않고 ",ok,
서울특별시 금천구,한식,서울돼지불백갈비막국수,https://www.diningcode.com/profile.php?rid=sKkLbOhJZHyg,서울특별시 금천구 시흥대로63길 3 지상1층 지번,4.7,5,"[{""menu_name"": ""돼지불백+된장찌개 찌개, 밥, 쌈 무한"", ""menu_price"": ""13000""}, {""menu_name"": ""판메밀(소바)+불백"", ""menu_price"": ""13000""}, {""menu_name"": ""(포장비조리) 불백고기(600g) 비조리 고기입니다. 양념된 상태니 바로 굽기만 하면 됩니다. 고기만 600g 포장 메뉴."", ""menu_price"": ""15000""}, {""menu_name"": ""비빔메밀+불백"", ""menu_price"": ""12000""}, {""menu_name"": ""물메밀+불백"", ""menu_price"": ""12000""}, {""menu_name"": ""대파육개장 밥 무한 제공."", ""menu_price"": ""11000""}, {""menu_name"": ""오징어볶음+된장찌개"", ""menu_price"": ""10000""}, {""menu_name"": ""소불고기전골 200g. 포장시 300g"", ""menu_price"": ""16000""}, {""menu_name"": ""한돈)숯불생삼겹살 계란찜 제공"", ""menu_price"": ""14000""}, {""menu_name"": ""숯불양념갈비 계란찜 제공"", ""menu_price"": ""14000""}, {""menu_name"": ""(포장) 된장찌개 4인분 포장 4인분 찌개입니다. 직접 만든 찌개입니다."", ""menu_price"": ""5000""}]","DININGCODE 스킵네비게이션

본문바로가기
주메뉴바로가기
로그인
서울돼지불백갈비...
서울돼지불백갈비막국수
저장
공유
시흥사거리불백

4.7 (5명의 평가)
68점 

서울특별시 금천구 시흥대로63길 3 지상1층 지번 
지도보기
영업 시작 14분 전
오늘(목)
·
영업시간: 10:30 - 21:30
0507-1392-9133
가족외식, 혼밥
서민적인, 점심맛집, 점심식사
폐업신고 · 정보수정 제안

Advertisement
Advertisement
자세히 알아보기
레스토랑 예약 서비스
푸드 스타일링
식기류

서울돼지불백갈비막국수 메뉴정보

인기 메뉴 보기

돼지불백+된장찌개

13,000원

찌개, 밥, 쌈 무한

판메밀(소바)+불백

13,000원

(포장비조리) 불백고기(600g)

15,000원

비조리 고기입니다. 양념된 상태니 바로 굽기만 하면 됩니다. 고기만 600g 포장 메뉴.

비빔메밀+불백

12,000원

물메밀+불백

12,000원

대파육개장

11,000원

밥 무한 제공.

오징어볶음+된장찌개

10,000원

소불고기전골

16,000원

200g. 포장시 300g

한돈)숯불생삼겹살

14,000원

계란찜 제공

숯불양념갈비

14,000원

계란찜 제공

(포장) 된장찌개 4인분

5,000원

포장 4인분 찌개입니다. 직접 만든 찌개입니다.

메뉴 접기

서울돼지불백갈비막국수
의 사진
음식 (10) 메뉴ㆍ정보 (5)

Advertisement
자세히 알아보기
소고기
음료
곡물 및 파스타
Advertisement
자세히 알아보기
건강식 배송
음식점 창업
다이닝코드 프리미엄

서울돼지불백갈비막국수 방문자 리뷰

4.7
5건의 리뷰가 작성되었어요.
5

최고에요

(3)

4.5

마음에 들어요

(1)

4

만족해요

(1)

3

무난해요

(0)

2

아쉬워요

(0)

1

별로예요

(0)

맛
4.6
좋음
80%
보통
20%
부족
0%
가격
4.6
만족
80%
보통
20%
불만
0%
응대
3.8
친절함
40%
보",ok,
서울특별시 금천구,한식,북창동순두부 독산점,https://www.diningcode.com/profile.php?rid=UqbBMA7CkAoA,서울특별시 금천구 시흥대로123길 14 지번,4.3,5,"[{""menu_name"": ""해물순두부"", ""menu_price"": ""11000""}, {""menu_name"": ""북창동순두부"", ""menu_price"": ""10500""}, {""menu_name"": ""떡갈비 순두부정식"", ""menu_price"": ""17900""}, {""menu_name"": ""고추장불고기 순두부정식"", ""menu_price"": ""17900""}, {""menu_name"": ""해바랑청국장 순두부"", ""menu_price"": ""11000""}, {""menu_name"": ""카레 순두부"", ""menu_price"": ""10000""}, {""menu_name"": ""소고기된장 순두부"", ""menu_price"": ""10000""}, {""menu_name"": ""김치순두부"", ""menu_price"": ""10000""}, {""menu_name"": ""콩비지 순두부"", ""menu_price"": ""11000""}, {""menu_name"": ""소곱창 순두부"", ""menu_price"": ""11500""}, {""menu_name"": ""통영굴 순두부"", ""menu_price"": ""11000""}, {""menu_name"": ""소고기 순두부"", ""menu_price"": ""10000""}, {""menu_name"": ""2인 명품 LA갈비구이&계란말이 세트"", ""menu_price"": ""41900""}, {""menu_name"": ""햄치즈 순두부"", ""menu_price"": ""10000""}, {""menu_name"": ""2인 갈비맛 양념구이 세트"", ""menu_price"": ""28900""}, {""menu_name"": ""2인 보쌈 세트"", ""menu_price"": ""29900""}, {""menu_name"": ""2인 불고기 세트"", ""menu_price"": ""27900""}, {""menu_name"": ""LA갈비 순두부정식"", ""menu_price"": ""31900""}, {""menu_name"": ""토시살양념구이 순두부정식"", ""menu_price"": ""23900""}, {""menu_name"": ""북창동보쌈 순두부정식"", ""menu_price"": ""19900""}, {""menu_name"": ""갈비맛양념구이 순두부정식"", ""menu_price"": ""18900""}]","DININGCODE 스킵네비게이션

본문바로가기
주메뉴바로가기
로그인
북창동순두부 독...
북창동순두부 독산점
저장
공유
독산순두부찌개

4.3 (5명의 평가)
67점 

서울특별시 금천구 시흥대로123길 14 지번 
지도보기
영업 중
오늘(목)
·
영업시간: 09:00 - 22:00
02-866-4565
식사모임, 혼밥
지역주민이찾는, 얼큰한, 점심식사, 저녁식사, 배달
폐업신고 · 정보수정 제안

Advertisement
Advertisement

북창동순두부 메뉴정보

인기 메뉴 보기

해물순두부

11,000원

북창동순두부

10,500원

떡갈비 순두부정식

17,900원

고추장불고기 순두부정식

17,900원

해바랑청국장 순두부

11,000원

카레 순두부

10,000원

소고기된장 순두부

10,000원

김치순두부

10,000원

콩비지 순두부

11,000원

소곱창 순두부

11,500원

통영굴 순두부

11,000원

소고기 순두부

10,000원

2인 명품 LA갈비구이&계란말이 세트

41,900원

햄치즈 순두부

10,000원

2인 갈비맛 양념구이 세트

28,900원

2인 보쌈 세트

29,900원

2인 불고기 세트

27,900원

LA갈비 순두부정식

31,900원

토시살양념구이 순두부정식

23,900원

북창동보쌈 순두부정식

19,900원

갈비맛양념구이 순두부정식

18,900원

메뉴 접기

맛집태그

북창동순두부
의 사진
음식 (6) 실내 (1) 실외 (1) 메뉴ㆍ정보 (4)

Advertisement
자세히 알아보기
음료
소고기
음식점 식자재
Advertisement
자세히 알아보기
음식점 검색
레시피 책
레스토랑

북창동순두부 방문자 리뷰

4.3
5건의 리뷰가 작성되었어요.
5

최고에요

(1)

4

만족해요

(4)

3

무난해요

(0)

2

아쉬워요

(0)

1

별로예요

(0)

맛
4.2
좋음
60%
보통
40%
부족
0%
가격
3.0
만족
20%
보통
60%
불만
20%
",ok,
서울특별시 금천구,한식,이선생짜글이 가산점,https://www.diningcode.com/profile.php?rid=yUZ2idLGPi7H,서울특별시 금천구 가산디지털1로 181 가산W센터 207호 지번,4,5,"[{""menu_name"": ""급냉삼겹살 200g 급냉시켜 고기속 육즙이 그대로! 부드럽고 식감좋은 급냉삼겹살. 빠르게 먹을수 있어 좋아요"", ""menu_price"": ""11000""}, {""menu_name"": ""돼지김치짜글이"", ""menu_price"": ""10000""}, {""menu_name"": ""불낙두루치기"", ""menu_price"": ""29000""}, {""menu_name"": ""한돈숙성생삼겹 200g 숙성시킨 육즙가득 생삼겹!"", ""menu_price"": ""14000""}, {""menu_name"": ""남도떡갈비 짜글이와 곁들이면 식사, 술안주로도 굳! 아이들 식사로도 그만입니다."", ""menu_price"": ""8000""}, {""menu_name"": ""차돌박이 200g"", ""menu_price"": ""15000""}, {""menu_name"": ""우삼겹 200g"", ""menu_price"": ""13000""}, {""menu_name"": ""계란찜 짜글이, 찌개와 곁들이면 환상의 궁합이죠!"", ""menu_price"": ""4000""}, {""menu_name"": ""솥밥 식사메뉴 주문시(술상은 제외) 기본으로 드립니다!"", ""menu_price"": ""2000""}, {""menu_name"": ""우삼겹짜글이 짜글짜글 보글보글 고추장찌개 베이스에 각종야채. 우삼겹이 듬뿍 대접밥에 비벼 먹으면 밥도둑이 따로 없답니다."", ""menu_price"": ""10000""}, {""menu_name"": ""돼지감자짜글이 짜글짜글 보글보글 고추장찌개 베이스에 호박,버섯,양파,돼지고기,감자가 듬뿍 대접밥에 김가루와 비벼먹으면 밥도둑이 따로 없답니다."", ""menu_price"": ""11000""}, {""menu_name"": ""우삼겹된장짜글이 구수하고 깊은 된장 베이스에 각종 야채와 우삼겹이 듬뿍 들어간 특제 메뉴 입니다 :)"", ""menu_price"": ""11000""}, {""menu_name"": ""돼지김치찌개 돼지고기,숙성김치가 아낌없이 통채로 강원도 고랭지 배추로 담은 찌개전용 김치에 통돼지가 듬뿍. 얼큰하고 시원하게 밥도먹고 술도먹고"", ""menu_price"": ""10000""}, {""menu_name"": ""햄마니부대찌개 부대찌개의 생명은 햄이죠!! 햄을 좋아하는 매니아들을 위해 햄과 소시지를 아낌없이 듬뿍 담았습니다."", ""menu_price"": ""11000""}, {""menu_name"": ""철판제육쌈밥 돼지고기, 숙성김치, 각종채소를 매콤한 소스에 불향을 더한 제육볶음은 간편 술안주로 일품입니다."", ""menu_price"": ""13000""}, {""menu_name"": ""돼지김치두루치기 2인 돼지고기,숙성김치,각종야채를 굽고 볶고~~ 술안주로 강추합니다."", ""menu_price"": ""27000""}, {""menu_name"": ""돼지김치두루치기 3~4인 돼지고기,숙성김치,각종야채를 굽고 볶고~~ 술안주로 강추합니다."", ""menu_price"": ""35000""}]","DININGCODE 스킵네비게이션

본문바로가기
주메뉴바로가기
로그인
이선생짜글이 가...
이선생짜글이 가산점
저장
공유
가산짜글이, 솥밥

4 (5명의 평가)
71점 

서울특별시 금천구 가산디지털1로 181 가산W센터 207호 지번 
지도보기
영업 전
오늘(목)
·
영업시간: 11:00 - 22:00
02-6281-6292
혼밥, 회식
푸짐한, 점심맛집, 점심식사, 저녁식사, 셀프바
폐업신고 · 정보수정 제안

Advertisement
Advertisement

이선생짜글이 메뉴정보

인기 메뉴 보기

급냉삼겹살 200g

11,000원

급냉시켜 고기속 육즙이 그대로! 부드럽고 식감좋은 급냉삼겹살. 빠르게 먹을수 있어 좋아요

돼지김치짜글이

10,000원

불낙두루치기

29,000원

한돈숙성생삼겹 200g

14,000원

숙성시킨 육즙가득 생삼겹!

남도떡갈비

8,000원

짜글이와 곁들이면 식사, 술안주로도 굳! 아이들 식사로도 그만입니다.

차돌박이 200g

15,000원

우삼겹 200g

13,000원

계란찜

4,000원

짜글이, 찌개와 곁들이면 환상의 궁합이죠!

솥밥

2,000원

식사메뉴 주문시(술상은 제외) 기본으로 드립니다!

우삼겹짜글이

10,000원

짜글짜글 보글보글 고추장찌개 베이스에 각종야채. 우삼겹이 듬뿍 대접밥에 비벼 먹으면 밥도둑이 따로 없답니다.

돼지감자짜글이

11,000원

짜글짜글 보글보글 고추장찌개 베이스에 호박,버섯,양파,돼지고기,감자가 듬뿍 대접밥에 김가루와 비벼먹으면 밥도둑이 따로 없답니다.

우삼겹된장짜글이

11,000원

구수하고 깊은 된장 베이스에 각종 야채와 우삼겹이 듬뿍 들어간 특제 메뉴 입니다 :)

돼지김치찌개

10,000원

돼지고기,숙성김치가 아낌없이 통채로 강원도 고랭지 배추로 담은 찌개전용 김치에 통돼지가 듬뿍. 얼큰하고 시원하게 밥도먹고 술도먹고

햄마니부대찌개

11,000원

부대찌개의 생명은 햄이죠!! 햄을 좋아하는 매니아들을 위해 햄과 소시지를 아낌없이 듬뿍",ok,
서울특별시 금천구,한식,김치도가 독산역점,https://www.diningcode.com/profile.php?rid=pJbYxfA8MLhz,서울특별시 금천구 가산디지털1로 2 우림라이온스벨리 2차 1층 115~116호 지번,3.7,4,"[{""menu_name"": ""묵은지고기김치찌개+솥밥"", ""menu_price"": ""10000""}, {""menu_name"": ""묵은지오겹살"", ""menu_price"": ""15000""}, {""menu_name"": ""계란말이"", ""menu_price"": ""8000""}, {""menu_name"": ""묵은지꽁치김치찌개+솥밥"", ""menu_price"": ""10000""}, {""menu_name"": ""묵은지햄김치찌개+솥밥"", ""menu_price"": ""10000""}, {""menu_name"": ""묵은지코다리찜 (1인) 2인분 부터 주문가능합니다"", ""menu_price"": ""13000""}, {""menu_name"": ""묵은지 닭볶음탕 (반)"", ""menu_price"": ""28000""}, {""menu_name"": ""묵은지 닭볶음탕 (한)"", ""menu_price"": ""39000""}, {""menu_name"": ""삼겹살"", ""menu_price"": ""15000""}, {""menu_name"": ""묵은지두루치기 중"", ""menu_price"": ""30000""}, {""menu_name"": ""묵은지두루치기 대"", ""menu_price"": ""40000""}]","DININGCODE 스킵네비게이션

본문바로가기
주메뉴바로가기
로그인
김치도가 독산역점
김치도가 독산역점
저장
공유
독산역김치찌개, 솥밥

3.7 (4명의 평가)
69점 

서울특별시 금천구 가산디지털1로 2 우림라이온스벨리 2차 1층 115~116호 지번 
지도보기
영업 중
오늘(목)
·
영업시간: 10:00 - 22:00
02-865-6042
해장, 회식
서민적인, 직장인맛집, 점심식사, 저녁식사
폐업신고 · 정보수정 제안

Advertisement
Advertisement

김치도가 메뉴정보

인기 메뉴 보기

묵은지고기김치찌개+솥밥

10,000원

묵은지오겹살

15,000원

계란말이

8,000원

묵은지꽁치김치찌개+솥밥

10,000원

묵은지햄김치찌개+솥밥

10,000원

묵은지코다리찜 (1인)

13,000원

2인분 부터 주문가능합니다

묵은지 닭볶음탕 (반)

28,000원

묵은지 닭볶음탕 (한)

39,000원

삼겹살

15,000원

묵은지두루치기 중

30,000원

묵은지두루치기 대

40,000원

메뉴 접기

김치도가
의 사진
음식 (4) 실내 (1) 실외 (1) 메뉴ㆍ정보 (3)

Advertisement
자세히 알아보기
먹방 콘텐츠
제과점
미식 투어
Advertisement
자세히 알아보기
음료
소고기
곡물 및 파스타

김치도가 방문자 리뷰

3.7
4건의 리뷰가 작성되었어요.
5

최고에요

(0)

4

만족해요

(3)

3

무난해요

(1)

2

아쉬워요

(0)

1

별로예요

(0)

맛
4.5
좋음
75%
보통
25%
부족
0%
가격
3.0
만족
25%
보통
50%
불만
25%
응대
3.5
친절함
25%
보통
75%
불친절
0%
방문목적

점심식사 4저녁식사 3

편의시설

무료주차 1

분위기

서민적인 3푸짐한 2캐주얼한 2

추천순 최신순 평점 높은순 평점 낮은순

다닝12
평균 별점 4.4   평가 424   팔로워 12

4점
2025년 12월 9일

이집 김치찌개는 안에 들어있는 고기에 밑간",ok,
서울특별시 금천구,한식,함경도식당,https://www.diningcode.com/profile.php?rid=8A2v78UWmFgM,서울특별시 금천구 시흥대로50길 34 지번,5,2,[],"DININGCODE 스킵네비게이션

본문바로가기
주메뉴바로가기
로그인
함경도식당 금천...
함경도식당
저장
공유
다시 보지 않기
저장 기능이 추가되었어요!
PC에서도 내가 저장한 맛집을 이용할 수 있어요.
나만의 맛집 리스트를 관리해보세요.
금천구시흥백반, 집밥

5 (2명의 평가)
64점 

서울특별시 금천구 시흥대로50길 34 지번 
지도보기
영업시간 확인 필요
서민적인, 할머니손맛
폐업신고 · 정보수정 제안

Advertisement
자세히 알아보기
음료
소고기
식당 리뷰 작성 서비스
Advertisement

함경도식당
의 사진
음식 (4) 메뉴ㆍ정보 (2)

Advertisement
Advertisement

함경도식당 방문자 리뷰

5.0
2건의 리뷰가 작성되었어요.
5

최고에요

(2)

4

만족해요

(0)

3

무난해요

(0)

2

아쉬워요

(0)

1

별로예요

(0)

맛
5.0
좋음
100%
보통
0%
부족
0%
가격
5.0
만족
100%
보통
0%
불만
0%
응대
5.0
친절함
100%
보통
0%
불친절
0%
방문목적

혼밥 1점심식사 1실버푸드 1저녁식사 1가족외식 1간식 1데이트 1혼술 1아침식사 1

편의시설

주차불가 1

분위기

서민적인 2가성비좋은 2숨은맛집 1캐주얼한 1조용한 1깔끔한 1푸짐한 1

추천순 최신순 평점 높은순 평점 낮은순

서나라구
평균 별점 4.5   평가 233   팔로워 4

5점
2024년 7월 30일

아침퇴근하고 지인이 추천하는 맛집있대서 간곳
가격대비 양도 푸짐하고 반찬도 정말맛있게 먹었어요!
특히고구마줄기볶음 짱짱!
맛: 좋음|가격: 만족|응대: 좋음

주문한 메뉴

두루치기

키워드

아침식사, 혼밥, 혼술, 데이트, 간식, 가족외식, 저녁식사, 실버푸드, 숨은맛집, 서민적인, 캐주얼한, 가성비좋은, 조용한, 깔끔한, 푸짐한, 주차불가

횬잉님이 좋아합니다.
좋아요
공유

Advertisement
자세히 알아보기
곡물 및 파스타
지도
음식 블로그
Advertisement

먼지님",ok,
서울특별시 금천구,한식,정백어가 가산퍼블릭점,https://www.diningcode.com/profile.php?rid=Wa7yOvu9R3Os,서울특별시 금천구 디지털로 178 A동 1층 엠128호 지번,3.4,3,"[{""menu_name"": ""노르웨이 청정고등어구이 정찬"", ""menu_price"": ""13000""}, {""menu_name"": ""뼈가 거의 없는 삼치구이 정찬"", ""menu_price"": ""14000""}, {""menu_name"": ""통살오징어제육 정찬"", ""menu_price"": ""13000""}, {""menu_name"": ""수제 소불고기 정찬"", ""menu_price"": ""14000""}, {""menu_name"": ""2인정찬세트(고등어구이/조림/제육)"", ""menu_price"": ""36000""}, {""menu_name"": ""2인찌개세트 고등어구이/삼치구이/김치찌개"", ""menu_price"": ""36000""}, {""menu_name"": ""모듬생선구이 고등어 반마리 대 삼치 반마리 갈치 2조각 임연수 반마리 뽈락 1마리 가자미 1마리"", ""menu_price"": ""37000""}, {""menu_name"": ""알탕 중2인() 대3-4인(35,000원)"", ""menu_price"": ""28000""}, {""menu_name"": ""중2인() 대3-4인(35,000원)"", ""menu_price"": ""28000""}, {""menu_name"": ""대구탕 중2인() 대3-4인(35,000원)"", ""menu_price"": ""28000""}, {""menu_name"": ""동태탕 중2인() 대3-4인(35,000원)"", ""menu_price"": ""28000""}, {""menu_name"": ""고등어구이 추가단품 메뉴"", ""menu_price"": ""9500""}, {""menu_name"": ""삼치구이 추가단품 메뉴"", ""menu_price"": ""10500""}, {""menu_name"": ""고소 담백한 임연수구이 정찬"", ""menu_price"": ""14000""}, {""menu_name"": ""갈치구이 추가단품 메뉴"", ""menu_price"": ""11500""}, {""menu_name"": ""임연수구이 추가단품 메뉴"", ""menu_price"": ""10500""}, {""menu_name"": ""가자미와 뽈락 추가 단품메뉴"", ""menu_price"": ""11000""}, {""menu_name"": ""고등어조림 추가단품 메뉴"", ""menu_price"": ""12500""}, {""menu_name"": ""갈치조림 추가단품 메뉴"", ""menu_price"": ""13500""}, {""menu_name"": ""오모가리 김치찌개 추가단품 메뉴"", ""menu_price"": ""10000""}, {""menu_name"": ""통살오징어 제육 추가단품 메뉴"", ""menu_price"": ""10000""}, {""menu_name"": ""수제 소 불고기 추가단품 메뉴"", ""menu_price"": ""10000""}, {""menu_name"": ""더덕 화덕구이 곁들임"", ""menu_price"": ""10000""}, {""menu_name"": ""왕만두 곁들임"", ""menu_price"": ""5000""}, {""menu_name"": ""특대 갈치구이 정찬"", ""menu_price"": ""16000""}, {""menu_name"": ""가자미와 뽈락구이 정찬"", ""menu_price"": ""16000""}, {""menu_name"": ""연어 스테이크 정찬"", ""menu_price"": ""19000""}, {""menu_name"": ""보양 도미구이 정찬"", ""menu_price"": ""20000""}, {""menu_name"": ""남도식 갈치 무조림 정찬"", ""menu_price"": ""17500""}, {""menu_name"": ""제주식 고등어 무조림 정찬"", ""menu_price"": ""15000""}, {""menu_name"": ""오모가리 김치찌개 정찬"", ""menu_price"": ""13000""}]","DININGCODE 스킵네비게이션

본문바로가기
주메뉴바로가기
로그인
정백어가 가산퍼...
정백어가 가산퍼블릭점
저장
공유
가산생선구이

3.4 (3명의 평가)
69점 

서울특별시 금천구 디지털로 178 A동 1층 엠128호 지번 
지도보기
영업 시작 3분 전
오늘(목)
·
영업시간: 10:30 - 21:00
0507-1322-8522
식사모임, 혼밥
캐주얼한, 깔끔한, 점심식사, 저녁식사, 아기의자, 무료주차, 배달
폐업신고 · 정보수정 제안

Advertisement
Advertisement
자세히 알아보기
소고기
음료
지도

정백어가 메뉴정보

인기 메뉴 보기

노르웨이 청정고등어구이 정찬

13,000원

뼈가 거의 없는 삼치구이 정찬

14,000원

통살오징어제육 정찬

13,000원

수제 소불고기 정찬

14,000원

2인정찬세트(고등어구이/조림/제육)

36,000원

2인찌개세트

36,000원

고등어구이/삼치구이/김치찌개

모듬생선구이

37,000원

고등어 반마리 대 삼치 반마리 갈치 2조각 임연수 반마리 뽈락 1마리 가자미 1마리

알탕

28,000원

중2인(28,000원) 대3-4인(35,000원)

대구탕

28,000원

중2인(28,000원) 대3-4인(35,000원)

동태탕

28,000원

중2인(28,000원) 대3-4인(35,000원)

고등어구이

9,500원

추가단품 메뉴

삼치구이

10,500원

추가단품 메뉴

고소 담백한 임연수구이 정찬

14,000원

갈치구이

11,500원

추가단품 메뉴

임연수구이

10,500원

추가단품 메뉴

가자미와 뽈락

11,000원

추가 단품메뉴

고등어조림

12,500원

추가단품 메뉴

갈치조림

13,500원

추가단품 메뉴

오모가리 김치찌개

10,000원

추가단품 메뉴

통살오징어 제육

10,000원

추가단품 메뉴

수제 소 불고기

10,000원

추가단품 메뉴

더덕 화덕구이

10,000원

곁들임

왕만두

5,000원

곁들임

특",ok,
서울특별시 금천구,한식,한옥마을 전주비빔밥 가산점,https://www.diningcode.com/profile.php?rid=0kMTE9nUokIk,서울특별시 금천구 서부샛길 606 A동 지하1층 107-2호 지번,4.5,3,"[{""menu_name"": ""[건강 가~득]한옥마을정식 전주비빔밥+순두부찌개+제육두루치기"", ""menu_price"": ""13000""}, {""menu_name"": ""[쫄깃함 가득 인기]육회비빔밥 육회비빔밥+콩나물국+반찬3종"", ""menu_price"": ""11000""}, {""menu_name"": ""오콩국밥(오징어콩나물국밥) 오징어콩나물국밥+공기밥+수란+김+반찬3종"", ""menu_price"": ""9000""}, {""menu_name"": ""제육볶음(150g)"", ""menu_price"": ""5000""}, {""menu_name"": ""공깃밥"", ""menu_price"": ""1300""}, {""menu_name"": ""콜라 190ml"", ""menu_price"": ""1000""}, {""menu_name"": ""[인기+]매콤두루치기 매콤두루치기+콩나물국+공기밥+반찬3종"", ""menu_price"": ""9500""}, {""menu_name"": ""40년 전통전주비빔밥 전통비빔밥+콩나물국+반찬3종"", ""menu_price"": ""9000""}, {""menu_name"": ""신선한 속초명태회비빔밥 속초명태회비빔밥+콩나물국+반찬3종"", ""menu_price"": ""10000""}, {""menu_name"": ""전주콩나물국밥(전주남부시장식) 전주콩나물국밥+공기밥+수란+김+반찬3종"", ""menu_price"": ""8000""}, {""menu_name"": ""[통통 매콤달콤]낙지비빔밥 낙지비빔밥+콩나물국+반찬3종"", ""menu_price"": ""10000""}, {""menu_name"": ""향긋한 곤드레비빔밥 곤드레비빔밥+콩나물국+반찬3종"", ""menu_price"": ""9500""}, {""menu_name"": ""순두부찌개 순두부찌개+공기밥+반찬3종"", ""menu_price"": ""8800""}, {""menu_name"": ""청국장찌개 청국장찌개+공기밥+반찬3종"", ""menu_price"": ""8800""}]","DININGCODE 스킵네비게이션

본문바로가기
주메뉴바로가기
로그인
한옥마을 전주비...
한옥마을 전주비빔밥 가산점
저장
공유
가산비빔밥

4.5 (3명의 평가)
63점 

서울특별시 금천구 서부샛길 606 A동 지하1층 107-2호 지번 
지도보기
영업 중
오늘(목)
·
영업시간: 10:00 - 20:00
0507-1415-8023
혼밥, 해장
깔끔한, 점심맛집, 점심식사, 저녁식사, 칸막이, 셀프코너, 배달
폐업신고 · 정보수정 제안

Advertisement
Advertisement

한옥마을 전주비빔밥 메뉴정보

인기 메뉴 보기

[건강 가~득]한옥마을정식

13,000원

전주비빔밥+순두부찌개+제육두루치기

[쫄깃함 가득 인기]육회비빔밥

11,000원

육회비빔밥+콩나물국+반찬3종

오콩국밥(오징어콩나물국밥)

9,000원

오징어콩나물국밥+공기밥+수란+김+반찬3종

제육볶음(150g)

5,000원

공깃밥

1,300원

콜라 190ml

1,000원

[인기+]매콤두루치기

9,500원

매콤두루치기+콩나물국+공기밥+반찬3종

40년 전통전주비빔밥

9,000원

전통비빔밥+콩나물국+반찬3종

신선한 속초명태회비빔밥

10,000원

속초명태회비빔밥+콩나물국+반찬3종

전주콩나물국밥(전주남부시장식)

8,000원

전주콩나물국밥+공기밥+수란+김+반찬3종

[통통 매콤달콤]낙지비빔밥

10,000원

낙지비빔밥+콩나물국+반찬3종

향긋한 곤드레비빔밥

9,500원

곤드레비빔밥+콩나물국+반찬3종

순두부찌개

8,800원

순두부찌개+공기밥+반찬3종

청국장찌개

8,800원

청국장찌개+공기밥+반찬3종

메뉴 접기

한옥마을 전주비빔밥
의 사진
음식 (4) 실내 (2) 실외 (2) 메뉴ㆍ정보 (4)

Advertisement
Advertisement

한옥마을 전주비빔밥 방문자 리뷰

4.5
3건의 리뷰가 작성되었어요.
5

최고에요

(2)

4

만족해요

(0)

3.5

괜찮아요

(1)

3

무난해요

(0)

2

아쉬워요

(0",ok,
서울특별시 금천구,한식,본가찌개마을 가산본점,https://www.diningcode.com/profile.php?rid=D5e26XiJlS0d,서울 금천구 가산디지털1로 219 111호 지번,4.4,2,"[{""menu_name"": ""본가찌개마을 메뉴정보 인기 메뉴 보기 김치찌개 동태탕 9,000원 녹돈 생삼겹살 15,000원 녹돈 대패삼겹살 11,000원"", ""menu_price"": ""8000""}, {""menu_name"": ""김치찌개"", ""menu_price"": ""8000""}, {""menu_name"": ""동태탕"", ""menu_price"": ""9000""}, {""menu_name"": ""녹돈 생삼겹살"", ""menu_price"": ""15000""}, {""menu_name"": ""녹돈 대패삼겹살"", ""menu_price"": ""11000""}]","DININGCODE 스킵네비게이션

본문바로가기
주메뉴바로가기
로그인
본가찌개마을 가...
본가찌개마을 가산본점
저장
공유
다시 보지 않기
저장 기능이 추가되었어요!
PC에서도 내가 저장한 맛집을 이용할 수 있어요.
나만의 맛집 리스트를 관리해보세요.
가산김치찌개

4.4 (2명의 평가)
66점 

서울 금천구 가산디지털1로 219 111호 지번 
지도보기
영업 전
오늘(목)
·
영업시간: 11:30 - 22:00
02-2627-4499
혼밥
가성비좋은, 얼큰, 점심식사, 저녁식사
폐업신고 · 정보수정 제안

Advertisement
Advertisement

본가찌개마을 메뉴정보

인기 메뉴 보기

김치찌개

8,000원

동태탕

9,000원

녹돈 생삼겹살

15,000원

녹돈 대패삼겹살

11,000원

본가찌개마을
의 사진
음식 (3) 실외 (1) 메뉴ㆍ정보 (2)

Advertisement
Advertisement

본가찌개마을 방문자 리뷰

4.4
2건의 리뷰가 작성되었어요.
5

최고에요

(1)

4

만족해요

(1)

3

무난해요

(0)

2

아쉬워요

(0)

1

별로예요

(0)

맛
5.0
좋음
100%
보통
0%
부족
0%
가격
4.0
만족
50%
보통
50%
불만
0%
응대
5.0
친절함
100%
보통
0%
불친절
0%
방문목적

점심식사 2저녁식사 1술모임 1

분위기

서민적인 1캐주얼한 1시끌벅적한 1가성비좋은 1푸짐한 1

추천순 최신순 평점 높은순 평점 낮은순

으니남친
평균 별점 3.7   평가 105   팔로워 1

4점
3월 4일

찌개 냄비가 인상적이다. 반찬도 맛있고 김찌 고기 양 빼고는 전반적으로 만족.
맛: 좋음|가격: 보통|응대: 좋음

주문한 메뉴

김치찌개

키워드

점심식사, 가성비좋은, 푸짐한

좋아요
공유

Advertisement
자세히 알아보기
칼국수 밀키트
레시피 책
생선 및 해물
Advertisement
자세히 알아보기
음료
소고기
음식점 컨설팅

배뚱얼통
평균 별점 4.6   평가 ",ok,
서울특별시 금천구,일식,신선도,https://www.diningcode.com/profile.php?rid=V1zAtP8EK1ce,"서울특별시 금천구 디지털로9길 32 지하 102호, 103호 지번",5,3,"[{""menu_name"": ""신선도 메뉴정보 인기 메뉴 보기 신 선 55,000원 VIP 100,000원 도 38,000원"", ""menu_price"": ""80000""}, {""menu_name"": ""신"", ""menu_price"": ""80000""}, {""menu_name"": ""선"", ""menu_price"": ""55000""}, {""menu_name"": ""VIP"", ""menu_price"": ""100000""}, {""menu_name"": ""도"", ""menu_price"": ""38000""}]","DININGCODE 스킵네비게이션

본문바로가기
주메뉴바로가기
로그인
신선도 가산
신선도
저장
공유
다시 보지 않기
저장 기능이 추가되었어요!
PC에서도 내가 저장한 맛집을 이용할 수 있어요.
나만의 맛집 리스트를 관리해보세요.
가산오마카세, 알탕

5 (3명의 평가)
73점 

서울특별시 금천구 디지털로9길 32 지하 102호, 103호 지번 
지도보기
영업 시작 26분 전
오늘(목)
·
영업시간: 11:00 - 22:00
070-8119-8598
회식, 접대
런치세트, 디너코스, 점심식사, 저녁식사, 룸식당, 무료주차
폐업신고 · 정보수정 제안

Advertisement
자세히 알아보기
지도
음식점 식자재
일본 요리
Advertisement

신선도 메뉴정보

인기 메뉴 보기

신

80,000원

선

55,000원

VIP

100,000원

도

38,000원

맛집태그

신선도
의 사진
음식 (16) 실내 (2) 메뉴ㆍ정보 (5)
사진 더보기

Advertisement
Advertisement
자세히 알아보기
소고기
음료
식기류

신선도 방문자 리뷰

5.0
3건의 리뷰가 작성되었어요.
5

최고에요

(3)

4

만족해요

(0)

3

무난해요

(0)

2

아쉬워요

(0)

1

별로예요

(0)

맛
5.0
좋음
100%
보통
0%
부족
0%
가격
5.0
만족
100%
보통
0%
불만
0%
응대
3.7
친절함
67%
보통
0%
불친절
33%
방문목적

회식 2점심식사 2기념일 1접대 1저녁식사 1

편의시설

무료주차 2

분위기

깔끔한 1숨은맛집 1서민적인 1지역주민이찾는 1가성비좋은 1

추천순 최신순 평점 높은순 평점 낮은순

미니iii스타
평균 별점 3.9   평가 531   팔로워 5

4장 더보기

5점
2025년 12월 25일

와 가성비 끝이다
점심 특선 2.3인데 너무 푸짐하다
알탕이 진짜 일품이다
직원분도 친절하시고 이가격에 이건 혜자다
여긴 재방문 200%다
맛: 좋음|가격: 만족|응대: 좋음

주문한 메뉴

점심특",ok,
서울특별시 금천구,일식,민소푸,https://www.diningcode.com/profile.php?rid=kplpdRTlDHYI,서울특별시 금천구 가산디지털2로 166 1층 지번,4.6,8,"[{""menu_name"": ""카이센동 해수 숙성방법을 이용한 제철 해산물덮밥"", ""menu_price"": ""16000""}, {""menu_name"": ""마구로 후토마끼 생참치를 한가득 넣은 풍성한 후토마끼 5pc 11,000 10pc 22,000"", ""menu_price"": ""12000""}, {""menu_name"": ""홍게살내장크림파스타 마늘페스토를 이용한 진한 홍게 내장 크림파스타"", ""menu_price"": ""19000""}, {""menu_name"": ""아롱사태 스지전골 진한 소 육수에 쫄깃한 스지, 부드러운 사태"", ""menu_price"": ""28000""}, {""menu_name"": ""피그피그 스테이크 안심을 수비드하여 극강의 부드러움을 느끼게 해주는 허브크러스트 스테이크"", ""menu_price"": ""19000""}, {""menu_name"": ""새우 & 아나고 튀김 레몬 생크림을 곁들인 장어와 새우 튀김"", ""menu_price"": ""19000""}, {""menu_name"": ""아보카도 문어샐러드 아보카도 한개가 통으로 들어간 정성가득 문어샐러드"", ""menu_price"": ""10000""}, {""menu_name"": ""1인 사시미 혼자와도 즐길 수 있는 1인 사시미"", ""menu_price"": ""20000""}, {""menu_name"": ""우니플레이트 우니 한판"", ""menu_price"": ""35000""}, {""menu_name"": ""우니삼합 바다의 보물 성게알과, 세가지 이상의 재료를 같이먹으면 입안 가득 퍼지는 맛의 행복"", ""menu_price"": ""36000""}, {""menu_name"": ""화로 치즈 카니미소 게딱지 내장에 치즈그라탕을 넣은 게살 화로 구이"", ""menu_price"": ""9000""}, {""menu_name"": ""레몬생크림 토마토츠케모노 비법의 토마토 절임과 크림치즈"", ""menu_price"": ""6000""}, {""menu_name"": ""우니 카이센동 성게알을 얹은 특 카이센동 10g 30g 30,000원"", ""menu_price"": ""23000""}, {""menu_name"": ""성게알을 얹은 특 카이센동 10g 30g 30,000원"", ""menu_price"": ""23000""}, {""menu_name"": ""부타노가쿠니동 미소로 장시간 졸여 만든 돼지고기를 듬뿍넣은 덮밥"", ""menu_price"": ""10000""}, {""menu_name"": ""칠리가라아게동 직접 배합한 칠리소스에 12가지 재료로 숙성한 가라아게를 곁들여 먹는덮밥"", ""menu_price"": ""10000""}, {""menu_name"": ""사케동 맛있는 연어덮밥"", ""menu_price"": ""15000""}, {""menu_name"": ""들기름 연어알 소바 순도높은 들기름을 이용한 연어알 비빔 메밀소바"", ""menu_price"": ""12000""}, {""menu_name"": ""우나기동 압도적인 사이즈의 민물장어덮밥(!)"", ""menu_price"": ""38000""}, {""menu_name"": ""우니 동 바다의 보물 성게알을 듬뿍얹은 덮밥"", ""menu_price"": ""37000""}, {""menu_name"": ""사시미모리아와세 특선 모듬사시미 (2.5인분기준)"", ""menu_price"": ""38000""}]","DININGCODE 스킵네비게이션

본문바로가기
주메뉴바로가기
로그인
민소푸 가산
민소푸
저장
공유
가산카이센동, 일식당

4.6 (8명의 평가)
71점 

서울특별시 금천구 가산디지털2로 166 1층 지번 
지도보기
영업 시작 24분 전
오늘(목)
·
영업시간: 11:00 - 22:00
0507-1333-7371
술모임, 데이트
깔끔한, 예약, 점심식사, 저녁식사, 예약필수, 예약불가, 무료주차
폐업신고 · 정보수정 제안

Advertisement
Advertisement

민소푸 메뉴정보

인기 메뉴 보기

카이센동

16,000원

해수 숙성방법을 이용한 제철 해산물덮밥

마구로 후토마끼

12,000원

생참치를 한가득 넣은 풍성한 후토마끼 5pc 11,000 10pc 22,000

홍게살내장크림파스타

19,000원

마늘페스토를 이용한 진한 홍게 내장 크림파스타

아롱사태 스지전골

28,000원

진한 소 육수에 쫄깃한 스지, 부드러운 사태

피그피그 스테이크

19,000원

안심을 수비드하여 극강의 부드러움을 느끼게 해주는 허브크러스트 스테이크

새우 & 아나고 튀김

19,000원

레몬 생크림을 곁들인 장어와 새우 튀김

아보카도 문어샐러드

10,000원

아보카도 한개가 통으로 들어간 정성가득 문어샐러드

1인 사시미

20,000원

혼자와도 즐길 수 있는 1인 사시미

우니플레이트

35,000원

우니 한판

우니삼합

36,000원

바다의 보물 성게알과, 세가지 이상의 재료를 같이먹으면 입안 가득 퍼지는 맛의 행복

화로 치즈 카니미소

9,000원

게딱지 내장에 치즈그라탕을 넣은 게살 화로 구이

레몬생크림 토마토츠케모노

6,000원

비법의 토마토 절임과 크림치즈

우니 카이센동

23,000원

성게알을 얹은 특 카이센동 10g 23,000원 30g 30,000원

부타노가쿠니동

10,000원

미소로 장시간 졸여 만든 돼지고기를 듬뿍넣은 덮밥

칠리가라아게동

10,000원

직접 배합한 칠리소스에 12가지 재료로 ",ok,
서울특별시 금천구,일식,스시이찌 가산점,https://www.diningcode.com/profile.php?rid=FhWYFXytpsEq,"서울특별시 금천구 가산디지털1로 204 가산역반도아이비밸리 1층 114호, 115호 지번",4.8,3,"[{""menu_name"": ""런치 스시오마카세 쉐프가 엄선한 스시,식사,디저트 포함 12가지"", ""menu_price"": ""29000""}, {""menu_name"": ""디너 스시오마카세 쉐프가 엄선한 스시,식사,디저트 포함 16가지 (주류or 음료 주문필수)"", ""menu_price"": ""39000""}]","DININGCODE 스킵네비게이션

본문바로가기
주메뉴바로가기
로그인
스시이찌 가산점
스시이찌 가산점
저장
공유
다시 보지 않기
저장 기능이 추가되었어요!
PC에서도 내가 저장한 맛집을 이용할 수 있어요.
나만의 맛집 리스트를 관리해보세요.
가산디지털단지오마카세, 스시오마카세

4.8 (3명의 평가)
72점 

서울특별시 금천구 가산디지털1로 204 가산역반도아이비밸리 1층 114호, 115호 지번 
지도보기
영업 시작 22분 전
오늘(목)
·
영업시간: 11:00 - 21:00
0507-1430-5648
기념일, 소개팅
디너코스, 런치코스, 점심식사, 예약필수, 콜키지
폐업신고 · 정보수정 제안

Advertisement
Advertisement

스시이찌 메뉴정보

인기 메뉴 보기

런치 스시오마카세

29,000원

쉐프가 엄선한 스시,식사,디저트 포함 12가지

디너 스시오마카세

39,000원

쉐프가 엄선한 스시,식사,디저트 포함 16가지 (주류or 음료 주문필수)

스시이찌
의 사진
음식 (7) 실내 (2) 실외 (1) 메뉴ㆍ정보 (3)

Advertisement
Advertisement

스시이찌 방문자 리뷰

4.8
3건의 리뷰가 작성되었어요.
5

최고에요

(2)

4.5

마음에 들어요

(1)

4

만족해요

(0)

3

무난해요

(0)

2

아쉬워요

(0)

1

별로예요

(0)

맛
5.0
좋음
100%
보통
0%
부족
0%
가격
5.0
만족
100%
보통
0%
불만
0%
응대
4.3
친절함
67%
보통
33%
불친절
0%
방문목적

점심식사 2데이트 1가족외식 1

편의시설

무료주차 1

분위기

캐주얼한 1깔끔한 1격식있는 1가성비좋은 1

추천순 최신순 평점 높은순 평점 낮은순

틈자
평균 별점 4.7   평가 37   팔로워 0

1장 더보기

5점
3월 1일

가성비있게 오마카세를 즐길수있어서 너무 좋았어요!
회 퀄리티도 괜찮고 재방문의사있습니다
맛: 좋음|가격: 만족|응대: 좋음

주문한 메뉴

런치 스시오마카",ok,
서울특별시 금천구,일식,고조,https://www.diningcode.com/profile.php?rid=ZvRa2pQ3ZZob,서울특별시 금천구 가산디지털2로 101 B동 2층 202호 지번,4.8,7,"[{""menu_name"": ""광어&연어&한우육회 콘부지메(다시마 숙성)광어, 부드러운 연어, 고소한 풍미의 부드러운 육회가 어우러진 한접시"", ""menu_price"": ""55000""}, {""menu_name"": ""한우 스끼야끼 한우 소고기와 시어링된 채소가 어우러진 관동식 스끼야끼"", ""menu_price"": ""38000""}, {""menu_name"": ""갈비살 스테이크동 쫀득한 식감이 매력적인 고소한 육즙의 갈빗살을 이용한 부드러운 스테이크 덮밥"", ""menu_price"": ""19000""}, {""menu_name"": ""오무라 가라아게 카레 진한 일본식 브라운 카레와 직접만든 수제 가라아게가 올라간 카레"", ""menu_price"": ""14000""}, {""menu_name"": ""새우&베이컨 배추볶음 탱글한 새우와 짭짤한 베이컨이 함께 어우러진 알배추 볶음"", ""menu_price"": ""18000""}, {""menu_name"": ""탱글숙성 생연어 최적의 숙성시간을 거쳐낸 노르웨이산 생연어 사시미"", ""menu_price"": ""30000""}, {""menu_name"": ""콘부지메 숙성 광어회 콘부지메(다시마 숙성) 고급 광어사시미 (*상황에 따라 '도미'로 변경될 수 있습니다.)"", ""menu_price"": ""30000""}, {""menu_name"": ""스테미나 장어구이 민물장어를 직화로 구워낸 보양식 장어구이"", ""menu_price"": ""33000""}, {""menu_name"": ""육회 특제 양념으로 깊은 풍미를 더한 부드러운 소고기 육회"", ""menu_price"": ""25000""}, {""menu_name"": ""치즈 오꼬노미야끼 신선한 채소와 해산물로 주문 즉시 직접 요리하는 치즈가 올라간 오꼬노미야끼"", ""menu_price"": ""21000""}, {""menu_name"": ""야끼소바 신선한 채소와 해산물이 들어간 간장 베이스의 일본식 수제 볶음면"", ""menu_price"": ""20000""}, {""menu_name"": ""MIX가츠 바삭한 가라아게, 새우튀김, 야채튀김을 함께 즐길 수 있는 한 접시"", ""menu_price"": ""18000""}, {""menu_name"": ""한우 모츠나베 한우 대창과 특수부위가 들어간 얼큰 모츠나베"", ""menu_price"": ""38000""}, {""menu_name"": ""수제 가라아게 고조만의 특별한 염지와 숙성을 거쳐 직접 만든 수제 가라아게"", ""menu_price"": ""17000""}, {""menu_name"": ""문어 가라아게 스파이시한 문어튀김과 샐러드가 곁들여진 튀김요리"", ""menu_price"": ""16000""}, {""menu_name"": ""타코와사비 알싸한 양념과 타코의 조화"", ""menu_price"": ""13000""}, {""menu_name"": ""오이 탕탕이 탕탕 때린 오이를 새콤달콤하게 무쳐낸 일본식 오이무침"", ""menu_price"": ""10000""}, {""menu_name"": ""오무라 우나기&규동 토톰하고 탱글한 민물장어구이와 특제 소스에 볶은 소고기를 한 그릇에 담은 프리미엄 덮밥"", ""menu_price"": ""18000""}, {""menu_name"": ""우나기동 탱글하고 부드러운 민물장어구이 한 마리가 올라간 스태미나 보양식 장어 덮밥"", ""menu_price"": ""19000""}, {""menu_name"": ""한우 육회&사케동 고소한 한우 육회와 부드러운 숙성연어를 한그릇에 담은 신선 덮밥"", ""menu_price"": ""18000""}, {""menu_name"": ""신선 한우 육회동 한우 육회를 특제 소스에 버무려 고소한 신선 비빔 육회 덮밥"", ""menu_price"": ""18000""}, {""menu_name"": ""사케동 신선한 노르웨이 생연어로 만들어 올린 덮밥"", ""menu_price"": ""17000""}, {""menu_name"": ""규동 소고기 특수부위를 볶아 만든 일본식 소고기덮밥"", ""menu_price"": ""14000""}, {""menu_name"": ""연어&육회 노르웨이산 생연어와 특제 양념으로 깊은 풍미를 더한 육회가 곁들여진 한 접시"", ""menu_price"": ""45000""}, {""menu_name"": ""오무라 MIX가츠동 부드러운 오무라 위에 수제 가라아게, 야채튀김, 새우튀김을 한 그릇에 담은 튀김 덮밥"", ""menu_price"": ""14000""}, {""menu_name"": ""오무라 치즈함바그 카레 진한 일본식 브라운 카레와 고소한 치즈 함바그가 올라간 카레 덮밥"", ""menu_price"": ""16000""}, {""menu_name"": ""오무라 MIX카츠 카레 진한 일본식 브라운 카레와 가라아게, 새우튀김, 야채튀김을 한 번에 올라간 카레 덮밥"", ""menu_price"": ""15000""}, {""menu_name"": ""오무라 규 카레 진한 일본식 브라운카레와 소고기 특수부위가 올라간 카레"", ""menu_price"": ""14000""}, {""menu_name"": ""오무라 등심카츠 카레 진한 일본식 브라운 카레에 갓튀긴 돈가츠가 올라간 카레 덮밥"", ""menu_price"": ""14000""}, {""menu_name"": ""오무라 에비 후라이 카레 진한 일본식 브라운 카레와 수제 새우튀김이 올라간 카레"", ""menu_price"": ""14000""}, {""menu_name"": ""해물 오꼬노미야끼 신선한 채소와 해산물로 즉석에서 바로 구운 수제 오꼬노미야끼"", ""menu_price"": ""20000""}, {""menu_name"": ""한우 대창 나베 국내산 한우 대창과 특제 양념장으로 맛을 낸 국물 요리"", ""menu_price"": ""14000""}, {""menu_name"": ""해장 김치나베 칼칼한 김치국물에 등심카츠를 담근 한국식 퓨전나베"", ""menu_price"": ""13000""}, {""menu_name"": ""프리미엄 우나기동 도톰하고 탱글한 장어 1.5마리를 듬뿍 올린 스태미나 프리미엄 덮밥"", ""menu_price"": ""25000""}, {""menu_name"": ""갈비살 스테이크&우나기동 쫀득한 식감이 매력적인 갈빗살과 스태미나 가득 민물장어구이를 한 그릇에 담은 프리미엄 덮밥"", ""menu_price"": ""20000""}, {""menu_name"": ""갈비살 스테이크&사케동 쫀득한 식감이 매력적인 고소한 갈빗살과 부드러운 숙성 연어를 한그릇에 담은 프리미엄 덮밥"", ""menu_price"": ""19000""}]","DININGCODE 스킵네비게이션

본문바로가기
주메뉴바로가기
로그인
고조 가산
고조
저장
공유
가산이자카야, 모츠나베

4.8 (7명의 평가)
70점 

서울특별시 금천구 가산디지털2로 101 B동 2층 202호 지번 
지도보기
영업 시작 20분 전
오늘(목)
·
영업시간: 11:00 - 22:00
0507-1436-8300
데이트, 식사모임
고급스러운, 분위기좋은, 점심식사, 저녁식사, 콜키지, 바자리, 무료주차
폐업신고 · 정보수정 제안

Advertisement
Advertisement

고조 메뉴정보

인기 메뉴 보기

광어&연어&한우육회

55,000원

콘부지메(다시마 숙성)광어, 부드러운 연어, 고소한 풍미의 부드러운 육회가 어우러진 한접시

한우 스끼야끼

38,000원

한우 소고기와 시어링된 채소가 어우러진 관동식 스끼야끼

갈비살 스테이크동

19,000원

쫀득한 식감이 매력적인 고소한 육즙의 갈빗살을 이용한 부드러운 스테이크 덮밥

오무라 가라아게 카레

14,000원

진한 일본식 브라운 카레와 직접만든 수제 가라아게가 올라간 카레

새우&베이컨 배추볶음

18,000원

탱글한 새우와 짭짤한 베이컨이 함께 어우러진 알배추 볶음

탱글숙성 생연어

30,000원

최적의 숙성시간을 거쳐낸 노르웨이산 생연어 사시미

콘부지메 숙성 광어회

30,000원

콘부지메(다시마 숙성) 고급 광어사시미 (*상황에 따라 '도미'로 변경될 수 있습니다.)

스테미나 장어구이

33,000원

민물장어를 직화로 구워낸 보양식 장어구이

육회

25,000원

특제 양념으로 깊은 풍미를 더한 부드러운 소고기 육회

치즈 오꼬노미야끼

21,000원

신선한 채소와 해산물로 주문 즉시 직접 요리하는 치즈가 올라간 오꼬노미야끼

야끼소바

20,000원

신선한 채소와 해산물이 들어간 간장 베이스의 일본식 수제 볶음면

MIX가츠

18,000원

바삭한 가라아게, 새우튀김, 야채튀김을 함께 즐길 수 있는 한 접시

한우 모츠나베

38,000원

한우 ",ok,
서울특별시 금천구,일식,고칸 대륭포스트5차점,https://www.diningcode.com/profile.php?rid=KmcMGxYohjtF,서울특별시 금천구 디지털로9길 68 1층 108호 지번,4.5,2,"[{""menu_name"": ""연새덮밥 고칸 시그니처 연어장과 간장새우장이 올라간 덮밥입니다"", ""menu_price"": ""12900""}, {""menu_name"": ""사케동 슈페리어 최상급 연어로, 당일손질 당일소진을 원칙으로 판매하고있습니다."", ""menu_price"": ""12900""}, {""menu_name"": ""BIG항정살덮밥"", ""menu_price"": ""15900""}, {""menu_name"": ""BIG불규동"", ""menu_price"": ""13900""}, {""menu_name"": ""BIG규동"", ""menu_price"": ""13900""}, {""menu_name"": ""새우장 추가"", ""menu_price"": ""5000""}, {""menu_name"": ""연어장 추가"", ""menu_price"": ""6000""}, {""menu_name"": ""생연어 추가"", ""menu_price"": ""5000""}, {""menu_name"": ""치즈멘치카츠동"", ""menu_price"": ""9900""}, {""menu_name"": ""치즈치킨가라아게동"", ""menu_price"": ""9900""}, {""menu_name"": ""치즈에비동"", ""menu_price"": ""9900""}, {""menu_name"": ""치즈가츠동"", ""menu_price"": ""9900""}, {""menu_name"": ""연어장동 7시간 이상 정성으로 숙성시켰습니다. 쫀득쫀득 단짠단짠 ㄹㅇ 밥도둑입니다."", ""menu_price"": ""12900""}, {""menu_name"": ""치즈규동"", ""menu_price"": ""9900""}, {""menu_name"": ""치즈불규동 매운맛 규동입니다"", ""menu_price"": ""9900""}, {""menu_name"": ""새우장동 직접 손질하여 8시간 이상 숙성시킨 새우를 올린 덮밥입니다"", ""menu_price"": ""10900""}, {""menu_name"": ""새우튀김 카레 [강력추천]오랜시간 카라멜라이징한 양파, 소고기가 들어간 일본식 수제 카레입니다."", ""menu_price"": ""9900""}, {""menu_name"": ""가라아게 카레 [강력추천]오랜시간 카라멜라이징한 양파, 소고기가 들어간 일본식 수제 카레입니다."", ""menu_price"": ""9900""}, {""menu_name"": ""돈까츠 카레 [강력추천]오랜시간 카라멜라이징한 양파, 소고기가 들어간 일본식 수제 카레입니다."", ""menu_price"": ""9900""}, {""menu_name"": ""비프카레 [강력추천]오랜시간 카라멜라이징한 양파, 소고기가 들어간 일본식 수제 카레입니다."", ""menu_price"": ""9900""}, {""menu_name"": ""멘치카츠카레 [강력추천]오랜시간 카라멜라이징한 양파, 소고기가 들어간 일본식 수제 카레입니다."", ""menu_price"": ""9900""}, {""menu_name"": ""감자고로케카레 [강력추천]오랜시간 카라멜라이징한 양파, 소고기가 들어간 일본식 수제 카레입니다."", ""menu_price"": ""9900""}, {""menu_name"": ""돈가츠동/돈부리 [겨울추천]수제 돈카츠를 달짝지근한 간장소스로 맛을 낸 덮밥입니다"", ""menu_price"": ""8900""}, {""menu_name"": ""토시살스테이크동 부채살을 센불에 파바박 볶았습니다. 계란노른자, 양파채, 와사비와 곁들어먹는 시그니쳐메뉴!"", ""menu_price"": ""12900""}, {""menu_name"": ""멘치카츠동 [겨울추천]수제 멘치카츠를 달짝지근한 간장소스로 맛을 낸 덮밥입니다"", ""menu_price"": ""8900""}, {""menu_name"": ""치킨가라아게동 [겨울추천]수제 치킨가라아게를 달짝지근한 간장소스로 맛을 낸 덮밥입니다"", ""menu_price"": ""8900""}, {""menu_name"": ""에비동 [겨울추천]수제 왕새우튀김을 달짝지근한 간장소스로 맛을 낸 덮밥입니다"", ""menu_price"": ""8900""}, {""menu_name"": ""유케동 특제 맛간장 베이스로한 육회를 채소와 함께 고소하게 드실 수 있는 육회 덮밥입니다"", ""menu_price"": ""9900""}, {""menu_name"": ""연어사시미"", ""menu_price"": ""19900""}, {""menu_name"": ""치킨가라아게 8-9pc"", ""menu_price"": ""5500""}, {""menu_name"": ""왕새우튀김 3pc"", ""menu_price"": ""5500""}, {""menu_name"": ""감자고로케 4pc"", ""menu_price"": ""5500""}, {""menu_name"": ""멘치카츠 4pc"", ""menu_price"": ""5500""}, {""menu_name"": ""자몽 에이드"", ""menu_price"": ""2900""}, {""menu_name"": ""항정살 덮밥 특제 간장소스에 볶아낸 항정살을 밥 위에 얹어 계란 노른자를 터뜨려 떠먹는 덮밥입니다"", ""menu_price"": ""10900""}, {""menu_name"": ""애플망고 에이드"", ""menu_price"": ""2900""}, {""menu_name"": ""블루베리 에이드"", ""menu_price"": ""2900""}, {""menu_name"": ""청포도 에이드"", ""menu_price"": ""2900""}, {""menu_name"": ""오리지널 하이볼"", ""menu_price"": ""3900""}, {""menu_name"": ""진저에일 하이볼"", ""menu_price"": ""3900""}, {""menu_name"": ""블루베리 하이볼"", ""menu_price"": ""3900""}, {""menu_name"": ""청포도 하이볼"", ""menu_price"": ""3900""}, {""menu_name"": ""애플망고 하이볼"", ""menu_price"": ""3900""}, {""menu_name"": ""자몽 하이볼"", ""menu_price"": ""3900""}]","DININGCODE 스킵네비게이션

본문바로가기
주메뉴바로가기
로그인
고칸 대륭포스트...
고칸 대륭포스트5차점
저장
공유
가산덮밥, 연어장

4.5 (2명의 평가)
71점 

서울특별시 금천구 디지털로9길 68 1층 108호 지번 
지도보기
영업 중
오늘(목)
·
영업시간: 10:30 - 21:00
010-9922-4924
혼밥
깔끔한, 점심맛집, 점심식사, 저녁식사, 콜키지무료, 바테이블, 배달
폐업신고 · 정보수정 제안

Advertisement
Advertisement

고칸 메뉴정보

인기 메뉴 보기

연새덮밥

12,900원

고칸 시그니처 연어장과 간장새우장이 올라간 덮밥입니다

사케동

12,900원

슈페리어 최상급 연어로, 당일손질 당일소진을 원칙으로 판매하고있습니다.

BIG항정살덮밥

15,900원

BIG불규동

13,900원

BIG규동

13,900원

새우장 추가

5,000원

연어장 추가

6,000원

생연어 추가

5,000원

치즈멘치카츠동

9,900원

치즈치킨가라아게동

9,900원

치즈에비동

9,900원

치즈가츠동

9,900원

연어장동

12,900원

7시간 이상 정성으로 숙성시켰습니다. 쫀득쫀득 단짠단짠 ㄹㅇ 밥도둑입니다.

치즈규동

9,900원

치즈불규동

9,900원

매운맛 규동입니다

새우장동

10,900원

직접 손질하여 8시간 이상 숙성시킨 새우를 올린 덮밥입니다

새우튀김 카레

9,900원

[강력추천]오랜시간 카라멜라이징한 양파, 소고기가 들어간 일본식 수제 카레입니다.

가라아게 카레

9,900원

[강력추천]오랜시간 카라멜라이징한 양파, 소고기가 들어간 일본식 수제 카레입니다.

돈까츠 카레

9,900원

[강력추천]오랜시간 카라멜라이징한 양파, 소고기가 들어간 일본식 수제 카레입니다.

비프카레

9,900원

[강력추천]오랜시간 카라멜라이징한 양파, 소고기가 들어간 일본식 수제 카레입니다.

멘치카츠카레

9,900원

[강력추천]오랜시간 카라멜라이징한 양파, 소고기가 들",ok,
서울특별시 금천구,일식,히나타,https://www.diningcode.com/profile.php?rid=s47Nj4pF7OYJ,서울특별시 금천구 가산디지털1로 16 107-1R호 지번,4.7,5,"[{""menu_name"": ""온소바 정식(O세트) 온소바+수제생등심돈가츠+계란밥+샐러드가 제공 됩니다"", ""menu_price"": ""15000""}, {""menu_name"": ""히나타 정식 A세트 히나타우동+수제생등심돈가츠+계란밥+샐러드가 제공 됩니다"", ""menu_price"": ""15000""}, {""menu_name"": ""자루소바"", ""menu_price"": ""10000""}, {""menu_name"": ""김치가츠나베"", ""menu_price"": ""12000""}, {""menu_name"": ""히나타 정식 B세트 붓가케우동+수제생등심돈가츠+계란밥+샐러드가 제공 됩니다."", ""menu_price"": ""15000""}, {""menu_name"": ""히나타 정식 C세트 살얼음냉소바+수제생등심돈가츠+계란밥+샐러드가 제공 됩니다."", ""menu_price"": ""15000""}, {""menu_name"": ""텐붓가게 우동"", ""menu_price"": ""12000""}, {""menu_name"": ""수제생등심돈가츠"", ""menu_price"": ""12000""}, {""menu_name"": ""가츠돈"", ""menu_price"": ""12000""}, {""menu_name"": ""냉소바"", ""menu_price"": ""10000""}, {""menu_name"": ""붓가케 우동"", ""menu_price"": ""10000""}, {""menu_name"": ""히나타 우동"", ""menu_price"": ""10000""}]","DININGCODE 스킵네비게이션

본문바로가기
주메뉴바로가기
로그인
히나타 독산역
히나타
저장
공유
독산역돈까스, 우동

4.7 (5명의 평가)
72점 

서울특별시 금천구 가산디지털1로 16 107-1R호 지번 
지도보기
영업 중
오늘(목)
·
영업시간: 10:30 - 21:00
0507-1305-2138
혼밥, 식사모임
깔끔한, 자가제면, 점심식사, 저녁식사, 유아의자, 무료주차
폐업신고 · 정보수정 제안

Advertisement
Advertisement

히나타 메뉴정보

인기 메뉴 보기

온소바 정식(O세트)

15,000원

온소바+수제생등심돈가츠+계란밥+샐러드가 제공 됩니다

히나타 정식 A세트

15,000원

히나타우동+수제생등심돈가츠+계란밥+샐러드가 제공 됩니다

자루소바

10,000원

김치가츠나베

12,000원

히나타 정식 B세트

15,000원

붓가케우동+수제생등심돈가츠+계란밥+샐러드가 제공 됩니다.

히나타 정식 C세트

15,000원

살얼음냉소바+수제생등심돈가츠+계란밥+샐러드가 제공 됩니다.

텐붓가게 우동

12,000원

수제생등심돈가츠

12,000원

가츠돈

12,000원

냉소바

10,000원

붓가케 우동

10,000원

히나타 우동

10,000원

메뉴 접기

히나타
의 사진
음식 (9) 메뉴ㆍ정보 (4)

Advertisement
Advertisement

히나타 방문자 리뷰

4.7
5건의 리뷰가 작성되었어요.
5

최고에요

(3)

4

만족해요

(2)

3

무난해요

(0)

2

아쉬워요

(0)

1

별로예요

(0)

맛
5.0
좋음
100%
보통
0%
부족
0%
가격
4.2
만족
60%
보통
40%
불만
0%
응대
5.0
친절함
100%
보통
0%
불친절
0%
방문목적

점심식사 4혼밥 3저녁식사 3식사모임 2데이트 1

편의시설

무료주차 2

분위기

깔끔한 3가성비좋은 1푸짐한 1숨은맛집 1캐주얼한 1

추천순 최신순 평점 높은순 평점 낮은순

빈둥오리
평균 별점 4.8   평",ok,
서울특별시 금천구,일식,명서쿠 가산디지털단지직영점,https://www.diningcode.com/profile.php?rid=CG8VbLGGVa6u,서울특별시 금천구 가산디지털1로 204 109호 110호 지번,3.3,2,"[{""menu_name"": ""라멘 + 미니규동 세트 점심 인기 메뉴를 한번에!"", ""menu_price"": ""16000""}, {""menu_name"": ""덮밥류 + 미니라멘 세트 밥도 먹고 라멘도 먹고! 든든하게! (덮밥류=규동, 가츠동)"", ""menu_price"": ""16000""}, {""menu_name"": ""미소라멘 이거 먹으면 미소가 저절로 나온다던데.."", ""menu_price"": ""11000""}, {""menu_name"": ""매운청향규동 담백하고 짭쪼름한 맛에 매콤함을 더한 일본식 덮밥"", ""menu_price"": ""11000""}, {""menu_name"": ""가츠동 일본식 돈카츠 덮밥"", ""menu_price"": ""11000""}, {""menu_name"": ""에비동 일본식 새우 덮밥"", ""menu_price"": ""11000""}, {""menu_name"": ""가라아게동 일본식 닭튀김 덮밥"", ""menu_price"": ""11000""}, {""menu_name"": ""믹스카츠동 가장 인기 있는 조합만 모았습니다!"", ""menu_price"": ""13000""}, {""menu_name"": ""모듬카츠(등심/안심/새우) 돈까스 좋아하는 사람들이 좋아하는 것만 모두 담았습니다."", ""menu_price"": ""17000""}, {""menu_name"": ""에비카레 일본식 새우튀김 카레"", ""menu_price"": ""12000""}, {""menu_name"": ""가라아게 카레 일본식 닭튀김 카레"", ""menu_price"": ""12000""}, {""menu_name"": ""규카레"", ""menu_price"": ""12000""}, {""menu_name"": ""명서쿠라멘 명서쿠 시그니처 라멘 (맵기 조절 가능)"", ""menu_price"": ""11000""}, {""menu_name"": ""냉소바"", ""menu_price"": ""11000""}, {""menu_name"": ""냉우동"", ""menu_price"": ""9900""}, {""menu_name"": ""가라아게 4P"", ""menu_price"": ""5000""}, {""menu_name"": ""에비후라이 2P"", ""menu_price"": ""5000""}, {""menu_name"": ""모듬 덴뿌라 명서쿠 대표메뉴 튀김메뉴를 한번에!!"", ""menu_price"": ""18000""}, {""menu_name"": ""소주 / 맥주"", ""menu_price"": ""3500""}, {""menu_name"": ""규동 담백하고 짭쪼름한 맛이 일품인 덮밥"", ""menu_price"": ""11000""}, {""menu_name"": ""히레카츠 일본식 안심 돈카츠"", ""menu_price"": ""12000""}, {""menu_name"": ""가츠카레 일본식 카레에 육즙 터지는 돈카츠의 조합"", ""menu_price"": ""12000""}, {""menu_name"": ""유린카츠"", ""menu_price"": ""13000""}, {""menu_name"": ""김치가츠나베"", ""menu_price"": ""12500""}, {""menu_name"": ""마!!라멘(마라라멘) 여심저격 마라라멘"", ""menu_price"": ""11000""}, {""menu_name"": ""돈코츠라멘 사골육수 푹 끓여서 만든 찐돈코츠 라멘"", ""menu_price"": ""11000""}]","DININGCODE 스킵네비게이션

본문바로가기
주메뉴바로가기
로그인
명서쿠 가산디지...
명서쿠 가산디지털단지직영점
저장
공유
가산디지털단지라멘, 일식

3.3 (2명의 평가)
68점 

서울특별시 금천구 가산디지털1로 204 109호 110호 지번 
지도보기
영업 중
오늘(목)
·
영업시간: 10:00 - 21:00
0507-1335-5970
회식, 해장
점심맛집, 가성비좋은, 점심식사, 저녁식사, 셀프바, 예약가능, 배달
폐업신고 · 정보수정 제안

Advertisement
Advertisement

명서쿠 메뉴정보

인기 메뉴 보기

라멘 + 미니규동 세트

16,000원

점심 인기 메뉴를 한번에!

덮밥류 + 미니라멘 세트

16,000원

밥도 먹고 라멘도 먹고! 든든하게! (덮밥류=규동, 가츠동)

미소라멘

11,000원

이거 먹으면 미소가 저절로 나온다던데..

매운청향규동

11,000원

담백하고 짭쪼름한 맛에 매콤함을 더한 일본식 덮밥

가츠동

11,000원

일본식 돈카츠 덮밥

에비동

11,000원

일본식 새우 덮밥

가라아게동

11,000원

일본식 닭튀김 덮밥

믹스카츠동

13,000원

가장 인기 있는 조합만 모았습니다!

모듬카츠(등심/안심/새우)

17,000원

돈까스 좋아하는 사람들이 좋아하는 것만 모두 담았습니다.

에비카레

12,000원

일본식 새우튀김 카레

가라아게 카레

12,000원

일본식 닭튀김 카레

규카레

12,000원

명서쿠라멘

11,000원

명서쿠 시그니처 라멘 (맵기 조절 가능)

냉소바

11,000원

냉우동

9,900원

가라아게 4P

5,000원

에비후라이 2P

5,000원

모듬 덴뿌라

18,000원

명서쿠 대표메뉴 튀김메뉴를 한번에!!

소주 / 맥주

3,500원

규동

11,000원

담백하고 짭쪼름한 맛이 일품인 덮밥

히레카츠

12,000원

일본식 안심 돈카츠

가츠카레

12,000원

일본식 카레에 육즙 터지는 돈카츠의 조합

유린카츠

1",ok,
서울특별시 금천구,일식,4월의오또상,https://www.diningcode.com/profile.php?rid=NwQt6SRsLgkl,서울특별시 금천구 가산디지털1로 204 반도아이비밸리 1층 119호 지번,3.8,4,"[{""menu_name"": ""[런치]오또상초밥A 초밥10p+국물2종류 *구성은 변동됩니다"", ""menu_price"": ""15000""}, {""menu_name"": ""[런치]오또상초밥B 초밥12p+국물2종류 *구성은 변동됩니다"", ""menu_price"": ""20000""}, {""menu_name"": ""가리비탕"", ""menu_price"": ""18000""}, {""menu_name"": ""간사이 오뎅탕 일본 간사이 현지 느낌의 오뎅탕"", ""menu_price"": ""23000""}, {""menu_name"": ""마즈타키(닭전골) 오또상만의 특제 소스로 만든 일본식 닭전골 안드신분은 있지만 한번만 드시분은 없는 전골"", ""menu_price"": ""28000""}, {""menu_name"": ""먹고가소 특제간장소스로 볶은 가지와 우삼겹"", ""menu_price"": ""20000""}, {""menu_name"": ""부타쇼가야끼 일본식 가정식 중 베스트, 믿고 먹는 돼지고기 생강볶음"", ""menu_price"": ""18000""}, {""menu_name"": ""안키모라멘 특제 버터 안키모 소스로 만든 볶음 라멘"", ""menu_price"": ""20000""}, {""menu_name"": ""봉골라멘 봉골레 파스타 하나!!,, 아니 봉골레 라멘 하나!!"", ""menu_price"": ""20000""}, {""menu_name"": ""아지후라이 아지(전갱이)가 통째로 튀겨졌다!!"", ""menu_price"": ""18000""}, {""menu_name"": ""가라아게 일본식 닭튀김"", ""menu_price"": ""16000""}, {""menu_name"": ""타르타르 잘게 다진 사시미와 오또상의 소스로 간을 한 간단한 안주"", ""menu_price"": ""8000""}, {""menu_name"": ""[런치]스키야키 밥 무한제공 (고기,야채,우동사리 추가가능)"", ""menu_price"": ""15000""}, {""menu_name"": ""모찌리도후 오또상의 수제 참깨 우유 두부"", ""menu_price"": ""8000""}, {""menu_name"": ""오늘의 사시미 제철 횟감을 숙성하여 제공됩니다. (1인주문가능, 구성은 변동됩니다)"", ""menu_price"": ""45000""}, {""menu_name"": ""광어&안키모&우니 보장된 깔끔한 맛 3가지"", ""menu_price"": ""55000""}, {""menu_name"": ""오또상 사합2.0 날것으로 재탄생한 4합, 맛있는거X4"", ""menu_price"": ""38000""}, {""menu_name"": ""오까상초밥 당일 준비된 13가지 다양한 네타로 구성된 초밥"", ""menu_price"": ""28000""}, {""menu_name"": ""고등어봉초밥 오또상만의 특제 소스가 올라간 고등어 봉초밥"", ""menu_price"": ""25000""}, {""menu_name"": ""마구로 마끼 참다랑어가 가득 들어간 김말이(김밥)"", ""menu_price"": ""30000""}, {""menu_name"": ""스키야끼"", ""menu_price"": ""18000""}]","DININGCODE 스킵네비게이션

본문바로가기
주메뉴바로가기
로그인
4월의오또상 가...
4월의오또상
저장
공유
가산디지털단지이자카야, 스키야키

3.8 (4명의 평가)
68점 

서울특별시 금천구 가산디지털1로 204 반도아이비밸리 1층 119호 지번 
지도보기
영업 시작 10분 전
오늘(목)
·
영업시간: 11:00 - 23:00
0507-1415-0790
술모임, 점심회식
깔끔한, 런치세트, 점심식사, 저녁식사, 콜키지, 바자리, 배달
폐업신고 · 정보수정 제안

Advertisement
Advertisement

4월의오또상 메뉴정보

인기 메뉴 보기

[런치]오또상초밥A

15,000원

초밥10p+국물2종류 *구성은 변동됩니다

[런치]오또상초밥B

20,000원

초밥12p+국물2종류 *구성은 변동됩니다

가리비탕

18,000원

간사이 오뎅탕

23,000원

일본 간사이 현지 느낌의 오뎅탕

마즈타키(닭전골)

28,000원

오또상만의 특제 소스로 만든 일본식 닭전골 안드신분은 있지만 한번만 드시분은 없는 전골

먹고가소

20,000원

특제간장소스로 볶은 가지와 우삼겹

부타쇼가야끼

18,000원

일본식 가정식 중 베스트, 믿고 먹는 돼지고기 생강볶음

안키모라멘

20,000원

특제 버터 안키모 소스로 만든 볶음 라멘

봉골라멘

20,000원

봉골레 파스타 하나!!,, 아니 봉골레 라멘 하나!!

아지후라이

18,000원

아지(전갱이)가 통째로 튀겨졌다!!

가라아게

16,000원

일본식 닭튀김

타르타르

8,000원

잘게 다진 사시미와 오또상의 소스로 간을 한 간단한 안주

[런치]스키야키

15,000원

밥 무한제공 (고기,야채,우동사리 추가가능)

모찌리도후

8,000원

오또상의 수제 참깨 우유 두부

오늘의 사시미

45,000원

제철 횟감을 숙성하여 제공됩니다. (1인주문가능, 구성은 변동됩니다)

광어&안키모&우니

55,000원

보장된 깔끔한 맛 3가지

오또상 사합2.0

38,000원

날",ok,
서울특별시 금천구,일식,오키소바,https://www.diningcode.com/profile.php?rid=kuthqCdqhufj,서울특별시 금천구 가산디지털1로 128 b129호 지번,3,4,"[{""menu_name"": ""냉소바 오키소바 시그니처 냉소바. 살얼음이 있는 냉소바 맞춤 비법 육수와 조화된 감동적인 맛"", ""menu_price"": ""8000""}, {""menu_name"": ""가츠동 16가지 엄선한 재료로 만든 특제 소스를 맞춤 배합 요리법으로 어우러낸 가츠동(돈코츠덮밥)"", ""menu_price"": ""9000""}, {""menu_name"": ""규동 16가지 엄선한 재료로 만든 특제 소스를 맞춤 배합 요리법으로 어우러낸 규동(소고기덮밥)"", ""menu_price"": ""9500""}, {""menu_name"": ""탄탄멘 특제 돈골 육수와 매일 직접 만든 탄멘장이 어우러져 고소하면서도 특색 있는 매콤한 라멘"", ""menu_price"": ""10900""}, {""menu_name"": ""돈코츠라멘 특제 돈골 육수를 베이스로 하여 클래식한 풍미가 돋보이는 오키소바만의 담백한 돈코츠라멘"", ""menu_price"": ""9900""}, {""menu_name"": ""에비동 바삭하고 쫄깃한 새우튀김과 타래의 은근한 유혹 (새우튀김 과 함께 즐기는 인기있는 돈부리"", ""menu_price"": ""9000""}, {""menu_name"": ""오야꼬동 묵직한 닭고기의 고소, 바삭한 풍미 (특제소스로 맛을 낸 닭다리살이 들어간 돈부리)"", ""menu_price"": ""9000""}]","DININGCODE 스킵네비게이션

본문바로가기
주메뉴바로가기
로그인
오키소바 가산
오키소바
저장
공유
다시 보지 않기
저장 기능이 추가되었어요!
PC에서도 내가 저장한 맛집을 이용할 수 있어요.
나만의 맛집 리스트를 관리해보세요.
가산돈부리, 가츠동

3 (4명의 평가)
68점 

서울특별시 금천구 가산디지털1로 128 b129호 지번 
지도보기
영업 시작 8분 전
오늘(목)
·
영업시간: 11:00 - 22:00
0507-1464-1322
혼밥, 해장
캐주얼한, 점심맛집, 점심식사, 저녁식사, 연중무휴, 셀프바, 무료주차, 배달
폐업신고 · 정보수정 제안

Advertisement
Advertisement

오키소바 메뉴정보

인기 메뉴 보기

냉소바

8,000원

오키소바 시그니처 냉소바. 살얼음이 있는 냉소바 맞춤 비법 육수와 조화된 감동적인 맛

가츠동

9,000원

16가지 엄선한 재료로 만든 특제 소스를 맞춤 배합 요리법으로 어우러낸 가츠동(돈코츠덮밥)

규동

9,500원

16가지 엄선한 재료로 만든 특제 소스를 맞춤 배합 요리법으로 어우러낸 규동(소고기덮밥)

탄탄멘

10,900원

특제 돈골 육수와 매일 직접 만든 탄멘장이 어우러져 고소하면서도 특색 있는 매콤한 라멘

돈코츠라멘

9,900원

특제 돈골 육수를 베이스로 하여 클래식한 풍미가 돋보이는 오키소바만의 담백한 돈코츠라멘

에비동

9,000원

바삭하고 쫄깃한 새우튀김과 타래의 은근한 유혹 (새우튀김 과 함께 즐기는 인기있는 돈부리

오야꼬동

9,000원

묵직한 닭고기의 고소, 바삭한 풍미 (특제소스로 맛을 낸 닭다리살이 들어간 돈부리)

맛집태그

오키소바
의 사진
음식 (13) 실내 (1) 메뉴ㆍ정보 (8)
사진 더보기

Advertisement
자세히 알아보기
맛집 지도
식도락 여행 패키지
요리 교실
Advertisement
자세히 알아보기
소고기
음료
칼국수 밀키트

오키소바 방문자 리뷰

3.0
4건의 리뷰가 작성되었어요.
5

최고에요

(0)

4

만족해요",ok,
서울특별시 금천구,일식,호랑이초밥 가산디지털단지점,https://www.diningcode.com/profile.php?rid=gOaQueFoD1k8,서울특별시 금천구 가산디지털1로 186 제이플라츠 지하1층 118-2호 지번,4.8,5,"[{""menu_name"": ""어린이 초밥(8p)+우동+매실청토마토(8p) 초새우2p.계란3p,유부3p (와사비가 들어가지 않는 메뉴입니다.참고 부탁드립니다)"", ""menu_price"": ""9000""}, {""menu_name"": ""모둠참치초밥(10p)+서비스초밥1p+우동+매실청토마토(10p) 참다랑어등살(적신)3p+황새치뱃살(메카도로)3p+참치2p+황새치2p"", ""menu_price"": ""21000""}, {""menu_name"": ""광어초밥(10p)+서비스초밥1p+우동+매실청토마토(10P) 매일 완도에서 올라오는 대광어만 사용합니다.정말 잘 드시는거에요"", ""menu_price"": ""21000""}, {""menu_name"": ""스페셜연어초밥(12p)+서비스초밥1p+우동+매실청토마토(12P) 연어 6P(2p는 연어아부리), 연어뱃살 2P, 연어토핑 2P, 연어군함 2P"", ""menu_price"": ""24000""}, {""menu_name"": ""살치살스테이크 초밥+서비스초밥1p+우동+매실청토마토(5P) 제대로된 최상급 살치살을 직화로 아부리하였습니다.흔한 냉동 소고기초밥과 비교불가 기름진 살치살을 그대로 느낄 수 있습니다"", ""menu_price"": ""13000""}, {""menu_name"": ""묵은지삼겹살 초밥+서비스초밥1p+우동+매실청토마토(5P) 묵은지삼겹초밥+서비스초밥1p+우동+매실청토마토"", ""menu_price"": ""8000""}, {""menu_name"": ""묵은지삼겹살 초밥+서비스초밥1p+우동+매실청토마토(10P) 묵은지삼겹초밥+서비스초밥1p+우동+매실청토마토"", ""menu_price"": ""14000""}, {""menu_name"": ""광어5p 참치5p +서비스초밥1p+우동+매실청토마토(10p) 광어5p+참치5p"", ""menu_price"": ""21000""}, {""menu_name"": ""연어5p 참치5p+서비스초밥1p+우동+매실청토마토(10p) 연어5p+참치5p"", ""menu_price"": ""21000""}, {""menu_name"": ""광어5p 살치살5p+서비스초밥1p+우동+매실청토마토(10p) 광어5p + 살치살스테이크초밥 5p"", ""menu_price"": ""22000""}, {""menu_name"": ""연어5p 살치살5p+서비스초밥1p+우동+매실청토마토(10p) 연어5p + 살치스테이크초밥5p"", ""menu_price"": ""22000""}, {""menu_name"": ""연어5p 연어아부리5p+서비스초밥1p+우동+매실청토마토(10p)"", ""menu_price"": ""22000""}, {""menu_name"": ""연어5p 계란5p+서비스초밥1p+우동+매실청토마토(10p)"", ""menu_price"": ""15000""}, {""menu_name"": ""모둠 사시미+서비스간장새우+우동(소 15p) 구성과 수량에서 가성비갑 숙성된 회에서 느껴지는 감칠맛을 즐겨보세요. 매일 아침 공수한 생선에따라 구성은 변경됩니다."", ""menu_price"": ""34000""}, {""menu_name"": ""연어5p 계란아부리5p+서비스초밥1p+우동+매실청토마토(10p)"", ""menu_price"": ""16500""}, {""menu_name"": ""새우모둠초밥12p+서비스초밥1p+우동+매실청토마토(12p) 생새우2p,초새우2p,간장새우2p,구운갈릭치즈새우2p,구운스리라차치즈새우2p,구운망고치즈새우2p"", ""menu_price"": ""19000""}, {""menu_name"": ""도로5p 광어5p+서비스초밥1p+우동+매실청토마토(10p)"", ""menu_price"": ""25000""}, {""menu_name"": ""도로5p 연어5p+서비스초밥1p+우동+매실청토마토(10p)"", ""menu_price"": ""25000""}, {""menu_name"": ""광어5p 생새우5p+서비스초밥1p+우동+매실청토마토(10p)"", ""menu_price"": ""20000""}, {""menu_name"": ""연어5p 생새우5p+서비스초밥1p+우동+매실청토마토(10p)"", ""menu_price"": ""20000""}, {""menu_name"": ""광어5p 연어아부리5p+서비스초밥1p+우동+매실청토마토(10p)"", ""menu_price"": ""22000""}, {""menu_name"": ""광어5p 광어묵은지5p+서비스초밥1p+우동+매실청토마토(10p)"", ""menu_price"": ""22000""}, {""menu_name"": ""참치5p 살치살5p+서비스초밥1p+우동+매실청토마토(10p) 참치5p+살치살스테이크5p"", ""menu_price"": ""22000""}, {""menu_name"": ""스페셜광어초밥12p+서비스초밥1p+우동+매실청토마토(12p) 광어 6p,광어묵은지 3p,광어지느러미(엔가와) 3p"", ""menu_price"": ""24000""}, {""menu_name"": ""모둠 사시미+서비스간장새우+우동(중 23p) 구성과 수량에서 가성비갑 숙성된 회에서 느껴지는 감칠맛을 즐겨보세요. 매일 아침 공수한 생선에따라 구성은 변경됩니다."", ""menu_price"": ""48000""}, {""menu_name"": ""연어사시미(16p)+서비스간장새우(2p)+우동(16p) 노르웨이산 최고 등급 신선한 생연어"", ""menu_price"": ""38000""}, {""menu_name"": ""광어사시미8p + 연어사시미8p+간장새우(2p)+우동(광어 8p + 연어8p) 노르웨이에서 건너온 생연어와 완도산 대광어의 조합"", ""menu_price"": ""39000""}, {""menu_name"": ""광어사시미(16p)+서비스간장새우(2p)+우동(16p) 숙성시킨 완도산 대광어"", ""menu_price"": ""40000""}, {""menu_name"": ""모둠참치사시미(16p)+서비스간장새우(2p)+우동 도로,참다랑어등살 등 참치로 구성된 사시미"", ""menu_price"": ""40000""}, {""menu_name"": ""도로 참다랑어 대뱃살"", ""menu_price"": ""3500""}, {""menu_name"": ""참다랑어등살(적신) 참다랑어 등살(적신)"", ""menu_price"": ""2500""}, {""menu_name"": ""광어 지느러미(엔가와)"", ""menu_price"": ""2500""}]","DININGCODE 스킵네비게이션

본문바로가기
주메뉴바로가기
로그인
호랑이초밥 가산...
호랑이초밥 가산디지털단지점
저장
공유
가산디지털단지사시미, 모밀

4.8 (5명의 평가)
67점 

서울특별시 금천구 가산디지털1로 186 제이플라츠 지하1층 118-2호 지번 
지도보기
영업 시작 6분 전
오늘(목)
·
영업시간: 11:00 - 22:00
02-6344-0962
식사모임, 혼밥
가성비좋은, 런치세트, 점심식사, 저녁식사, 예약가능, 다찌석, 무료주차, 배달
폐업신고 · 정보수정 제안

Advertisement
Advertisement

호랑이초밥 메뉴정보

인기 메뉴 보기

호랑이오마카세(12p)+서비스초밥1p+우동+매실청토마토(12p)

24,000원

광어1p,광어지느러미(엔가와)1p,연어1p,연어뱃살1p,활어1p,참다랑어등살(적신)1p,황새치뱃살(메카도로)1p,전복1p,장어1p,소고기(살치살)1p,관자구이1p,우니토핑 단새우1p 쉐프가 당일 신선한 재료를 선정하여 만든 혜자메뉴입니다.

호랑이 특모둠(12p)+서비스초밥1p+우동+매실청토마토(12p)

18,000원

광어 1p,활어 3p, 연어 2p, 참치 1p, 황새치 1p, 초새우 1p, 간장새우 1p, 소고기(살치살) 1p, 황새치스테이크초밥 1p

호랑이 오마카세 스페셜+서비스초밥1p+우동+매실청토마토(14p)

29,000원

광어1p,광어지느러미1p,광어묵은지1p,연어1p,연어뱃살1p,활어1p,도로1p,참다랑어등살(적신)1p,메카도로1p,전복1p,장어1p,소고기(살치살)1p,관자구이1p,우니토핑 단새우1p

어린이 초밥(8p)+우동+매실청토마토(8p)

9,000원

초새우2p.계란3p,유부3p (와사비가 들어가지 않는 메뉴입니다.참고 부탁드립니다)

2인SET B+서비스초밥2+고로케2+우동+매실청토마토2(2인분)

40,000원

(초밥 26P, 새우튀김대마끼 2P, 고로케 2P) 광어 1p,활어 1P, 연어 2P, 토핑연어 2P, 황새치 2P, 초쭈꾸미 2P, 초한치 2P, 참치 2",ok,
서울특별시 금천구,일식,갓포소,https://www.diningcode.com/profile.php?rid=x9Uhq3XkslYD,서울특별시 금천구 가산디지털2로 144 현대테라타워가산DK 1층 106호 지번,3.8,3,"[{""menu_name"": ""갓포소 숙성 모둠사시미 (1인기준) 전문셰프가 생선에 어울리는 소금,다시마,간장,된장,쌀누륵으로 숙성하여 한층 높음 퀄리티 회"", ""menu_price"": ""28000""}, {""menu_name"": ""갓포소 정식스시19 숙성한 생선과 해산물 11종류를 전문 스시셰프가 혼을 담아서 직접 쥐어 만든 초밥"", ""menu_price"": ""19000""}, {""menu_name"": ""프리미엄 벤또 52 본 메뉴는 런치한정 예약제로 이용 가능합니다. (스시 또는 카이센동 택 1)"", ""menu_price"": ""52000""}, {""menu_name"": ""갓포소 벤또정식 39 본 메뉴는 런치한정 예약제로 이용 가능합니다. (스시 또는 카이센동 택 1)"", ""menu_price"": ""39000""}, {""menu_name"": ""갓포소 런치스시13 숙성한 생선과 해산물 9종류를 전문 스시셰프가 혼을 담아서 직접 쥐어서 만든 초밥"", ""menu_price"": ""13000""}, {""menu_name"": ""우나기 고토우동 부드러운 우나기와 쫄깃한 식감의 고토우동"", ""menu_price"": ""15000""}, {""menu_name"": ""한국식 회덮밥 신선한 야채들과 모둠회"", ""menu_price"": ""11000""}, {""menu_name"": ""살몬 크랩롤 연어와 크랩, 특제소스를 곁들인 스페셜롤"", ""menu_price"": ""25000""}, {""menu_name"": ""후또마끼 여러가지 생선과 식자재를 많이 넣어서 굵게 말은 마끼"", ""menu_price"": ""30000""}, {""menu_name"": ""메로구이 특제 간장소스에 절인 기름기 꽉찬 메로구이"", ""menu_price"": ""26000""}, {""menu_name"": ""갑오징어 튀김 통통한 갑오징어를 바싹하게 튀김"", ""menu_price"": ""18000""}, {""menu_name"": ""앙끼몽큐리 상큼한 일본 폰즈소스를 곁들인 부드러우며 기름진 아귀간과 상큼하면서 아삭한 오이"", ""menu_price"": ""15000""}, {""menu_name"": ""갓포소 스페셜스시28 숙성한 생선과 해산물 13종류를 전문 스시셰프가 혼을 담아서 직접 쥐어서 만든 초밥"", ""menu_price"": ""28000""}, {""menu_name"": ""타코야끼 오사카 대표메뉴 타코야끼"", ""menu_price"": ""12000""}, {""menu_name"": ""크림새우튀김 크리미한 특제 과일소스와 통통한 새우와의 콜라보"", ""menu_price"": ""20000""}, {""menu_name"": ""고추치킨 가라아게 매콤한 고추소스를 곁들인 치킨가라아게"", ""menu_price"": ""20000""}, {""menu_name"": ""카니미소 쉘크랩 파스타 농축된 게내장과 일본식된장으로 만든 크리미하며 바다의 풍미가 진한 소스와 바싹한 쉘크랩"", ""menu_price"": ""26000""}, {""menu_name"": ""매콤한 전복내장파스타 직접 만든 매콤 녹진한 전복내장 파스타"", ""menu_price"": ""26000""}, {""menu_name"": ""새우/야채튀김 바싹한 일본식 튀김"", ""menu_price"": ""20000""}, {""menu_name"": ""나가사끼 나베 돈등뼈와 닭뼈로 직접 푹 고아 진하면서 깔끔한 육수의 나가사끼 나베"", ""menu_price"": ""28000""}, {""menu_name"": ""스키야끼 간토 스타일의 일본식 쇠고기전골"", ""menu_price"": ""35000""}, {""menu_name"": ""토마카도 부드러운 아보카도와 토마토에 새콤한 유자소스를 곁들인 샐러드"", ""menu_price"": ""9000""}, {""menu_name"": ""갓포소 카이센동18 당일 신선한 12종류의 생선과 해산물을 어우러지게 갓포소 스타일로 만든 일본식 해산물덮밥"", ""menu_price"": ""18000""}, {""menu_name"": ""갓포소 카이센동29 당일 신선한 14종류의 생선과 해산물을 어우러지게 갓포소 스타일로 만든 일본식 해산물덮밥"", ""menu_price"": ""29000""}, {""menu_name"": ""사케동15 연어의 녹으며 진한맛, 연어알이 톡톡터지면서 조화스러운 맛과 양파와 특제소스의 어울림"", ""menu_price"": ""15000""}, {""menu_name"": ""사케동19 연어의 녹으며 진한맛, 연어알이 톡톡터지면서 조화스러운 맛과 양파와 특제소스의 어울림"", ""menu_price"": ""19000""}, {""menu_name"": ""우나기동 부드럽게 익힌 민물장어에 직접 만든 특제간장 소스를 발라가면서 구운 장어덮밥과 다시마끼"", ""menu_price"": ""20000""}, {""menu_name"": ""뎀뿌라덮밥 바싹한 튀김과 직접만든 달큰한 텐동소스와 온센타마고의 농후한 부드러움을 느낄 수 있는 맛"", ""menu_price"": ""15000""}, {""menu_name"": ""스시코스 39 / 49 에피, 사시미, 고바찌, 구이, 튀김, 스시, 우동 갓포소 메뉴를 골고루 즐기는 있는 코스"", ""menu_price"": ""39000""}]","DININGCODE 스킵네비게이션

본문바로가기
주메뉴바로가기
로그인
갓포소 가산
갓포소
저장
공유
가산일식당, 카이센동

3.8 (3명의 평가)
63점 

서울특별시 금천구 가산디지털2로 144 현대테라타워가산DK 1층 106호 지번 
지도보기
영업 전
오늘(목)
·
영업시간: 11:30 - 22:00
0507-1341-1258
점심회식, 회식
런치세트, 디너코스, 점심식사, 저녁식사, 예약가능
폐업신고 · 정보수정 제안

Advertisement
Advertisement

갓포소 메뉴정보

인기 메뉴 보기

갓포소 숙성 모둠사시미 (1인기준)

28,000원

전문셰프가 생선에 어울리는 소금,다시마,간장,된장,쌀누륵으로 숙성하여 한층 높음 퀄리티 회

갓포소 정식스시19

19,000원

숙성한 생선과 해산물 11종류를 전문 스시셰프가 혼을 담아서 직접 쥐어 만든 초밥

프리미엄 벤또 52

52,000원

본 메뉴는 런치한정 예약제로 이용 가능합니다. (스시 또는 카이센동 택 1)

갓포소 벤또정식 39

39,000원

본 메뉴는 런치한정 예약제로 이용 가능합니다. (스시 또는 카이센동 택 1)

갓포소 런치스시13

13,000원

숙성한 생선과 해산물 9종류를 전문 스시셰프가 혼을 담아서 직접 쥐어서 만든 초밥

우나기 고토우동

15,000원

부드러운 우나기와 쫄깃한 식감의 고토우동

한국식 회덮밥

11,000원

신선한 야채들과 모둠회

살몬 크랩롤

25,000원

연어와 크랩, 특제소스를 곁들인 스페셜롤

후또마끼

30,000원

여러가지 생선과 식자재를 많이 넣어서 굵게 말은 마끼

메로구이

26,000원

특제 간장소스에 절인 기름기 꽉찬 메로구이

갑오징어 튀김

18,000원

통통한 갑오징어를 바싹하게 튀김

앙끼몽큐리

15,000원

상큼한 일본 폰즈소스를 곁들인 부드러우며 기름진 아귀간과 상큼하면서 아삭한 오이

갓포소 스페셜스시28

28,000원

숙성한 생선과 해산물 13종류를 전문 스시셰프가 혼을 담아서 직접 쥐어",ok,
서울특별시 금천구,일식,요미우돈교자 퍼블릭가산점,https://www.diningcode.com/profile.php?rid=vvrNK8w5gk0u,서울특별시 금천구 디지털로 178 가산퍼블릭 B동 1층 M-130호 지번,4.4,2,"[{""menu_name"": ""넓적우동 넓고 얇게 재단하여 식감을 살린 면과 시원한 냉쯔유, 고소한 참깨소스를 곁들여 먹는 우동"", ""menu_price"": ""13900""}, {""menu_name"": ""지도리우동 일본 규슈지방의 감칠맛의 닭 육수 베이스와 닭고기와 표고버섯 채소들이 고명으로 올라간 우동"", ""menu_price"": ""13900""}, {""menu_name"": ""냉)튀김 붓카케 우동 진한 쯔유소스를 면에 부어 튀김 모듬과 비벼 먹는 시원한 냉우동"", ""menu_price"": ""11900""}, {""menu_name"": ""냉)소고기 붓카케 우동 진한 쯔유소스를 면에 부어 소고기와 비벼 먹는 시원한 냉우동"", ""menu_price"": ""11900""}, {""menu_name"": ""명란치즈교자 후쿠오카현의 특산물 중 하나인 명란을 교자에 올린 뒤 치즈와 함께 노릇하게 구운 메뉴"", ""menu_price"": ""11900""}, {""menu_name"": ""사천교자 매콤한 교자를 사용하여 튀일과 함께 바삭하게 구워낸 교자"", ""menu_price"": ""7900""}, {""menu_name"": ""마라마제우동 고추기름에 절인 돼지고기와 쪽파가 들어간 마제우동에 더욱 매콤한 마라소스가 들어간 비빔우동"", ""menu_price"": ""11900""}, {""menu_name"": ""요미마제우동 매콤한 고추기름에 절여진 돼지 고기와 개운한 쪽파가 듬뿍 들어간 비빔 우동"", ""menu_price"": ""11900""}, {""menu_name"": ""소세지카레라이스 깊고 깔끔한 맛의 카레라이스와 불향 가득 통통한 소세지를 함께 즐기는 색다른 카레라이스"", ""menu_price"": ""13900""}, {""menu_name"": ""소고기듬뿍카레라이스 깊고 깔끔한 맛의 카레라이스와 담백한 소고기를 함께 즐기는 새로운 카레라이스"", ""menu_price"": ""12900""}, {""menu_name"": ""소고기듬뿍우동 불향을 가득 입힌 우삼겹과 달달한 양파, 고소한 우엉 튀김을 듬뿍 올린 간장 베이스의 우동"", ""menu_price"": ""10900""}, {""menu_name"": ""삿포로생맥주"", ""menu_price"": ""6000""}, {""menu_name"": ""카라이해물우동 진한 풍미의 육수와 다양한 종류의 신선한 해물을 듬뿍 넣어 매콤하게 끓여낸 따뜻한 온우동"", ""menu_price"": ""13900""}, {""menu_name"": ""유자하이볼 달콤한 유자 베이스에 유자 탁주, 살얼음이 들어간 하이볼"", ""menu_price"": ""6000""}, {""menu_name"": ""진저라임하이볼 산토리 가쿠빈 베이스의 진저라임 하이볼 시나몬 향과 상큼한 라임의 향까지 가득"", ""menu_price"": ""8000""}, {""menu_name"": ""레몬홍차하이볼 산토리 가쿠빈 베이스의 레몬홍차 하이볼 향긋한 홍차의 향기와 상큼한 레몬의 맛"", ""menu_price"": ""8000""}, {""menu_name"": ""요미산토리하이볼 산토리 가쿠빈 베이스의 요미 하이볼 달달하고 상큼한 하이볼 대표메뉴"", ""menu_price"": ""8000""}, {""menu_name"": ""스키야끼규동 스키야끼 간장에 달콤짭짤하게 조린 우삼겹과 아삭한 쪽파와 함께 곁들여 먹는 덮밥"", ""menu_price"": ""9500""}, {""menu_name"": ""고추장부타동 한국의 대중적인 음식인 제육덮밥을 요미우돈교자만의 방식으로 만들었습니다"", ""menu_price"": ""9500""}, {""menu_name"": ""미소가츠동 바삭하게 튀긴 돈가스와 적미소소스를 밥 위에 가득 얹어 아삭한 양배추와 곁들여 먹는 덮밥"", ""menu_price"": ""9900""}, {""menu_name"": ""키츠네우동 가쓰오부시와 다시마를 우려낸 맑고 감칠맛 있는 육수를 듬뿍 머금은 유부가 들어간 우동"", ""menu_price"": ""8900""}, {""menu_name"": ""요미우동 요미우돈교자만의 특제간장에 가쓰오부시로 깊게 우려낸 육수 베이스에 고소한 새우를 얹은 우동"", ""menu_price"": ""8900""}, {""menu_name"": ""요미유부초밥 2pcs"", ""menu_price"": ""3500""}, {""menu_name"": ""치킨투움바넓적우동 담백한 닭고기와 탱글한 새우가 들어간 투움바소스를 넓적면과 함께 즐기는 따끈한 우동"", ""menu_price"": ""14900""}, {""menu_name"": ""마제유부초밥 2pcs"", ""menu_price"": ""4000""}, {""menu_name"": ""제로콜라 355ml 캔음료"", ""menu_price"": ""2500""}, {""menu_name"": ""콜라 355ml 캔음료"", ""menu_price"": ""2500""}, {""menu_name"": ""베이컨크림우동 고소한 크림에 우동면을 탱글하게 볶아 적양파와 쪽파, 빨간 시즈닝을 곁들인 크림 우동"", ""menu_price"": ""14900""}, {""menu_name"": ""명란크림우동 고소한 크림에 탱글하게 볶아낸 우동면과 짭짤한 명란젓을 함께 비벼먹는 크림 우동"", ""menu_price"": ""14900""}, {""menu_name"": ""고기교자 상큼한 오이 참기름 무침이 올라가, 부담스럽지않게 즐기기 좋은 교자"", ""menu_price"": ""10900""}, {""menu_name"": ""오코노미야끼 교자 바삭한 교자 가운데 가늘게 썰은 양배추를 넣고 익혀 달달하고 아삭하게 곁들어 먹는 메뉴"", ""menu_price"": ""11900""}, {""menu_name"": ""소세지카레우동 깊고 깔끔한 맛의 카레 우동과 불향 가득 통통한 소세지를 함께 즐기는 색다른 카레 우동"", ""menu_price"": ""13900""}, {""menu_name"": ""소고기듬뿍카레우동 깊고 깔끔한 맛의 카레 우동과 담백한 소고기를 함께 즐기는 새로운 카레 우동"", ""menu_price"": ""12900""}]","DININGCODE 스킵네비게이션

본문바로가기
주메뉴바로가기
로그인
요미우돈교자 퍼...
요미우돈교자 퍼블릭가산점
저장
공유
가산우동, 지도리우동

4.4 (2명의 평가)
67점 

서울특별시 금천구 디지털로 178 가산퍼블릭 B동 1층 M-130호 지번 
지도보기
영업 시작 1분 전
오늘(목)
·
영업시간: 11:00 - 21:00
0507-1370-8377
혼밥, 회식
깔끔한, 점심맛집, 점심식사, 저녁식사, 바테이블, 아기의자
폐업신고 · 정보수정 제안

Advertisement
Advertisement

요미우돈교자 메뉴정보

인기 메뉴 보기

넓적우동

13,900원

넓고 얇게 재단하여 식감을 살린 면과 시원한 냉쯔유, 고소한 참깨소스를 곁들여 먹는 우동

지도리우동

13,900원

일본 규슈지방의 감칠맛의 닭 육수 베이스와 닭고기와 표고버섯 채소들이 고명으로 올라간 우동

냉)튀김 붓카케 우동

11,900원

진한 쯔유소스를 면에 부어 튀김 모듬과 비벼 먹는 시원한 냉우동

냉)소고기 붓카케 우동

11,900원

진한 쯔유소스를 면에 부어 소고기와 비벼 먹는 시원한 냉우동

명란치즈교자

11,900원

후쿠오카현의 특산물 중 하나인 명란을 교자에 올린 뒤 치즈와 함께 노릇하게 구운 메뉴

사천교자

7,900원

매콤한 교자를 사용하여 튀일과 함께 바삭하게 구워낸 교자

마라마제우동

11,900원

고추기름에 절인 돼지고기와 쪽파가 들어간 마제우동에 더욱 매콤한 마라소스가 들어간 비빔우동

요미마제우동

11,900원

매콤한 고추기름에 절여진 돼지 고기와 개운한 쪽파가 듬뿍 들어간 비빔 우동

소세지카레라이스

13,900원

깊고 깔끔한 맛의 카레라이스와 불향 가득 통통한 소세지를 함께 즐기는 색다른 카레라이스

소고기듬뿍카레라이스

12,900원

깊고 깔끔한 맛의 카레라이스와 담백한 소고기를 함께 즐기는 새로운 카레라이스

소고기듬뿍우동

10,900원

불향을 가득 입힌 우삼겹과 달달한 양파, 고소한 우엉 튀김을 듬뿍 올린 간장",ok,
서울특별시 금천구,일식,코코로식당,https://www.diningcode.com/profile.php?rid=HgqXiiGwONim,서울특별시 금천구 벚꽃로38길 32-25 2층 지번,4,9,"[{""menu_name"": ""안심카츠 카레"", ""menu_price"": ""12000""}, {""menu_name"": ""안심카츠"", ""menu_price"": ""12000""}, {""menu_name"": ""스페셜카레"", ""menu_price"": ""15000""}, {""menu_name"": ""에비후라이카레"", ""menu_price"": ""10000""}, {""menu_name"": ""카츠에비후라이카레"", ""menu_price"": ""14000""}, {""menu_name"": ""안심믹스카츠"", ""menu_price"": ""14000""}, {""menu_name"": ""코코로카츠"", ""menu_price"": ""15000""}, {""menu_name"": ""스페셜카츠"", ""menu_price"": ""14000""}, {""menu_name"": ""등심카츠동"", ""menu_price"": ""10000""}, {""menu_name"": ""믹스후라이동"", ""menu_price"": ""12000""}, {""menu_name"": ""등심카츠"", ""menu_price"": ""10000""}, {""menu_name"": ""등심카츠 카레"", ""menu_price"": ""12000""}, {""menu_name"": ""사케동"", ""menu_price"": ""12000""}, {""menu_name"": ""가라아게동"", ""menu_price"": ""9000""}, {""menu_name"": ""에비후라이동"", ""menu_price"": ""10000""}, {""menu_name"": ""냉모밀"", ""menu_price"": ""9000""}, {""menu_name"": ""얼큰카츠나베"", ""menu_price"": ""10000""}, {""menu_name"": ""카츠나베"", ""menu_price"": ""10000""}]","DININGCODE 스킵네비게이션

본문바로가기
주메뉴바로가기
로그인
코코로식당 가산...
코코로식당
저장
공유
가산디지털단지역일본가정식, 이자카야

4 (9명의 평가)
64점 

서울특별시 금천구 벚꽃로38길 32-25 2층 지번 
지도보기
영업 시작 9분 전
오늘(목)
·
영업시간: 11:10 - 22:30
02-868-4668
술모임, 혼밥
조용한, 깔끔한, 점심식사, 저녁식사
폐업신고 · 정보수정 제안

Advertisement
자세히 알아보기
소고기
음료
다이닝코드 프리미엄 멤버십
Advertisement

코코로식당 메뉴정보

인기 메뉴 보기

안심카츠 카레

12,000원

안심카츠

12,000원

스페셜카레

15,000원

에비후라이카레

10,000원

카츠에비후라이카레

14,000원

안심믹스카츠

14,000원

코코로카츠

15,000원

스페셜카츠

14,000원

등심카츠동

10,000원

믹스후라이동

12,000원

등심카츠

10,000원

등심카츠 카레

12,000원

사케동

12,000원

가라아게동

9,000원

에비후라이동

10,000원

냉모밀

9,000원

얼큰카츠나베

10,000원

카츠나베

10,000원

메뉴 접기

코코로식당
의 사진
음식 (15) 실내 (6) 메뉴ㆍ정보 (9)
사진 더보기

Advertisement
Advertisement

코코로식당 방문자 리뷰

4.0
9건의 리뷰가 작성되었어요.
5

최고에요

(2)

4

만족해요

(6)

3

무난해요

(1)

2

아쉬워요

(0)

1

별로예요

(0)

맛
4.6
좋음
78%
보통
22%
부족
0%
가격
3.9
만족
44%
보통
56%
불만
0%
응대
4.1
친절함
56%
보통
44%
불친절
0%
방문목적

점심식사 7저녁식사 5술모임 4식사모임 2혼밥 1데이트 1회식 1

편의시설

주차불가 1

분위기

조용한 5숨은맛집 4캐주얼한 3깔끔한 3예쁜 2가성비좋은 2푸짐한 1지역주민이 찾는 1이국적/이색적 1

추천순 최",ok,
서울특별시 금천구,일식,텐마루,https://www.diningcode.com/profile.php?rid=KQZdNWmUCxEf,서울특별시 금천구 디지털로12길 21 2층 지번,4.1,6,"[{""menu_name"": ""창코뚝배기 맛있는 녀석들 외 공중파 3사 출연!! 창코나베 大 38,000 창코나베 小 28000"", ""menu_price"": ""16000""}, {""menu_name"": ""한우++ 육회타르트"", ""menu_price"": ""25000""}, {""menu_name"": ""연어 솥밥"", ""menu_price"": ""10000""}, {""menu_name"": ""덴푸라 소"", ""menu_price"": ""14000""}, {""menu_name"": ""덴푸라 대"", ""menu_price"": ""30000""}, {""menu_name"": ""오징어 덴푸라"", ""menu_price"": ""15000""}, {""menu_name"": ""닭 가라아게"", ""menu_price"": ""16000""}, {""menu_name"": ""리얼새우깡"", ""menu_price"": ""18000""}, {""menu_name"": ""감자사라다크래커"", ""menu_price"": ""15000""}, {""menu_name"": ""명란오이무침"", ""menu_price"": ""16000""}, {""menu_name"": ""타코 와사비"", ""menu_price"": ""16000""}, {""menu_name"": ""수제 아지타마고"", ""menu_price"": ""8000""}, {""menu_name"": ""창코나베 대"", ""menu_price"": ""30000""}, {""menu_name"": ""명란주먹밥 2P"", ""menu_price"": ""6000""}, {""menu_name"": ""오뎅뚝배기"", ""menu_price"": ""15000""}, {""menu_name"": ""단새우니"", ""menu_price"": ""38000""}, {""menu_name"": ""가이세끼 사시미 벤또"", ""menu_price"": ""45000""}, {""menu_name"": ""우니한판 (성게)"", ""menu_price"": ""40000""}, {""menu_name"": ""민물장어 화로구이(2마리)"", ""menu_price"": ""30000""}, {""menu_name"": ""장어 솥밥"", ""menu_price"": ""15000""}, {""menu_name"": ""도미 솥밥"", ""menu_price"": ""10000""}]","DININGCODE 스킵네비게이션

본문바로가기
주메뉴바로가기
로그인
텐마루 가산
텐마루
저장
공유
가산이자카야, 창코나베

4.1 (6명의 평가)
67점 

서울특별시 금천구 디지털로12길 21 2층 지번 
지도보기
영업 전
오늘(목)
·
영업시간: 18:00 - 02:00
0507-1415-0199
맛있는녀석들, 술모임, 데이트
깔끔한, 아늑한, 저녁식사, 배달
폐업신고 · 정보수정 제안

Advertisement
Advertisement

텐마루 메뉴정보

인기 메뉴 보기

창코뚝배기

16,000원

맛있는 녀석들 외 공중파 3사 출연!! 창코나베 大 38,000 창코나베 小 28000

한우++ 육회타르트

25,000원

연어 솥밥

10,000원

덴푸라 소

14,000원

덴푸라 대

30,000원

오징어 덴푸라

15,000원

닭 가라아게

16,000원

리얼새우깡

18,000원

감자사라다크래커

15,000원

명란오이무침

16,000원

타코 와사비

16,000원

수제 아지타마고

8,000원

창코나베 대

30,000원

명란주먹밥 2P

6,000원

오뎅뚝배기

15,000원

단새우니

38,000원

가이세끼 사시미 벤또

45,000원

우니한판 (성게)

40,000원

민물장어 화로구이(2마리)

30,000원

장어 솥밥

15,000원

도미 솥밥

10,000원

메뉴 접기

맛집태그

텐마루
의 사진
음식 (15) 실내 (1) 실외 (1) 메뉴ㆍ정보 (7)
사진 더보기

Advertisement
Advertisement

텐마루 방문자 리뷰

4.1
6건의 리뷰가 작성되었어요.
5

최고에요

(3)

4.5

마음에 들어요

(1)

4

만족해요

(1)

3

무난해요

(0)

2

아쉬워요

(1)

1

별로예요

(0)

맛
4.3
좋음
83%
보통
0%
부족
17%
가격
3.3
만족
33%
보통
50%
불만
17%
응대
4.3
친절함
67%
보통
33%
불친절
0%
방문목적

술모임 4식",ok,
서울특별시 금천구,일식,스시히또,https://www.diningcode.com/profile.php?rid=WEzJxidqasPe,서울특별시 금천구 벚꽃로 286 리더스타워 지하1층 114호 지번,3.8,6,"[{""menu_name"": ""오마카세 C"", ""menu_price"": ""90000""}, {""menu_name"": ""오마카세 B"", ""menu_price"": ""60000""}, {""menu_name"": ""오마카세 D"", ""menu_price"": ""120000""}, {""menu_name"": ""[단품] 오늘의 사시미(모듬) 2-3인용 모듬 숙성회"", ""menu_price"": ""50000""}, {""menu_name"": ""[단품] 오늘의 숙회 문어, 갑오징어, 소라, 골뱅이 등 당일 재료에 따라 달라지는 숙회 한 접시"", ""menu_price"": ""35000""}, {""menu_name"": ""[단품] 전복모듬 생전복, 전복다시마찜, 전복내장까지 한 번에 뙇!"", ""menu_price"": ""40000""}, {""menu_name"": ""[단품] 연어사시미 연어는 못참지, 연어 사시미와 이쿠라까지 사르르 녹는 스시히또표 연어사시미"", ""menu_price"": ""40000""}, {""menu_name"": ""[단품] 참치 타다끼 보기만해도 아깝지만 먹어보면 잊을 수 없는 참치의 변신"", ""menu_price"": ""35000""}, {""menu_name"": ""[단품] 도미대가리(조림) 3kg 이상 도미 대가리를 요리합니다."", ""menu_price"": ""35000""}, {""menu_name"": ""[단품] 후토마끼 크기도 비주얼도 감당하기 힘든 스시히또표 후토마키 한 접시"", ""menu_price"": ""30000""}, {""menu_name"": ""[단품] 모듬튀김 바삭바삭 해산물&야채튀김"", ""menu_price"": ""30000""}, {""menu_name"": ""[단품] 오뎅탕"", ""menu_price"": ""20000""}, {""menu_name"": ""[단품] 오늘의 사시미 (특) 3-4인이 즐길 수 있는 숙성회"", ""menu_price"": ""90000""}, {""menu_name"": ""특선스시"", ""menu_price"": ""30000""}, {""menu_name"": ""히또스시"", ""menu_price"": ""22000""}, {""menu_name"": ""오마카세 A (런치) 실속 오마카세 / 점심시간에만 이용 가능"", ""menu_price"": ""40000""}, {""menu_name"": ""스시히또정식(런치) 회 식사 후, 초밥이 나오는 미니 오마카세 코스"", ""menu_price"": ""25000""}, {""menu_name"": ""커플세트(런치) 2인 세트메뉴 스시 24pcs + 샐러드+차왕무시+튀김+우동(하절기 냉모밀)"", ""menu_price"": ""40000""}, {""menu_name"": ""[단품] 오징어 튀김"", ""menu_price"": ""20000""}, {""menu_name"": ""[단품] 우x단한판 고급입맛 제대로 저격할 고급 우니와 단새우만 모아 담은 메뉴"", ""menu_price"": ""50000""}, {""menu_name"": ""[단품] 광어참돔 쯔케모노 일식 장아찌들을 넣은 흰살생선 쌈"", ""menu_price"": ""30000""}, {""menu_name"": ""[단품] 풍천장어구이 전북 고창산 자포니카 민물장어 양념구이"", ""menu_price"": ""40000""}, {""menu_name"": ""[단품] 장어덮밥 장어 한 마리를 통째 얹은 우나기동"", ""menu_price"": ""22000""}, {""menu_name"": ""[단품] 봉초밥 횟감용 고등어 속에 야채를 곁들인 스시"", ""menu_price"": ""25000""}, {""menu_name"": ""[단품] 안키모 바다의 푸아그라 아귀간과 야채 곁들임"", ""menu_price"": ""25000""}, {""menu_name"": ""[단품] 어란 아보카도 20번 이상 참기름을 입혀 직접 만든 숭어 어란과 야채 곁들임"", ""menu_price"": ""25000""}]","DININGCODE 스킵네비게이션

본문바로가기
주메뉴바로가기
로그인
스시히또 가산
스시히또
저장
공유
가산스시, 오마카세

3.8 (6명의 평가)
66점 

서울특별시 금천구 벚꽃로 286 리더스타워 지하1층 114호 지번 
지도보기
영업 시작 25분 전
오늘(목)
·
영업시간: 11:30 - 21:30
02-838-0105
식사모임, 점심회식
격식있는, 런치세트, 점심식사, 저녁식사, 콜키지, 바테이블
폐업신고 · 정보수정 제안

Advertisement
Advertisement

스시히또 메뉴정보

인기 메뉴 보기

오마카세 C

90,000원

오마카세 B

60,000원

오마카세 D

120,000원

[단품] 오늘의 사시미(모듬)

50,000원

2-3인용 모듬 숙성회

[단품] 오늘의 숙회

35,000원

문어, 갑오징어, 소라, 골뱅이 등 당일 재료에 따라 달라지는 숙회 한 접시

[단품] 전복모듬

40,000원

생전복, 전복다시마찜, 전복내장까지 한 번에 뙇!

[단품] 연어사시미

40,000원

연어는 못참지, 연어 사시미와 이쿠라까지 사르르 녹는 스시히또표 연어사시미

[단품] 참치 타다끼

35,000원

보기만해도 아깝지만 먹어보면 잊을 수 없는 참치의 변신

[단품] 도미대가리(조림)

35,000원

3kg 이상 도미 대가리를 요리합니다.

[단품] 후토마끼

30,000원

크기도 비주얼도 감당하기 힘든 스시히또표 후토마키 한 접시

[단품] 모듬튀김

30,000원

바삭바삭 해산물&야채튀김

[단품] 오뎅탕

20,000원

[단품] 오늘의 사시미 (특)

90,000원

3-4인이 즐길 수 있는 숙성회

특선스시

30,000원

히또스시

22,000원

오마카세 A (런치)

40,000원

실속 오마카세 / 점심시간에만 이용 가능

스시히또정식(런치)

25,000원

회 식사 후, 초밥이 나오는 미니 오마카세 코스

커플세트(런치)

40,000원

2인 세트메뉴 스시 24pcs + 샐러드+차왕무시+튀김+우동",ok,
서울특별시 금천구,일식,요시카츠,https://www.diningcode.com/profile.php?rid=1FGUegpbU07V,서울특별시 금천구 벚꽃로 266 지번,3.1,4,[],"DININGCODE 스킵네비게이션

본문바로가기
주메뉴바로가기
로그인
요시카츠 마리오...
요시카츠
저장
공유
다시 보지 않기
저장 기능이 추가되었어요!
PC에서도 내가 저장한 맛집을 이용할 수 있어요.
나만의 맛집 리스트를 관리해보세요.
마리오아울렛돈까스

3.1 (4명의 평가)
68점 

서울특별시 금천구 벚꽃로 266 지번 
지도보기
영업시간 확인 필요
혼밥, 간단히먹기
캐주얼한, 서민적인, 무료주차
폐업신고 · 정보수정 제안

Advertisement
Advertisement

요시카츠 메뉴정보

1위
50% 주문

돈까스

요시카츠
의 사진
음식 (9) 실내 (5) 실외 (1) 메뉴ㆍ정보 (13)

Advertisement
Advertisement

요시카츠 방문자 리뷰

3.1
4건의 리뷰가 작성되었어요.
5

최고에요

(0)

4

만족해요

(2)

3

무난해요

(1)

2

아쉬워요

(1)

1

별로예요

(0)

맛
3.0
좋음
25%
보통
50%
부족
25%
가격
4.0
만족
50%
보통
50%
불만
0%
응대
3.0
친절함
0%
보통
100%
불친절
0%
방문목적

점심식사 4저녁식사 2혼밥 2아이동반 1데이트 1가족외식 1

편의시설

무료주차 2

분위기

캐주얼한 3서민적인 2지역주민이찾는 1조용한 1가성비좋은 1

추천순 최신순 평점 높은순 평점 낮은순

솔라6
평균 별점 4.0   평가 54   팔로워 0

4점
2월 26일

마리오아울렛 쇼핑하다가 한끼 때우기 딱 좋아요! 메뉴도 종류가 다양하고 가성비도 좋아요!
맛: 좋음|가격: 만족|응대: 보통

주문한 메뉴

모듬카츠, 클래식 함바그

키워드

저녁식사, 혼밥, 점심식사, 캐주얼한, 서민적인, 가성비좋은

좋아요
공유

Advertisement
자세히 알아보기
소고기
음료
식품
Advertisement
자세히 알아보기
모바일 애플리케이션, 부가기능
미식 체험 쿠폰
레스토랑 예약 서비스

pinktree
평균 별점 4.4   평가 288   팔로워 1

6장 더보기
",ok,
서울특별시 금천구,일식,준스시,https://www.diningcode.com/profile.php?rid=TovpKgpgCbEn,서울특별시 금천구 가산디지털2로 165 1층 준스시 지번,3.9,4,"[{""menu_name"": ""준스시 메뉴정보 인기 메뉴 보기 초새우초밥10ps 광+소고기10ps 17,000원 유부초밥10ps 10,000원 연어+소고기10ps 17,000원 회덮밥정식 10,000원"", ""menu_price"": ""12000""}, {""menu_name"": ""초새우초밥10ps"", ""menu_price"": ""12000""}, {""menu_name"": ""광+소고기10ps"", ""menu_price"": ""17000""}, {""menu_name"": ""유부초밥10ps"", ""menu_price"": ""10000""}, {""menu_name"": ""연어+소고기10ps"", ""menu_price"": ""17000""}, {""menu_name"": ""회덮밥정식"", ""menu_price"": ""10000""}]","DININGCODE 스킵네비게이션

본문바로가기
주메뉴바로가기
로그인
준스시 가산
준스시
저장
공유
다시 보지 않기
저장 기능이 추가되었어요!
PC에서도 내가 저장한 맛집을 이용할 수 있어요.
나만의 맛집 리스트를 관리해보세요.
가산스시, 회덮밥

3.9 (4명의 평가)
67점 

서울특별시 금천구 가산디지털2로 165 1층 준스시 지번 
지도보기
영업 중
오늘(목)
·
영업시간: 11:00 - 21:00
0507-1409-8869
혼밥
가성비좋은, 점심특선, 점심식사
폐업신고 · 정보수정 제안

Advertisement
Advertisement

준스시 메뉴정보

인기 메뉴 보기

초새우초밥10ps

12,000원

광+소고기10ps

17,000원

유부초밥10ps

10,000원

연어+소고기10ps

17,000원

회덮밥정식

10,000원

준스시
의 사진
음식 (7) 실내 (1) 메뉴ㆍ정보 (3)

Advertisement
Advertisement

준스시 방문자 리뷰

3.9
4건의 리뷰가 작성되었어요.
5

최고에요

(1)

4

만족해요

(1)

3.5

괜찮아요

(2)

3

무난해요

(0)

2

아쉬워요

(0)

1

별로예요

(0)

맛
3.5
좋음
25%
보통
75%
부족
0%
가격
4.0
만족
50%
보통
50%
불만
0%
응대
3.5
친절함
25%
보통
75%
불친절
0%
방문목적

점심식사 4

분위기

가성비좋은 2캐주얼한 2

추천순 최신순 평점 높은순 평점 낮은순

세리짱
평균 별점 4.6   평가 294   팔로워 0

3.5점
1일 전

런치세트 만원이면 나쁘지 않다고 생각합니다.
다만 제대로 된 생강이 없어서 아쉬웠어요.
맛: 보통|가격: 보통|응대: 보통

주문한 메뉴

런치세트

키워드

점심식사, 캐주얼한

Danyogong님이 좋아합니다.
좋아요
공유

Advertisement
Advertisement

jyj619
평균 별점 4.3   평가 236   팔로워 0

3.5점
2025년 9월 2일

정",ok,
서울특별시 금천구,일식,미미초밥 금천점,https://www.diningcode.com/profile.php?rid=mLDf5mwbFqD4,서울특별시 금천구 시흥대로 192 지번,5,3,"[{""menu_name"": ""미미초밥(모듬초밥) 12ps 눈다랑어붉은살,황새치흰살,생연어,광어,새우,생새우 계란구이,장어(1ps)등 모듬초밥"", ""menu_price"": ""15000""}, {""menu_name"": ""우동정식"", ""menu_price"": ""15000""}, {""menu_name"": ""모밀정식"", ""menu_price"": ""15000""}, {""menu_name"": ""튀김정식"", ""menu_price"": ""20000""}, {""menu_name"": ""생새우초밥6ps"", ""menu_price"": ""8000""}, {""menu_name"": ""광어초밥6ps"", ""menu_price"": ""10000""}, {""menu_name"": ""새우초밥6ps"", ""menu_price"": ""7000""}, {""menu_name"": ""한치초밥6ps"", ""menu_price"": ""8000""}, {""menu_name"": ""한우타다끼초밥6ps"", ""menu_price"": ""10000""}, {""menu_name"": ""한우육사시미초밥6ps"", ""menu_price"": ""9000""}, {""menu_name"": ""스페셜초밥 12ps"", ""menu_price"": ""19000""}, {""menu_name"": ""장어초밥 2ps"", ""menu_price"": ""4000""}, {""menu_name"": ""미미정식 참치회(9ps),초밥(6ps),새우튀김(2ps),마끼(2ps),알밥or우동or모밀 택1"", ""menu_price"": ""22000""}, {""menu_name"": ""계란구이초밥 6ps"", ""menu_price"": ""7000""}, {""menu_name"": ""생연어초밥 6ps"", ""menu_price"": ""10000""}, {""menu_name"": ""냉모밀국수"", ""menu_price"": ""8000""}, {""menu_name"": ""참치까스"", ""menu_price"": ""10000""}, {""menu_name"": ""참치회"", ""menu_price"": ""19000""}, {""menu_name"": ""참치육회비빔밥"", ""menu_price"": ""9000""}, {""menu_name"": ""새싹회덮밥"", ""menu_price"": ""9000""}, {""menu_name"": ""대구뽈탕"", ""menu_price"": ""10000""}, {""menu_name"": ""알탕"", ""menu_price"": ""10000""}]","DININGCODE 스킵네비게이션

본문바로가기
주메뉴바로가기
로그인
미미초밥 금천점
미미초밥 금천점
저장
공유
시흥사거리스시, 알밥

5 (3명의 평가)
66점 

서울특별시 금천구 시흥대로 192 지번 
지도보기
영업 시작 13분 전
오늘(목)
·
영업시간: 11:25 - 22:25
02-808-1288
혼밥, 건강식
깔끔한, 다양한메뉴, 점심식사, 저녁식사, 배달
폐업신고 · 정보수정 제안

Advertisement
Advertisement

미미초밥 메뉴정보

인기 메뉴 보기

미미초밥(모듬초밥) 12ps

15,000원

눈다랑어붉은살,황새치흰살,생연어,광어,새우,생새우 계란구이,장어(1ps)등 모듬초밥

우동정식

15,000원

모밀정식

15,000원

튀김정식

20,000원

생새우초밥6ps

8,000원

광어초밥6ps

10,000원

새우초밥6ps

7,000원

한치초밥6ps

8,000원

한우타다끼초밥6ps

10,000원

한우육사시미초밥6ps

9,000원

스페셜초밥 12ps

19,000원

장어초밥 2ps

4,000원

미미정식

22,000원

참치회(9ps),초밥(6ps),새우튀김(2ps),마끼(2ps),알밥or우동or모밀 택1

계란구이초밥 6ps

7,000원

생연어초밥 6ps

10,000원

냉모밀국수

8,000원

참치까스

10,000원

참치회

19,000원

참치육회비빔밥

9,000원

새싹회덮밥

9,000원

대구뽈탕

10,000원

알탕

10,000원

메뉴 접기

맛집태그

미미초밥
의 사진
음식 (4) 실내 (3) 실외 (1) 메뉴ㆍ정보 (4)

Advertisement
Advertisement

미미초밥 방문자 리뷰

5.0
3건의 리뷰가 작성되었어요.
5

최고에요

(2)

4

만족해요

(0)

3

무난해요

(0)

2

아쉬워요

(1)

1

별로예요

(0)

맛
3.7
좋음
67%
보통
0%
부족
33%
가격
4.3
만족
67%
보통
33%
불만
0%
응대
4.3
",ok,
서울특별시 금천구,일식,코미오,https://www.diningcode.com/profile.php?rid=ZHfQMu1C5kuG,서울특별시 금천구 가산디지털2로 142-13 1층 지번,4.2,14,"[{""menu_name"": ""미야자키식 닭구이 [やきとり] [당일공수 당일손질]- 미야자키식으로 살려낸 진짜 닭의 맛"", ""menu_price"": ""16500""}, {""menu_name"": ""카이조개라멘 [かいラーメン] [포세이돈이 반한 맛]- 국물 한입에 바다를 담아낸 라멘"", ""menu_price"": ""10500""}, {""menu_name"": ""오니기리 [おにぎり] [단순해서 더 맛있다]- 괜히 오래 살아남은 게 아니라니까요."", ""menu_price"": ""3500""}, {""menu_name"": ""칼피스하이볼 [カルピス] [사랑해요 칼피스]- 이거 왜 이렇게 맛있냐. 술 못 마시는 사람 필수"", ""menu_price"": ""7000""}, {""menu_name"": ""산토리맥주 [ザ・プレミアム・モルツ生] [일본맥주최강자]- 한국맥주 먹을바에 이 돈이면 산토리생맥주 마시지"", ""menu_price"": ""6000""}, {""menu_name"": ""마제소바 [まぜそば] [개인적으로 제일 맛있어]- 오른손으로 비비고 왼손으로 비비고. 마제비빔면."", ""menu_price"": ""10500""}, {""menu_name"": ""테바사키 [てばさき] [교X치킨 압살]- 손 더러워질 준비. 왜 다들 이거부터 시키는지 알겠어"", ""menu_price"": ""14500""}, {""menu_name"": ""치킨난반 [なんばん] [남쪽오랑캐의 맛]- 새콤달콤 닭튀김, 밥과도, 술과도 너무 잘 어울립니다."", ""menu_price"": ""14500""}, {""menu_name"": ""토마토치킨스튜 [トマトチキン煮込み] [이건 반칙이지] - ...얼큰한 닭볶음탕과 토메이토소스."", ""menu_price"": ""15900""}, {""menu_name"": ""닭껍질교자 [とりかわぎょうざ] [겉바속촉의 끝]- 생맥주 한잔은 무조건 따라오는 메뉴."", ""menu_price"": ""10500""}, {""menu_name"": ""닭목살볶음밥 [鶏せせりチャーハン] [볶음밥의 정점]- 이건 사이드가 아니라 메인이다. 뭐라고? 메인이다."", ""menu_price"": ""6000""}, {""menu_name"": ""야끼소바 [焼きそば] [불에 면이 닿은 맛]- 지금까지 어떤 야끼소바를 먹었던 앞으로 그건 중요하지 않습니다."", ""menu_price"": ""6000""}]","DININGCODE 스킵네비게이션

본문바로가기
주메뉴바로가기
로그인
코미오 가산디지...
코미오
저장
공유
가산디지털단지야끼니꾸, 라멘

4.2 (14명의 평가)
73점 

서울특별시 금천구 가산디지털2로 142-13 1층 지번 
지도보기
영업 중
오늘(목)
·
영업시간: 11:00 - 22:30
0507-1438-8926
식사모임, 회식
캐주얼한, 예약, 저녁식사, 셀프바, 콜키지
폐업신고 · 정보수정 제안

Advertisement
Advertisement

코미오 메뉴정보

인기 메뉴 보기

미야자키식 닭구이 [やきとり]

16,500원

[당일공수 당일손질]- 미야자키식으로 살려낸 진짜 닭의 맛

카이조개라멘 [かいラーメン]

10,500원

[포세이돈이 반한 맛]- 국물 한입에 바다를 담아낸 라멘

오니기리 [おにぎり]

3,500원

[단순해서 더 맛있다]- 괜히 오래 살아남은 게 아니라니까요.

칼피스하이볼 [カルピス]

7,000원

[사랑해요 칼피스]- 이거 왜 이렇게 맛있냐. 술 못 마시는 사람 필수

산토리맥주 [ザ・プレミアム・モルツ生]

6,000원

[일본맥주최강자]- 한국맥주 먹을바에 이 돈이면 산토리생맥주 마시지

마제소바 [まぜそば]

10,500원

[개인적으로 제일 맛있어]- 오른손으로 비비고 왼손으로 비비고. 마제비빔면.

테바사키 [てばさき]

14,500원

[교X치킨 압살]- 손 더러워질 준비. 왜 다들 이거부터 시키는지 알겠어

치킨난반 [なんばん]

14,500원

[남쪽오랑캐의 맛]- 새콤달콤 닭튀김, 밥과도, 술과도 너무 잘 어울립니다.

토마토치킨스튜 [トマトチキン煮込み]

15,900원

[이건 반칙이지] - ...얼큰한 닭볶음탕과 토메이토소스.

닭껍질교자 [とりかわぎょうざ]

10,500원

[겉바속촉의 끝]- 생맥주 한잔은 무조건 따라오는 메뉴.

닭목살볶음밥 [鶏せせりチャーハン]

6,000원

[볶음밥의 정점]- 이건 사이드가 아니라 메인이다. 뭐라고? 메인이다.

야끼소바 [焼きそば]

6,000원",ok,
서울특별시 금천구,일식,스시쥬베이,https://www.diningcode.com/profile.php?rid=0jJBJbu5OHGE,서울특별시 금천구 가산로 147 지번,4.9,3,"[{""menu_name"": ""Dinner 스페셜초밥"", ""menu_price"": ""23000""}, {""menu_name"": ""런치모듬초밥(10개) 2시까지 판매하고 포장않됩니다"", ""menu_price"": ""13000""}, {""menu_name"": ""와규스테이크초밥"", ""menu_price"": ""22000""}, {""menu_name"": ""장새우초밥"", ""menu_price"": ""21000""}, {""menu_name"": ""참치뱃살초밥"", ""menu_price"": ""30000""}, {""menu_name"": ""반반초밥 광어(5pcs)+연어(5pcs)"", ""menu_price"": ""21000""}, {""menu_name"": ""스테이크(5pcs)+광어(pcs)"", ""menu_price"": ""22000""}, {""menu_name"": ""연어(5pcs)+스테이크(5pcs)"", ""menu_price"": ""22000""}, {""menu_name"": ""광어(5pcs)+장새우(5pcs)"", ""menu_price"": ""21000""}, {""menu_name"": ""짠새우계란유부초밥(10pcs)"", ""menu_price"": ""13000""}, {""menu_name"": ""스시코스 1인"", ""menu_price"": ""40000""}, {""menu_name"": ""사시미코스 1인"", ""menu_price"": ""50000""}, {""menu_name"": ""특선모듬초밥(12개) 2시까지 판매 합니다 포장은 가능하십니다"", ""menu_price"": ""19000""}, {""menu_name"": ""쥬베이코스 1인"", ""menu_price"": ""60000""}, {""menu_name"": ""모둠사시미 小 中 58,000원 大 78,000원"", ""menu_price"": ""38000""}, {""menu_name"": ""小 中 58,000원 大 78,000원"", ""menu_price"": ""38000""}, {""menu_name"": ""참치사시미"", ""menu_price"": ""75000""}, {""menu_name"": ""生연어회"", ""menu_price"": ""38000""}, {""menu_name"": ""도미머리구이"", ""menu_price"": ""25000""}, {""menu_name"": ""연어머리구이"", ""menu_price"": ""22000""}, {""menu_name"": ""메로소금구이"", ""menu_price"": ""30000""}, {""menu_name"": ""회무침"", ""menu_price"": ""20000""}, {""menu_name"": ""간사이오뎅탕"", ""menu_price"": ""15000""}, {""menu_name"": ""새우튀김"", ""menu_price"": ""12000""}, {""menu_name"": ""스페셜초밥 13피스 고로케1 제공하며 포장시 고로케 대신 14피스 제공합니다"", ""menu_price"": ""23000""}, {""menu_name"": ""고로케"", ""menu_price"": ""10000""}, {""menu_name"": ""우동or모밀"", ""menu_price"": ""12000""}, {""menu_name"": ""생대구탕"", ""menu_price"": ""15000""}, {""menu_name"": ""알탕"", ""menu_price"": ""13000""}, {""menu_name"": ""회덮밥"", ""menu_price"": ""13000""}, {""menu_name"": ""광어초밥"", ""menu_price"": ""21000""}, {""menu_name"": ""연어초밥"", ""menu_price"": ""21000""}]","DININGCODE 스킵네비게이션

본문바로가기
주메뉴바로가기
로그인
스시쥬베이 가산
스시쥬베이
저장
공유
가산스시

4.9 (3명의 평가)
65점 

서울특별시 금천구 가산로 147 지번 
지도보기
영업 중
오늘(목)
·
영업시간: 11:10 - 22:30
02-851-2477
데이트, 소개팅
가성비좋은, 런치세트, 점심식사, 저녁식사, 테라스, 콜키지
폐업신고 · 정보수정 제안

Advertisement
Advertisement

스시쥬베이 메뉴정보

인기 메뉴 보기

Dinner 스페셜초밥

23,000원

런치모듬초밥(10개)

13,000원

2시까지 판매하고 포장않됩니다

와규스테이크초밥

22,000원

장새우초밥

21,000원

참치뱃살초밥

30,000원

반반초밥 광어(5pcs)+연어(5pcs)

21,000원

스테이크(5pcs)+광어(pcs)

22,000원

연어(5pcs)+스테이크(5pcs)

22,000원

광어(5pcs)+장새우(5pcs)

21,000원

짠새우계란유부초밥(10pcs)

13,000원

스시코스 1인

40,000원

사시미코스 1인

50,000원

특선모듬초밥(12개)

19,000원

2시까지 판매 합니다 포장은 가능하십니다

쥬베이코스 1인

60,000원

모둠사시미

小 38000원 中 58,000원 大 78,000원

참치사시미

75,000원

生연어회

38,000원

도미머리구이

25,000원

연어머리구이

22,000원

메로소금구이

30,000원

회무침

20,000원

간사이오뎅탕

15,000원

새우튀김

12,000원

스페셜초밥

23,000원

13피스 고로케1 제공하며 포장시 고로케 대신 14피스 제공합니다

고로케

10,000원

우동or모밀

12,000원

생대구탕

15,000원

알탕

13,000원

회덮밥

13,000원

광어초밥

21,000원

연어초밥

21,000원

메뉴 접기

맛집태그

스시쥬베이
의 사진
음식 (9) 메뉴ㆍ정보 (3)

Adve",ok,
서울특별시 금천구,중식,동흥관,https://www.diningcode.com/profile.php?rid=rW2a6231fnSk,서울특별시 금천구 시흥대로63길 20 지번,3.9,38,"[{""menu_name"": ""디너 A"", ""menu_price"": ""44000""}, {""menu_name"": ""디너 B"", ""menu_price"": ""52000""}, {""menu_name"": ""간짜장"", ""menu_price"": ""9000""}, {""menu_name"": ""볶음밥"", ""menu_price"": ""9000""}, {""menu_name"": ""짬뽕밥"", ""menu_price"": ""9000""}, {""menu_name"": ""활조개짬뽕"", ""menu_price"": ""13000""}, {""menu_name"": ""활조개우동"", ""menu_price"": ""13000""}, {""menu_name"": ""삼선간짜장"", ""menu_price"": ""12000""}, {""menu_name"": ""쟁반짜장 기본 2인분"", ""menu_price"": ""22000""}, {""menu_name"": ""수제군만두"", ""menu_price"": ""8500""}, {""menu_name"": ""마라탕면"", ""menu_price"": ""12000""}, {""menu_name"": ""차돌짬뽕"", ""menu_price"": ""12000""}, {""menu_name"": ""디너 C"", ""menu_price"": ""65000""}, {""menu_name"": ""쇠고기탕면"", ""menu_price"": ""12000""}, {""menu_name"": ""삼선화로얼큰탕"", ""menu_price"": ""28000""}, {""menu_name"": ""오무라이스"", ""menu_price"": ""10000""}, {""menu_name"": ""마파두부밥"", ""menu_price"": ""11000""}, {""menu_name"": ""잡채밥"", ""menu_price"": ""11000""}, {""menu_name"": ""굴짬뽕 계절메뉴"", ""menu_price"": ""12000""}, {""menu_name"": ""우동"", ""menu_price"": ""9000""}, {""menu_name"": ""기스면"", ""menu_price"": ""9500""}, {""menu_name"": ""송이덮밥"", ""menu_price"": ""13000""}, {""menu_name"": ""꿔바로우(중)"", ""menu_price"": ""28000""}, {""menu_name"": ""디너 D"", ""menu_price"": ""78000""}, {""menu_name"": ""깐풍기(중)"", ""menu_price"": ""38000""}, {""menu_name"": ""사천탕수육(중)"", ""menu_price"": ""30000""}, {""menu_name"": ""짜춘결"", ""menu_price"": ""36000""}, {""menu_name"": ""징장로쓰"", ""menu_price"": ""32000""}, {""menu_name"": ""마라샹궈"", ""menu_price"": ""38000""}, {""menu_name"": ""해물누룽지탕"", ""menu_price"": ""53000""}, {""menu_name"": ""전가복(중)"", ""menu_price"": ""88000""}, {""menu_name"": ""런치 A"", ""menu_price"": ""29000""}, {""menu_name"": ""런치 B"", ""menu_price"": ""37000""}, {""menu_name"": ""화로얼큰탕"", ""menu_price"": ""27000""}, {""menu_name"": ""탕수육(중)"", ""menu_price"": ""26000""}, {""menu_name"": ""짜장"", ""menu_price"": ""8000""}, {""menu_name"": ""짬뽕"", ""menu_price"": ""9000""}]","DININGCODE 스킵네비게이션

본문바로가기
주메뉴바로가기
로그인
동흥관 금천구청역
동흥관
저장
공유
금천구청역짜장면, 중식당

3.9 (38명의 평가)
80점 

서울특별시 금천구 시흥대로63길 20 지번 
지도보기
영업 중
오늘(목)
·
영업시간: 11:00 - 21:30
02-803-3759
백년가게, 가족외식, 회식
지역주민이찾는, 깔끔한, 점심식사, 저녁식사, 무료주차, 배달
폐업신고 · 정보수정 제안

Advertisement
Advertisement

동흥관 메뉴정보

인기 메뉴 보기

디너 A

44,000원

디너 B

52,000원

간짜장

9,000원

볶음밥

9,000원

짬뽕밥

9,000원

활조개짬뽕

13,000원

활조개우동

13,000원

삼선간짜장

12,000원

쟁반짜장

22,000원

기본 2인분

수제군만두

8,500원

마라탕면

12,000원

차돌짬뽕

12,000원

디너 C

65,000원

쇠고기탕면

12,000원

삼선화로얼큰탕

28,000원

오무라이스

10,000원

마파두부밥

11,000원

잡채밥

11,000원

굴짬뽕

12,000원

계절메뉴

우동

9,000원

기스면

9,500원

송이덮밥

13,000원

꿔바로우(중)

28,000원

디너 D

78,000원

깐풍기(중)

38,000원

사천탕수육(중)

30,000원

짜춘결

36,000원

징장로쓰

32,000원

마라샹궈

38,000원

해물누룽지탕

53,000원

전가복(중)

88,000원

런치 A

29,000원

런치 B

37,000원

화로얼큰탕

27,000원

탕수육(중)

26,000원

짜장

8,000원

짬뽕

9,000원

메뉴 접기

맛집태그

동흥관
의 사진
음식 (62) 실내 (16) 실외 (11) 메뉴ㆍ정보 (30)
사진 더보기

Advertisement
Advertisement

동흥관 방문자 리뷰

3.9
38건의 리뷰가 작성되었어요.
5

최고에요

(9)

4",ok,
서울특별시 금천구,중식,카오룽,https://www.diningcode.com/profile.php?rid=YbrM58J7TcOB,서울특별시 금천구 시흥대로 291 2층 215호 지번,4.6,11,"[{""menu_name"": ""라즈지"", ""menu_price"": ""21000""}, {""menu_name"": ""흑후추갈비튀김"", ""menu_price"": ""23000""}, {""menu_name"": ""홍콩식탕수육"", ""menu_price"": ""21000""}, {""menu_name"": ""흑식초탕수육"", ""menu_price"": ""21000""}, {""menu_name"": ""유린기"", ""menu_price"": ""21000""}, {""menu_name"": ""해산물 누룽지탕"", ""menu_price"": ""25000""}, {""menu_name"": ""마라탕면"", ""menu_price"": ""10000""}, {""menu_name"": ""탄탄면"", ""menu_price"": ""10000""}, {""menu_name"": ""새우완탕면"", ""menu_price"": ""10500""}]","DININGCODE 스킵네비게이션

본문바로가기
주메뉴바로가기
로그인
카오룽 금천구청역
카오룽
저장
공유
금천구청역딤섬, 홍콩요리

4.6 (11명의 평가)
76점 

서울특별시 금천구 시흥대로 291 2층 215호 지번 
지도보기
영업 시작 9분 전
오늘(목)
·
영업시간: 11:30 - 21:00
0507-1495-9095
데이트, 식사모임
깔끔한, 이국적/이색적, 점심식사, 저녁식사, 아기의자, 무료주차
폐업신고 · 정보수정 제안

Advertisement
Advertisement

카오룽 메뉴정보

인기 메뉴 보기

라즈지

21,000원

흑후추갈비튀김

23,000원

홍콩식탕수육

21,000원

흑식초탕수육

21,000원

유린기

21,000원

해산물 누룽지탕

25,000원

마라탕면

10,000원

탄탄면

10,000원

새우완탕면

10,500원

메뉴 접기

카오룽
의 사진
음식 (28) 실내 (4) 실외 (1) 메뉴ㆍ정보 (11)
사진 더보기

Advertisement
Advertisement

카오룽 방문자 리뷰

4.6
11건의 리뷰가 작성되었어요.
5

최고에요

(7)

4.5

마음에 들어요

(2)

4

만족해요

(0)

3

무난해요

(2)

2

아쉬워요

(0)

1

별로예요

(0)

맛
4.6
좋음
82%
보통
18%
부족
0%
가격
4.1
만족
55%
보통
45%
불만
0%
응대
4.3
친절함
64%
보통
36%
불친절
0%
방문목적

점심식사 10저녁식사 3데이트 2식사모임 1가족외식 1

편의시설

무료주차 4

분위기

숨은맛집 4이국적/이색적 3깔끔한 3고급스러운 3조용한 3격식있는 2서민적인 2예쁜 1캐주얼한 1지역주민이찾는 1가성비좋은 1

추천순 최신순 평점 높은순 평점 낮은순

해피마이라이프
평균 별점 4.9   평가 84   팔로워 1

5점
2025년 7월 17일

중국냉면 처음 먹어보는건데
그냥 냉면보다 훨씬 입맛에 맛더라구요
진짜 맛있게 먹었어요
종종 찾게될것같아요
이후에 지인과",ok,
서울특별시 금천구,중식,예원 가산점,https://www.diningcode.com/profile.php?rid=dNhumt88ZJh1,서울특별시 금천구 가산디지털1로 145 에이스하이엔드타워3차 203호 지번,4.3,9,"[{""menu_name"": ""디너코스메뉴 디너코스 성도 낙양 50,000원 장안 70,000원 서안 85,000원"", ""menu_price"": ""39000""}, {""menu_name"": ""디너코스 성도 낙양 50,000원 장안 70,000원 서안 85,000원"", ""menu_price"": ""39000""}, {""menu_name"": ""코스메뉴 런치코스 함양 정주 33,000원"", ""menu_price"": ""26000""}, {""menu_name"": ""런치코스 함양 정주 33,000원"", ""menu_price"": ""26000""}, {""menu_name"": ""유산슬밥"", ""menu_price"": ""14000""}, {""menu_name"": ""마파두부밥"", ""menu_price"": ""11000""}, {""menu_name"": ""잡채밥"", ""menu_price"": ""11000""}, {""menu_name"": ""XO볶음밥"", ""menu_price"": ""9500""}, {""menu_name"": ""새우볶음밥"", ""menu_price"": ""9000""}, {""menu_name"": ""자장면"", ""menu_price"": ""8000""}, {""menu_name"": ""기스면"", ""menu_price"": ""9000""}, {""menu_name"": ""짬뽕"", ""menu_price"": ""11000""}, {""menu_name"": ""우동"", ""menu_price"": ""11000""}, {""menu_name"": ""사천탕면"", ""menu_price"": ""11000""}, {""menu_name"": ""우육탕면"", ""menu_price"": ""11000""}, {""menu_name"": ""팔진탕면"", ""menu_price"": ""11000""}, {""menu_name"": ""잡탕밥"", ""menu_price"": ""16000""}]","DININGCODE 스킵네비게이션

본문바로가기
주메뉴바로가기
로그인
예원 가산점
예원 가산점
저장
공유
가산중식

4.3 (9명의 평가)
70점 

서울특별시 금천구 가산디지털1로 145 에이스하이엔드타워3차 203호 지번 
지도보기
영업 중
오늘(목)
·
영업시간: 11:15 - 21:00
02-2624-0777
식사모임, 회식
캐주얼한, 런치코스, 점심식사, 개별룸, 대관, 무료주차
폐업신고 · 정보수정 제안

Advertisement
Advertisement

예원 메뉴정보

인기 메뉴 보기

디너코스메뉴

디너코스 성도 39,000원 낙양 50,000원 장안 70,000원 서안 85,000원

코스메뉴

런치코스 함양 26,000원 정주 33,000원

유산슬밥

14,000원

마파두부밥

11,000원

잡채밥

11,000원

XO볶음밥

9,500원

새우볶음밥

9,000원

중새우

작은새우

궁보새우

깐풍기

라조기

자장면

8,000원

유린기

궁보기청

송이우육

마라우육

난자완스

경장우육슬

쇠고기탕수육

쇠고기 양상추

돼지고기 삼겹살찜과 청경채

사천식 탕수육

기스면

9,000원

깐풍육

짬뽕

11,000원

우동

11,000원

사천탕면

11,000원

우육탕면

11,000원

팔진탕면

11,000원

잡탕밥

16,000원

메뉴 접기

예원
의 사진
음식 (39) 실내 (2) 실외 (6) 메뉴ㆍ정보 (13)
사진 더보기

Advertisement
자세히 알아보기
먹방 콘텐츠
음식 사진 촬영 장비
칼국수 밀키트
Advertisement
자세히 알아보기
음료
소고기
모바일 애플리케이션, 부가기능

예원 방문자 리뷰

4.3
9건의 리뷰가 작성되었어요.
5

최고에요

(4)

4.5

마음에 들어요

(1)

4

만족해요

(3)

3

무난해요

(1)

2

아쉬워요

(0)

1

별로예요

(0)

맛
4.8
좋음
89%
보통
11%
부족
0%
가격
4.3
만족
67%
보통
33%
불만
0%
응대",ok,
서울특별시 금천구,중식,보배반점 가산점,https://www.diningcode.com/profile.php?rid=khJaJ3GE3xE8,서울특별시 금천구 가산디지털2로 123 103호 지번,4.1,3,"[{""menu_name"": ""[대표]소고기짬뽕 보배반점의 불맛나는 국물에 소고기를 넣어 조화롭다 못해 환상적인 맛의 소고기짬뽕"", ""menu_price"": ""13000""}, {""menu_name"": ""[얼큰시원]해물짬뽕 오징어, 꽃게, 새우 등 다양한 해산물의 시원함과 얼큰함을 더해주는 보배만의 최고봉 짬뽕!"", ""menu_price"": ""13000""}, {""menu_name"": ""[깊고시원한]해물중화우동 해산물의 깊고 시원한 맛을 느낄 수 있는 중화풍 해물우동"", ""menu_price"": ""14000""}, {""menu_name"": ""[인기만점]보배짜장면 보배의 수제 짜장소스와 쫀득한 면발의 조화 알싸한 무순과 메추리알이 더해주는 감칠맛"", ""menu_price"": ""8000""}, {""menu_name"": ""[매콤]새우고추짜장 보배의 수제짜장에 알새우와 청양고추가 들어가 매콤하고 알새우의 씹는 맛이 매력적인 메뉴"", ""menu_price"": ""10000""}, {""menu_name"": ""[불맛가득]보배간짜장 진한 불 맛으로 즐기는 감칠맛! 불맛 짜장에 계란프라이 토핑으로 퀄리티 UP!"", ""menu_price"": ""12000""}, {""menu_name"": ""[매콤불맛]중화비빔밥 매콤 불맛에 계란후라이 토핑으로 마무리!"", ""menu_price"": ""12000""}, {""menu_name"": ""[고슬고슬]볶음밥 고슬고슬 갓 지어낸 밥과 신선한 야채, 계산을 불맛나게 볶아낸 정통 보배 볶음밥"", ""menu_price"": ""10000""}, {""menu_name"": ""[불맛뿜뿜]불고기잡채밥 직화로 구워 풍미가 살아있는 불고기를 중화풍 잡채에 얹은 덮밥"", ""menu_price"": ""12000""}, {""menu_name"": ""[맛집랭킹1등]탕수육미니(1인추천) 최상급 돼지고기를 보배만의 레시피로 조리하여 바삭함과 찰진 부드러움이 조화롭게 어울린 맛"", ""menu_price"": ""15000""}, {""menu_name"": ""[맛집랭킹1등]탕수육 소(2인추천) 최상급 돼지고기를 보배만의 레시피로 조리하여 바삭함과 찰진 부드러움이 조화롭게 어울린 맛"", ""menu_price"": ""20000""}, {""menu_name"": ""[맛집랭킹1등]탕수육 중(3인추천) 최상급 돼지고기를 보배만의 레시피로 조리하여 바삭함과 찰진 부드러움이 조화롭게 어울린 맛"", ""menu_price"": ""26000""}, {""menu_name"": ""[통마리]통오징어짬뽕 얼큰한 짬뽕에 오징어가 통째로 올라간 보배반점 신메뉴 통오징어짬뽕!"", ""menu_price"": ""15000""}, {""menu_name"": ""[맛집랭킹1등]탕수육 대(4인추천) 최상급 돼지고기를 보배만의 레시피로 조리하여 바삭함과 찰진 부드러움이 조화롭게 어울린 맛"", ""menu_price"": ""31000""}, {""menu_name"": ""[화끈한 감칠맛]사천탕수육 소 보배반점만의 특제 매운소스와 청양고추로 버무려 화끈하고 매콤한 사천탕수육"", ""menu_price"": ""21000""}, {""menu_name"": ""[화끈한 감칠맛]사천탕수육 중 보배반점만의 특제 매운소스와 청양고추로 버무려 화끈하고 매콤한 사천탕수육"", ""menu_price"": ""27000""}, {""menu_name"": ""[화끈한 감칠맛]사천탕수육 대 보배반점만의 특제 매운소스와 청양고추로 버무려 화끈하고 매콤한 사천탕수육"", ""menu_price"": ""32000""}, {""menu_name"": ""[양념치킨라이벌]갈릭깐풍기(미니) 닭다리살을 바삭하게 튀긴 뒤 보배 특제 소스에 볶아낸 매콤 짭짤 인기만점 갈릭깐풍기"", ""menu_price"": ""16000""}, {""menu_name"": ""[양념치킨라이벌]갈릭깐풍기 닭다리살을 바삭하게 튀긴 뒤 보배 특제 소스에 볶아낸 매콤 짭짤 인기만점 갈릭깐풍기"", ""menu_price"": ""24000""}, {""menu_name"": ""[끝까지바삭한]사막깐풍기 매콤한 깐풍기와 달큰한 양파후레이크의 만남~끝까지 바삭한 사막깐풍기"", ""menu_price"": ""25000""}, {""menu_name"": ""[불맛가득]고추잡채 불 맛으로 볶은 피망과 돼지고기에 꽃빵을 더한 고추잡채"", ""menu_price"": ""20000""}, {""menu_name"": ""[그냥진리]깐쇼새우(미니) 담백한 새우튀김과 부드러운 소스의 조화, 남녀노소 모두를 사로잡는 새콤달콤한 맛!"", ""menu_price"": ""16000""}, {""menu_name"": ""[그냥진리]깐쇼새우 담백한 새우튀김과 부드러운 소스의 조화, 남녀노소 모두를 사로잡는 새콤달콤한 맛!"", ""menu_price"": ""24000""}, {""menu_name"": ""[불맛뿜뿜]보배짬뽕 진한 보배짬뽕 육수에 유슬고기와 오징어, 홍합 등 다양한 해물이 들어간 얼큰한 보배짬뽕"", ""menu_price"": ""10000""}, {""menu_name"": ""[맛있게매운]고추듬뿍유린기(미니) 청양고추의 매콤함을 아낌없이 담아 맛있게 맵다!"", ""menu_price"": ""17000""}, {""menu_name"": ""[맛있게매운]고추듬뿍유린기 청양고추의 매콤함을 아낌없이 담아 맛있게 맵다!"", ""menu_price"": ""26000""}, {""menu_name"": ""[새콤달콤]산더미유린기(미니) 뜨거운 기름을 뿌린 닭고기란 뜻으로 아삭한 식감의 야채와 함께 즐기는 중독성 강한 요리"", ""menu_price"": ""17000""}, {""menu_name"": ""[새콤달콤]산더미유린기 뜨거운 기름을 뿌린 닭고기란 뜻으로 아삭한 식감의 야채와 함께 즐기는 중독성 강한 요리"", ""menu_price"": ""26000""}, {""menu_name"": ""[여심저격]바질크림새우(미니) 통통한 새우에 달달구리 고소한 비주얼 폭발! 여심저격 바질크림새우"", ""menu_price"": ""17000""}, {""menu_name"": ""[여심저격]바질크림새우 통통한 새우에 달달구리 고소한 비주얼 폭발! 여심저격 바질크림새우"", ""menu_price"": ""26000""}, {""menu_name"": ""[코가찡한술안주]양장피 각종 야채와 해물이 춤추고, 겨자 특유의 톡 쏘는 맛이 일품인 요리"", ""menu_price"": ""33000""}, {""menu_name"": ""삼대천왕세트 탕수육+유린기+바질크림새우"", ""menu_price"": ""45000""}, {""menu_name"": ""술안주A세트 갈릭깐풍기+통오징어짬뽕탕+군만두"", ""menu_price"": ""51000""}, {""menu_name"": ""술안주B세트 깐쇼새우+통오징어짬뽕탕+군만두"", ""menu_price"": ""51000""}, {""menu_name"": ""[속풀리는]해장수제비짬뽕 다양한 해물과 진한 보배육수로 만들어진 스트레스 확 풀리는 얼큰 수제비짬뽕"", ""menu_price"": ""12000""}, {""menu_name"": ""술안주C세트 산더미유린기+통오징어짬뽕탕+군만두"", ""menu_price"": ""53000""}, {""menu_name"": ""술안주D세트 바질크림새우+통오징어짬뽕탕+군만두"", ""menu_price"": ""53000""}, {""menu_name"": ""술안주E세트 탕수육(소)+양장피+통오징어짬뽕탕+군만두"", ""menu_price"": ""81000""}, {""menu_name"": ""[가성비갑]해물쟁반짜장 통오징어 토핑추가 +4,000원"", ""menu_price"": ""21000""}, {""menu_name"": ""통오징어 토핑추가 +"", ""menu_price"": ""4000""}, {""menu_name"": ""[술땡기는]통오징어짬뽕탕 통오징어,꽃게,새우,홍합 등 각종 해물과 넉넉한 국물로 여럿이 함께 즐길 수 있는 탕요리"", ""menu_price"": ""26000""}, {""menu_name"": ""[탕탕깨먹는]깨먹는 누룽지탕 탕탕 깨먹는 재미가있는 고소하고 담백한 누룽지탕"", ""menu_price"": ""27000""}]","DININGCODE 스킵네비게이션

본문바로가기
주메뉴바로가기
로그인
보배반점 가산점
보배반점 가산점
저장
공유
가산짬뽕, 중식

4.1 (3명의 평가)
71점 

서울특별시 금천구 가산디지털2로 123 103호 지번 
지도보기
영업 중
오늘(목)
·
영업시간: 11:00 - 22:00
0507-1307-8011
회식, 연말모임
캐주얼한, 쾌적한, 점심식사, 저녁식사, 셀프바, 아기의자, 배달
폐업신고 · 정보수정 제안

Advertisement
Advertisement

보배반점 메뉴정보

인기 메뉴 보기

[대표]소고기짬뽕

13,000원

보배반점의 불맛나는 국물에 소고기를 넣어 조화롭다 못해 환상적인 맛의 소고기짬뽕

[얼큰시원]해물짬뽕

13,000원

오징어, 꽃게, 새우 등 다양한 해산물의 시원함과 얼큰함을 더해주는 보배만의 최고봉 짬뽕!

[깊고시원한]해물중화우동

14,000원

해산물의 깊고 시원한 맛을 느낄 수 있는 중화풍 해물우동

[인기만점]보배짜장면

8,000원

보배의 수제 짜장소스와 쫀득한 면발의 조화 알싸한 무순과 메추리알이 더해주는 감칠맛

[매콤]새우고추짜장

10,000원

보배의 수제짜장에 알새우와 청양고추가 들어가 매콤하고 알새우의 씹는 맛이 매력적인 메뉴

[불맛가득]보배간짜장

12,000원

진한 불 맛으로 즐기는 감칠맛! 불맛 짜장에 계란프라이 토핑으로 퀄리티 UP!

[매콤불맛]중화비빔밥

12,000원

매콤 불맛에 계란후라이 토핑으로 마무리!

[고슬고슬]볶음밥

10,000원

고슬고슬 갓 지어낸 밥과 신선한 야채, 계산을 불맛나게 볶아낸 정통 보배 볶음밥

[불맛뿜뿜]불고기잡채밥

12,000원

직화로 구워 풍미가 살아있는 불고기를 중화풍 잡채에 얹은 덮밥

[맛집랭킹1등]탕수육미니(1인추천)

15,000원

최상급 돼지고기를 보배만의 레시피로 조리하여 바삭함과 찰진 부드러움이 조화롭게 어울린 맛

[맛집랭킹1등]탕수육 소(2인추천)

20,000원

최상급 돼지고기를 보배만의 레시피로 조리하여 바삭",ok,
서울특별시 금천구,중식,호랭이반점 가산디지털단지역점,https://www.diningcode.com/profile.php?rid=jU7ECTWgdrEy,서울특별시 금천구 가산디지털1로 165 가산비지니스센터 105호 지번,4.4,3,"[{""menu_name"": ""호랭이짜장 유니 짜장소스와 사천 짜장소스의 절묘한 조화를 맛볼 수 있는 호랭이반점만의 특별한 메뉴"", ""menu_price"": ""8000""}, {""menu_name"": ""호랭이 불고기짬뽕 신선한 돼지고기가 듬뿍 들어가 깊고 진한 육향에 불맛의 풍미가 일품인 호랭이 대표 짬뽕"", ""menu_price"": ""13000""}, {""menu_name"": ""바삭군만두(반접시) 각종 재료가 알차게 배어있는 만두소를 육즙을 가두어 쫄깃하게 튀겨낸 일품 군만두"", ""menu_price"": ""3500""}, {""menu_name"": ""바삭군만두(한접시) 각종 재료가 알차게 배어있는 만두소를 육즙을 가두어 쫄깃하게 튀겨낸 일품 군만두"", ""menu_price"": ""6500""}, {""menu_name"": ""유니짜장 전통 유니짜장에 옥수수튀김을 올려 트렌디한 맛을 더한 깔끔 담백한 짜장면"", ""menu_price"": ""8000""}, {""menu_name"": ""사천유니짜장 특제소스를 이용한 신개념 매운 유니짜장으로 풍성한 맛을 자랑하는 메뉴"", ""menu_price"": ""8000""}, {""menu_name"": ""해물볶음짜장(1인) 신선한 해물과 불맛나게 볶은 야채를 짜장과 빠르게 볶아 불맛을 극대화 한 해물쟁반짜장"", ""menu_price"": ""12000""}, {""menu_name"": ""오징어짬뽕 신선한 돼지고기와 오징어가 들어가 시원하고 담백한 맛에 불맛의 풍미가 일품인 호랭이짬뽕"", ""menu_price"": ""10000""}, {""menu_name"": ""오징어백짬뽕 진한 사골육수에 돼지고기와 오징어가 들어가 담백한 맛에 불맛의 풍미가 일품 오징어백짬뽕"", ""menu_price"": ""10000""}, {""menu_name"": ""유니짜장 소고기볶음밥 소고기와 갖은 야채를 넣고 센불에 볶아 불맛과 풍미를 살린 호랭이반점 명품 소고기 볶음밥"", ""menu_price"": ""9000""}, {""menu_name"": ""한돈 탕수육(반접시) 국내산 한돈을 두툼하게 튀겨 육즙을 살린 겉바속촉의 식감을 자랑하는 새콤달콤한 탕수육"", ""menu_price"": ""9900""}, {""menu_name"": ""한돈 탕수육(한접시) 국내산 한돈을 두툼하게 튀겨 육즙을 살린 겉바속촉의 식감을 자랑하는 새콤달콤한 탕수육"", ""menu_price"": ""17900""}]","DININGCODE 스킵네비게이션

본문바로가기
주메뉴바로가기
로그인
호랭이반점 가산...
호랭이반점 가산디지털단지역점
저장
공유
가산짜장면, 중식

4.4 (3명의 평가)
71점 

서울특별시 금천구 가산디지털1로 165 가산비지니스센터 105호 지번 
지도보기
영업 중
오늘(목)
·
영업시간: 10:00 - 22:00
0507-1366-2952
혼밥, 해장
푸짐한, 깔끔한, 아침식사, 점심식사, 저녁식사, 셀프바, 바테이블, 배달
폐업신고 · 정보수정 제안

Advertisement
Advertisement

호랭이반점 메뉴정보

인기 메뉴 보기

호랭이짜장

8,000원

유니 짜장소스와 사천 짜장소스의 절묘한 조화를 맛볼 수 있는 호랭이반점만의 특별한 메뉴

호랭이 불고기짬뽕

13,000원

신선한 돼지고기가 듬뿍 들어가 깊고 진한 육향에 불맛의 풍미가 일품인 호랭이 대표 짬뽕

바삭군만두(반접시)

3,500원

각종 재료가 알차게 배어있는 만두소를 육즙을 가두어 쫄깃하게 튀겨낸 일품 군만두

바삭군만두(한접시)

6,500원

각종 재료가 알차게 배어있는 만두소를 육즙을 가두어 쫄깃하게 튀겨낸 일품 군만두

유니짜장

8,000원

전통 유니짜장에 옥수수튀김을 올려 트렌디한 맛을 더한 깔끔 담백한 짜장면

사천유니짜장

8,000원

특제소스를 이용한 신개념 매운 유니짜장으로 풍성한 맛을 자랑하는 메뉴

해물볶음짜장(1인)

12,000원

신선한 해물과 불맛나게 볶은 야채를 짜장과 빠르게 볶아 불맛을 극대화 한 해물쟁반짜장

오징어짬뽕

10,000원

신선한 돼지고기와 오징어가 들어가 시원하고 담백한 맛에 불맛의 풍미가 일품인 호랭이짬뽕

오징어백짬뽕

10,000원

진한 사골육수에 돼지고기와 오징어가 들어가 담백한 맛에 불맛의 풍미가 일품 오징어백짬뽕

유니짜장 소고기볶음밥

9,000원

소고기와 갖은 야채를 넣고 센불에 볶아 불맛과 풍미를 살린 호랭이반점 명품 소고기 볶음밥

한돈 탕수육(반접시)

9,900원

국내산 한돈을 두툼하게 ",ok,
서울특별시 금천구,중식,황실왕짬뽕,https://www.diningcode.com/profile.php?rid=NkmIDUQKfQ19,서울특별시 금천구 가산디지털2로 108 1층 111호 지번,4.6,3,"[{""menu_name"": ""30%할인 짜장면 곱빼기: +2,000원"", ""menu_price"": ""4900""}, {""menu_name"": ""곱빼기: +"", ""menu_price"": ""2000""}, {""menu_name"": ""등심탕수육+짜장면"", ""menu_price"": ""18900""}, {""menu_name"": ""새우고추간짜장 곱빼기: +2,000원"", ""menu_price"": ""12000""}, {""menu_name"": ""황실짬뽕밥 곱빼기: +2,000원"", ""menu_price"": ""11000""}, {""menu_name"": ""소고기짬뽕밥 곱빼기: +2,000원"", ""menu_price"": ""14000""}, {""menu_name"": ""새우볶음밥 곱빼기: +2,000원"", ""menu_price"": ""11000""}, {""menu_name"": ""황실짬뽕 곱빼기: +2,000원"", ""menu_price"": ""10000""}, {""menu_name"": ""소고기짬뽕 곱빼기: +2,000원"", ""menu_price"": ""13000""}, {""menu_name"": ""한돈등심탕수육 (미니) 소 : 20000 대 : 35000"", ""menu_price"": ""14000""}, {""menu_name"": ""사천탕수육 (소)"", ""menu_price"": ""25000""}, {""menu_name"": ""통낙지짬뽕술국"", ""menu_price"": ""30000""}, {""menu_name"": ""유린기"", ""menu_price"": ""25000""}, {""menu_name"": ""등심탕수육+짬뽕"", ""menu_price"": ""22000""}, {""menu_name"": ""깐쇼새우"", ""menu_price"": ""35000""}, {""menu_name"": ""갈릭 깐풍기"", ""menu_price"": ""25000""}, {""menu_name"": ""황실쟁반짜장(2인) 곱빼기: +2000원"", ""menu_price"": ""23000""}, {""menu_name"": ""황실 중화비빔밥 돼지고기와 오징어 그리고 야채를 황실왕짬뽕만의 비법소스로 맛있게 맵게 볶아낸 신메뉴"", ""menu_price"": ""12000""}, {""menu_name"": ""황실 중화비빔면 돼지고기와 오징어 그리고 야채를 황실왕짬뽕만의 비법소스로 맛있게 맵게 볶아낸 신메뉴"", ""menu_price"": ""12000""}, {""menu_name"": ""양장피"", ""menu_price"": ""35000""}, {""menu_name"": ""누룽지탕"", ""menu_price"": ""35000""}, {""menu_name"": ""등심탕수육+간짜장"", ""menu_price"": ""23000""}, {""menu_name"": ""등심탕수육+짜장면2"", ""menu_price"": ""23800""}, {""menu_name"": ""등심탕수육+짜장+짬뽕"", ""menu_price"": ""26900""}, {""menu_name"": ""등심탕수육+짬뽕2"", ""menu_price"": ""30000""}, {""menu_name"": ""등심탕수육+간짜장+짬뽕"", ""menu_price"": ""31000""}, {""menu_name"": ""간짜장 곱빼기: +2000원"", ""menu_price"": ""10000""}, {""menu_name"": ""불맛해물간짜장 곱빼기: +2000원"", ""menu_price"": ""12000""}]","DININGCODE 스킵네비게이션

본문바로가기
주메뉴바로가기
로그인
황실왕짬뽕 가산
황실왕짬뽕
저장
공유
가산짜장면, 중식

4.6 (3명의 평가)
70점 

서울특별시 금천구 가산디지털2로 108 1층 111호 지번 
지도보기
영업 중
오늘(목)
·
영업시간: 10:40 - 21:30
0507-1394-5368
혼밥, 점심회식
점심맛집, 깔끔한, 점심식사, 저녁식사, 셀프바, 다찌석, 배달
폐업신고 · 정보수정 제안

Advertisement
Advertisement

황실왕짬뽕 메뉴정보

인기 메뉴 보기

30%할인 짜장면

4,900원

곱빼기: +2,000원

등심탕수육+짜장면

18,900원

새우고추간짜장

12,000원

곱빼기: +2,000원

황실짬뽕밥

11,000원

곱빼기: +2,000원

소고기짬뽕밥

14,000원

곱빼기: +2,000원

새우볶음밥

11,000원

곱빼기: +2,000원

황실짬뽕

10,000원

곱빼기: +2,000원

소고기짬뽕

13,000원

곱빼기: +2,000원

한돈등심탕수육 (미니)

14,000원

소 : 20000 대 : 35000

사천탕수육 (소)

25,000원

통낙지짬뽕술국

30,000원

유린기

25,000원

등심탕수육+짬뽕

22,000원

깐쇼새우

35,000원

갈릭 깐풍기

25,000원

황실쟁반짜장(2인)

23,000원

곱빼기: +2000원

황실 중화비빔밥

12,000원

돼지고기와 오징어 그리고 야채를 황실왕짬뽕만의 비법소스로 맛있게 맵게 볶아낸 신메뉴

황실 중화비빔면

12,000원

돼지고기와 오징어 그리고 야채를 황실왕짬뽕만의 비법소스로 맛있게 맵게 볶아낸 신메뉴

양장피

35,000원

누룽지탕

35,000원

등심탕수육+간짜장

23,000원

등심탕수육+짜장면2

23,800원

등심탕수육+짜장+짬뽕

26,900원

등심탕수육+짬뽕2

30,000원

등심탕수육+간짜장+짬뽕

31,000원

간짜장

10,000원

곱빼기: +2000원
",ok,
서울특별시 금천구,중식,빠오즈푸 가산점,https://www.diningcode.com/profile.php?rid=fLql1HzSOaY9,서울특별시 금천구 벚꽃로 298 대륭포스트타워6차 지하1층 139호 지번,4.1,13,"[{""menu_name"": ""고기빠오즈"", ""menu_price"": ""8900""}, {""menu_name"": ""새우지짐만두"", ""menu_price"": ""9900""}, {""menu_name"": ""삼선빠오즈"", ""menu_price"": ""10400""}, {""menu_name"": ""부추지짐만두"", ""menu_price"": ""8900""}, {""menu_name"": ""훈둔면/훈둔국밥"", ""menu_price"": ""8900""}, {""menu_name"": ""매운훈둔면/매운훈둔국밥"", ""menu_price"": ""9400""}, {""menu_name"": ""쓰촨딴딴면"", ""menu_price"": ""8900""}, {""menu_name"": ""홍샤로우 덮밥"", ""menu_price"": ""10400""}]","DININGCODE 스킵네비게이션

본문바로가기
주메뉴바로가기
로그인
빠오즈푸 가산점
빠오즈푸 가산점
저장
공유
가산디지털단지역훈둔, 중식당

4.1 (13명의 평가)
78점 

서울특별시 금천구 벚꽃로 298 대륭포스트타워6차 지하1층 139호 지번 
지도보기
영업 중
오늘(목)
·
영업시간: 11:00 - 22:00
02-858-9256
테이스티로드, 식사모임, 혼밥
서민적인, 깔끔한, 점심식사, 저녁식사, 셀프바, 칸막이, 무료주차
폐업신고 · 정보수정 제안

Advertisement
Advertisement

빠오즈푸 메뉴정보

인기 메뉴 보기

고기빠오즈

8,900원

새우지짐만두

9,900원

삼선빠오즈

10,400원

부추지짐만두

8,900원

훈둔면/훈둔국밥

8,900원

매운훈둔면/매운훈둔국밥

9,400원

쓰촨딴딴면

8,900원

홍샤로우 덮밥

10,400원

메뉴 접기

빠오즈푸
의 사진
음식 (34) 실내 (1) 실외 (2) 메뉴ㆍ정보 (20)
사진 더보기

Advertisement
Advertisement
자세히 알아보기
요리 교실 수강권
음식점 식자재
음식 배달 서비스

빠오즈푸 방문자 리뷰

4.1
13건의 리뷰가 작성되었어요.
5

최고에요

(4)

4.5

마음에 들어요

(1)

4

만족해요

(6)

3.5

괜찮아요

(1)

3

무난해요

(1)

2

아쉬워요

(0)

1

별로예요

(0)

맛
4.4
좋음
69%
보통
31%
부족
0%
가격
4.2
만족
62%
보통
38%
불만
0%
응대
4.1
친절함
54%
보통
46%
불친절
0%
방문목적

점심식사 12저녁식사 9식사모임 4혼밥 4가족외식 4데이트 3아이동반 2간식 1

편의시설

무료주차 5

분위기

서민적인 7캐주얼한 6깔끔한 4이국적/이색적 4지역주민이찾는 4숨은맛집 4조용한 2가성비좋은 2푸짐한 2시끌벅적한 1격식있는 1

추천순 최신순 평점 높은순 평점 낮은순

Myoung Soo Park
평균 별점 3.9   평가 341   팔로",ok,
서울특별시 금천구,중식,니뽕내뽕 현대아울렛가산점,https://www.diningcode.com/profile.php?rid=8criE5DTcr2Q,서울특별시 금천구 디지털로10길 9 현대시티아울렛 6층 지번,4.6,12,"[{""menu_name"": ""크뽕 해산물의 감칠맛에 고소한 크림소스가 더해진 크림짬뽕"", ""menu_price"": ""11900""}, {""menu_name"": ""로뽕 모짜렐라 치즈가 듬뿍 올라가 더욱 꾸덕꾸덕한 로제짬뽕"", ""menu_price"": ""12900""}, {""menu_name"": ""고기백짬뽕 깔끔하고 담백한 육수에 숯불고기가 들어간 하얀 고기짬뽕"", ""menu_price"": ""12500""}, {""menu_name"": ""맵크뽕 부드럽고 고소한 크림에 중독적인 매운맛을 더한 짬뽕"", ""menu_price"": ""12900""}, {""menu_name"": ""마라크뽕 얼얼한 마라와 부드러운 크림의 조합이 매력적인 짬뽕"", ""menu_price"": ""13500""}, {""menu_name"": ""토뽕 통마늘이 들어간 매콤한 토마토짬뽕"", ""menu_price"": ""11900""}, {""menu_name"": ""태뽕 해산물과 야채를 불 맛 가득 볶아낸 달콤 짭짤한 볶음면"", ""menu_price"": ""10900""}, {""menu_name"": ""고기짜장 고기가 자작한 깊은 맛의 기본 짜장"", ""menu_price"": ""9500""}, {""menu_name"": ""맵짜장 매콤함이 더해진 감칠맛 나는 짜장"", ""menu_price"": ""9500""}, {""menu_name"": ""숯불제육중화볶음밥 숯불 제육 고기와 니뽕내뽕 소스로 불향을 가미한 매콤 중화 볶음밥"", ""menu_price"": ""12500""}, {""menu_name"": ""크림불고기리조또 고소한 크림소스와 불고기를 함께 즐기는 리조또"", ""menu_price"": ""11900""}, {""menu_name"": ""맵로제불고기리조또 매콤한 로제소스로 즐기는 불고기 리조또"", ""menu_price"": ""12900""}, {""menu_name"": ""NEW)통새우완탕뽕 담백&칼칼한 국물에 탱글한 통새우 만두와 목이버섯, 다진고기까지! 풍성하게 즐기는 완탕면"", ""menu_price"": ""12900""}, {""menu_name"": ""로제불고기리조또 이색적인 로제소스로 즐기는 불고기 리조또"", ""menu_price"": ""12900""}, {""menu_name"": ""니피자 달콤 고소한 고구마피자 매콤한 짬뽕과 최고의 조합"", ""menu_price"": ""12500""}, {""menu_name"": ""내피자 감칠맛 나는 갈릭버터로 크림치즈 딥소스에 찍어 먹는 스테디셀러"", ""menu_price"": ""12500""}, {""menu_name"": ""페피자 트리플치즈의 풍미와 페페로니, 갈릭디핑소스의 만남"", ""menu_price"": ""13500""}, {""menu_name"": ""콘치즈피자 피자에 콘치즈를 듬뿍올려 트러플 오일로 마무리"", ""menu_price"": ""13500""}, {""menu_name"": ""치즈라구뽕 깊은 고기 풍미의 토마토&고기 소스와 생중화면의 매콤한 만남"", ""menu_price"": ""12900""}, {""menu_name"": ""치즈라구또 매콤한 라구 소스로 재해석한 알덴테 식감의 라구리조또"", ""menu_price"": ""12500""}, {""menu_name"": ""탄산세트 일부메뉴 제외 추가금액이 발생합니다."", ""menu_price"": ""30900""}, {""menu_name"": ""차뽕 홍합 육수와 특제 고춧가루 배합으로 시원 칼칼한 차이나짬뽕"", ""menu_price"": ""10500""}, {""menu_name"": ""백짬뽕 해산물&야채 육수로 만든 담백하고 깔끔한 국물이 맛있는 하얀짬뽕"", ""menu_price"": ""10500""}, {""menu_name"": ""고기차뽕 본래 불 맛에 숯불 향이 더해진 숯불고기가 들어간 차이나짬뽕"", ""menu_price"": ""12500""}]","DININGCODE 스킵네비게이션

본문바로가기
주메뉴바로가기
로그인
니뽕내뽕 현대아...
니뽕내뽕 현대아울렛가산점
저장
공유
가산짬뽕, 피자

4.6 (12명의 평가)
79점 

서울특별시 금천구 디지털로10길 9 현대시티아울렛 6층 지번 
지도보기
영업 중
오늘(목)
·
영업시간: 11:00 - 20:30
02-2136-9963
데이트, 혼밥
서민적인, 매콤한, 점심식사, 저녁식사, 셀프바, 무료주차
폐업신고 · 정보수정 제안

Advertisement
Advertisement

니뽕내뽕 메뉴정보

인기 메뉴 보기

크뽕

11,900원

해산물의 감칠맛에 고소한 크림소스가 더해진 크림짬뽕

로뽕

12,900원

모짜렐라 치즈가 듬뿍 올라가 더욱 꾸덕꾸덕한 로제짬뽕

고기백짬뽕

12,500원

깔끔하고 담백한 육수에 숯불고기가 들어간 하얀 고기짬뽕

맵크뽕

12,900원

부드럽고 고소한 크림에 중독적인 매운맛을 더한 짬뽕

마라크뽕

13,500원

얼얼한 마라와 부드러운 크림의 조합이 매력적인 짬뽕

토뽕

11,900원

통마늘이 들어간 매콤한 토마토짬뽕

태뽕

10,900원

해산물과 야채를 불 맛 가득 볶아낸 달콤 짭짤한 볶음면

고기짜장

9,500원

고기가 자작한 깊은 맛의 기본 짜장

맵짜장

9,500원

매콤함이 더해진 감칠맛 나는 짜장

숯불제육중화볶음밥

12,500원

숯불 제육 고기와 니뽕내뽕 소스로 불향을 가미한 매콤 중화 볶음밥

크림불고기리조또

11,900원

고소한 크림소스와 불고기를 함께 즐기는 리조또

맵로제불고기리조또

12,900원

매콤한 로제소스로 즐기는 불고기 리조또

NEW)통새우완탕뽕

12,900원

담백&칼칼한 국물에 탱글한 통새우 만두와 목이버섯, 다진고기까지! 풍성하게 즐기는 완탕면

로제불고기리조또

12,900원

이색적인 로제소스로 즐기는 불고기 리조또

니피자

12,500원

달콤 고소한 고구마피자 매콤한 짬뽕과 최고의 조합

내피자

12,500원

감칠맛 나는 갈릭버터로 크림치즈",ok,
서울특별시 금천구,중식,중화요리 연,https://www.diningcode.com/profile.php?rid=HbS9yeKruLUX,서울특별시 금천구 가산디지털1로 225 1층 116호 지번,4,3,"[{""menu_name"": ""담백 특 짜장 유니짜장과 간짜장에 차돌과 숙주를 볶아 토핑으로 올린 풍미가 좋고 식감을 살린 메뉴"", ""menu_price"": ""12000""}, {""menu_name"": ""차돌숙주짬뽕 국물에서 느껴지는 차돌의 깊은맛! 연의 신메뉴!"", ""menu_price"": ""13000""}, {""menu_name"": ""파장면(파김치) 짜장면도 맛있는데 파김차까지? 이건 놓칠수 없지요"", ""menu_price"": ""10000""}, {""menu_name"": ""간짬뽕 해산물과 야채로 약간 매콤 맛의 국물 없는 짬뽕"", ""menu_price"": ""12000""}, {""menu_name"": ""간짜장 판매1위. 드셔보세요. 말이 필요없습니다."", ""menu_price"": ""10000""}, {""menu_name"": ""연짜장 물을 섞지 않고 오직 양파만으로 만들어낸 정통 짜장"", ""menu_price"": ""9000""}, {""menu_name"": ""쟁반짜장(1인) 적당한 매콤함으로 느끼함을 잡아낸 1인 쟁반짜장"", ""menu_price"": ""11000""}, {""menu_name"": ""마장면(마파두부+짜장)"", ""menu_price"": ""12000""}, {""menu_name"": ""연짬뽕"", ""menu_price"": ""10000""}, {""menu_name"": ""매운연짬뽕"", ""menu_price"": ""11000""}, {""menu_name"": ""삼선짬뽕 꽃게와 해산물이 듬뿍 들어간 얼큰하고 담백한 짬뽕"", ""menu_price"": ""14000""}, {""menu_name"": ""매운삼선짬뽕"", ""menu_price"": ""15000""}, {""menu_name"": ""마라크림짬뽕 부드러운 크림베이스에 마라소스를 더해 느끼함은 잡고 맛은 더 업그레이드"", ""menu_price"": ""14000""}, {""menu_name"": ""얼큰튀김짬뽕"", ""menu_price"": ""14000""}, {""menu_name"": ""백짬뽕 해산물을 곁들어 볶아낸 시원한 맛이 일품인 맵지 않은 짬뽕"", ""menu_price"": ""12000""}, {""menu_name"": ""해물우동 개운한 우동 국물로 올겨울 추위를 녹여버리시라"", ""menu_price"": ""10000""}, {""menu_name"": ""크림짬뽕 꾸덕함을 사랑하는 이라면 후회할 리 없다.. 느끼함까지 잡아냈음"", ""menu_price"": ""13000""}, {""menu_name"": ""계란볶음밥 계란 스크램블과 각종 야채들로 불맛을 입혀 든든한 한 끼로 딱!!"", ""menu_price"": ""8000""}, {""menu_name"": ""삼선볶음밥 엄선된 3가지 해물이 어우러진 일품 볶음밥"", ""menu_price"": ""10000""}, {""menu_name"": ""게살볶음밥 게살과 함께 불향으로 볶아내어 맛있게 매콤한 게살볶음밥"", ""menu_price"": ""11000""}, {""menu_name"": ""유산슬덮밥"", ""menu_price"": ""14000""}, {""menu_name"": ""해물잡채밥"", ""menu_price"": ""10000""}, {""menu_name"": ""통전복잡탕밥 통전복과 각종 해산물을 볶아 만든 덮밥"", ""menu_price"": ""16000""}, {""menu_name"": ""돼지고기튀김(소)"", ""menu_price"": ""27000""}, {""menu_name"": ""고추잡채밥 피망과 각종 야채를 볶아 만든 덮밥 (당면X)"", ""menu_price"": ""12000""}, {""menu_name"": ""마파두부덮밥"", ""menu_price"": ""10000""}, {""menu_name"": ""소고기우육덮밥"", ""menu_price"": ""12000""}, {""menu_name"": ""어향가지덮밥 한번 튀겨낸 가지를 어향 소스에 볶아 만든 덮밥"", ""menu_price"": ""10000""}, {""menu_name"": ""중국식냉면(여름시즌메뉴) 각종 야채와 해산물 고명을 땅콩잼과 겨자를 곁들여 먹는 중국식 냉면"", ""menu_price"": ""11000""}, {""menu_name"": ""냉짬뽕(여름시즌메뉴) 신선한 생채소와 새우, 오징어를 얹어 가슴속까지 시원해지는 여름 별미중의 별미"", ""menu_price"": ""11000""}, {""menu_name"": ""콩국수(여름시즌메뉴)"", ""menu_price"": ""10000""}, {""menu_name"": ""돼지고기튀김(중)"", ""menu_price"": ""36000""}, {""menu_name"": ""육즙탕수육(소)"", ""menu_price"": ""24000""}, {""menu_name"": ""육즙탕수육(중)"", ""menu_price"": ""33000""}, {""menu_name"": ""고추바삭 유린기(소)"", ""menu_price"": ""24000""}, {""menu_name"": ""사천탕수육(소)"", ""menu_price"": ""27000""}, {""menu_name"": ""사천탕수육(중)"", ""menu_price"": ""36000""}, {""menu_name"": ""옛날식볶음탕수육(소)"", ""menu_price"": ""24000""}, {""menu_name"": ""옛날식볶음탕수육(중)"", ""menu_price"": ""33000""}, {""menu_name"": ""매콤깐풍육(소)"", ""menu_price"": ""24000""}, {""menu_name"": ""매콤깐풍육(중)"", ""menu_price"": ""33000""}, {""menu_name"": ""매콤깐풍기(중)"", ""menu_price"": ""33000""}, {""menu_name"": ""고추바삭 유린기(중)"", ""menu_price"": ""33000""}, {""menu_name"": ""칠리새우(소) 연만의 해석으로 만들어낸 새우튀김 끝판왕"", ""menu_price"": ""29000""}]","DININGCODE 스킵네비게이션

본문바로가기
주메뉴바로가기
로그인
중화요리 연 가산
중화요리 연
저장
공유
가산짜장면

4 (3명의 평가)
69점 

서울특별시 금천구 가산디지털1로 225 1층 116호 지번 
지도보기
영업 중
오늘(목)
·
영업시간: 11:00 - 22:00
0507-1362-0871
회식, 모임
서민적인, 쾌적한, 점심식사, 저녁식사, 대형룸, 칸막이, 배달
폐업신고 · 정보수정 제안

Advertisement
Advertisement

중화요리 연 메뉴정보

인기 메뉴 보기

담백 특 짜장

12,000원

유니짜장과 간짜장에 차돌과 숙주를 볶아 토핑으로 올린 풍미가 좋고 식감을 살린 메뉴

차돌숙주짬뽕

13,000원

국물에서 느껴지는 차돌의 깊은맛! 연의 신메뉴!

파장면(파김치)

10,000원

짜장면도 맛있는데 파김차까지? 이건 놓칠수 없지요

간짬뽕

12,000원

해산물과 야채로 약간 매콤 맛의 국물 없는 짬뽕

간짜장

10,000원

판매1위. 드셔보세요. 말이 필요없습니다.

연짜장

9,000원

물을 섞지 않고 오직 양파만으로 만들어낸 정통 짜장

쟁반짜장(1인)

11,000원

적당한 매콤함으로 느끼함을 잡아낸 1인 쟁반짜장

마장면(마파두부+짜장)

12,000원

연짬뽕

10,000원

매운연짬뽕

11,000원

삼선짬뽕

14,000원

꽃게와 해산물이 듬뿍 들어간 얼큰하고 담백한 짬뽕

매운삼선짬뽕

15,000원

마라크림짬뽕

14,000원

부드러운 크림베이스에 마라소스를 더해 느끼함은 잡고 맛은 더 업그레이드

얼큰튀김짬뽕

14,000원

백짬뽕

12,000원

해산물을 곁들어 볶아낸 시원한 맛이 일품인 맵지 않은 짬뽕

해물우동

10,000원

개운한 우동 국물로 올겨울 추위를 녹여버리시라

크림짬뽕

13,000원

꾸덕함을 사랑하는 이라면 후회할 리 없다.. 느끼함까지 잡아냈음

계란볶음밥

8,000원

계란 스크램블과 각종 야채들로 불맛을 입혀 든든한 한 끼로 딱!!

삼선",ok,
서울특별시 금천구,중식,고구려짬뽕10101,https://www.diningcode.com/profile.php?rid=RgxPY7V9tbvL,서울특별시 금천구 시흥대로52길 7 지번,4.9,3,"[{""menu_name"": ""옛날짜장"", ""menu_price"": ""7000""}, {""menu_name"": ""옛날짬뽕"", ""menu_price"": ""9000""}, {""menu_name"": ""양장피"", ""menu_price"": ""24000""}, {""menu_name"": ""팔보채"", ""menu_price"": ""24000""}, {""menu_name"": ""칠리새우"", ""menu_price"": ""24000""}, {""menu_name"": ""깐풍새우"", ""menu_price"": ""24000""}, {""menu_name"": ""크림새우"", ""menu_price"": ""24000""}, {""menu_name"": ""삼선불짬뽕"", ""menu_price"": ""11000""}, {""menu_name"": ""차돌불짬뽕"", ""menu_price"": ""12000""}, {""menu_name"": ""쟁반짜장 2인"", ""menu_price"": ""20000""}, {""menu_name"": ""짬뽕밥"", ""menu_price"": ""9000""}, {""menu_name"": ""볶음밥"", ""menu_price"": ""9000""}, {""menu_name"": ""불짬뽕"", ""menu_price"": ""9000""}, {""menu_name"": ""삼선짬뽕밥"", ""menu_price"": ""11000""}, {""menu_name"": ""차돌짬뽕밥"", ""menu_price"": ""12000""}, {""menu_name"": ""삼선불짬뽕밥"", ""menu_price"": ""11000""}, {""menu_name"": ""차돌불짬뽕밥"", ""menu_price"": ""12000""}, {""menu_name"": ""군만두"", ""menu_price"": ""5500""}, {""menu_name"": ""유린기"", ""menu_price"": ""21000""}, {""menu_name"": ""깐풍기"", ""menu_price"": ""21000""}, {""menu_name"": ""삼선누룽지탕"", ""menu_price"": ""20000""}, {""menu_name"": ""삼선짬뽕탕"", ""menu_price"": ""20000""}, {""menu_name"": ""삼선짬뽕"", ""menu_price"": ""11000""}, {""menu_name"": ""쟁반짬뽕"", ""menu_price"": ""20000""}, {""menu_name"": ""미니탕수육"", ""menu_price"": ""11000""}, {""menu_name"": ""찹쌀탕수육(소)"", ""menu_price"": ""19000""}, {""menu_name"": ""찹쌀탕수육(중)"", ""menu_price"": ""24000""}, {""menu_name"": ""찹쌀탕수육(대)"", ""menu_price"": ""29000""}, {""menu_name"": ""차돌짬뽕"", ""menu_price"": ""12000""}]","DININGCODE 스킵네비게이션

본문바로가기
주메뉴바로가기
로그인
고구려짬뽕101...
고구려짬뽕10101
저장
공유
시흥사거리짬뽕, 중국집

4.9 (3명의 평가)
70점 

서울특별시 금천구 시흥대로52길 7 지번 
지도보기
영업 중
오늘(목)
·
영업시간: 11:00 - 21:00
02-892-2880
혼밥, 해장
서민적인, 깔끔한, 점심식사, 저녁식사, 셀프바, 무료주차, 배달
폐업신고 · 정보수정 제안

Advertisement
Advertisement

고구려짬뽕10101 메뉴정보

인기 메뉴 보기

옛날짜장

7,000원

옛날짬뽕

9,000원

양장피

24,000원

팔보채

24,000원

칠리새우

24,000원

깐풍새우

24,000원

크림새우

24,000원

삼선불짬뽕

11,000원

차돌불짬뽕

12,000원

쟁반짜장 2인

20,000원

짬뽕밥

9,000원

볶음밥

9,000원

불짬뽕

9,000원

삼선짬뽕밥

11,000원

차돌짬뽕밥

12,000원

삼선불짬뽕밥

11,000원

차돌불짬뽕밥

12,000원

군만두

5,500원

유린기

21,000원

깐풍기

21,000원

삼선누룽지탕

20,000원

삼선짬뽕탕

20,000원

삼선짬뽕

11,000원

쟁반짬뽕

20,000원

미니탕수육

11,000원

찹쌀탕수육(소)

19,000원

찹쌀탕수육(중)

24,000원

찹쌀탕수육(대)

29,000원

차돌짬뽕

12,000원

메뉴 접기

맛집태그

고구려짬뽕10101
의 사진
음식 (5) 메뉴ㆍ정보 (3) 주차 (1)

Advertisement
자세히 알아보기
소고기
음료
음식 배달 서비스
Advertisement

고구려짬뽕10101 방문자 리뷰

4.9
3건의 리뷰가 작성되었어요.
5

최고에요

(2)

4.5

마음에 들어요

(1)

4

만족해요

(0)

3

무난해요

(0)

2

아쉬워요

(0)

1

별로예요

(0)

맛
5.0
좋음
100%
보통
0%
부족
0",ok,
서울특별시 금천구,중식,비스트로딤섬,https://www.diningcode.com/profile.php?rid=bG8Esuu50hqd,서울특별시 금천구 시흥대로 291 1층 171호 지번,4.6,8,"[{""menu_name"": ""탕수육 칠리탕슈육도 있어요!"", ""menu_price"": ""23000""}, {""menu_name"": ""어향가지덮밥"", ""menu_price"": ""9500""}, {""menu_name"": ""지삼선"", ""menu_price"": ""17000""}, {""menu_name"": ""게살 샤오롱바오 꽉찬 대게살과 육즙에 올리브오일!"", ""menu_price"": ""6000""}, {""menu_name"": ""어린이짜장면 모든 어린이들이 좋아할수있게 요리하며 건강을위해 면은 다시마물에 삶아 소화를 돕습니다!"", ""menu_price"": ""5500""}, {""menu_name"": ""유니짜장"", ""menu_price"": ""8500""}, {""menu_name"": ""볶음밥"", ""menu_price"": ""8000""}, {""menu_name"": ""가지튀김(풍미가지) 겉바속촉 바삭바삭 달콤짭잘한 산동식 가지튀김 맥주랑 잘 어울려요!!"", ""menu_price"": ""18000""}, {""menu_name"": ""향라닭볶음 매콤한 닭볶음"", ""menu_price"": ""25000""}, {""menu_name"": ""탄탄면"", ""menu_price"": ""10000""}, {""menu_name"": ""오이무침(파이황과) 고량주와 먹으면 맛있어요. 반접시 5000원"", ""menu_price"": ""9000""}, {""menu_name"": ""고량주와 먹으면 맛있어요. 반접시"", ""menu_price"": ""5000""}, {""menu_name"": ""청경채 데침"", ""menu_price"": ""6500""}, {""menu_name"": ""우육면 5월 신메뉴 대만식 우육면입니다. 소사태를 오랜시간 삶아올리고 대만식답게 은은한 팔각향"", ""menu_price"": ""11000""}, {""menu_name"": ""토마토달걀볶음"", ""menu_price"": ""16000""}, {""menu_name"": ""새우볶음밥 매콤한정도 맵기조절 가능"", ""menu_price"": ""16000""}, {""menu_name"": ""해물쟁반짜장 맵기조절가능!"", ""menu_price"": ""22000""}, {""menu_name"": ""칠리새우"", ""menu_price"": ""35000""}, {""menu_name"": ""레몬크림새우 15마리 서빙됩니다. 새우살 크고 실한 새우만 엄선하여 사용합니다!"", ""menu_price"": ""35000""}, {""menu_name"": ""마파두부덮밥 한돈을 직접 다져 연두부와 함께 조리한 덮밥"", ""menu_price"": ""9000""}, {""menu_name"": ""마파두부"", ""menu_price"": ""21000""}, {""menu_name"": ""홍소육 동파육의 원형"", ""menu_price"": ""29000""}, {""menu_name"": ""샤오롱바오"", ""menu_price"": ""5500""}, {""menu_name"": ""바질 시우마이 신선한 바질향이 가득한 새우돼지고기시우마이 바질(스페인)"", ""menu_price"": ""7500""}, {""menu_name"": ""오렌지치킨 (AmChi) 미국식 중화 치킨!"", ""menu_price"": ""26000""}, {""menu_name"": ""하가우"", ""menu_price"": ""7000""}, {""menu_name"": ""새우돼지고기시우마이"", ""menu_price"": ""6500""}, {""menu_name"": ""새우부추교자"", ""menu_price"": ""6500""}, {""menu_name"": ""가지딤섬"", ""menu_price"": ""6500""}, {""menu_name"": ""마늘치킨덮밥 마늘향 가득한 치킨덮밥"", ""menu_price"": ""9500""}, {""menu_name"": ""마라완툰탕면 기본에 충실한 마라탕면 지마장이나 땅콩버터는 사용하지않습니다!"", ""menu_price"": ""9500""}, {""menu_name"": ""홍콩식비빔면(마늘치킨) 마늘치킨이 올라간 홍콩식 비빔면"", ""menu_price"": ""10000""}, {""menu_name"": ""홍콩식비빔면(홍소육)"", ""menu_price"": ""11000""}, {""menu_name"": ""마라완툰"", ""menu_price"": ""6000""}, {""menu_name"": ""수제새우춘권"", ""menu_price"": ""6000""}, {""menu_name"": ""마늘가리비찜&실당면"", ""menu_price"": ""9000""}, {""menu_name"": ""홍소육덮밥"", ""menu_price"": ""10500""}, {""menu_name"": ""새우완탕면 닭육수와 건새우를 활용한 홍콩식 새우완탕면"", ""menu_price"": ""10000""}, {""menu_name"": ""마라샹궈"", ""menu_price"": ""26000""}, {""menu_name"": ""봄동비빔밥"", ""menu_price"": ""9000""}, {""menu_name"": ""감자채볶음"", ""menu_price"": ""11000""}]","DININGCODE 스킵네비게이션

본문바로가기
주메뉴바로가기
로그인
비스트로딤섬 독...
비스트로딤섬
저장
공유
독산동딤섬

4.6 (8명의 평가)
74점 

서울특별시 금천구 시흥대로 291 1층 171호 지번 
지도보기
영업 중
오늘(목)
·
영업시간: 11:30 - 22:00
0507-1304-5626
식사모임, 혼밥
캐주얼한, 예약, 점심식사, 저녁식사, 콜키지, 유아의자, 무료주차, 배달
폐업신고 · 정보수정 제안

Advertisement
Advertisement

비스트로딤섬 메뉴정보

인기 메뉴 보기

탕수육

23,000원

칠리탕슈육도 있어요!

어향가지덮밥

9,500원

지삼선

17,000원

게살 샤오롱바오

6,000원

꽉찬 대게살과 육즙에 올리브오일!

어린이짜장면

5,500원

모든 어린이들이 좋아할수있게 요리하며 건강을위해 면은 다시마물에 삶아 소화를 돕습니다!

유니짜장

8,500원

볶음밥

8,000원

가지튀김(풍미가지)

18,000원

겉바속촉 바삭바삭 달콤짭잘한 산동식 가지튀김 맥주랑 잘 어울려요!!

향라닭볶음

25,000원

매콤한 닭볶음

탄탄면

10,000원

오이무침(파이황과)

9,000원

고량주와 먹으면 맛있어요. 반접시 5000원

청경채 데침

6,500원

우육면

11,000원

5월 신메뉴 대만식 우육면입니다. 소사태를 오랜시간 삶아올리고 대만식답게 은은한 팔각향

토마토달걀볶음

16,000원

새우볶음밥

16,000원

매콤한정도 맵기조절 가능

해물쟁반짜장

22,000원

맵기조절가능!

칠리새우

35,000원

레몬크림새우

35,000원

15마리 서빙됩니다. 새우살 크고 실한 새우만 엄선하여 사용합니다!

마파두부덮밥

9,000원

한돈을 직접 다져 연두부와 함께 조리한 덮밥

마파두부

21,000원

홍소육

29,000원

동파육의 원형

샤오롱바오

5,500원

바질 시우마이

7,500원

신선한 바질향이 가득한 새우돼지고기시우마이 바질(스페인)

오렌지",ok,
서울특별시 금천구,중식,백스키친,https://www.diningcode.com/profile.php?rid=pJIEBTaRN2vU,서울특별시 금천구 가마산로 96 지번,3,3,"[{""menu_name"": ""등심탕수육 소 중 33,000"", ""menu_price"": ""23000""}, {""menu_name"": ""얼큰알짬뽕"", ""menu_price"": ""13500""}, {""menu_name"": ""냉짬뽕"", ""menu_price"": ""10000""}, {""menu_name"": ""굴짬뽕"", ""menu_price"": ""11000""}, {""menu_name"": ""소고기짬뽕"", ""menu_price"": ""13000""}, {""menu_name"": ""게살볶음밥"", ""menu_price"": ""11000""}, {""menu_name"": ""얼큰 알짬뽕밥"", ""menu_price"": ""13500""}, {""menu_name"": ""소고기짬뽕밥"", ""menu_price"": ""13000""}, {""menu_name"": ""삼선짬뽕밥"", ""menu_price"": ""11000""}, {""menu_name"": ""마파밥"", ""menu_price"": ""9000""}, {""menu_name"": ""유산슬밥"", ""menu_price"": ""15000""}, {""menu_name"": ""순두부밥"", ""menu_price"": ""11000""}, {""menu_name"": ""찹쌀꿔바로우 소 중 32,000"", ""menu_price"": ""22000""}, {""menu_name"": ""오룡해삼"", ""menu_price"": ""38000""}, {""menu_name"": ""옛날볶음밥"", ""menu_price"": ""8500""}, {""menu_name"": ""유린기 소 중 35,000"", ""menu_price"": ""25000""}, {""menu_name"": ""짜장면"", ""menu_price"": ""7500""}, {""menu_name"": ""간짜장"", ""menu_price"": ""10000""}, {""menu_name"": ""쟁반짜장"", ""menu_price"": ""11000""}, {""menu_name"": ""삼선짬뽕"", ""menu_price"": ""11000""}]","DININGCODE 스킵네비게이션

본문바로가기
주메뉴바로가기
로그인
백스키친 가산
백스키친
저장
공유
가산짬뽕, 중식당

3 (3명의 평가)
67점 

서울특별시 금천구 가마산로 96 지번 
지도보기
영업 중
오늘(목)
·
영업시간: 11:00 - 21:00
02-864-1414
해장, 혼밥
얼큰, 깔끔한, 점심식사
폐업신고 · 정보수정 제안

Advertisement
Advertisement

백스키친 메뉴정보

인기 메뉴 보기

등심탕수육 소

23,000원

중 33,000

얼큰알짬뽕

13,500원

냉짬뽕

10,000원

굴짬뽕

11,000원

소고기짬뽕

13,000원

게살볶음밥

11,000원

얼큰 알짬뽕밥

13,500원

소고기짬뽕밥

13,000원

삼선짬뽕밥

11,000원

마파밥

9,000원

유산슬밥

15,000원

순두부밥

11,000원

찹쌀꿔바로우 소

22,000원

중 32,000

오룡해삼

38,000원

옛날볶음밥

8,500원

유린기 소

25,000원

중 35,000

짜장면

7,500원

간짜장

10,000원

쟁반짜장

11,000원

삼선짬뽕

11,000원

메뉴 접기

백스키친
의 사진
음식 (5) 실내 (1) 메뉴ㆍ정보 (3)

Advertisement
Advertisement

백스키친 방문자 리뷰

3.0
3건의 리뷰가 작성되었어요.
5

최고에요

(0)

4

만족해요

(1)

3

무난해요

(2)

2

아쉬워요

(0)

1

별로예요

(0)

맛
3.7
좋음
33%
보통
67%
부족
0%
가격
2.3
만족
0%
보통
67%
불만
33%
응대
1.7
친절함
0%
보통
33%
불친절
67%
방문목적

혼밥 1혼술 1식사모임 1점심식사 1

분위기

숨은맛집 1깔끔한 1지역주민이찾는 1

추천순 최신순 평점 높은순 평점 낮은순

으니남친
평균 별점 3.7   평가 105   팔로워 1

3점
2월 12일

무난하게 먹은 짬뽕.. 맛있다 까진 평하기 어려움.
접근성은 좋음.",ok,
서울특별시 금천구,중식,실라칸스 마리오아울렛점,https://www.diningcode.com/profile.php?rid=ge7dhQM7bOkK,서울특별시 금천구 디지털로9길 23 마리오아울렛 3관 13층 실라칸스 지번,4.1,3,"[{""menu_name"": ""짜장면"", ""menu_price"": ""8000""}, {""menu_name"": ""해물 짬뽕"", ""menu_price"": ""10000""}, {""menu_name"": ""칠리새우"", ""menu_price"": ""28000""}, {""menu_name"": ""크림새우"", ""menu_price"": ""28000""}, {""menu_name"": ""유린기"", ""menu_price"": ""29000""}, {""menu_name"": ""깐풍기"", ""menu_price"": ""29000""}, {""menu_name"": ""팔보채"", ""menu_price"": ""38000""}, {""menu_name"": ""비빔 탄탄면"", ""menu_price"": ""12000""}, {""menu_name"": ""쇠고기 유니짜장"", ""menu_price"": ""12000""}, {""menu_name"": ""우삼겹 짬뽕"", ""menu_price"": ""12000""}, {""menu_name"": ""황금달걀 볶음밥"", ""menu_price"": ""8000""}, {""menu_name"": ""XO 게살 볶음밥"", ""menu_price"": ""13000""}, {""menu_name"": ""유산슬 덮밥"", ""menu_price"": ""15000""}, {""menu_name"": ""(런치한정) 미니 탕수육"", ""menu_price"": ""13000""}, {""menu_name"": ""탕수육"", ""menu_price"": ""26000""}]","DININGCODE 스킵네비게이션

본문바로가기
주메뉴바로가기
로그인
실라칸스 마리오...
실라칸스 마리오아울렛점
저장
공유
마리오아울렛중식

4.1 (3명의 평가)
66점 

서울특별시 금천구 디지털로9길 23 마리오아울렛 3관 13층 실라칸스 지번 
지도보기
영업 중
오늘(목)
·
영업시간: 11:00 - 21:00
0507-1350-7493
식사모임, 회식
깔끔한, 고급스러운, 점심식사, 저녁식사, 콜키지, 룸식당, 무료주차
폐업신고 · 정보수정 제안

Advertisement
자세히 알아보기
식도락 여행 패키지
레스토랑
레스토랑 예약 서비스
Advertisement
자세히 알아보기
제과점
식당 리뷰 및 예약
생선 및 해물

실라칸스 메뉴정보

인기 메뉴 보기

짜장면

8,000원

해물 짬뽕

10,000원

칠리새우

28,000원

크림새우

28,000원

유린기

29,000원

깐풍기

29,000원

팔보채

38,000원

비빔 탄탄면

12,000원

쇠고기 유니짜장

12,000원

우삼겹 짬뽕

12,000원

황금달걀 볶음밥

8,000원

XO 게살 볶음밥

13,000원

유산슬 덮밥

15,000원

(런치한정) 미니 탕수육

13,000원

탕수육

26,000원

메뉴 접기

실라칸스
의 사진
음식 (5) 실내 (2) 메뉴ㆍ정보 (6)

Advertisement
Advertisement

실라칸스 방문자 리뷰

4.1
3건의 리뷰가 작성되었어요.
5

최고에요

(2)

4

만족해요

(0)

3

무난해요

(0)

2

아쉬워요

(1)

1

별로예요

(0)

맛
3.7
좋음
67%
보통
0%
부족
33%
가격
3.7
만족
33%
보통
67%
불만
0%
응대
4.3
친절함
67%
보통
33%
불친절
0%
방문목적

저녁식사 2식사모임 2가족외식 2점심식사 2접대 1회식 1기념일 1데이트 1

편의시설

무료주차 3개별룸 1

분위기

고급스러운 1조용한 1푸짐한 1깔끔한 1지역주민이찾는 1

추천순 최신순 평점 높",ok,
서울특별시 금천구,중식,김사부 샤브샤브,https://www.diningcode.com/profile.php?rid=qfJ40YHKL4kL,서울특별시 금천구 가산로 132 지번,4.3,23,"[{""menu_name"": ""꿔뽀우뤄우 锅包肉"", ""menu_price"": ""21000""}, {""menu_name"": ""마라탕 麻辣烫(500g)"", ""menu_price"": ""13500""}, {""menu_name"": ""어향육슬 鱼香肉丝"", ""menu_price"": ""21000""}, {""menu_name"": ""지삼선 地三鲜"", ""menu_price"": ""16000""}, {""menu_name"": ""향라육슬 香辣肉丝"", ""menu_price"": ""22000""}, {""menu_name"": ""마파두부 麻辣豆腐"", ""menu_price"": ""13000""}, {""menu_name"": ""부추계란볶음韭菜炒鸡蛋(1)"", ""menu_price"": ""13000""}, {""menu_name"": ""파채소고기무침 葱香牛肉丝"", ""menu_price"": ""18000""}, {""menu_name"": ""양깃머리무침 辣拌肚领"", ""menu_price"": ""22000""}, {""menu_name"": ""오이무침 爽口黄瓜"", ""menu_price"": ""11000""}, {""menu_name"": ""건두부무침 拌干豆腐丝"", ""menu_price"": ""13000""}, {""menu_name"": ""향라육슬덮밥 香辣肉丝盖饭"", ""menu_price"": ""12000""}, {""menu_name"": ""마라샹궈 麻辣香锅(500g)"", ""menu_price"": ""13500""}, {""menu_name"": ""어향육슬덮밥 鱼香肉丝盖饭"", ""menu_price"": ""12000""}, {""menu_name"": ""토마토계란덮밥 西红柿鸡蛋盖饭"", ""menu_price"": ""12000""}, {""menu_name"": ""볶음면 炒面"", ""menu_price"": ""11000""}, {""menu_name"": ""공기밥 米饭(1인분)"", ""menu_price"": ""2000""}, {""menu_name"": ""녹차"", ""menu_price"": ""3000""}, {""menu_name"": ""빙탕쇠리"", ""menu_price"": ""3000""}, {""menu_name"": ""빙홍차"", ""menu_price"": ""3000""}, {""menu_name"": ""사이다"", ""menu_price"": ""2000""}, {""menu_name"": ""환타"", ""menu_price"": ""2000""}, {""menu_name"": ""콜라"", ""menu_price"": ""2000""}, {""menu_name"": ""양주볶음밥 扬州炒饭"", ""menu_price"": ""9000""}, {""menu_name"": ""가지만두튀김 炸茄盒"", ""menu_price"": ""21000""}, {""menu_name"": ""향라닭날개 香辣鸡翅"", ""menu_price"": ""22000""}, {""menu_name"": ""경장육슬 京酱肉丝"", ""menu_price"": ""21000""}, {""menu_name"": ""동파육덮밥(1)"", ""menu_price"": ""15000""}, {""menu_name"": ""김사부닭볶음(2~3인분)"", ""menu_price"": ""38000""}, {""menu_name"": ""룽샤미 麻辣龙虾尾"", ""menu_price"": ""25000""}]","DININGCODE 스킵네비게이션

본문바로가기
주메뉴바로가기
로그인
김사부 샤브샤브...
김사부 샤브샤브
저장
공유
가산동마라샹궈, 꿔바로우

4.3 (23명의 평가)
76점 

서울특별시 금천구 가산로 132 지번 
지도보기
영업 중
오늘(목)
·
영업시간: 11:00 - 23:00
010-5811-0412
술모임, 회식
시끌벅적한, 넓은, 점심식사, 저녁식사, 셀프바
폐업신고 · 정보수정 제안

Advertisement
Advertisement

김사부 샤브샤브 메뉴정보

인기 메뉴 보기

꿔뽀우뤄우 锅包肉

21,000원

마라탕 麻辣烫(500g)

13,500원

어향육슬 鱼香肉丝

21,000원

지삼선 地三鲜

16,000원

향라육슬 香辣肉丝

22,000원

마파두부 麻辣豆腐

13,000원

부추계란볶음韭菜炒鸡蛋(1)

13,000원

파채소고기무침 葱香牛肉丝

18,000원

양깃머리무침 辣拌肚领

22,000원

오이무침 爽口黄瓜

11,000원

건두부무침 拌干豆腐丝

13,000원

향라육슬덮밥 香辣肉丝盖饭

12,000원

마라샹궈 麻辣香锅(500g)

13,500원

어향육슬덮밥 鱼香肉丝盖饭

12,000원

토마토계란덮밥 西红柿鸡蛋盖饭

12,000원

볶음면 炒面

11,000원

공기밥 米饭(1인분)

2,000원

녹차

3,000원

빙탕쇠리

3,000원

빙홍차

3,000원

사이다

2,000원

환타

2,000원

콜라

2,000원

양주볶음밥 扬州炒饭

9,000원

가지만두튀김 炸茄盒

21,000원

향라닭날개 香辣鸡翅

22,000원

경장육슬 京酱肉丝

21,000원

동파육덮밥(1)

15,000원

김사부닭볶음(2~3인분)

38,000원

룽샤미 麻辣龙虾尾

25,000원

메뉴 접기

김사부 샤브샤브
의 사진
음식 (48) 실내 (1) 실외 (7) 메뉴ㆍ정보 (57)
사진 더보기

Advertisement
Advertisement

김사부 샤브샤브 방문자 리뷰

4.3
23건의 리뷰가 작성되었어",ok,
서울특별시 금천구,중식,만다린,https://www.diningcode.com/profile.php?rid=kfhbNLCSvEAO,서울특별시 금천구 가산디지털1로 186 제이플라츠 B121 만다린 지번,4.2,7,"[{""menu_name"": ""만다린 메뉴정보 인기 메뉴 보기 유린기 삼선짬뽕 11,000원 자장면 7,000원"", ""menu_price"": ""27000""}, {""menu_name"": ""유린기"", ""menu_price"": ""27000""}, {""menu_name"": ""삼선짬뽕"", ""menu_price"": ""11000""}, {""menu_name"": ""자장면"", ""menu_price"": ""7000""}]","DININGCODE 스킵네비게이션

본문바로가기
주메뉴바로가기
로그인
만다린 가산디지...
만다린
저장
공유
다시 보지 않기
저장 기능이 추가되었어요!
PC에서도 내가 저장한 맛집을 이용할 수 있어요.
나만의 맛집 리스트를 관리해보세요.
가산디지털단지역짜장면, 중식당

4.2 (7명의 평가)
67점 

서울특별시 금천구 가산디지털1로 186 제이플라츠 B121 만다린 지번 
지도보기
영업 중
오늘(목)
·
영업시간: 10:00 - 22:00
02-2028-5556
혼밥, 회식
가성비좋은, 깔끔한, 점심식사, 저녁식사, 개별룸, 장애인편의시설
폐업신고 · 정보수정 제안

Advertisement
Advertisement
자세히 알아보기
음료
소고기
지도

만다린 메뉴정보

인기 메뉴 보기

유린기

27,000원

삼선짬뽕

11,000원

자장면

7,000원

맛집태그

만다린
의 사진
음식 (11) 실내 (1) 메뉴ㆍ정보 (8)

Advertisement
자세히 알아보기
식도락 여행 패키지
라멘 재료 세트
음식 배달
Advertisement
자세히 알아보기
한국 요리
미식 체험 쿠폰
소금빵 택배

만다린 방문자 리뷰

4.2
7건의 리뷰가 작성되었어요.
5

최고에요

(3)

4

만족해요

(3)

3

무난해요

(1)

2

아쉬워요

(0)

1

별로예요

(0)

맛
4.1
좋음
57%
보통
43%
부족
0%
가격
3.9
만족
43%
보통
57%
불만
0%
응대
3.9
친절함
43%
보통
57%
불친절
0%
방문목적

점심식사 6저녁식사 3혼밥 2집안잔치 1회식 1식사모임 1

편의시설

개별룸 2무료주차 1

분위기

가성비좋은 3시끌벅적한 2깔끔한 2캐주얼한 1지역주민이 찾는 1규모가큰 1

추천순 최신순 평점 높은순 평점 낮은순

조코코
평균 별점 4.5   평가 176   팔로워 1

5점
2025년 1월 14일

가산디지털단지에 있어서 회사원이 많네요~ 가격은 비싸지만 해물은 많이 들었어요
맛: 좋음|가격: 보통|응대: 보통

주문한 ",ok,
서울특별시 금천구,중식,조선짬뽕,https://www.diningcode.com/profile.php?rid=81qyGxKmyGnu,서울특별시 금천구 독산로 85 지번,4.8,4,"[{""menu_name"": ""짬뽕"", ""menu_price"": ""10000""}, {""menu_name"": ""백짬뽕"", ""menu_price"": ""10000""}, {""menu_name"": ""조선짜장"", ""menu_price"": ""8000""}, {""menu_name"": ""우동"", ""menu_price"": ""10000""}, {""menu_name"": ""잡채밥"", ""menu_price"": ""10000""}, {""menu_name"": ""만두짬뽕"", ""menu_price"": ""11000""}, {""menu_name"": ""백굴짬뽕"", ""menu_price"": ""13000""}, {""menu_name"": ""자장면"", ""menu_price"": ""7000""}, {""menu_name"": ""간짜장"", ""menu_price"": ""8000""}, {""menu_name"": ""해물짜장"", ""menu_price"": ""11000""}, {""menu_name"": ""탕수육小"", ""menu_price"": ""23000""}, {""menu_name"": ""양장피"", ""menu_price"": ""36000""}, {""menu_name"": ""쟁반짜장(2인)"", ""menu_price"": ""20000""}]","DININGCODE 스킵네비게이션

본문바로가기
주메뉴바로가기
로그인
조선짬뽕 시흥동
조선짬뽕
저장
공유
시흥동짬뽕, 중국집

4.8 (4명의 평가)
69점 

서울특별시 금천구 독산로 85 지번 
지도보기
영업 중
오늘(목)
·
영업시간: 11:00 - 21:00
02-893-2881
가족외식, 해장
서민적인, 매콤한, 점심식사, 저녁식사
폐업신고 · 정보수정 제안

Advertisement
Advertisement

조선짬뽕 메뉴정보

인기 메뉴 보기

짬뽕

10,000원

백짬뽕

10,000원

조선짜장

8,000원

우동

10,000원

잡채밥

10,000원

만두짬뽕

11,000원

백굴짬뽕

13,000원

자장면

7,000원

간짜장

8,000원

해물짜장

11,000원

탕수육小

23,000원

양장피

36,000원

쟁반짜장(2인)

20,000원

메뉴 접기

맛집태그

조선짬뽕
의 사진
음식 (4) 실내 (1) 메뉴ㆍ정보 (3)

조선짬뽕 방문자 리뷰

4.8
4건의 리뷰가 작성되었어요.
5

최고에요

(3)

4.5

마음에 들어요

(1)

4

만족해요

(0)

3

무난해요

(0)

2

아쉬워요

(0)

1

별로예요

(0)

맛
5.0
좋음
100%
보통
0%
부족
0%
가격
5.0
만족
100%
보통
0%
불만
0%
응대
5.0
친절함
100%
보통
0%
불친절
0%
방문목적

점심식사 3가족외식 2저녁식사 2술모임 1혼밥 1혼술 1

분위기

서민적인 4숨은맛집 3가성비좋은 2캐주얼한 1시끌벅적한 1지역주민이찾는 1푸짐한 1

추천순 최신순 평점 높은순 평점 낮은순

해피마이라이프
평균 별점 4.9   평가 84   팔로워 1

5점
2025년 8월 9일

동네 맛집인 조선짬뽕 고기랑 해산물이 함께들어있어 국물ㅇ개운하고 걸쭉합니다. 늘 맛있게 먹는 동네 맛집이고, 배달은
안되고 포장은 되는곳이라 집에서 거리가 있지만 종종 먹으러갑니다 사장님두 친절하셔요
맛: 좋음|가격: 만족|응대: 좋음

주문한 ",ok,
서울특별시 금천구,중식,황금룡,https://www.diningcode.com/profile.php?rid=awohkGwRWobC,서울특별시 금천구 디지털로9길 68 비122호 비121호 지번,5,1,"[{""menu_name"": ""[런치] 중식뷔페 1인권 점심 한정 식권"", ""menu_price"": ""13000""}, {""menu_name"": ""[런치] 중식 도시락(포장전용) 중식 도시락 구성은 그날 그날 다릅니다. 플레이스-소식에서 확인해주세요 :)"", ""menu_price"": ""14000""}, {""menu_name"": ""[디너] 고추잡채밥 부드러운 돼지고기와 아삭한 채소를 볶아 매콤하게 완성한 덮밥"", ""menu_price"": ""10000""}, {""menu_name"": ""[디너] 잡탕밥 삼선해물과 채소를 볶아낸 덮밥"", ""menu_price"": ""15000""}, {""menu_name"": ""[디너] 미니 탕수육 돼지고기 등심을 먹기 좋게 손질해 전분에 바삭하게 튀겨낸 튀김요리"", ""menu_price"": ""12000""}, {""menu_name"": ""[디너] 돼지고기튀김 소금과 후추로 등심의 풍미를 살려 파채와 함께 즐기는 담백한 튀김 요리"", ""menu_price"": ""12000""}, {""menu_name"": ""[디너] 깐풍기 닭고기를 바삭하게 튀겨 특제 간장소스에 강하게 볶아낸 튀김요리"", ""menu_price"": ""14000""}, {""menu_name"": ""[디너] 마늘쫑 돼지고기 볶음 육즙 가득한 돼지고기와 마늘쫑이 조화로운 홍콩식 돼지고기 볶음 요리"", ""menu_price"": ""15000""}, {""menu_name"": ""[디너] 고추잡채&꽃빵 피망과 고기를 볶아낸 중화식 잡채 요리"", ""menu_price"": ""15000""}, {""menu_name"": ""[디너] 중새우(5pcs) 바삭한 새우 튀김에 원하는 소스 한가지(칠리, 크림, 마늘)를 선택하여 즐기는 요리"", ""menu_price"": ""15000""}, {""menu_name"": ""[디너] 가지완자튀김 다진 고기로 속을 채운 가지 튀김에 특제 간장소스와 야채를 곁들인 요리"", ""menu_price"": ""15000""}, {""menu_name"": ""[디너] 유린기 닭다리살을 얇게 튀겨 특제 간장소스에 강하게 볶아낸 튀김요리"", ""menu_price"": ""17000""}, {""menu_name"": ""[디너] 삼대천왕 세트 요리 5개 중 3선택 탕수육, 깐풍기, 유린기, 고추잡채, 마늘쫑돼지고기볶음"", ""menu_price"": ""25000""}, {""menu_name"": ""[디너] 생선 새우말이 다진 새우살을 흰살생선으로 감싸 육수에 조린 상해식 고급 생선 요리"", ""menu_price"": ""15000""}, {""menu_name"": ""[디너] 팔보채 해산물과 야채를 강한 불에 매콤하게 볶아낸 요리"", ""menu_price"": ""30000""}, {""menu_name"": ""[디너] 전가복 전복과 관자, 자연송이, 해삼 등 최고급 해산물과 채소를 볶아낸 고급 요리"", ""menu_price"": ""45000""}, {""menu_name"": ""[디너] 자연송이 해삼볶음 자연산 송이와 해삼을 조려서 볶아낸 최고급 요리"", ""menu_price"": ""45000""}, {""menu_name"": ""[디너] 자연송이 발채 샥스핀 수프 자연산 송이와 해삼을 조려서 볶아낸 최고급 요리"", ""menu_price"": ""11000""}, {""menu_name"": ""[디너] 군만두(8pcs) 노릇하고 바삭하게 구워내 겉바속촉의 식감을 살린 정통 사이드 요리"", ""menu_price"": ""6000""}, {""menu_name"": ""[디너] 삼선짬뽕탕(술국) 다양한 해물과 채소를 볶아낸 국물요리"", ""menu_price"": ""18000""}, {""menu_name"": ""[디너] 간짜장 양파와 돼지고기를 강한 불에 오랫동안 볶아 만든 짜장"", ""menu_price"": ""8000""}, {""menu_name"": ""[디너] 유니짜장 다진 양파와 돼지고기를 강한 불에 오랫동안 볶아 만든 짜장"", ""menu_price"": ""8000""}, {""menu_name"": ""[디너] 삼선 간짜장 다양한 해산물과 채소를 듬뿍 넣어 풍미 가득한 간짜장"", ""menu_price"": ""10000""}, {""menu_name"": ""[디너] 해물 짬뽕 해물과 채소를 강하게 볶아 감치맛이 살아있는 짬뽕"", ""menu_price"": ""9000""}, {""menu_name"": ""[디너] 삼선 짬뽕 삼선해물과 채소를 강하게 볶아 진한 풍미의 짬뽕"", ""menu_price"": ""15000""}, {""menu_name"": ""[디너] 차돌 짬뽕 소고기 차돌과 신선한 채소를 볶아 깊은 맛의 조화가 느껴지는 짬뽕"", ""menu_price"": ""11000""}, {""menu_name"": ""[디너] 새우 볶음밥 탱글한 새우와 고슬한 볶음밥의 균형이 좋은 정통 중식 스타일 볶음밥"", ""menu_price"": ""9000""}]","DININGCODE 스킵네비게이션

본문바로가기
주메뉴바로가기
로그인
황금룡 가산
황금룡
저장
공유
가산중식뷔페

5 (1명의 평가)
68점 

서울특별시 금천구 디지털로9길 68 비122호 비121호 지번 
지도보기
영업 중
오늘(목)
·
영업시간: 11:00 - 22:00
0507-1305-7986
혼밥, 점심회식
깔끔한, 점심맛집, 점심식사, 저녁식사, 셀프바
폐업신고 · 정보수정 제안

Advertisement
Advertisement

황금룡 메뉴정보

인기 메뉴 보기

[런치] 중식뷔페 1인권

13,000원

점심 한정 식권

[런치] 중식 도시락(포장전용)

14,000원

중식 도시락 구성은 그날 그날 다릅니다. 플레이스-소식에서 확인해주세요 :)

[디너] 고추잡채밥

10,000원

부드러운 돼지고기와 아삭한 채소를 볶아 매콤하게 완성한 덮밥

[디너] 잡탕밥

15,000원

삼선해물과 채소를 볶아낸 덮밥

[디너] 미니 탕수육

12,000원

돼지고기 등심을 먹기 좋게 손질해 전분에 바삭하게 튀겨낸 튀김요리

[디너] 돼지고기튀김

12,000원

소금과 후추로 등심의 풍미를 살려 파채와 함께 즐기는 담백한 튀김 요리

[디너] 깐풍기

14,000원

닭고기를 바삭하게 튀겨 특제 간장소스에 강하게 볶아낸 튀김요리

[디너] 마늘쫑 돼지고기 볶음

15,000원

육즙 가득한 돼지고기와 마늘쫑이 조화로운 홍콩식 돼지고기 볶음 요리

[디너] 고추잡채&꽃빵

15,000원

피망과 고기를 볶아낸 중화식 잡채 요리

[디너] 중새우(5pcs)

15,000원

바삭한 새우 튀김에 원하는 소스 한가지(칠리, 크림, 마늘)를 선택하여 즐기는 요리

[디너] 가지완자튀김

15,000원

다진 고기로 속을 채운 가지 튀김에 특제 간장소스와 야채를 곁들인 요리

[디너] 유린기

17,000원

닭다리살을 얇게 튀겨 특제 간장소스에 강하게 볶아낸 튀김요리

[디너] 삼대천왕 세트

25,000원

요리 5개 중 3선택 탕수육, 깐풍기, 유린기, ",ok,
서울특별시 금천구,중식,실크로드,https://www.diningcode.com/profile.php?rid=lavtm3UZlv0i,서울특별시 금천구 가산로 147-5 지번,3.3,4,"[{""menu_name"": ""크림새우 중"", ""menu_price"": ""39000""}, {""menu_name"": ""스페셜황제짬뽕 각종 해산물을 골고루 넣어 시원하고 얼큰한 맛을 살린 실크로드만의 시그니처 짬뽕"", ""menu_price"": ""17000""}, {""menu_name"": ""멘보샤"", ""menu_price"": ""50000""}, {""menu_name"": ""잡탕밥"", ""menu_price"": ""17000""}, {""menu_name"": ""잡채밥"", ""menu_price"": ""9000""}, {""menu_name"": ""마파두부밥"", ""menu_price"": ""9000""}, {""menu_name"": ""고추덮밥"", ""menu_price"": ""9000""}, {""menu_name"": ""백짬뽕"", ""menu_price"": ""11000""}, {""menu_name"": ""삼선해물짬뽕밥"", ""menu_price"": ""12000""}, {""menu_name"": ""차돌짬뽕밥"", ""menu_price"": ""12000""}, {""menu_name"": ""유산슬밥"", ""menu_price"": ""16000""}, {""menu_name"": ""양장피 중"", ""menu_price"": ""39000""}, {""menu_name"": ""깐풍기 중"", ""menu_price"": ""39000""}, {""menu_name"": ""류산슬 중"", ""menu_price"": ""43000""}, {""menu_name"": ""옛날짜장"", ""menu_price"": ""7000""}, {""menu_name"": ""삼선해물짬뽕"", ""menu_price"": ""11000""}, {""menu_name"": ""삼선볶음밥"", ""menu_price"": ""9000""}, {""menu_name"": ""어향동고"", ""menu_price"": ""55000""}, {""menu_name"": ""찹쌀탕수육 중"", ""menu_price"": ""35000""}, {""menu_name"": ""통낙지해물짬뽕"", ""menu_price"": ""15000""}, {""menu_name"": ""통전복해물짬뽕"", ""menu_price"": ""15000""}]","DININGCODE 스킵네비게이션

본문바로가기
주메뉴바로가기
로그인
실크로드 가산
실크로드
저장
공유
가산짜장면, 중국집

3.3 (4명의 평가)
67점 

서울특별시 금천구 가산로 147-5 지번 
지도보기
영업 중
오늘(목)
·
영업시간: 10:00 - 22:00
0507-1444-3950
식사모임, 회식
지역주민이찾는, 쾌적한, 점심식사, 저녁식사, 독립된공간, 룸식당, 배달
폐업신고 · 정보수정 제안

Advertisement
Advertisement

실크로드 메뉴정보

인기 메뉴 보기

크림새우 중

39,000원

스페셜황제짬뽕

17,000원

각종 해산물을 골고루 넣어 시원하고 얼큰한 맛을 살린 실크로드만의 시그니처 짬뽕

멘보샤

50,000원

잡탕밥

17,000원

잡채밥

9,000원

마파두부밥

9,000원

고추덮밥

9,000원

백짬뽕

11,000원

삼선해물짬뽕밥

12,000원

차돌짬뽕밥

12,000원

유산슬밥

16,000원

양장피 중

39,000원

깐풍가지요리

변동

가지에 새우를다져서 튀김을해서 깐풍맛나게 요리합니다

깐풍기 중

39,000원

류산슬 중

43,000원

옛날짜장

7,000원

삼선해물짬뽕

11,000원

삼선볶음밥

9,000원

어향동고

55,000원

찹쌀탕수육 중

35,000원

통낙지해물짬뽕

15,000원

통전복해물짬뽕

15,000원

메뉴 접기

맛집태그

실크로드
의 사진
음식 (9) 실내 (1) 실외 (2) 메뉴ㆍ정보 (5)

Advertisement
Advertisement

실크로드 방문자 리뷰

3.3
4건의 리뷰가 작성되었어요.
5

최고에요

(0)

4

만족해요

(1)

3

무난해요

(3)

2

아쉬워요

(0)

1

별로예요

(0)

맛
3.0
좋음
0%
보통
100%
부족
0%
가격
4.0
만족
50%
보통
50%
불만
0%
응대
4.0
친절함
50%
보통
50%
불친절
0%
방문목적

점심식사 4저녁식사 3식사모임 2배달 1혼밥",ok,
서울특별시 금천구,중식,칭따오,https://www.diningcode.com/profile.php?rid=RHoYeyt7W8cv,서울특별시 금천구 범안로 1130 디지털엠파이어206호 지번,4.4,3,"[{""menu_name"": ""돌판김치볶음밥(신메뉴)"", ""menu_price"": ""10000""}, {""menu_name"": ""마라 연두부 면(신메뉴)매워요~~"", ""menu_price"": ""10000""}, {""menu_name"": ""중식냉면"", ""menu_price"": ""10000""}, {""menu_name"": ""돌판볶음밥"", ""menu_price"": ""10000""}, {""menu_name"": ""마라돌판짜장(신메뉴)매워요"", ""menu_price"": ""10000""}, {""menu_name"": ""차돌짬뽕"", ""menu_price"": ""11000""}, {""menu_name"": ""굴 짬뽕 (계절별미)"", ""menu_price"": ""11000""}, {""menu_name"": ""짜장면"", ""menu_price"": ""7000""}, {""menu_name"": ""돌판짜장"", ""menu_price"": ""9000""}, {""menu_name"": ""짬뽕"", ""menu_price"": ""8000""}, {""menu_name"": ""우동"", ""menu_price"": ""9000""}, {""menu_name"": ""냉짬뽕"", ""menu_price"": ""10000""}]","DININGCODE 스킵네비게이션

본문바로가기
주메뉴바로가기
로그인
칭따오 독산역
칭따오
저장
공유
독산역짜장면, 칭따오

4.4 (3명의 평가)
69점 

서울특별시 금천구 범안로 1130 디지털엠파이어206호 지번 
지도보기
영업 중
오늘(목)
·
영업시간: 10:00 - 21:00
02-2624-2858
회식, 혼밥
지역주민이찾는, 깔끔한, 점심식사, 저녁식사, 셀프바
폐업신고 · 정보수정 제안

Advertisement
자세히 알아보기
음료
소고기
음식 사진
Advertisement

칭따오 메뉴정보

인기 메뉴 보기

돌판김치볶음밥(신메뉴)

10,000원

마라 연두부 면(신메뉴)매워요~~

10,000원

중식냉면

10,000원

돌판볶음밥

10,000원

마라돌판짜장(신메뉴)매워요

10,000원

차돌짬뽕

11,000원

굴 짬뽕 (계절별미)

11,000원

짜장면

7,000원

돌판짜장

9,000원

짬뽕

8,000원

우동

9,000원

냉짬뽕

10,000원

메뉴 접기

맛집태그

칭따오
의 사진
음식 (7) 실외 (1) 메뉴ㆍ정보 (3)

Advertisement
Advertisement

칭따오 방문자 리뷰

4.4
3건의 리뷰가 작성되었어요.
5

최고에요

(1)

4

만족해요

(2)

3

무난해요

(0)

2

아쉬워요

(0)

1

별로예요

(0)

맛
5.0
좋음
100%
보통
0%
부족
0%
가격
5.0
만족
100%
보통
0%
불만
0%
응대
4.3
친절함
67%
보통
33%
불친절
0%
방문목적

점심식사 3회식 2가족외식 2혼밥 1저녁식사 1

편의시설

무료주차 1

분위기

지역주민이찾는 3서민적인 2캐주얼한 1가성비좋은 1숨은맛집 1푸짐한 1시끌벅적한 1

추천순 최신순 평점 높은순 평점 낮은순

오이싫어오이
평균 별점 4.8   평가 324   팔로워 5

1장 더보기

5점
6일 전

독산역 이사 노가다하고 첫 특식인데
맛있네요 양도 많아요
맛: 좋음|가격: 만족|응대: 좋음

주문",ok,
서울특별시 금천구,중식,짬뽕의 제왕,https://www.diningcode.com/profile.php?rid=kEwiDyjyzX8f,서울특별시 금천구 가산디지털2로 101 한라원앤원타워 2층 215호 지번,5,2,"[{""menu_name"": ""사카이텐동 다양한 야채와 새우튀김을 맛있는 덮밥으로. 볶음김치 제공으로 느끼함은 제로!!"", ""menu_price"": ""12000""}, {""menu_name"": ""에비텐동 큼직한 새우튀김을 더 풍성하게 즐기고 싶다면 에비텐동 선택"", ""menu_price"": ""14000""}, {""menu_name"": ""중화국밥 볶음밥을 짬뽕에 말아먹는 묘한 매력. 계란후라이까지 더해지니 고소함까지. 퓨전 중식 메뉴"", ""menu_price"": ""13000""}, {""menu_name"": ""냉면(물/비빔-계절) 냉면보다 시원한 중화 냉면(물/비빔-계절)"", ""menu_price"": ""11000""}, {""menu_name"": ""제왕냉우동(계절) 냉면보다 더 맛있는 시원한 냉우동(계절)"", ""menu_price"": ""15000""}, {""menu_name"": ""한우사태짬뽕 진한 해물육수에 푸짐한 소고기가 듬뿍 들어간 퓨전 짬뽕"", ""menu_price"": ""15000""}, {""menu_name"": ""짜장면 중식당 기본 메뉴. 맛있는 짜장면 먹으러 고고!!"", ""menu_price"": ""8000""}, {""menu_name"": ""고기듬뿍간짜장 돼지고기가 듬뿍. 신선하게 새로 볶아나오는 인생 간짜장"", ""menu_price"": ""11000""}, {""menu_name"": ""짜장밥 짜장밥은 계란후라이가 진리!"", ""menu_price"": ""9000""}, {""menu_name"": ""해물짬뽕밥 해물짬뽕을 밥으로 즐기고 싶다면!!"", ""menu_price"": ""13000""}, {""menu_name"": ""해물삼선짬뽕밥 해물삼선짬뽕을 밥으로 즐기고 싶다면!!"", ""menu_price"": ""16000""}, {""menu_name"": ""새우볶음밥 새우를 넣어 중화풍으로 볶아낸 푸짐한 맛의 새우볶음밥"", ""menu_price"": ""12000""}, {""menu_name"": ""제왕텐동(기본+요리튀김) 중식 튀김 대가의 대표 텐동 메뉴. 기본 텐동에 중화요리튀김이 추가되어 든든하게 즐기세요"", ""menu_price"": ""17000""}, {""menu_name"": ""중화잡채밥 먹어보면 반할 맛. 맛있는 잡채를 중화풍으로 볶아낸 덮밥 스타일 요리."", ""menu_price"": ""14000""}, {""menu_name"": ""해물짬뽕 푸짐한 해물과 깊은 육수가 일품인 기본 짬뽕 메뉴."", ""menu_price"": ""12000""}, {""menu_name"": ""해물삼선짬뽕 풍부한 해물과 진한 육수의 맛. 짬뽕의 제왕 대표 메뉴"", ""menu_price"": ""15000""}, {""menu_name"": ""제왕짬뽕 짬뽕의 제왕 시그니쳐 메뉴."", ""menu_price"": ""17000""}, {""menu_name"": ""삼선간짜장 새우, 낙지 등 신선한 해물이 듬뿍. 나 이제부터 삼선짜장은 짬뽕의 제왕에서 먹을래요!!!"", ""menu_price"": ""13000""}, {""menu_name"": ""차슈동 일식풍 차슈를 덮밥 형태로 즐기는 퓨전메뉴"", ""menu_price"": ""12000""}, {""menu_name"": ""차슈짬뽕 짬뽕위에 일식풍 차슈를 토핑으로 얹어서 즐기는 퓨젼 메뉴"", ""menu_price"": ""14000""}, {""menu_name"": ""명동교자 스타일 짬뽕 이제 명동칼국수 먹으러 명동까지 가지 않아도 됩니다. 명동교자 스타일로 즐기는 새로운 짬뽕"", ""menu_price"": ""11000""}]","DININGCODE 스킵네비게이션

본문바로가기
주메뉴바로가기
로그인
짬뽕의 제왕 가산
짬뽕의 제왕
저장
공유
가산짬뽕, 삼선짬뽕

5 (2명의 평가)
69점 

서울특별시 금천구 가산디지털2로 101 한라원앤원타워 2층 215호 지번 
지도보기
영업 중
오늘(목)
·
영업시간: 11:00 - 15:00
02-9840-7555
해장, 혼밥
서민적인, 얼큰, 점심식사, 셀프바
폐업신고 · 정보수정 제안

Advertisement
Advertisement
자세히 알아보기
소고기
음료
음식 배달 서비스

짬뽕의 제왕 메뉴정보

인기 메뉴 보기

사카이텐동

12,000원

다양한 야채와 새우튀김을 맛있는 덮밥으로. 볶음김치 제공으로 느끼함은 제로!!

에비텐동

14,000원

큼직한 새우튀김을 더 풍성하게 즐기고 싶다면 에비텐동 선택

중화국밥

13,000원

볶음밥을 짬뽕에 말아먹는 묘한 매력. 계란후라이까지 더해지니 고소함까지. 퓨전 중식 메뉴

냉면(물/비빔-계절)

11,000원

냉면보다 시원한 중화 냉면(물/비빔-계절)

제왕냉우동(계절)

15,000원

냉면보다 더 맛있는 시원한 냉우동(계절)

한우사태짬뽕

15,000원

진한 해물육수에 푸짐한 소고기가 듬뿍 들어간 퓨전 짬뽕

짜장면

8,000원

중식당 기본 메뉴. 맛있는 짜장면 먹으러 고고!!

고기듬뿍간짜장

11,000원

돼지고기가 듬뿍. 신선하게 새로 볶아나오는 인생 간짜장

짜장밥

9,000원

짜장밥은 계란후라이가 진리!

해물짬뽕밥

13,000원

해물짬뽕을 밥으로 즐기고 싶다면!!

해물삼선짬뽕밥

16,000원

해물삼선짬뽕을 밥으로 즐기고 싶다면!!

새우볶음밥

12,000원

새우를 넣어 중화풍으로 볶아낸 푸짐한 맛의 새우볶음밥

제왕텐동(기본+요리튀김)

17,000원

중식 튀김 대가의 대표 텐동 메뉴. 기본 텐동에 중화요리튀김이 추가되어 든든하게 즐기세요

중화잡채밥

14,000원

먹어보면 반할 맛. 맛있는 잡채를 중화풍으로 볶아낸 덮밥 스타일 요리.

",ok,
서울특별시 금천구,양식,믹스토랑 금천구청점,https://www.diningcode.com/profile.php?rid=equSVujjqQNg,서울특별시 금천구 시흥대로79길 15 리솜메디라이프 1층 106호~108호 지번,4.4,14,"[{""menu_name"": ""[10%할인] 안심비프 찹스테이크박스 20.0 > 18.0 부드러운 안심 스테이크와 풍성한 구성으로 즐기는 든든한 피크닉 한 끼"", ""menu_price"": ""18000""}, {""menu_name"": ""[10%할인] 버터갈릭 쉬림프 박스 20.0 > 18.0 버터향 가득한 쉬림프에 바삭한 사이드까지, 피크닉 한 박스"", ""menu_price"": ""18000""}, {""menu_name"": ""🎉신메뉴 태국식 마늘 닭날개 튀김 바삭한 닭날개에 태국식 마늘 풍미가 가득! 황금빛 마늘 크럼블의 감칠맛으로 술안주에 딱!"", ""menu_price"": ""6000""}, {""menu_name"": ""🎉신메뉴 프렌치프라이 겉은 바삭하고 속은 포슬한 감자에 케이준 시즈닝을 더해 향신료의 풍미를 살린 감자튀김"", ""menu_price"": ""5000""}, {""menu_name"": ""풀드포크 플래터 풀드포크와 샐러드를 4가지 소스를 더해 또띠아에 싸먹는 풀드포크플래터"", ""menu_price"": ""30900""}, {""menu_name"": ""부채살 스테이크 마블링이 좋고 씹는 맛이 뛰어난 육즙이 풍부한 스테이크"", ""menu_price"": ""25900""}, {""menu_name"": ""찹스테이크 안심, 파프리카, 버섯, 통마늘이 들어간 찹스테이크"", ""menu_price"": ""34900""}, {""menu_name"": ""목살 스테이크 그릴에 구워 불맛을 살린 목살과 신선한 샐러드를 함께 즐길 수 있는 스테이크"", ""menu_price"": ""15900""}, {""menu_name"": ""슈니첼 눈꽃등심돈까스를 믹스토랑에서 즐겨보세요"", ""menu_price"": ""13900""}, {""menu_name"": ""베이비폭립 베이비폭립 400g, 감자튀김으로 이루어진 세트메뉴"", ""menu_price"": ""35900""}, {""menu_name"": ""해장파스타 기본맵기 2단계 (맵기 조절 불가) 각종 해산물과 상하이소스로 만든 프리미엄 국물 파스타"", ""menu_price"": ""17900""}, {""menu_name"": ""마라 크림 파스타 마라와 크림의 조화"", ""menu_price"": ""13900""}, {""menu_name"": ""믹스 플래터 특제 소스와 불맛을 한껏 끌어올린 포크스테이크에 또띠아를 함께 즐기는 멕시코의 화이타"", ""menu_price"": ""26900""}, {""menu_name"": ""우상겹 상하이 파스타 소고기의 풍미를 더한 매콤한 상하이식 파스타"", ""menu_price"": ""13900""}, {""menu_name"": ""토마토 베이컨 파스타 베이컨과 버섯이 어우러진 깊고 진한 믹스만의 특제 소스로 만든 파스타"", ""menu_price"": ""11900""}, {""menu_name"": ""상하이 필라프 통통한 새우와 매콤한 상하이 소스가 어우러진 필라프"", ""menu_price"": ""13900""}, {""menu_name"": ""새우 필라프 통통한 새우와 버섯, 신선한 야채가 어우러진 필라프"", ""menu_price"": ""12900""}, {""menu_name"": ""김치 필라프 감칠맛나는 김치와 버섯, 풍미있는 베이컨이 어우러진 필라프"", ""menu_price"": ""12900""}, {""menu_name"": ""포르치니버섯 크림 아란치니 포르치니버섯과 크림소스로 아란치니를 즐기세요"", ""menu_price"": ""14900""}, {""menu_name"": ""아라비아따 아란치니 아란치니를 으깨서 아라비아따 소스와 함께 즐기는 메뉴"", ""menu_price"": ""14900""}, {""menu_name"": ""트러플 크림 리조또 향긋한 트러플오일과 고소한 크림으로 맛을 낸 리조또"", ""menu_price"": ""13900""}, {""menu_name"": ""로제 베이컨 리조또 특제 로제 소스와 버섯 베이컨으로 맛을 낸 리조또"", ""menu_price"": ""12900""}, {""menu_name"": ""바질크림베이컨 리조또 고소한 크림과 버섯 베이컨 바질로 맛을 낸 리조또"", ""menu_price"": ""13900""}, {""menu_name"": ""안심 스테이크 지방이 적어 담백한 고급 식재료인 안심을 허브로 숙성시켜 풍미와 식감이 일품인 스테이크"", ""menu_price"": ""32900""}, {""menu_name"": ""감바스 알 아히요 스페인식 새우 마늘요리, 새우와 올리브오일에 빵을 찍거나 올려먹는 일품요리"", ""menu_price"": ""22000""}, {""menu_name"": ""상하이 파스타 조개, 새우 등 해산물과 버섯을 넣은 매콤한 시그니처 파스타"", ""menu_price"": ""12900""}, {""menu_name"": ""크림 베이컨 파스타 베이컨과 고소한 크림소스가 잘 어우러진 파스타"", ""menu_price"": ""11900""}, {""menu_name"": ""감바스 오일 파스타 올리브 오일에 마늘과 새우로 맛을 낸 오일 파스타"", ""menu_price"": ""11900""}, {""menu_name"": ""목살 필라프 부드러운 돼지 목살과 버섯, 신선한 야채가 어우러진 필라프"", ""menu_price"": ""12900""}, {""menu_name"": ""🎉신메뉴 짜품빠(단품) 바삭한 빠네 속 불향 가득 해물 철판짜장! 연유 찍어 먹는 빵으로 디저트까지 즐기는 파스타"", ""menu_price"": ""16900""}, {""menu_name"": ""🎉신메뉴 짜품빠(콤보) 빠네 속 해산물 철판짜장과 볶음밥의 만남! 풀코스 구성에 연유 빵 디저트까지 완벽한 한 접"", ""menu_price"": ""25900""}]","DININGCODE 스킵네비게이션

본문바로가기
주메뉴바로가기
로그인
믹스토랑 금천구...
믹스토랑 금천구청점
저장
공유
금천구청역파스타, 레스토랑

4.4 (14명의 평가)
78점 

서울특별시 금천구 시흥대로79길 15 리솜메디라이프 1층 106호~108호 지번 
지도보기
영업 중
오늘(목)
·
영업시간: 11:00 - 22:00
0507-1467-0338
식사모임, 데이트
가성비좋은, 깔끔한, 점심식사, 저녁식사, 아기의자, 무료주차, 배달
폐업신고 · 정보수정 제안

Advertisement
Advertisement

믹스토랑 메뉴정보

인기 메뉴 보기

[10%할인] 안심비프 찹스테이크박스

18,000원

20.0 > 18.0 부드러운 안심 스테이크와 풍성한 구성으로 즐기는 든든한 피크닉 한 끼

[10%할인] 버터갈릭 쉬림프 박스

18,000원

20.0 > 18.0 버터향 가득한 쉬림프에 바삭한 사이드까지, 피크닉 한 박스

🎉신메뉴 태국식 마늘 닭날개 튀김

6,000원

바삭한 닭날개에 태국식 마늘 풍미가 가득! 황금빛 마늘 크럼블의 감칠맛으로 술안주에 딱!

🎉신메뉴 프렌치프라이

5,000원

겉은 바삭하고 속은 포슬한 감자에 케이준 시즈닝을 더해 향신료의 풍미를 살린 감자튀김

풀드포크 플래터

30,900원

풀드포크와 샐러드를 4가지 소스를 더해 또띠아에 싸먹는 풀드포크플래터

부채살 스테이크

25,900원

마블링이 좋고 씹는 맛이 뛰어난 육즙이 풍부한 스테이크

찹스테이크

34,900원

안심, 파프리카, 버섯, 통마늘이 들어간 찹스테이크

목살 스테이크

15,900원

그릴에 구워 불맛을 살린 목살과 신선한 샐러드를 함께 즐길 수 있는 스테이크

슈니첼

13,900원

눈꽃등심돈까스를 믹스토랑에서 즐겨보세요

베이비폭립

35,900원

베이비폭립 400g, 감자튀김으로 이루어진 세트메뉴

해장파스타

17,900원

기본맵기 2단계 (맵기 조절 불가) 각종 해산물과 상하이소스로 만든 프리미엄 국물 파스타

마라 크림 ",ok,
서울특별시 금천구,양식,영향,https://www.diningcode.com/profile.php?rid=UWkyMxN4kkIp,서울특별시 금천구 남부순환로108길 7 1층 지번,4.4,8,"[{""menu_name"": ""부채살 스테이크(포장불가) 오일 숙성시킨 그릴링 부채살, 매쉬드 포테이토 포장주문시 주문 거부됩니다."", ""menu_price"": ""33900""}, {""menu_name"": ""명란 할라피뇨 오일 파스타 할라피뇨 오일소스, 마늘, 명란, 수란"", ""menu_price"": ""15800""}, {""menu_name"": ""단호박 뇨끼 구운 감자뇨끼, 단호박 퓨레, 모짜렐라 치즈볼, 고구마칩"", ""menu_price"": ""16000""}, {""menu_name"": ""치킨 라자냐 치킨 라구소스, 베샤멜소스, 치즈, 오븐에 구운 라자냐"", ""menu_price"": ""18000""}, {""menu_name"": ""페퍼로니 라자냐 페퍼로니, 할라피뇨, 치킨라구소스, 베샤멜소스, 치즈, 오븐에 구운 라자냐"", ""menu_price"": ""18600""}, {""menu_name"": ""리코타 샐러드 계절과일, 로메인, 허니리코타치즈, 견과류, 바케트2조각"", ""menu_price"": ""10900""}, {""menu_name"": ""시저 샐러드 로메인, 렌치드레싱, 베이컨칩, 크루통, 그라나파다노"", ""menu_price"": ""10900""}, {""menu_name"": ""감자 크림스프 감자크림스프,체다치즈,베이컨,크루통"", ""menu_price"": ""6800""}, {""menu_name"": ""매쉬드포테이토&당근라페 매쉬드포테이토,당근샐러드,바게트빵3조각"", ""menu_price"": ""6800""}, {""menu_name"": ""크림치즈 비스킷 수제리코타치즈,꿀,견과류,비스킷"", ""menu_price"": ""7900""}, {""menu_name"": ""바게트빵 4ea"", ""menu_price"": ""1500""}, {""menu_name"": ""바질 크림 리소토 베이컨,바질크림소스, 모짜렐라치즈"", ""menu_price"": ""12800""}, {""menu_name"": ""치미추리 파스타 다진 소고기, 영향식 치미추리소스, 적양파, 크러쉬드페퍼"", ""menu_price"": ""15800""}, {""menu_name"": ""매콤 해산물 토마토 리소토 해산물(변동가능),파마산치즈, 모짜렐라 치즈볼,매콤토마토소스"", ""menu_price"": ""15800""}, {""menu_name"": ""해산물로제리소토 낙지.오징어.홍합.피망.매콤한로제소스"", ""menu_price"": ""14800""}, {""menu_name"": ""바질치킨라자냐 치킨라구라자냐.바질소스.루꼴라.썬드라이토마토"", ""menu_price"": ""18600""}, {""menu_name"": ""라구 파스타 다진소고기,토마토라구소스,파마산치즈,노른자,모짜렐라치즈"", ""menu_price"": ""16800""}, {""menu_name"": ""비프 버섯크림파스타 살치살,트러플오일, 각종버섯,뒬쉘, 눈꽃치즈,크림소스"", ""menu_price"": ""27800""}, {""menu_name"": ""페퍼로니 로제 파스타 페퍼로니, 로제소스, 모짜렐라치즈, 체다치즈"", ""menu_price"": ""16800""}, {""menu_name"": ""해물 토마토 국물파스타 낙지,오징어,고추장,토마토소스(해산물 변동될수있음)"", ""menu_price"": ""13800""}, {""menu_name"": ""블루치즈 해산물 크림 리소토 낙지, 오징어, 날치알, 블루치즈, 모짜렐라치즈"", ""menu_price"": ""17000""}, {""menu_name"": ""버섯 크림 리소토 각종버섯으로 만든 뒥쉘,크림소스 리소토"", ""menu_price"": ""12800""}, {""menu_name"": ""버섯 크림 뇨끼 구운 감자뇨끼, 뒥쉘, 양송이,모짜렐라 치즈볼, 루꼴라"", ""menu_price"": ""16000""}]","DININGCODE 스킵네비게이션

본문바로가기
주메뉴바로가기
로그인
영향 가산동
영향
저장
공유
가산동파스타, 스테이크

4.4 (8명의 평가)
71점 

서울특별시 금천구 남부순환로108길 7 1층 지번 
지도보기
영업 중
오늘(목)
·
영업시간: 11:30 - 21:30
0507-1358-7653
데이트, 소개팅장소
예쁜, 분위기좋은, 점심식사, 저녁식사, 예약가능, 유아의자, 배달
폐업신고 · 정보수정 제안

Advertisement
Advertisement

영향 메뉴정보

인기 메뉴 보기

부채살 스테이크(포장불가)

33,900원

오일 숙성시킨 그릴링 부채살, 매쉬드 포테이토 포장주문시 주문 거부됩니다.

명란 할라피뇨 오일 파스타

15,800원

할라피뇨 오일소스, 마늘, 명란, 수란

단호박 뇨끼

16,000원

구운 감자뇨끼, 단호박 퓨레, 모짜렐라 치즈볼, 고구마칩

치킨 라자냐

18,000원

치킨 라구소스, 베샤멜소스, 치즈, 오븐에 구운 라자냐

페퍼로니 라자냐

18,600원

페퍼로니, 할라피뇨, 치킨라구소스, 베샤멜소스, 치즈, 오븐에 구운 라자냐

리코타 샐러드

10,900원

계절과일, 로메인, 허니리코타치즈, 견과류, 바케트2조각

시저 샐러드

10,900원

로메인, 렌치드레싱, 베이컨칩, 크루통, 그라나파다노

감자 크림스프

6,800원

감자크림스프,체다치즈,베이컨,크루통

매쉬드포테이토&당근라페

6,800원

매쉬드포테이토,당근샐러드,바게트빵3조각

크림치즈 비스킷

7,900원

수제리코타치즈,꿀,견과류,비스킷

바게트빵 4ea

1,500원

바질 크림 리소토

12,800원

베이컨,바질크림소스, 모짜렐라치즈

치미추리 파스타

15,800원

다진 소고기, 영향식 치미추리소스, 적양파, 크러쉬드페퍼

매콤 해산물 토마토 리소토

15,800원

해산물(변동가능),파마산치즈, 모짜렐라 치즈볼,매콤토마토소스

해산물로제리소토

14,800원

낙지.오징어.홍합.피망.매콤한로제소스

바질치킨라자냐

1",ok,
서울특별시 금천구,양식,벨 구스토,https://www.diningcode.com/profile.php?rid=fq1dn6zf7otW,서울특별시 금천구 시흥대로 315 롯데캐슬골드파크타워960 201호 지번,4.9,10,"[{""menu_name"": ""시저 샐러드"", ""menu_price"": ""12000""}, {""menu_name"": ""뽀모도로 디마레"", ""menu_price"": ""15000""}, {""menu_name"": ""까르보나라"", ""menu_price"": ""13000""}, {""menu_name"": ""빠네"", ""menu_price"": ""15000""}, {""menu_name"": ""뽈로 커리 빠네"", ""menu_price"": ""16000""}, {""menu_name"": ""바질 크레마 감베로니"", ""menu_price"": ""15000""}, {""menu_name"": ""크레마 디마레"", ""menu_price"": ""15000""}, {""menu_name"": ""알리오 에 올리오"", ""menu_price"": ""11000""}, {""menu_name"": ""초리조 알리오 올리오"", ""menu_price"": ""14000""}, {""menu_name"": ""카프레제"", ""menu_price"": ""14000""}, {""menu_name"": ""바질 페스토 감베로니"", ""menu_price"": ""15000""}, {""menu_name"": ""가쓰오부시 감베로니"", ""menu_price"": ""14000""}, {""menu_name"": ""프루티 디마레"", ""menu_price"": ""15000""}, {""menu_name"": ""앤쵸비 감베로니"", ""menu_price"": ""15000""}, {""menu_name"": ""올리브 봉골레"", ""menu_price"": ""15000""}, {""menu_name"": ""로제 뽈로 리조토"", ""menu_price"": ""14000""}, {""menu_name"": ""마리나라"", ""menu_price"": ""14000""}, {""menu_name"": ""바질 감베로니 리조토"", ""menu_price"": ""14000""}, {""menu_name"": ""크림 마리나라"", ""menu_price"": ""15000""}, {""menu_name"": ""만조 인살라테"", ""menu_price"": ""13000""}, {""menu_name"": ""크레마 바질 리조토"", ""menu_price"": ""15000""}, {""menu_name"": ""마르게리타"", ""menu_price"": ""15000""}, {""menu_name"": ""시저 피자"", ""menu_price"": ""17000""}, {""menu_name"": ""초리조 피자"", ""menu_price"": ""17000""}, {""menu_name"": ""고르곤졸라"", ""menu_price"": ""17000""}, {""menu_name"": ""세이 포르마쥐"", ""menu_price"": ""17000""}, {""menu_name"": ""채끝 등심(250g)"", ""menu_price"": ""35000""}, {""menu_name"": ""안심(220g)"", ""menu_price"": ""40000""}, {""menu_name"": ""올리브 치아바타(4조각)"", ""menu_price"": ""2500""}, {""menu_name"": ""콜라,제로콜라(355ml)"", ""menu_price"": ""2500""}, {""menu_name"": ""스프라이트,제로스프라이트(355ml)"", ""menu_price"": ""2500""}, {""menu_name"": ""환타(오렌지)355ml"", ""menu_price"": ""2500""}, {""menu_name"": ""펩시콜라 제로 라임(355ml)"", ""menu_price"": ""2500""}, {""menu_name"": ""웰치스(포도)355ml"", ""menu_price"": ""2500""}, {""menu_name"": ""레몬,오렌지,자몽,청포도 에이드"", ""menu_price"": ""5000""}, {""menu_name"": ""라구 알라 볼로네즈"", ""menu_price"": ""13000""}, {""menu_name"": ""펜네 아라비아타"", ""menu_price"": ""14000""}, {""menu_name"": ""스파게티 아라비아타"", ""menu_price"": ""14000""}]","DININGCODE 스킵네비게이션

본문바로가기
주메뉴바로가기
로그인
벨 구스토 독산동
벨 구스토
저장
공유
독산동파스타, 피자

4.9 (10명의 평가)
72점 

서울특별시 금천구 시흥대로 315 롯데캐슬골드파크타워960 201호 지번 
지도보기
영업 중
오늘(목)
·
영업시간: 11:00 - 22:00
0507-1413-1178
식사모임, 데이트
고급스러운, 깔끔한, 점심식사, 저녁식사, 아기의자, 무료주차, 배달
폐업신고 · 정보수정 제안

Advertisement
Advertisement

벨 구스토 메뉴정보

인기 메뉴 보기

*샐러드*

변동

시저 샐러드

12,000원

뽀모도로 디마레

15,000원

*크림소스 파스타*

변동

까르보나라

13,000원

빠네

15,000원

뽈로 커리 빠네

16,000원

바질 크레마 감베로니

15,000원

크레마 디마레

15,000원

*올리브 오일 파스타*

변동

알리오 에 올리오

11,000원

초리조 알리오 올리오

14,000원

카프레제

14,000원

바질 페스토 감베로니

15,000원

가쓰오부시 감베로니

14,000원

프루티 디마레

15,000원

앤쵸비 감베로니

15,000원

올리브 봉골레

15,000원

*리조토*

변동

로제 뽈로 리조토

14,000원

마리나라

14,000원

바질 감베로니 리조토

14,000원

크림 마리나라

15,000원

만조 인살라테

13,000원

크레마 바질 리조토

15,000원

*피자*

변동

마르게리타

15,000원

시저 피자

17,000원

초리조 피자

17,000원

고르곤졸라

17,000원

세이 포르마쥐

17,000원

*스테이크*

변동

채끝 등심(250g)

35,000원

안심(220g)

40,000원

*토마토소스 파스타*

변동

*브레드*

변동

올리브 치아바타(4조각)

2,500원

*음료/에이드*

변동

콜라,제로콜라(355ml)

2,500원

스프라이트,제로스프라이",ok,
서울특별시 금천구,양식,매드포갈릭,https://www.diningcode.com/profile.php?rid=TqLD7gIRMu0n,서울특별시 금천구 디지털로10길 9 현대시티아울렛 8층 지번,3.5,13,"[{""menu_name"": ""로맨틱 프리미엄 커플 세트 K-Cultured 그랑 갈릭 본스테이크 with Filet, 로맨틱무드를 더한 커플 세트"", ""menu_price"": ""222000""}, {""menu_name"": ""스페셜 프리미엄 세트 K-Cultured 그랑 갈릭 본스테이크 with Filet, 풍성한 구성의 프리미엄 세트"", ""menu_price"": ""248000""}, {""menu_name"": ""포레스트 스트립 스테이크 바삭하게 튀긴 브로콜리를 올리고 홀그레인 스윗 크림소스로 부드러움을 더한 채끝 스테이크"", ""menu_price"": ""66800""}, {""menu_name"": ""트러플 머시룸 잠봉 피자 트러플의 풍미와 버섯 크림 소스에 잠봉, 그라나 파다노 치즈를 함께 즐기는 프리미엄 피자"", ""menu_price"": ""35700""}, {""menu_name"": ""갈릭 명란 파스타 명란과 마늘의 조화, 쪽파와 김가루로 깊은 바다의 향을 섬세하게 채워낸 갈릭 명란 파스타"", ""menu_price"": ""28700""}, {""menu_name"": ""갈릭페뇨 파스타 할라페뇨와 마늘의 알싸함에 엔쵸비로 풍미를 더한 매콤한 올리브오일 파스타"", ""menu_price"": ""28700""}, {""menu_name"": ""갈릭 스노잉 피자 화이트소스에 새우, 파인애플, 고소한 튀긴 마늘이 어우러진 매드포갈릭 시그니처 피자"", ""menu_price"": ""28700""}]","DININGCODE 스킵네비게이션

본문바로가기
주메뉴바로가기
로그인
매드포갈릭 가산
매드포갈릭
저장
공유
다시 보지 않기
저장 기능이 추가되었어요!
PC에서도 내가 저장한 맛집을 이용할 수 있어요.
나만의 맛집 리스트를 관리해보세요.
가산파스타, 스테이크

3.5 (13명의 평가)
73점 

서울특별시 금천구 디지털로10길 9 현대시티아울렛 8층 지번 
지도보기
영업 중
오늘(목)
·
영업시간: 10:30 - 21:30
0507-1402-0286
가족외식, 데이트
캐주얼한, 예약, 점심식사, 저녁식사, 예약가능, 유아의자, 무료주차, 배달
폐업신고 · 정보수정 제안

Advertisement
Advertisement
자세히 알아보기
음식점 컨설팅
미식 투어
관광지 정보

매드포갈릭 메뉴정보

인기 메뉴 보기

로맨틱 프리미엄 커플 세트

222,000원

K-Cultured 그랑 갈릭 본스테이크 with Filet, 로맨틱무드를 더한 커플 세트

스페셜 프리미엄 세트

248,000원

K-Cultured 그랑 갈릭 본스테이크 with Filet, 풍성한 구성의 프리미엄 세트

포레스트 스트립 스테이크

66,800원

바삭하게 튀긴 브로콜리를 올리고 홀그레인 스윗 크림소스로 부드러움을 더한 채끝 스테이크

트러플 머시룸 잠봉 피자

35,700원

트러플의 풍미와 버섯 크림 소스에 잠봉, 그라나 파다노 치즈를 함께 즐기는 프리미엄 피자

갈릭 명란 파스타

28,700원

명란과 마늘의 조화, 쪽파와 김가루로 깊은 바다의 향을 섬세하게 채워낸 갈릭 명란 파스타

갈릭페뇨 파스타

28,700원

할라페뇨와 마늘의 알싸함에 엔쵸비로 풍미를 더한 매콤한 올리브오일 파스타

갈릭 스노잉 피자

28,700원

화이트소스에 새우, 파인애플, 고소한 튀긴 마늘이 어우러진 매드포갈릭 시그니처 피자

매드포갈릭
의 사진
음식 (38) 실내 (2) 실외 (2) 메뉴ㆍ정보 (14)
사진 더보기

Advertisement
자세히 알아보기
음료
소고기
음식 사진 촬영 장비
A",ok,
서울특별시 금천구,양식,파슷타애요 독산점,https://www.diningcode.com/profile.php?rid=WpqZPCi1zvgL,서울특별시 금천구 시흥대로88가길 39 1층 지번,4,2,"[{""menu_name"": ""파슷타애요 메뉴정보 인기 메뉴 보기 매콤크림 파스타 느끼함을 잡아줄 매콤한 특제 크림소스에 통통한 새우, 고소한 베이컨이 만나 풍미가 넘치는"", ""menu_price"": ""11400""}, {""menu_name"": ""매콤크림 파스타 느끼함을 잡아줄 매콤한 특제 크림소스에 통통한 새우, 고소한 베이컨이 만나 풍미가 넘치는"", ""menu_price"": ""11400""}]","DININGCODE 스킵네비게이션

본문바로가기
주메뉴바로가기
로그인
파슷타애요 독산점
파슷타애요 독산점
저장
공유
다시 보지 않기
저장 기능이 추가되었어요!
PC에서도 내가 저장한 맛집을 이용할 수 있어요.
나만의 맛집 리스트를 관리해보세요.
독산동파스타, 양식

4 (2명의 평가)
68점 

서울특별시 금천구 시흥대로88가길 39 1층 지번 
지도보기
영업 중
오늘(목)
·
영업시간: 10:00 - 02:00
0507-1473-2429
간식
다양한메뉴, 배달
폐업신고 · 정보수정 제안

Advertisement
Advertisement

파슷타애요 메뉴정보

인기 메뉴 보기

매콤크림 파스타

11,400원

느끼함을 잡아줄 매콤한 특제 크림소스에 통통한 새우, 고소한 베이컨이 만나 풍미가 넘치는

파슷타애요
의 사진
음식 (4)

Advertisement
Advertisement

파슷타애요 방문자 리뷰

4.0
2건의 리뷰가 작성되었어요.
5

최고에요

(1)

4

만족해요

(0)

3

무난해요

(1)

2

아쉬워요

(0)

1

별로예요

(0)

맛
4.0
좋음
50%
보통
50%
부족
0%
가격
3.0
만족
0%
보통
100%
불만
0%
응대
3.0
친절함
0%
보통
100%
불친절
0%
방문목적

배달 1혼밥 1

분위기

숨은맛집 1서민적인 1

추천순 최신순 평점 높은순 평점 낮은순

이미용씨
평균 별점 3.3   평가 579   팔로워 1

3점
1월 3일

배달파스타중에 파스타입니다를 제일 좋아했는데 없어서 대체로 찾은 곳
양이랑 맛이 좀 아쉬움
맛: 보통|가격: 보통|응대: 보통

주문한 메뉴

매콤크림 파스타, 알리오올링ᆢ

키워드

혼밥

좋아요
공유

Advertisement
Advertisement

직업은맛집탐방
평균 별점 4.6   평가 404   팔로워 2

5점
2024년 12월 22일

별 생각 없이 시켜 먹어 봤는데 꽤나 맛있었어요. 앞으로 종종 먹을 것 같아요.
맛: 좋음|가격: 보통|응대: 보통

주문한",ok,
서울특별시 금천구,양식,더제이케이키친박스 가산디지털점,https://www.diningcode.com/profile.php?rid=3XD2sAUETBLZ,서울특별시 금천구 가산디지털1로 145 에이스하이엔드타워3 1층 111호 지번,4.4,11,[],"DININGCODE 스킵네비게이션

본문바로가기
주메뉴바로가기
로그인
더제이케이키친박...
더제이케이키친박스 가산디지털점
저장
공유
다시 보지 않기
저장 기능이 추가되었어요!
PC에서도 내가 저장한 맛집을 이용할 수 있어요.
나만의 맛집 리스트를 관리해보세요.
가산파스타, 빠네파스타

4.4 (11명의 평가)
69점 

서울특별시 금천구 가산디지털1로 145 에이스하이엔드타워3 1층 111호 지번 
지도보기
영업 중
오늘(목)
·
영업시간: 11:00 - 21:00
0507-1419-0041
식사모임, 혼밥
캐주얼한, 깔끔한, 점심식사, 저녁식사, 테이크아웃, 셀프바
폐업신고 · 정보수정 제안

Advertisement
Advertisement
자세히 알아보기
음료
소고기
지도

더제이케이키친박스 메뉴정보

인기 메뉴 보기

파스타

빠네 파스타

라이스

피자

샐러드

양상추, 로메인, 라디치오가 기본으로 들어간 샐러드입니다

맛집태그

더제이케이키친박스
의 사진
음식 (25) 실내 (5) 실외 (6) 메뉴ㆍ정보 (17)
사진 더보기

Advertisement
자세히 알아보기
푸드 스타일링
음식점 검색
다이닝코드 프리미엄 멤버십
Advertisement
자세히 알아보기
레스토랑 예약 서비스
도시 및 지역 안내
식당 리뷰 작성 서비스

더제이케이키친박스 방문자 리뷰

4.4
11건의 리뷰가 작성되었어요.
5

최고에요

(4)

4

만족해요

(7)

3

무난해요

(0)

2

아쉬워요

(0)

1

별로예요

(0)

맛
4.5
좋음
73%
보통
27%
부족
0%
가격
3.9
만족
45%
보통
55%
불만
0%
응대
4.1
친절함
55%
보통
45%
불친절
0%
방문목적

점심식사 9저녁식사 8식사모임 5아이동반 2데이트 2혼밥 1

편의시설

주차가능 1

분위기

캐주얼한 5서민적인 5가성비좋은 4깔끔한 2조용한 1숨은맛집 1시끌벅적한 1

추천순 최신순 평점 높은순 평점 낮은순

젠젠
평균 별점 4.2   평가 88   팔로워 1

1장 더보기",ok,
서울특별시 금천구,양식,포타제,https://www.diningcode.com/profile.php?rid=9JuPSLSKqpIm,서울특별시 금천구 디지털로9길 68 1F (대륭포스트타워 5차) 지번,3.3,3,"[{""menu_name"": ""Economy Lunch A 이코노미 런치 코스 A"", ""menu_price"": ""39000""}, {""menu_name"": ""Business Lunch B 비즈니스 런치 코스 B"", ""menu_price"": ""47000""}, {""menu_name"": ""Premium Lunch C 프리미엄 런치 코스 C"", ""menu_price"": ""57000""}, {""menu_name"": ""Signature Dinner 시그니처 디너 코스 A"", ""menu_price"": ""95000""}, {""menu_name"": ""Premium Dinner 프리미엄 디너 코스 B"", ""menu_price"": ""105000""}]","DININGCODE 스킵네비게이션

본문바로가기
주메뉴바로가기
로그인
포타제 가산
포타제
저장
공유
다시 보지 않기
저장 기능이 추가되었어요!
PC에서도 내가 저장한 맛집을 이용할 수 있어요.
나만의 맛집 리스트를 관리해보세요.
가산레스토랑, 코스요리

3.3 (3명의 평가)
69점 

서울특별시 금천구 디지털로9길 68 1F (대륭포스트타워 5차) 지번 
지도보기
영업 중
오늘(목)
·
영업시간: 11:30 - 21:00
02-854-2221
기념일, 소개팅
고급스러운, 디너코스, 점심식사, 저녁식사, 콜키지, 예약가능
폐업신고 · 정보수정 제안

Advertisement
Advertisement

포타제 메뉴정보

인기 메뉴 보기

🥂24년 10월부터

변동

코스전문 레스토랑으로 변경되었습니다.

변동

Economy Lunch A

39,000원

이코노미 런치 코스 A

Business Lunch B

47,000원

비즈니스 런치 코스 B

Premium Lunch C

57,000원

프리미엄 런치 코스 C

Signature Dinner

95,000원

시그니처 디너 코스 A

Premium Dinner

105,000원

프리미엄 디너 코스 B

포타제
의 사진
음식 (10) 메뉴ㆍ정보 (2)

Advertisement
Advertisement

포타제 방문자 리뷰

3.3
3건의 리뷰가 작성되었어요.
5

최고에요

(1)

4

만족해요

(0)

3

무난해요

(1)

2

아쉬워요

(1)

1

별로예요

(0)

맛
3.7
좋음
33%
보통
67%
부족
0%
가격
3.7
만족
33%
보통
67%
불만
0%
응대
3.7
친절함
33%
보통
67%
불친절
0%
방문목적

점심식사 2식사모임 1데이트 1기념일 1가족외식 1저녁식사 1

편의시설

무료주차 1

분위기

고급스러운 2격식있는 1조용한 1깔끔한 1숨은맛집 1

추천순 최신순 평점 높은순 평점 낮은순

은희와함께
평균 별점 3.5   평가 281   팔로워 2

1장 더보기",ok,
서울특별시 금천구,양식,롱블랙스푼,https://www.diningcode.com/profile.php?rid=FoNeEB794aER,서울특별시 금천구 가산디지털1로 131 BYC하이시티 B동 2층 지번,3.1,4,"[{""menu_name"": ""관자새우페스토 부드러운관자와 통통한 새우를 듬뜩 넣어 깻잎 페스토로 조리한 오일파스타"", ""menu_price"": ""18000""}, {""menu_name"": ""새우 날치알 크림 파스타 톡톡 터지는 날치알과 통통한 새우가 들어간 매콤한 크림파스타"", ""menu_price"": ""18000""}, {""menu_name"": ""전복리조또"", ""menu_price"": ""24000""}, {""menu_name"": ""명란아보카도 버터,레몬 향을 더한 명란오일파스타에 아보카도를 올린 파스타"", ""menu_price"": ""18000""}, {""menu_name"": ""해산물토마토리조또 신선한 각종해물이 들어간 토마토리조또"", ""menu_price"": ""19000""}, {""menu_name"": ""이베리코 스테이크 스페인산 흑돼지 목살로 조리한 육즙 가득 스테이크"", ""menu_price"": ""32000""}, {""menu_name"": ""마르게리따"", ""menu_price"": ""16000""}, {""menu_name"": ""부라타과일샐러드"", ""menu_price"": ""22000""}, {""menu_name"": ""비프샐러드"", ""menu_price"": ""23000""}, {""menu_name"": ""양갈비스테이크"", ""menu_price"": ""48000""}, {""menu_name"": ""하이볼 3종 블루레몬/얼그레이/자몽 하이볼"", ""menu_price"": ""8000""}, {""menu_name"": ""비프스테이크 리조또 채끝등심스테이크가 올라간 고르곤졸라 크림리조또"", ""menu_price"": ""24000""}, {""menu_name"": ""채끝등심 스테이크 겉은 크리스피하고 속은 육즙 가득한 시그니처 스테이크"", ""menu_price"": ""48000""}, {""menu_name"": ""감바스 올리브오일에 마늘과 큼지막한 새우를 넣어 만든 스페인식 타파스요리"", ""menu_price"": ""24000""}, {""menu_name"": ""풍기뇨끼 브라운으로 구운 뇨끼와 버섯에 트리플오일을 가미한 크림소스 감자요리"", ""menu_price"": ""19000""}, {""menu_name"": ""알리오올리오 고소한 마늘과 페페로치노로 맛을 낸 정통 오일파스타"", ""menu_price"": ""15000""}, {""menu_name"": ""해산물파스타 신선한 각종 해물이 들어간 국물 자작한 매콤 토마토파스타"", ""menu_price"": ""19000""}, {""menu_name"": ""비프치즈크림파스타 소고기에 아메리칸 치즈로 풍미를 더한 크림파스타"", ""menu_price"": ""19000""}, {""menu_name"": ""그란치오 꽃게의 살만을 발라 넣어 조리한 매콤 로제파스타"", ""menu_price"": ""18000""}]","DININGCODE 스킵네비게이션

본문바로가기
주메뉴바로가기
로그인
롱블랙스푼 가산
롱블랙스푼
저장
공유
가산파스타, 스테이크

3.1 (4명의 평가)
66점 

서울특별시 금천구 가산디지털1로 131 BYC하이시티 B동 2층 지번 
지도보기
영업 중
오늘(목)
·
영업시간: 11:00 - 21:30
02-6947-7788
식사모임, 소개팅장소
캐주얼한, 분위기좋은, 점심식사, 저녁식사, 배달
폐업신고 · 정보수정 제안

Advertisement
자세히 알아보기
모바일 애플리케이션, 부가기능
음식점 리뷰
요리 교실 수강권
Advertisement
자세히 알아보기
음식점 검색
평양냉면 밀키트
주방 용품 세트

롱블랙스푼 메뉴정보

인기 메뉴 보기

관자새우페스토

18,000원

부드러운관자와 통통한 새우를 듬뜩 넣어 깻잎 페스토로 조리한 오일파스타

새우 날치알 크림 파스타

18,000원

톡톡 터지는 날치알과 통통한 새우가 들어간 매콤한 크림파스타

전복리조또

24,000원

명란아보카도

18,000원

버터,레몬 향을 더한 명란오일파스타에 아보카도를 올린 파스타

해산물토마토리조또

19,000원

신선한 각종해물이 들어간 토마토리조또

이베리코 스테이크

32,000원

스페인산 흑돼지 목살로 조리한 육즙 가득 스테이크

마르게리따

16,000원

부라타과일샐러드

22,000원

비프샐러드

23,000원

양갈비스테이크

48,000원

하이볼 3종

8,000원

블루레몬/얼그레이/자몽 하이볼

비프스테이크 리조또

24,000원

채끝등심스테이크가 올라간 고르곤졸라 크림리조또

채끝등심 스테이크

48,000원

겉은 크리스피하고 속은 육즙 가득한 시그니처 스테이크

감바스

24,000원

올리브오일에 마늘과 큼지막한 새우를 넣어 만든 스페인식 타파스요리

풍기뇨끼

19,000원

브라운으로 구운 뇨끼와 버섯에 트리플오일을 가미한 크림소스 감자요리

알리오올리오

15,000원

고소한 마늘과 페페로치노로 맛을 낸 정통 오일파스타

해",ok,
서울특별시 금천구,양식,미들루프,https://www.diningcode.com/profile.php?rid=c7LRDWiXXTWP,서울특별시 금천구 시흥대로123길 66 1층 지번,5,2,"[{""menu_name"": ""안심 스테이크 코스"", ""menu_price"": ""43000""}, {""menu_name"": ""알리오 올리오"", ""menu_price"": ""14000""}, {""menu_name"": ""불고기 샐러드 피자"", ""menu_price"": ""20000""}, {""menu_name"": ""새우 볶음밥"", ""menu_price"": ""14000""}, {""menu_name"": ""김치 볶음밥"", ""menu_price"": ""13000""}, {""menu_name"": ""오징어 먹물 리조또"", ""menu_price"": ""16000""}, {""menu_name"": ""해산물 토마토 리조또"", ""menu_price"": ""16000""}, {""menu_name"": ""훈제 연어 샐러드"", ""menu_price"": ""26000""}, {""menu_name"": ""순살 후라이드치킨& 샐러드"", ""menu_price"": ""23000""}, {""menu_name"": ""아메리카노"", ""menu_price"": ""5000""}, {""menu_name"": ""에스프레스"", ""menu_price"": ""4500""}, {""menu_name"": ""카페라떼"", ""menu_price"": ""5500""}, {""menu_name"": ""베이컨 크림 파스타"", ""menu_price"": ""15000""}, {""menu_name"": ""바닐라라떼"", ""menu_price"": ""6000""}, {""menu_name"": ""헤이즐넛라떼"", ""menu_price"": ""6000""}, {""menu_name"": ""캬라멜 마끼아또"", ""menu_price"": ""6500""}, {""menu_name"": ""초코라떼"", ""menu_price"": ""6000""}, {""menu_name"": ""녹차라떼"", ""menu_price"": ""6000""}, {""menu_name"": ""오곡라떼"", ""menu_price"": ""6000""}, {""menu_name"": ""딸기라떼(아이스)"", ""menu_price"": ""6000""}, {""menu_name"": ""레몬에이드"", ""menu_price"": ""6000""}, {""menu_name"": ""블루레몬에이드"", ""menu_price"": ""6000""}, {""menu_name"": ""청포도에이드"", ""menu_price"": ""6000""}, {""menu_name"": ""새우 바질페스토 크림 파스타"", ""menu_price"": ""16000""}, {""menu_name"": ""자몽에이드"", ""menu_price"": ""6000""}, {""menu_name"": ""망고에이드"", ""menu_price"": ""6000""}, {""menu_name"": ""아이스티"", ""menu_price"": ""5000""}, {""menu_name"": ""레몬차"", ""menu_price"": ""5000""}, {""menu_name"": ""유자차"", ""menu_price"": ""5000""}, {""menu_name"": ""자몽차"", ""menu_price"": ""5000""}, {""menu_name"": ""생강차"", ""menu_price"": ""5000""}, {""menu_name"": ""얼그레이"", ""menu_price"": ""5000""}, {""menu_name"": ""캐모마일"", ""menu_price"": ""5000""}, {""menu_name"": ""페퍼민트"", ""menu_price"": ""5000""}, {""menu_name"": ""로제 새우 파스타"", ""menu_price"": ""16000""}, {""menu_name"": ""라구 파스타"", ""menu_price"": ""16000""}, {""menu_name"": ""토마토 해산물 파스타"", ""menu_price"": ""17000""}, {""menu_name"": ""포치니 버섯 크림 파스타"", ""menu_price"": ""17000""}, {""menu_name"": ""고르곤졸라"", ""menu_price"": ""19000""}, {""menu_name"": ""마르게리따 피자"", ""menu_price"": ""20000""}]","DININGCODE 스킵네비게이션

본문바로가기
주메뉴바로가기
로그인
미들루프 독산동
미들루프
저장
공유
독산동파스타, 피자

5 (2명의 평가)
67점 

서울특별시 금천구 시흥대로123길 66 1층 지번 
지도보기
영업 중
오늘(목)
·
영업시간: 11:30 - 20:00
02-868-8872
데이트, 모임
격식있는, 분위기좋은, 점심식사, 저녁식사, 콜키지, 편안한소파, 배달
폐업신고 · 정보수정 제안

Advertisement
Advertisement
자세히 알아보기
소고기
음료
요리 교실 수강권

미들루프 메뉴정보

인기 메뉴 보기

안심 스테이크 코스

43,000원

알리오 올리오

14,000원

불고기 샐러드 피자

20,000원

새우 볶음밥

14,000원

김치 볶음밥

13,000원

오징어 먹물 리조또

16,000원

해산물 토마토 리조또

16,000원

훈제 연어 샐러드

26,000원

순살 후라이드치킨& 샐러드

23,000원

아메리카노

5,000원

에스프레스

4,500원

카페라떼

5,500원

베이컨 크림 파스타

15,000원

바닐라라떼

6,000원

헤이즐넛라떼

6,000원

캬라멜 마끼아또

6,500원

초코라떼

6,000원

녹차라떼

6,000원

오곡라떼

6,000원

딸기라떼(아이스)

6,000원

레몬에이드

6,000원

블루레몬에이드

6,000원

청포도에이드

6,000원

새우 바질페스토 크림 파스타

16,000원

자몽에이드

6,000원

망고에이드

6,000원

아이스티

5,000원

레몬차

5,000원

유자차

5,000원

자몽차

5,000원

생강차

5,000원

얼그레이

5,000원

캐모마일

5,000원

페퍼민트

5,000원

로제 새우 파스타

16,000원

라구 파스타

16,000원

토마토 해산물 파스타

17,000원

포치니 버섯 크림 파스타

17,000원

고르곤졸라

19,000원

마르게리따 피자

20,000원

메뉴 접기
",ok,
서울특별시 금천구,양식,세라즈피자펍,https://www.diningcode.com/profile.php?rid=WZVKCd9zr0UQ,서울특별시 금천구 가산디지털1로 168 A동 2층 222호 지번,4.2,12,"[{""menu_name"": ""카프레제샐러드"", ""menu_price"": ""14900""}, {""menu_name"": ""런치스페셜3인분"", ""menu_price"": ""31900""}, {""menu_name"": ""홈메이드리코타치즈 샐러드"", ""menu_price"": ""14900""}, {""menu_name"": ""감자튀김과 케찹&홈메이드아이올리소스"", ""menu_price"": ""8000""}, {""menu_name"": ""18인치 반반 피자"", ""menu_price"": ""39600""}, {""menu_name"": ""피자 13인치"", ""menu_price"": ""26500""}, {""menu_name"": ""피자 18인치 3-4 인분. 반반(36,900원) 고르실수 있습니다"", ""menu_price"": ""38500""}, {""menu_name"": ""3-4 인분. 반반() 고르실수 있습니다"", ""menu_price"": ""36900""}, {""menu_name"": ""파스타 점심-렌치스페셜 2/3인분만 가능 (1인분은 저녁에 가능합니다.)"", ""menu_price"": ""14900""}, {""menu_name"": ""세라즈라거 대전 랜치브루잉 의 프랑스 양조자분이 만드신 수제맥주 와 국내외 게스트탭이 있습니다"", ""menu_price"": ""4700""}, {""menu_name"": ""소주"", ""menu_price"": ""5000""}, {""menu_name"": ""Coke"", ""menu_price"": ""3000""}, {""menu_name"": ""런치스페셜 파스타2인분"", ""menu_price"": ""23900""}, {""menu_name"": ""상그리아"", ""menu_price"": ""24000""}, {""menu_name"": ""레모네이드"", ""menu_price"": ""4500""}, {""menu_name"": ""코스타베라 와인 보틀"", ""menu_price"": ""29000""}, {""menu_name"": ""잔와인"", ""menu_price"": ""7500""}, {""menu_name"": ""하이볼"", ""menu_price"": ""7500""}, {""menu_name"": ""자체운영랜치브루펍수제맥주"", ""menu_price"": ""7500""}, {""menu_name"": ""치킨텐더"", ""menu_price"": ""12900""}]","DININGCODE 스킵네비게이션

본문바로가기
주메뉴바로가기
로그인
세라즈피자펍 가...
세라즈피자펍
저장
공유
가산디지털단지역피자, 수제맥주

4.2 (12명의 평가)
76점 

서울특별시 금천구 가산디지털1로 168 A동 2층 222호 지번 
지도보기
영업 중
오늘(목)
·
영업시간: 11:30 - 00:00
0507-1379-0415
식사모임, 데이트
시끌벅적한, 예약, 점심식사, 저녁식사, 예약가능, 양조장, 무료주차
폐업신고 · 정보수정 제안

Advertisement
Advertisement

세라즈피자펍 메뉴정보

인기 메뉴 보기

카프레제샐러드

14,900원

런치스페셜3인분

31,900원

홈메이드리코타치즈 샐러드

14,900원

감자튀김과 케찹&홈메이드아이올리소스

8,000원

18인치 반반 피자

39,600원

피자 13인치

26,500원

피자 18인치

38,500원

3-4 인분. 반반(36,900원) 고르실수 있습니다

파스타

14,900원

점심-렌치스페셜 2/3인분만 가능 (1인분은 저녁에 가능합니다.)

세라즈라거

4,700원

대전 랜치브루잉 의 프랑스 양조자분이 만드신 수제맥주 와 국내외 게스트탭이 있습니다

소주

5,000원

Coke

3,000원

런치스페셜 파스타2인분

23,900원

상그리아

24,000원

레모네이드

4,500원

코스타베라 와인 보틀

29,000원

잔와인

7,500원

하이볼

7,500원

자체운영랜치브루펍수제맥주

7,500원

치킨텐더

12,900원

메뉴 접기

세라즈피자펍
의 사진
음식 (30) 실외 (2) 메뉴ㆍ정보 (11)
사진 더보기

Advertisement
Advertisement

세라즈피자펍 방문자 리뷰

4.2
12건의 리뷰가 작성되었어요.
5

최고에요

(7)

4

만족해요

(1)

3

무난해요

(4)

2

아쉬워요

(0)

1

별로예요

(0)

맛
4.7
좋음
83%
보통
17%
부족
0%
가격
3.8
만족
50%
보통
42",ok,
서울특별시 금천구,양식,오비스트로,https://www.diningcode.com/profile.php?rid=Lc9iFlU41IOT,서울특별시 금천구 시흥대로63길 11 1층 지번,5,2,"[{""menu_name"": ""잠봉에그피자 모짜렐라치즈, 잠봉, 달걀, 루꼴라 맛있는건 다 들어갔어요"", ""menu_price"": ""22000""}, {""menu_name"": ""시금치크림뇨끼 적절한 농도의 블랙페퍼 크림소스에, 구운 뇨끼를 얹어 맛과 식감을 모두 잡았어요"", ""menu_price"": ""16000""}, {""menu_name"": ""바질새우파스타 바질페스토와 탱탱한 새우 그리고 올리브오일까지"", ""menu_price"": ""15000""}, {""menu_name"": ""쉬림프로제파스타 토마토소스와 크림을 알맞은 비율로 섞어 새우와 함께 돌돌 말아먹는 파스타 쉬림프로제"", ""menu_price"": ""15000""}, {""menu_name"": ""알리올리오 우수한 품질의 올리브 오일에 마늘을 볶아서 만든 오일파스타 알리오 올리오"", ""menu_price"": ""10000""}, {""menu_name"": ""해산물토마토파스타 해산물을 넣고 직접끓인 수제토마토소스에 매콤하게 간이되어 나오는 파스타 해산물토마토"", ""menu_price"": ""14000""}, {""menu_name"": ""까르보나라 꾸덕한 크림소스에 노른자를 섞어 먹는 담백하고 느끼하지않은 파스타 까르보나라"", ""menu_price"": ""13000""}, {""menu_name"": ""봉골레파스타 알 찬 바지락이 들어간 칼칼한 국물 파스타 봉골레 소주,와인 안어울리는게 없음 물론 맥주도"", ""menu_price"": ""14000""}, {""menu_name"": ""베이컨크림리조또 한숟가락 떠올리면 치즈가 엄청 늘어나고 사진찍기도 좋은 리조또 베이컨크림"", ""menu_price"": ""13000""}, {""menu_name"": ""버섯트러플오일리조또 3대진미 트러플버섯오일을 넣어 만든 담백한 리조또 버섯트러플오일"", ""menu_price"": ""12000""}, {""menu_name"": ""순살치킨 10조각"", ""menu_price"": ""10000""}, {""menu_name"": ""닭날개 윙,봉 섞어서 10조각"", ""menu_price"": ""10000""}, {""menu_name"": ""살치살 스테이크 원육 손질부터 최고의 식감을 자부 합니다"", ""menu_price"": ""36000""}, {""menu_name"": ""감자튀김 300g"", ""menu_price"": ""9000""}, {""menu_name"": ""보코치니루꼴라샐러드"", ""menu_price"": ""10000""}, {""menu_name"": ""시저샐러드"", ""menu_price"": ""10000""}, {""menu_name"": ""콘피자 콘,감자 모든 맛있는 식감을 다 살려낸 재미있는 피자"", ""menu_price"": ""21000""}, {""menu_name"": ""감자트러플피자 맛감자와 트러플 소스의 조합이 엄청난 피자"", ""menu_price"": ""19000""}, {""menu_name"": ""하와이안베이컨피자 토마토 소스에 구운 파인애플, 베이컨을 올려 단짠새콤을 느낄 수 있는 매력적인 피자"", ""menu_price"": ""20000""}, {""menu_name"": ""루꼴라피자 다이어트 pick1"", ""menu_price"": ""20000""}, {""menu_name"": ""고르곤졸라피자 도우와, 치즈만의 조합으로 깊은 풍미를 느낄수있는"", ""menu_price"": ""16000""}, {""menu_name"": ""페파로니피자 토마토소스, 모짜렐라치즈, 페파로니 햄까지"", ""menu_price"": ""17000""}, {""menu_name"": ""마르게리타 직접 끓인 소스에 모차렐라치즈 듬뿍 바질 페스토를 얹어 풍미를 업 시켰어요"", ""menu_price"": ""18000""}]","DININGCODE 스킵네비게이션

본문바로가기
주메뉴바로가기
로그인
오비스트로 금천...
오비스트로
저장
공유
금천구청역이탈리안레스토랑, 화덕피자

5 (2명의 평가)
62점 

서울특별시 금천구 시흥대로63길 11 1층 지번 
지도보기
영업 중
오늘(목)
·
영업시간: 11:00 - 21:00
0507-1369-6751
데이트, 소개팅장소
분위기좋은, 아늑한, 점심식사, 테라스, 야외테라스, 배달
폐업신고 · 정보수정 제안

Advertisement
Advertisement

오비스트로 메뉴정보

인기 메뉴 보기

잠봉에그피자

22,000원

모짜렐라치즈, 잠봉, 달걀, 루꼴라 맛있는건 다 들어갔어요

시금치크림뇨끼

16,000원

적절한 농도의 블랙페퍼 크림소스에, 구운 뇨끼를 얹어 맛과 식감을 모두 잡았어요

바질새우파스타

15,000원

바질페스토와 탱탱한 새우 그리고 올리브오일까지

쉬림프로제파스타

15,000원

토마토소스와 크림을 알맞은 비율로 섞어 새우와 함께 돌돌 말아먹는 파스타 쉬림프로제

알리올리오

10,000원

우수한 품질의 올리브 오일에 마늘을 볶아서 만든 오일파스타 알리오 올리오

해산물토마토파스타

14,000원

해산물을 넣고 직접끓인 수제토마토소스에 매콤하게 간이되어 나오는 파스타 해산물토마토

까르보나라

13,000원

꾸덕한 크림소스에 노른자를 섞어 먹는 담백하고 느끼하지않은 파스타 까르보나라

봉골레파스타

14,000원

알 찬 바지락이 들어간 칼칼한 국물 파스타 봉골레 소주,와인 안어울리는게 없음 물론 맥주도

베이컨크림리조또

13,000원

한숟가락 떠올리면 치즈가 엄청 늘어나고 사진찍기도 좋은 리조또 베이컨크림

버섯트러플오일리조또

12,000원

3대진미 트러플버섯오일을 넣어 만든 담백한 리조또 버섯트러플오일

순살치킨

10,000원

10조각

닭날개

10,000원

윙,봉 섞어서 10조각

살치살 스테이크

36,000원

원육 손질부터 최고의 식감을 자부 합니다

감자튀김

9,000원

",ok,
서울특별시 금천구,양식,마피아피자앤펍,https://www.diningcode.com/profile.php?rid=hunRDohmXO1a,서울특별시 금천구 가산디지털1로 168 우림 라이온스밸리A동 지하1층 B106-1호 지번,3.7,8,"[{""menu_name"": ""피자 2가지 맛 18인치 피자 2가지 맛 선택가능"", ""menu_price"": ""38900""}, {""menu_name"": ""수제 오븐 핫윙&봉 오븐에 노릇하게 구워 기름기를 쪼옥 뺀 그맛!!! 쫄깃하고 담백한 맛 / MAFIA 치킨은 '순살'로만 제공됩니다. 단!! 핫윙&봉과 훈제치킨은 제외!!"", ""menu_price"": ""16900""}, {""menu_name"": ""후라이드 치킨 겉은 바삭! 속은 부드러운~ 맥주 하면 빼놓을수 없는 후라이드 치킨 / MAFIA 치킨은 '순살'로만 제공됩니다. 단!! 핫윙&봉과 훈제치킨은 제외!!"", ""menu_price"": ""21900""}, {""menu_name"": ""허니 갈릭 치킨 몸에 좋은 아카시아꿀과 마늘 소스가 들어가 달콤한 맛을 내는 치킨 / MAFIA 치킨은 '순살'로만 제공됩니다. 단!! 핫윙&봉과 훈제치킨은 제외!!"", ""menu_price"": ""23900""}, {""menu_name"": ""깐풍치킨 간장과 마늘향의 매콤 달콤한 특제 소스와 통닭의 만남 / MAFIA 치킨은 '순살'로만 제공됩니다. 단!! 핫윙&봉과 훈제치킨은 제외!!"", ""menu_price"": ""23900""}, {""menu_name"": ""산타리타 120 멜롯 붉은 기가 있는 짙은 자줏빛의 와인, 미디엄 바디로 신맛과 타닌감이 좋아 목넘김이 좋은 와인(칠레산)"", ""menu_price"": ""42900""}, {""menu_name"": ""옐로우 테일 쉬라 풀바디 와인으로 떫은 맛과 신맛의 조화가 좋은 와인. 미국에서 가장 대중적인 와인(호주산)"", ""menu_price"": ""43900""}, {""menu_name"": ""1865 커버네 소비뇽 부드럽고 목넘김이 좋아 국민와인 이라는 별명까지 가진 와인. 신의 물방울이라고 불리움(칠레산)"", ""menu_price"": ""98900""}, {""menu_name"": ""콜라(1.25L) 1.25l. PET병"", ""menu_price"": ""4000""}, {""menu_name"": ""피클추가 피클"", ""menu_price"": ""500""}, {""menu_name"": ""핫소스 포장용 핫소스"", ""menu_price"": ""200""}, {""menu_name"": ""갈릭디핑소스 갈릭디핑소스"", ""menu_price"": ""1000""}, {""menu_name"": ""파마산 치즈가루 포장용 파마산 치즈가루"", ""menu_price"": ""200""}, {""menu_name"": ""꿀 추가 꿀"", ""menu_price"": ""1000""}]","DININGCODE 스킵네비게이션

본문바로가기
주메뉴바로가기
로그인
마피아피자앤펍 ...
마피아피자앤펍
저장
공유
가산디지털단지역피자, 파스타

3.7 (8명의 평가)
71점 

서울특별시 금천구 가산디지털1로 168 우림 라이온스밸리A동 지하1층 B106-1호 지번 
지도보기
영업 중
오늘(목)
·
영업시간: 11:30 - 23:30
0507-1413-0026
식사모임, 회식
캐주얼한, 예약, 점심식사, 저녁식사, 셀프바, 높은테이블
폐업신고 · 정보수정 제안

Advertisement
Advertisement

마피아피자앤펍 메뉴정보

인기 메뉴 보기

치즈피자(11인치)

17,900원

MAFIA PIZZA가 자랑하는 100% 모짜렐라치즈로 듬뿍담은 치즈로 인해 담백한 맛을 느낄수 있는 피자. / 저희 마피아 피자는 수제피자로 그 특성상 주문과 동시에 조리하므로 20분 내외 시간이 소요 될 수 있습니다.

치즈피자(18인치)

30,900원

MAFIA PIZZA가 자랑하는 100% 모짜렐라치즈로 듬뿍담은 치즈로 인해 담백한 맛을 느낄수 있는 피자. / 저희 마피아 피자는 수제피자로 그 특성상 주문과 동시에 조리하므로 20분 내외 시간이 소요 될 수 있습니다.

크림치즈환타지(11인치)

23,900원

대표메뉴 / Mafia 쉐프가 제조한 마약크림소스와 크림치즈로 이루어진 Mafia만의 부드러운 피자 / 저희 마피아 피자는 수제피자로 그 특성상 주문과 동시에 조리하므로 20분 내외 시간이 소요 될 수 있습니다.

크림치즈환타지(18인치)

36,900원

대표메뉴 / Mafia 쉐프가 제조한 마약크림소스와 크림치즈로 이루어진 Mafia만의 부드러운 피자 / 저희 마피아 피자는 수제피자로 그 특성상 주문과 동시에 조리하므로 20분 내외 시간이 소요 될 수 있습니다.

하와이안(11인치)

22,900원

풍미 있고 달콤한 피자, 햄, 바삭한 베이컨, 파인애플과 모짜렐라 치즈가 올라간 완벽하모니 / 저희 마피아 피자는 수제피자로 그 특성상 주문과 동시에",ok,
서울특별시 금천구,양식,무드무드,https://www.diningcode.com/profile.php?rid=CA8I5zAwC6Jv,서울특별시 금천구 탑골로4길 58 지번,5,2,"[{""menu_name"": ""찹스테이크 플레이트 소고기 찹스테이크를 또띠아, 웨지감자와 함께 즐기는 플레이트"", ""menu_price"": ""17000""}, {""menu_name"": ""무드무드 브런치 플레이트 부드러운 오믈렛, 웨지감자, 소세지, 샐러드, 당근라페로 이뤄진 플레이트"", ""menu_price"": ""13000""}, {""menu_name"": ""볼로네제 파스타(w.미트볼) 고기 듬뿍 볼로네제 파스타와 수제 미트볼"", ""menu_price"": ""13000""}, {""menu_name"": ""라구소스 라자냐 5시간 들여 만든 라구소스, 베사멜소스와 부드러운 라자냐로 만든 이탈리아식 파스타"", ""menu_price"": ""16000""}, {""menu_name"": ""바질크림파스타 생바질로 만든 바질 크림 소스 파스타"", ""menu_price"": ""12000""}, {""menu_name"": ""아마뜨리치아나 베이컨이 들어간 매콤한 토마토 파스타"", ""menu_price"": ""11000""}, {""menu_name"": ""풀드포크 샌드위치 24시간 숙성시킨 돼지고기를 6시간 동안 구워 부드러운 풀드포크가 듬뿍 들어간 샌드위치"", ""menu_price"": ""8000""}, {""menu_name"": ""바질페스토 치킨 샌드위치 직접 만든 바질페스토와 부드러운 닭가슴살로 만든 치아바타 샌드위치"", ""menu_price"": ""8000""}, {""menu_name"": ""연어 샐러드 생연어와 매일 아침 가져온 신선한 채소가 들어간 샐러드"", ""menu_price"": ""9800""}, {""menu_name"": ""바질쉬림프 샐러드 생바질과 잣을 직접 갈아 만든 바질소스와 새우, 숏파스타가 들어간 샐러드"", ""menu_price"": ""9200""}, {""menu_name"": ""치킨 샐러드 12시간 마리네이드한 부드러운 닭가슴살과 매일 아침 공수한 신선한 채소가 들어간 샐러드"", ""menu_price"": ""8000""}, {""menu_name"": ""아메리카노"", ""menu_price"": ""4000""}, {""menu_name"": ""카페라떼"", ""menu_price"": ""4500""}, {""menu_name"": ""바닐라라떼"", ""menu_price"": ""4800""}, {""menu_name"": ""무드라떼"", ""menu_price"": ""5200""}, {""menu_name"": ""무드아인슈페너"", ""menu_price"": ""5000""}, {""menu_name"": ""트러플 버섯 리조또 제철 버섯과 트러플 오일의 리조또"", ""menu_price"": ""13000""}, {""menu_name"": ""목살 쌈장 리조또 수비드한 통목살과 바삭한 김부각, 구운 꽈리고추 특제 쌈장베이스의 리조또"", ""menu_price"": ""15000""}, {""menu_name"": ""연어 크림 파스타 연어 스테이크와 매콤고소한 크림 파스타"", ""menu_price"": ""14000""}]","DININGCODE 스킵네비게이션

본문바로가기
주메뉴바로가기
로그인
무드무드 시흥동
무드무드
저장
공유
시흥동브런치카페, 라자냐

5 (2명의 평가)
69점 

서울특별시 금천구 탑골로4길 58 지번 
지도보기
영업 중
오늘(목)
·
영업시간: 09:00 - 21:00
0507-1368-4460
식사모임, 데이트
깔끔한, 분위기좋은, 아침식사, 점심식사, 저녁식사, 테라스, 야외테라스, 무료주차
폐업신고 · 정보수정 제안

Advertisement
Advertisement
자세히 알아보기
음료
소고기
요리책

무드무드 메뉴정보

인기 메뉴 보기

찹스테이크 플레이트

17,000원

소고기 찹스테이크를 또띠아, 웨지감자와 함께 즐기는 플레이트

무드무드 브런치 플레이트

13,000원

부드러운 오믈렛, 웨지감자, 소세지, 샐러드, 당근라페로 이뤄진 플레이트

볼로네제 파스타(w.미트볼)

13,000원

고기 듬뿍 볼로네제 파스타와 수제 미트볼

라구소스 라자냐

16,000원

5시간 들여 만든 라구소스, 베사멜소스와 부드러운 라자냐로 만든 이탈리아식 파스타

바질크림파스타

12,000원

생바질로 만든 바질 크림 소스 파스타

아마뜨리치아나

11,000원

베이컨이 들어간 매콤한 토마토 파스타

풀드포크 샌드위치

8,000원

24시간 숙성시킨 돼지고기를 6시간 동안 구워 부드러운 풀드포크가 듬뿍 들어간 샌드위치

바질페스토 치킨 샌드위치

8,000원

직접 만든 바질페스토와 부드러운 닭가슴살로 만든 치아바타 샌드위치

연어 샐러드

9,800원

생연어와 매일 아침 가져온 신선한 채소가 들어간 샐러드

바질쉬림프 샐러드

9,200원

생바질과 잣을 직접 갈아 만든 바질소스와 새우, 숏파스타가 들어간 샐러드

치킨 샐러드

8,000원

12시간 마리네이드한 부드러운 닭가슴살과 매일 아침 공수한 신선한 채소가 들어간 샐러드

아메리카노

4,000원

카페라떼

4,500원

바닐라라떼

4,800원

무드라떼

5,200원

무드아인슈페너

",ok,
서울특별시 금천구,양식,애슐리퀸즈 가산퍼블릭점,https://www.diningcode.com/profile.php?rid=QB0dXLNRhVu7,서울특별시 금천구 디지털로 178 A동 B1층 지번,4.2,7,"[{""menu_name"": ""[기간한정 특가]평일디너+무제한와인 전용룸에서 으로 즐기는 무제한 와인과 디너 샐러드바"", ""menu_price"": ""29900""}, {""menu_name"": ""전용룸에서 으로 즐기는 무제한 와인과 디너 샐러드바"", ""menu_price"": ""29900""}, {""menu_name"": ""성인 평일런치"", ""menu_price"": ""19900""}, {""menu_name"": ""성인 평일디너"", ""menu_price"": ""25900""}, {""menu_name"": ""성인 주말.공휴일"", ""menu_price"": ""27900""}]","DININGCODE 스킵네비게이션

본문바로가기
주메뉴바로가기
로그인
애슐리퀸즈 가산...
애슐리퀸즈 가산퍼블릭점
저장
공유
다시 보지 않기
저장 기능이 추가되었어요!
PC에서도 내가 저장한 맛집을 이용할 수 있어요.
나만의 맛집 리스트를 관리해보세요.
가산디저트, 딸기

4.2 (7명의 평가)
73점 

서울특별시 금천구 디지털로 178 A동 B1층 지번 
지도보기
영업 중
오늘(목)
·
영업시간: 11:00 - 21:00
0507-1497-0227
식사모임, 점심회식
가성비좋은, 예약, 점심식사, 저녁식사, 예약가능, 유아의자, 무료주차
폐업신고 · 정보수정 제안

Advertisement
자세히 알아보기
음료
소고기
곡물 및 파스타
Advertisement

애슐리퀸즈 메뉴정보

인기 메뉴 보기

[기간한정 특가]평일디너+무제한와인

29,900원

전용룸에서 29,900원으로 즐기는 무제한 와인과 디너 샐러드바

성인 평일런치

19,900원

성인 평일디너

25,900원

성인 주말.공휴일

27,900원

애슐리퀸즈
의 사진
음식 (14) 실내 (3) 실외 (2) 메뉴ㆍ정보 (9)
사진 더보기

Advertisement
Advertisement
자세히 알아보기
음식점 식자재
제과점
맛집 지도

애슐리퀸즈 방문자 리뷰

4.2
7건의 리뷰가 작성되었어요.
5

최고에요

(3)

4

만족해요

(3)

3

무난해요

(1)

2

아쉬워요

(0)

1

별로예요

(0)

맛
4.4
좋음
71%
보통
29%
부족
0%
가격
4.1
만족
57%
보통
43%
불만
0%
응대
4.1
친절함
57%
보통
43%
불친절
0%
방문목적

식사모임 4저녁식사 3데이트 2점심식사 1아이동반 1

편의시설

무료주차 4

분위기

가성비좋은 3시끌벅적한 1캐주얼한 1지역주민이찾는 1

추천순 최신순 평점 높은순 평점 낮은순

BK
평균 별점 4.6   평가 332   팔로워 1

4점
3월 1일

음식 종류 다양하고 매장도 깔끔해서 가성비 뷔페를 즐길 수 있는",ok,
서울특별시 금천구,양식,플러버,https://www.diningcode.com/profile.php?rid=iUx1jXQK4qwy,서울특별시 금천구 시흥대로 291 롯데캐슬골드파크3차 WEST동 208호 지번,3.9,2,"[{""menu_name"": ""핑키게살 로제스파게티"", ""menu_price"": ""12000""}, {""menu_name"": ""와규 스테이크"", ""menu_price"": ""24000""}, {""menu_name"": ""투움바 파스타"", ""menu_price"": ""12000""}, {""menu_name"": ""목살큐브스테이크 김치볶음밥"", ""menu_price"": ""9000""}, {""menu_name"": ""상하이 파스타"", ""menu_price"": ""12500""}, {""menu_name"": ""머쉬룸까르보나라 크림파스타"", ""menu_price"": ""10500""}, {""menu_name"": ""알리오올리오"", ""menu_price"": ""9000""}, {""menu_name"": ""명란 치즈 오믈렛"", ""menu_price"": ""9000""}, {""menu_name"": ""와규찹스테이크"", ""menu_price"": ""22000""}, {""menu_name"": ""하우스와인"", ""menu_price"": ""5000""}, {""menu_name"": ""안창살스테이크 크림 파스타"", ""menu_price"": ""15500""}, {""menu_name"": ""뽀모도로 파스타"", ""menu_price"": ""9000""}, {""menu_name"": ""꽈리불고기 오므라이스"", ""menu_price"": ""9000""}, {""menu_name"": ""안창스테이크 크림 파스타"", ""menu_price"": ""15500""}, {""menu_name"": ""베이컨쉬림프 리가토니 파스타"", ""menu_price"": ""12500""}, {""menu_name"": ""봉골레 파스타"", ""menu_price"": ""13500""}, {""menu_name"": ""명란크림파스타"", ""menu_price"": ""10500""}, {""menu_name"": ""먹물 해산물 빠에야"", ""menu_price"": ""12000""}]","DININGCODE 스킵네비게이션

본문바로가기
주메뉴바로가기
로그인
플러버 독산동
플러버
저장
공유
독산동파스타, 양식

3.9 (2명의 평가)
56점 

서울특별시 금천구 시흥대로 291 롯데캐슬골드파크3차 WEST동 208호 지번 
지도보기
영업 중
오늘(목)
·
영업시간: 10:30 - 21:00
0507-1330-1417
데이트
런치세트, 다양한메뉴, 점심식사, 배달
폐업신고 · 정보수정 제안

Advertisement
Advertisement
자세히 알아보기
음료
소고기
음식점 리뷰

플러버 메뉴정보

인기 메뉴 보기

핑키게살 로제스파게티

12,000원

와규 스테이크

24,000원

투움바 파스타

12,000원

목살큐브스테이크 김치볶음밥

9,000원

상하이 파스타

12,500원

머쉬룸까르보나라 크림파스타

10,500원

알리오올리오

9,000원

명란 치즈 오믈렛

9,000원

와규찹스테이크

22,000원

하우스와인

5,000원

안창살스테이크 크림 파스타

15,500원

뽀모도로 파스타

9,000원

꽈리불고기 오므라이스

9,000원

안창스테이크 크림 파스타

15,500원

베이컨쉬림프 리가토니 파스타

12,500원

봉골레 파스타

13,500원

명란크림파스타

10,500원

먹물 해산물 빠에야

12,000원

메뉴 접기

플러버
의 사진
음식 (4) 메뉴ㆍ정보 (1)

Advertisement
Advertisement

플러버 방문자 리뷰

3.9
2건의 리뷰가 작성되었어요.
5

최고에요

(1)

4

만족해요

(0)

3

무난해요

(1)

2

아쉬워요

(0)

1

별로예요

(0)

맛
4.0
좋음
50%
보통
50%
부족
0%
가격
4.0
만족
50%
보통
50%
불만
0%
응대
4.0
친절함
50%
보통
50%
불친절
0%
방문목적

배달 1혼밥 1점심식사 1

분위기

숨은맛집 1서민적인 1깔끔한 1

추천순 최신순 평점 높은순 평점 낮은순

스마일
평균 별점 5.0   평가 1",ok,
서울특별시 금천구,양식,미태리 가산한라원앤원점,https://www.diningcode.com/profile.php?rid=zWaKudlYURSl,서울특별시 금천구 가산디지털2로 101 1층 126호 지번,4,2,"[{""menu_name"": ""머쉬룸바질리조또 크리미하고 진한 바질크림과 버섯으로 완성된 프리미엄 리조또"", ""menu_price"": ""11800""}, {""menu_name"": ""바질크림뇨끼 미태리에서 직접 만든 바질크림 소스로 완성한 순이탈리아식 뇨끼"", ""menu_price"": ""12800""}, {""menu_name"": ""돈까스 볶음밥 세트 바삭하게 튀긴 돈까스와 필라프(볶음밥)을 한 번에 즐길 수 있는 메뉴"", ""menu_price"": ""10800""}, {""menu_name"": ""토마토 돈까스타 바삭하게 튀긴 돈까스와 토마토 파스타를 한 번에 즐길 수 있는 메뉴"", ""menu_price"": ""11800""}, {""menu_name"": ""까르보 돈까스타 바삭하게 튀긴 돈까스와 까르보나라 파스타를 한 번에 즐길 수 있는 메뉴"", ""menu_price"": ""13800""}, {""menu_name"": ""스파이시 로제 돈까스타 바삭하게 튀긴 돈까스와 매콤한 핫로제 파스타를 한 번에 즐길 수 있는 메뉴"", ""menu_price"": ""13800""}, {""menu_name"": ""토마토 파스타 토마토 과육이 살아있는 토마토 파스타"", ""menu_price"": ""6800""}, {""menu_name"": ""베이컨토마토 파스타 베이컨으로 맛을 더한 토마토 파스타! 기본맛, 매운맛으로 다양하게 선택 가능합니다."", ""menu_price"": ""10800""}, {""menu_name"": ""해물 토마토 파스타 해물로 맛을 더한 토마토 파스타"", ""menu_price"": ""11800""}, {""menu_name"": ""해물 짬뽕 파스타 해장으로 좋은 이태리식 정통 짬뽕 파스타"", ""menu_price"": ""10800""}, {""menu_name"": ""라구 파스타 고기 풍미 가득! 정통 스타일 라구 파스타"", ""menu_price"": ""10800""}, {""menu_name"": ""엑스트라 버진 알리오올리오 올리브오일 베이스에 마늘로 맛을 낸 파스타"", ""menu_price"": ""8800""}, {""menu_name"": ""바질마스카포네피자 진한 우유의 풍미가 가득한 마스카포네 치즈와 바질의 조합이 환상적인 맛의 피자"", ""menu_price"": ""15800""}, {""menu_name"": ""봉골레파스타 올리브오일 베이스에 마늘과 조개로 맛을 낸 파스타"", ""menu_price"": ""9800""}, {""menu_name"": ""까르보나라 이태리 정통 크림의 풍미를 느낄 수 있는 파스타"", ""menu_price"": ""4800""}, {""menu_name"": ""트러플 해쉬 까르보나라 진짜 트러플이 들어간 오일에 겉바속촉 해쉬와 크림소스의 꾸덕한 조합"", ""menu_price"": ""7800""}, {""menu_name"": ""양송이 까르보나라 이태리 정통 크림 소스에 양송이를 더한 파스타"", ""menu_price"": ""8800""}, {""menu_name"": ""스파이시 까르보나라 이태리 정통 크림 소스에 매콤함을 더한 파스타"", ""menu_price"": ""10800""}, {""menu_name"": ""베이컨 까르보나라 이태리 정통 크림 소스에 베이컨을 더한 파스타"", ""menu_price"": ""10800""}, {""menu_name"": ""미태리 로제 파스타 크림 소스와 토마토가 어우러진 깊고 풍부한 맛의 파스타"", ""menu_price"": ""10800""}, {""menu_name"": ""이태리 정통 빠네 빠네 안에 진한 크림과 베이컨, 양송이를 더한 파스타 (기본맛/매운맛)"", ""menu_price"": ""12800""}, {""menu_name"": ""고기고기 분모자 파스타 소고기의 풍미와 쫀득한 분모자가 어우러진 매콤한 파스타 핫불닭 / 핵불닭 중 선택"", ""menu_price"": ""13800""}, {""menu_name"": ""불닭 분모자 파스타 분모자와 강렬한 불닭 소스의 조합! 맵부심을 자극하는 파스타 핫불닭 / 핵불닭 중 선택"", ""menu_price"": ""11800""}, {""menu_name"": ""커플세트 *구성: 파스타/리조또/필라프 택2+사이드 샘플러+에이드 택1(에이드, 탄산 변경 가능)"", ""menu_price"": ""30800""}, {""menu_name"": ""미태리 치즈피자 바삭한 도우에 치즈를 듬뿍 올린 정통 피자"", ""menu_price"": ""9800""}, {""menu_name"": ""미태리 페퍼로니 피자 바삭한 도우에 페퍼로니로 맛을 낸 정통 피자"", ""menu_price"": ""11800""}, {""menu_name"": ""미태리 고르곤졸라 피자 바삭한 도우에 고르곤졸라 치즈로 맛을 낸 정통 피자"", ""menu_price"": ""11800""}, {""menu_name"": ""미태리 갈릭 포테이토 피자 바삭한 도우에 감자튀김을 듬뿍 올려 갈릭 치즈로 맛을 낸 포테이토 피자"", ""menu_price"": ""13800""}, {""menu_name"": ""킹소세지 김치 볶음밥 커다란 킹소시지와 김치볶음밥의 완벽한 MIX MATCH!"", ""menu_price"": ""11800""}, {""menu_name"": ""소불고기 필라프 각종 야채와 소불고기로 맛을 낸 볶음밥"", ""menu_price"": ""10800""}, {""menu_name"": ""크림 치즈 리조또 크림 리조또 위에 모짜렐라 치즈 듬뿍! 기본맛, 매운맛으로 다양하게 선택 가능합니다."", ""menu_price"": ""11800""}, {""menu_name"": ""토마토 치즈 리조또 토마토 리조또 위에 모짜렐라 치즈 듬뿍! 기본맛, 매운맛으로 다양하게 선택 가능합니다."", ""menu_price"": ""11800""}, {""menu_name"": ""미태리 가든 샐러드"", ""menu_price"": ""6800""}, {""menu_name"": ""바게트빵2P"", ""menu_price"": ""1000""}, {""menu_name"": ""올데이세트 하루 종일 부담 없는 가격으로 더 풍성하게!(*구성: 메인 택2+피자 택1+에이드 택1)"", ""menu_price"": ""34800""}, {""menu_name"": ""해쉬브라운1P"", ""menu_price"": ""1800""}, {""menu_name"": ""촉촉한 수제 마늘빵2P"", ""menu_price"": ""2000""}, {""menu_name"": ""크림 쏙~콘파이(3P)"", ""menu_price"": ""2000""}, {""menu_name"": ""감자튀김"", ""menu_price"": ""2800""}, {""menu_name"": ""킹소시지 1P"", ""menu_price"": ""2800""}, {""menu_name"": ""우유 쏙~치즈볼(3P)"", ""menu_price"": ""3000""}, {""menu_name"": ""버터 갈릭 감자튀김"", ""menu_price"": ""3800""}]","DININGCODE 스킵네비게이션

본문바로가기
주메뉴바로가기
로그인
미태리 가산한라...
미태리 가산한라원앤원점
저장
공유
가산파스타

4 (2명의 평가)
59점 

서울특별시 금천구 가산디지털2로 101 1층 126호 지번 
지도보기
영업 중
오늘(목)
·
영업시간: 10:30 - 21:00
02-2101-2098
데이트, 혼밥
가성비좋은, 깔끔한, 점심식사, 저녁식사
폐업신고 · 정보수정 제안

Advertisement
Advertisement

미태리 메뉴정보

머쉬룸바질리조또

11,800원

크리미하고 진한 바질크림과 버섯으로 완성된 프리미엄 리조또

바질크림뇨끼

12,800원

미태리에서 직접 만든 바질크림 소스로 완성한 순이탈리아식 뇨끼

돈까스 볶음밥 세트

10,800원

바삭하게 튀긴 돈까스와 필라프(볶음밥)을 한 번에 즐길 수 있는 메뉴

토마토 돈까스타

11,800원

바삭하게 튀긴 돈까스와 토마토 파스타를 한 번에 즐길 수 있는 메뉴

까르보 돈까스타

13,800원

바삭하게 튀긴 돈까스와 까르보나라 파스타를 한 번에 즐길 수 있는 메뉴

스파이시 로제 돈까스타

13,800원

바삭하게 튀긴 돈까스와 매콤한 핫로제 파스타를 한 번에 즐길 수 있는 메뉴

토마토 파스타

6,800원

토마토 과육이 살아있는 토마토 파스타

베이컨토마토 파스타

10,800원

베이컨으로 맛을 더한 토마토 파스타! 기본맛, 매운맛으로 다양하게 선택 가능합니다.

해물 토마토 파스타

11,800원

해물로 맛을 더한 토마토 파스타

해물 짬뽕 파스타

10,800원

해장으로 좋은 이태리식 정통 짬뽕 파스타

라구 파스타

10,800원

고기 풍미 가득! 정통 스타일 라구 파스타

엑스트라 버진 알리오올리오

8,800원

올리브오일 베이스에 마늘로 맛을 낸 파스타

바질마스카포네피자

15,800원

진한 우유의 풍미가 가득한 마스카포네 치즈와 바질의 조합이 환상적인 맛의 피자

봉골레파스타

9,800원

올리브오일 베이스에 마늘과 조개로 맛",ok,
서울특별시 금천구,양식,백만그릇파스타,https://www.diningcode.com/profile.php?rid=RM7qwt7tSDfa,서울특별시 금천구 디지털로 207 2층 지번,5,1,"[{""menu_name"": ""알리오올리오"", ""menu_price"": ""10900""}, {""menu_name"": ""라구파스타"", ""menu_price"": ""16400""}, {""menu_name"": ""베이컨로제파스타 크림의 고소함과 직접끓여만든 수제토마토소스가 어우러져 풍부한 로제맛이 나는 파스타입니다"", ""menu_price"": ""12900""}, {""menu_name"": ""매콤크림파스타 매콤하게 진한 크림소스에 크러쉬드레드페퍼를 더했어요"", ""menu_price"": ""13900""}, {""menu_name"": ""불닭크림파스타 모두가 아는 ㅅㅇ불닭맛에 체다치즈와 버터풍미를 더한 , 그리고 구운탈각새우와.소세지"", ""menu_price"": ""17900""}, {""menu_name"": ""우삼겹짬뽕파스타"", ""menu_price"": ""12900""}, {""menu_name"": ""트러플 버섯크림리조또 향긋한 버섯과 구운감자가 올라간 토도독한 식감이 함께하는 리조또 입니다. 거기에 트러플오일"", ""menu_price"": ""18000""}, {""menu_name"": ""라구리조또 매장에서 매일 직접 라구소스를 끓입니다. 진짜진한 라구소스와 토도독터지는 리조또의 식감"", ""menu_price"": ""16400""}, {""menu_name"": ""베이컨크림리조또"", ""menu_price"": ""12900""}, {""menu_name"": ""쉬림프크림리조또 녹진한 크림과 구운새우, 고소한비율의 리조또입니다"", ""menu_price"": ""12900""}, {""menu_name"": ""베이컨필라프 구운베이컨과 양파,버섯- 특제소스로 맛을낸 필라프입니다"", ""menu_price"": ""11900""}, {""menu_name"": ""우삼겹필라프 불향가득한 우삼겹구이와 양파,버섯- 특제소스로 볶아낸 필라프입니다"", ""menu_price"": ""13900""}, {""menu_name"": ""정통 까르보나라 크림이 안들어간, 계란노른자와 그라나파다노치즈로 만들어낸 정통까르보나라 입니다."", ""menu_price"": ""17000""}, {""menu_name"": ""쉬림프 필라프"", ""menu_price"": ""12900""}, {""menu_name"": ""소세지필라프"", ""menu_price"": ""13900""}, {""menu_name"": ""미니해쉬프라운 (20p)"", ""menu_price"": ""4700""}, {""menu_name"": ""리코타치즈샐러드"", ""menu_price"": ""12900""}, {""menu_name"": ""미니 치킨텐더 샐러드"", ""menu_price"": ""4700""}, {""menu_name"": ""치킨텐더샐러드"", ""menu_price"": ""12900""}, {""menu_name"": ""레드와인 하이볼"", ""menu_price"": ""7500""}, {""menu_name"": ""화이트와인 하이볼"", ""menu_price"": ""7500""}, {""menu_name"": ""잔 와인(레드)"", ""menu_price"": ""8000""}, {""menu_name"": ""잔 와인(화이트)"", ""menu_price"": ""8000""}, {""menu_name"": ""매콤크림리조또"", ""menu_price"": ""13900""}, {""menu_name"": ""산토리 하이볼"", ""menu_price"": ""6500""}, {""menu_name"": ""짐콕"", ""menu_price"": ""6000""}, {""menu_name"": ""블루레몬 하이볼"", ""menu_price"": ""6000""}, {""menu_name"": ""별빛청하"", ""menu_price"": ""5800""}, {""menu_name"": ""청하"", ""menu_price"": ""5800""}, {""menu_name"": ""참이슬 후레쉬"", ""menu_price"": ""3000""}, {""menu_name"": ""우삼겹알리오올리오"", ""menu_price"": ""13900""}, {""menu_name"": ""트러플버섯크림파스타 향긋한 버섯과 꾸덕한크림, . 거기에 트러플오일 촤라략~"", ""menu_price"": ""18000""}, {""menu_name"": ""볼로네제파스타 매장에서 직접 푹 끓인 진한라구소스와 토마토소스를 사용한 이탈리아의 전통적인 파스타입니다"", ""menu_price"": ""16400""}, {""menu_name"": ""쉬림프크림파스타 담백하게 구운 탈각새우와 진한크림소스, 그위에.그라나파다노치즈"", ""menu_price"": ""13900""}, {""menu_name"": ""쉬림프로제파스타 크림의 고소함과 직접끓여만든 수제토마토소스가 어우러져 풍부한 로제맛이 나는 파스타입니다"", ""menu_price"": ""13900""}, {""menu_name"": ""베이컨크림파스타 찐한 백만그릇파스타만의 크림소스와 구운베이컨"", ""menu_price"": ""11900""}]","DININGCODE 스킵네비게이션

본문바로가기
주메뉴바로가기
로그인
백만그릇파스타 ...
백만그릇파스타
저장
공유
가산파스타, 리조또

5 (1명의 평가)
58점 

서울특별시 금천구 디지털로 207 2층 지번 
지도보기
영업 중
오늘(목)
·
영업시간: 11:00 - 21:00
02-830-1378
데이트, 소개팅장소
분위기좋은, 데이트하기좋은, 저녁식사, 콜키지, 바테이블, 배달
폐업신고 · 정보수정 제안

Advertisement
Advertisement

백만그릇파스타 메뉴정보

인기 메뉴 보기

알리오올리오

10,900원

라구파스타

16,400원

베이컨로제파스타

12,900원

크림의 고소함과 직접끓여만든 수제토마토소스가 어우러져 풍부한 로제맛이 나는 파스타입니다

매콤크림파스타

13,900원

매콤하게 진한 크림소스에 크러쉬드레드페퍼를 더했어요

불닭크림파스타

17,900원

모두가 아는 ㅅㅇ불닭맛에 체다치즈와 버터풍미를 더한 , 그리고 구운탈각새우와.소세지

우삼겹짬뽕파스타

12,900원

트러플 버섯크림리조또

18,000원

향긋한 버섯과 구운감자가 올라간 토도독한 식감이 함께하는 리조또 입니다. 거기에 트러플오일

라구리조또

16,400원

매장에서 매일 직접 라구소스를 끓입니다. 진짜진한 라구소스와 토도독터지는 리조또의 식감

베이컨크림리조또

12,900원

쉬림프크림리조또

12,900원

녹진한 크림과 구운새우, 고소한비율의 리조또입니다

베이컨필라프

11,900원

구운베이컨과 양파,버섯- 특제소스로 맛을낸 필라프입니다

우삼겹필라프

13,900원

불향가득한 우삼겹구이와 양파,버섯- 특제소스로 볶아낸 필라프입니다

정통 까르보나라

17,000원

크림이 안들어간, 계란노른자와 그라나파다노치즈로 만들어낸 정통까르보나라 입니다.

쉬림프 필라프

12,900원

소세지필라프

13,900원

미니해쉬프라운 (20p)

4,700원

리코타치즈샐러드

12,900원

미니 치킨텐더 샐러드

4,700원

치킨텐더샐",ok,
서울특별시 금천구,양식,피자EPP 구로가산점,https://www.diningcode.com/profile.php?rid=VikrQEVlG4u2,서울특별시 금천구 가산로9길 12-8 1동 111호 지번,4.7,3,"[{""menu_name"": ""EPP프리미엄 [P/1인용] 기본제공 피클1.치즈가루1,핫소스1 풍부한 토핑이 풍미 가득한, 피자 EPP를 대표하는 시그니처 메뉴"", ""menu_price"": ""13800""}, {""menu_name"": ""감베리 핫 갈릭 크림 소스[P/1인용] 기본제공 피클1.치즈가루1,핫소스1 그 어디에서도 맛볼수 없는 EPP만의 진하고 매콤한 갈릭크림소스와 풍미 가득한 새우의 조합"", ""menu_price"": ""13800""}, {""menu_name"": ""하와이안 치즈 [P/1인용] 기본제공 피클1.치즈가루1,핫소스1 달콤한 파인애플과 스테이크 베이컨. 누구나에게 친숙하죠~"", ""menu_price"": ""12800""}, {""menu_name"": ""돈 불고기 [P/1인용] 기본제공 피클1.치즈가루1,핫소스1 돈육으로 맛있게 양념한 불고기 토핑과 각종 야채가 들어간 달콤 짭조름한 피자."", ""menu_price"": ""11800""}, {""menu_name"": ""슈퍼 콤보 [P/1인용] 기본제공 피클1.치즈가루1,핫소스1 오븐에 구워낸 미트 토핑과 페퍼로니,블랙올리브와 각종 야채가 어우러진 대한민국 대표피자메뉴."", ""menu_price"": ""13800""}, {""menu_name"": ""소 불고기와 풍기 [P/1인용] 기본제공 피클1.치즈가루1,핫소스1 아메리칸 소스에 담백하고 쫄깃한 버섯과 불고기, 구운 파프리카와 오레가노, 그라나 파다노 치즈"", ""menu_price"": ""13800""}, {""menu_name"": ""파이브 치즈 [P/1인용] 기본제공 피클1.치즈가루1,핫소스1 치즈 마니아들을 위한 다섯가지 치즈 피자. 치즈의 퀄리티가 다른 프리미엄 치즈 피자"", ""menu_price"": ""12800""}, {""menu_name"": ""더블 치즈 [R] 기본제공 피클1.갈릭소스1,치즈가루1,핫소스1 나는 그저 치즈만 있는 피자를 좋아할 뿐이다. 더블치즈 피자"", ""menu_price"": ""18800""}, {""menu_name"": ""마가리타 [R] 기본제공 피클1.갈릭소스1,치즈가루1,핫소스1 심플해서 무겁지 않고 깔끔한 피자를 원한다면 프레쉬 모짜렐라와 생바질의 향긋함의 피자"", ""menu_price"": ""19800""}, {""menu_name"": ""스위트 고구마 [R] 기본제공 피클1.갈릭소스1,치즈가루1,핫소스1 단순 하지만 강렬한 구운 고구마 맛이 바삭한 도우와 잘 어울리는 맛"", ""menu_price"": ""21300""}, {""menu_name"": ""리얼 페퍼로니 [R] 기본제공 피클1.갈릭소스1,치즈가루1,핫소스1 아메리칸 스타일을 느끼기에 가장 많이 사랑받는 두툼한 페퍼로니가 듬뿍 들어간 피자"", ""menu_price"": ""19800""}, {""menu_name"": ""하와이안 치즈 [R] 기본제공 피클1.갈릭소스1,치즈가루1,핫소스1 달콤한 파인애플과 스테이크 베이컨. 누구에게나 친숙하죠"", ""menu_price"": ""22500""}, {""menu_name"": ""리얼 페퍼로니 [P/1인용] 기본제공 피클1.치즈가루1,핫소스1 아메리칸 스타일을 느끼기에 가장 많이 사랑받는 두툼한 페퍼로니가 듬뿍 들어간 피자"", ""menu_price"": ""11800""}, {""menu_name"": ""스트링 포테이토 [R] 기본제공 피클1.갈릭소스1,치즈가루1,핫소스1 피자EPP만의 포테이토 피자 . 달콤 짬쪼름한 시즈닝과 스트링 포테이토, 베이컨의 환상의 조화."", ""menu_price"": ""21500""}, {""menu_name"": ""바질 마스카포네 치즈[R] 기본제공 피클1.갈릭소스1,치즈가루1,핫소스1 직접 갈아 만든 풍미 가득한 바질페스토와 진한 마스카포네 치즈의 깔끔하고 상쾌한 맛"", ""menu_price"": ""22800""}, {""menu_name"": ""돈 불고기 [R] 기본제공 피클1.갈릭소스1,치즈가루1,핫소스1 돈육으로 맛있게 양념한 불고기 토핑과 각종 야채가 들어간 달콤 짭조름한 피자."", ""menu_price"": ""21800""}, {""menu_name"": ""슈퍼 콤보 [R] 기본제공 피클1.갈릭소스1,치즈가루1,핫소스1 오븐에 구워낸 미트 토핑과 페퍼로니,블랙올리브와 각종 야채가 어우러진 대한민국 대표피자메뉴."", ""menu_price"": ""21800""}, {""menu_name"": ""소 불고기와 풍기 [R] 기본제공 피클1.갈릭소스1,치즈가루1,핫소스1 아메리칸 소스에 담백하고 쫄깃한 버섯과 불고기 구운 파프리카와 ,그라나 파다노치즈"", ""menu_price"": ""23800""}, {""menu_name"": ""파이브 치즈 [R] 기본제공 피클1.갈릭소스1,치즈가루1,핫소스1 치즈 마니아들을 위한 다섯가지 치즈 피자. 치즈의 퀄리티가 다른 프리미엄 치즈피자."", ""menu_price"": ""22800""}, {""menu_name"": ""감베리 핫 갈릭 크림 소스 [R] 기본제공 피클1.갈릭소스1,치즈가루1,핫소스1 그 어디에서도 맛볼수 없는 EPP만의 진하고 매콤한 갈릭크림소스와 풍미 가득한 새우의 조합"", ""menu_price"": ""23800""}, {""menu_name"": ""포테이토&블로네제[R] 기본제공 피클1.갈릭소스1,치즈가루1,핫소스1 부드러운 라구소스를 베이스로 불고기와 포테이토 리코타 치즈가 자극적이지 않고 담백한 맛"", ""menu_price"": ""23800""}, {""menu_name"": ""아메리칸 스파이시[R] 기본제공 피클1.갈릭소스1,치즈가루1,핫소스1 아메리칸 소스에 파마산 쉐레드와 페퍼로니, 통베이컨,구운파프리가 잘 어우러져 매콤한 맛"", ""menu_price"": ""23800""}, {""menu_name"": ""EPP프리미엄 [R] 기본제공 피클1.갈릭소스1,치즈가루1,핫소스1 풍부한 토핑이 풍미 가득한, 피자 epp를 대표하는 시그니처 메뉴."", ""menu_price"": ""23800""}, {""menu_name"": ""바질 마스카포네 치즈[P/1인용] 기본제공 피클1,치즈가루1,핫소스1 직접 갈아 만든 풍미 가득한 바질페스토와 진한 마스카포네 치즈의 깔끔하고 상쾌한 맛"", ""menu_price"": ""12800""}, {""menu_name"": ""더블 치즈 [L] 기본제공 피클1.갈릭소스1,치즈가루2,핫소스2 나는 그저 치즈만 있는 피자를 좋아할 뿐이다. 더블치즈 피자"", ""menu_price"": ""25500""}, {""menu_name"": ""마가리타 [L] 기본제공 피클1.갈릭소스1,치즈가루2,핫소스2 심플해서 무겁지 않고 깔끔한 피자를 원한다면 프레쉬 모짜렐라와 생바질의 향긋함의 피자"", ""menu_price"": ""26000""}, {""menu_name"": ""리얼 페퍼로니 [L] 기본제공 피클1.갈릭소스1,치즈가루2,핫소스2 아메리칸 스타일을 느끼기에 가장 많이 사랑받는 두툼한 페퍼로니가 듬뿍 들어간 피자"", ""menu_price"": ""28800""}, {""menu_name"": ""스트링 포테이토 [L] 기본제공 피클1.갈릭소스1,치즈가루2,핫소스2 피자EPP만의 포테이토 피자. 달콤 짬쪼름한 시즈닝과 스트링 포테이토, 베이컨의 환상의 조화."", ""menu_price"": ""29500""}, {""menu_name"": ""하와이안 치즈 [L] 기본제공 피클1.갈릭소스1,치즈가루2,핫소스2 달콤한 파인애플과 스테이크 베이컨. 누구에게나 친숙하죠"", ""menu_price"": ""30500""}, {""menu_name"": ""돈 불고기 [L] 기본제공 피클1.갈릭소스1,치즈가루2,핫소스2 돈육으로 맛있게 양념한 불고기 토핑과 각종 야채가 들어간 달콤 짭조름한 피자."", ""menu_price"": ""30800""}, {""menu_name"": ""슈퍼 콤보 [L] 기본제공 피클1.갈릭소스1,치즈가루2,핫소스2 오븐에 구워낸 미트 토핑과 페퍼로니,블랙올리브와 각종 야채가 어우러진 대한민국 대표피자메뉴."", ""menu_price"": ""30800""}, {""menu_name"": ""바질 마스카포네 치즈 [L] 기본제공 피클1.갈릭소스1,치즈가루2,핫소스2 직접 갈아 만든 풍미 가득한 바질페스토와 진한 마스카포네 치즈의 깔끔하고 상쾌한 맛"", ""menu_price"": ""31000""}, {""menu_name"": ""소불고기와 풍기 [L] 기본제공 피클1.갈릭소스1,치즈가루2,핫소스2 아메리칸 소스에 담백하고 쫄깃한 버섯과 불고기 구운 파프리카 ,그라나 파다노치즈"", ""menu_price"": ""32500""}, {""menu_name"": ""포테이토&볼로네제[P/1인용] 기본제공 피클1.치즈가루1,핫소스1 부드러운 라구소스를 베이스로 불고기와 포테이토, 리코타 치즈가 자극적이지 않고 담백한 맛"", ""menu_price"": ""13800""}, {""menu_name"": ""파이브 치즈 [L] 기본제공 피클1.갈릭소스1,치즈가루2,핫소스2 치즈 마니아들을 위한 다섯가지 치즈 피자. 치즈의 퀄리티가 다른 프리미엄 치즈피자."", ""menu_price"": ""32500""}, {""menu_name"": ""감베리 핫 갈릭 크림 소스 [L] 기본제공 피클1.갈릭소스1,치즈가루2,핫소스2 그 어디에서도 맛볼수 없는 EPP만의 진하고 매콤한 갈릭크림소스와 풍미 가득한 새우의 조합"", ""menu_price"": ""33800""}, {""menu_name"": ""포테이토&블로네제[L] 기본제공 피클1.갈릭소스1,치즈가루2,핫소스2 부드러운 라구소스를 베이스로 불고기와 포테이토 리코타 치즈가 자극적이지 않고 담백한 맛"", ""menu_price"": ""33800""}, {""menu_name"": ""아메리칸 스파이시[L] 기본제공 피클1.갈릭소스1,치즈가루2,핫소스2 아메리칸 소스에 파마산 쉐레드와 페퍼로니, 통베이컨,구운파프리가 잘 어우러져 매콤한 맛"", ""menu_price"": ""33800""}, {""menu_name"": ""EPP프리미엄 [L] 기본제공 피클1.갈릭소스1,치즈가루2,핫소스2 풍부한 토핑이 풍미 가득한, 피자 epp를 대표하는 시그니처 메뉴."", ""menu_price"": ""33800""}, {""menu_name"": ""고르곤졸라 버섯크림 생크림 소스와 깊은 풍미를 위 고르곤졸라 치즈가 더해진 풍미 가득한 스파게티"", ""menu_price"": ""9800""}]","DININGCODE 스킵네비게이션

본문바로가기
주메뉴바로가기
로그인
피자EPP 구로...
피자EPP 구로가산점
저장
공유
가산동피자, 치즈

4.7 (3명의 평가)
72점 

서울특별시 금천구 가산로9길 12-8 1동 111호 지번 
지도보기
영업 중
오늘(목)
·
영업시간: 11:00 - 21:50
02-6084-4850
혼밥, 해장
캐주얼한, 깔끔한, 점심식사, 저녁식사, 테이크아웃, 셀프바, 배달
폐업신고 · 정보수정 제안

Advertisement
Advertisement

피자EPP 메뉴정보

인기 메뉴 보기

EPP프리미엄 [P/1인용]

13,800원

기본제공 피클1.치즈가루1,핫소스1 풍부한 토핑이 풍미 가득한, 피자 EPP를 대표하는 시그니처 메뉴

감베리 핫 갈릭 크림 소스[P/1인용]

13,800원

기본제공 피클1.치즈가루1,핫소스1 그 어디에서도 맛볼수 없는 EPP만의 진하고 매콤한 갈릭크림소스와 풍미 가득한 새우의 조합

하와이안 치즈 [P/1인용]

12,800원

기본제공 피클1.치즈가루1,핫소스1 달콤한 파인애플과 스테이크 베이컨. 누구나에게 친숙하죠~

돈 불고기 [P/1인용]

11,800원

기본제공 피클1.치즈가루1,핫소스1 돈육으로 맛있게 양념한 불고기 토핑과 각종 야채가 들어간 달콤 짭조름한 피자.

슈퍼 콤보 [P/1인용]

13,800원

기본제공 피클1.치즈가루1,핫소스1 오븐에 구워낸 미트 토핑과 페퍼로니,블랙올리브와 각종 야채가 어우러진 대한민국 대표피자메뉴.

소 불고기와 풍기 [P/1인용]

13,800원

기본제공 피클1.치즈가루1,핫소스1 아메리칸 소스에 담백하고 쫄깃한 버섯과 불고기, 구운 파프리카와 오레가노, 그라나 파다노 치즈

파이브 치즈 [P/1인용]

12,800원

기본제공 피클1.치즈가루1,핫소스1 치즈 마니아들을 위한 다섯가지 치즈 피자. 치즈의 퀄리티가 다른 프리미엄 치즈 피자

더블 치즈 [R]

18,800원

기본제공 피클1.갈릭소스1,치즈가루1,핫소스1 나는 그저 치즈만 있",ok,
서울특별시 금천구,양식,한남동 파스타,https://www.diningcode.com/profile.php?rid=fRiZVT07SqwZ,서울특별시 금천구 시흥대로128길 10 지상1층(독산동) 지번,5,1,"[{""menu_name"": ""오징어 먹물 파스타 먹물의 고소함을 이제는 집에서 편안하게 마음껏 드세요~"", ""menu_price"": ""13900""}, {""menu_name"": ""민 오일 파스타(베이컨,새우가 없는 오일 파스타 에요) 오직 마늘만으로 풍미를 극대화한~ 새우, 베이컨은 없어요"", ""menu_price"": ""9500""}, {""menu_name"": ""[리뷰] 치즈볼2개 메뉴 1개당 리뷰 1개씩 주문 가능합니다~ ex)1메뉴 & 1리뷰 2메뉴 & 2리뷰"", ""menu_price"": ""500""}, {""menu_name"": ""[리뷰] 해쉬브라운 2개 메뉴 1개당 리뷰 1개씩 주문 가능합니다~ ex)1메뉴 & 1리뷰 2메뉴 & 2리뷰"", ""menu_price"": ""500""}, {""menu_name"": ""[리뷰] 코카콜라 355ml 메뉴 1개당 리뷰 1개씩 주문 가능합니다~ ex)1메뉴 & 1리뷰 2메뉴 & 2리뷰"", ""menu_price"": ""500""}, {""menu_name"": ""[리뷰] 제로콜라 355ml 메뉴 1개당 리뷰 1개씩 주문 가능합니다~ ex)1메뉴 & 1리뷰 2메뉴 & 2리뷰"", ""menu_price"": ""500""}, {""menu_name"": ""[리뷰] 사이다 355ml 메뉴 1개당 리뷰 1개씩 주문 가능합니다~ ex)1메뉴 & 1리뷰 2메뉴 & 2리뷰"", ""menu_price"": ""500""}, {""menu_name"": ""오믈렛 파스타 파스타에 올라가는 계란 이불 파스타~"", ""menu_price"": ""13500""}, {""menu_name"": ""크림 파스타(베이컨) 순한맛 : 순해요 중간맛 : 신라면 맵기 매운맛 : 불닭볶음면 맵기 매운 정도는 주관적이니.. 참고만 하시길 바랍니다~"", ""menu_price"": ""11500""}, {""menu_name"": ""크림 파스타(쉬림프) 순한맛 : 순해요 중간맛 : 신라면 맵기 매운맛 : 불닭볶음면 맵기 매운 정도는 주관적이니.. 참고만 하시길 바랍니다~"", ""menu_price"": ""12500""}, {""menu_name"": ""크림 파스타(게살) 순한맛 : 순해요 중간맛 : 신라면 맵기 매운맛 : 불닭볶음면 맵기 매운 정도는 주관적이니.. 참고만 하시길 바랍니다~"", ""menu_price"": ""12500""}, {""menu_name"": ""매콤 크림 파스타(베이컨) 매콤 크림이라 순한맛도 살짝 매콤 해요"", ""menu_price"": ""11500""}, {""menu_name"": ""투움바 파스타 순한맛도 살짝 매콤해요"", ""menu_price"": ""13500""}, {""menu_name"": ""매콤 크림 파스타(쉬림프) 매콤 크림이라 순한맛도 살짝 매콤 해요"", ""menu_price"": ""12500""}, {""menu_name"": ""매콤 크림 파스타(게살) 매콤 크림이라 순한맛도 살짝 매콤 해요"", ""menu_price"": ""12500""}, {""menu_name"": ""바질 크림 파스타(베이컨) 순한맛 : 순해요 중간맛 : 신라면 맵기 매운맛 : 불닭볶음면 맵기 매운 정도는 주관적이니.. 참고만 하시길 바랍니다~"", ""menu_price"": ""12500""}, {""menu_name"": ""바질 크림 파스타(쉬림프) 순한맛 : 순해요 중간맛 : 신라면 맵기 매운맛 : 불닭볶음면 맵기 매운 정도는 주관적이니.. 참고만 하시길 바랍니다~"", ""menu_price"": ""13500""}, {""menu_name"": ""오일 파스타(베이컨) 순한맛 : 순해요 중간맛 : 신라면 맵기 매운맛 : 불닭볶음면 맵기 매운 정도는 주관적이니.. 참고만 하시길 바랍니다~"", ""menu_price"": ""11500""}, {""menu_name"": ""오일 파스타(쉬림프) 순한맛 : 순해요 중간맛 : 신라면 맵기 매운맛 : 불닭볶음면 맵기 매운 정도는 주관적이니.. 참고만 하시길 바랍니다~"", ""menu_price"": ""12500""}, {""menu_name"": ""바질 오일 파스타(베이컨) 순한맛 : 순해요 중간맛 : 신라면 맵기 매운맛 : 불닭볶음면 맵기 매운 정도는 주관적이니.. 참고만 하시길 바랍니다~"", ""menu_price"": ""12500""}, {""menu_name"": ""바질 오일 파스타(쉬림프) 순한맛 : 순해요 중간맛 : 신라면 맵기 매운맛 : 불닭볶음면 맵기 매운 정도는 주관적이니.. 참고만 하시길 바랍니다~"", ""menu_price"": ""13500""}, {""menu_name"": ""토마토 파스타(베이컨) 순한맛 : 순해요 중간맛 : 신라면 맵기 매운맛 : 불닭볶음면 맵기 매운 정도는 주관적이니.. 참고만 하시길 바랍니다~"", ""menu_price"": ""11500""}, {""menu_name"": ""토마토 파스타(쉬림프) 순한맛 : 순해요 중간맛 : 신라면 맵기 매운맛 : 불닭볶음면 맵기 매운 정도는 주관적이니.. 참고만 하시길 바랍니다~"", ""menu_price"": ""12500""}, {""menu_name"": ""오일에 재운 목살 야채 구이(1~2인분) 올리브 오일에 재운 목살과 목살 기름에 구운 각종 야채들을 한번에 만나 보세요~"", ""menu_price"": ""15400""}, {""menu_name"": ""로제 파스타(베이컨) 순한맛 : 순해요 중간맛 : 신라면 맵기 매운맛 : 불닭볶음면 맵기 매운 정도는 주관적이니.. 참고만 하시길 바랍니다~"", ""menu_price"": ""11500""}, {""menu_name"": ""로제 파스타(쉬림프) 순한맛 : 순해요 중간맛 : 신라면 맵기 매운맛 : 불닭볶음면 맵기 매운 정도는 주관적이니.. 참고만 하시길 바랍니다~"", ""menu_price"": ""12500""}, {""menu_name"": ""크림 리조또(베이컨) 순한맛 : 순해요 중간맛 : 신라면 맵기 매운맛 : 불닭볶음면 맵기 매운 정도는 주관적이니.. 참고만 하시길 바랍니다~"", ""menu_price"": ""11500""}, {""menu_name"": ""크림 리조또(쉬림프) 순한맛 : 순해요 중간맛 : 신라면 맵기 매운맛 : 불닭볶음면 맵기 매운 정도는 주관적이니.. 참고만 하시길 바랍니다~"", ""menu_price"": ""12500""}, {""menu_name"": ""매콤 크림 리조또(베이컨) 순한맛 : 살짝 매콤해요 중간맛 : 신라면 맵기 매운맛 : 불닭볶음면 맵기 매운 정도는 주관적이니.. 참고만 하시길 바랍니다~"", ""menu_price"": ""11500""}, {""menu_name"": ""매콤 크림 리조또(쉬림프) 순한맛 : 살짝 매콤해요 중간맛 : 신라면 맵기 매운맛 : 불닭볶음면 맵기 매운 정도는 주관적이니.. 참고만 하시길 바랍니다~"", ""menu_price"": ""12500""}, {""menu_name"": ""로제 리조또(베이컨) &통통한 새우와 한남동만의 특제 로제 소스의 만남&"", ""menu_price"": ""11500""}, {""menu_name"": ""로제 리조또(쉬림프) &통통한 새우와 한남동만의 특제 로제 소스의 만남&"", ""menu_price"": ""12500""}, {""menu_name"": ""필라프(베이컨) 순한맛 : 순해요 중간맛 : 신라면 맵기 매운맛 : 불닭볶음면 맵기 매운 정도는 주관적이니.. 참고만 하시길 바랍니다~"", ""menu_price"": ""11500""}, {""menu_name"": ""필라프(스팸) 순한맛 : 순해요 중간맛 : 신라면 맵기 매운맛 : 불닭볶음면 맵기 매운 정도는 주관적이니.. 참고만 하시길 바랍니다~"", ""menu_price"": ""12000""}, {""menu_name"": ""명란 크림 파스타(베이컨) 순한맛 : 순해요 중간맛 : 신라면 맵기 매운맛 : 불닭볶음면 맵기 매운 정도는 주관적이니.. 참고만 하시길 바랍니다~"", ""menu_price"": ""12500""}, {""menu_name"": ""필라프(쉬림프) 순한맛 : 순해요 중간맛 : 신라면 맵기 매운맛 : 불닭볶음면 맵기 매운 정도는 주관적이니.. 참고만 하시길 바랍니다~"", ""menu_price"": ""12500""}, {""menu_name"": ""필라프(목살) 순한맛 : 순해요 중간맛 : 신라면 맵기 매운맛 : 불닭볶음면 맵기 매운 정도는 주관적이니.. 참고만 하시길 바랍니다~"", ""menu_price"": ""12500""}, {""menu_name"": ""파스타 & 사이드 파스타와 사이드의 든든한 1인 세트"", ""menu_price"": ""13900""}, {""menu_name"": ""리조또 & 사이드 리조또와 사이드의 든든한 1인 세트"", ""menu_price"": ""13900""}, {""menu_name"": ""필라프 & 사이드 필라프와 사이드의 든든한 1인 세트"", ""menu_price"": ""13900""}, {""menu_name"": ""파스타 & 파스타"", ""menu_price"": ""22500""}]","DININGCODE 스킵네비게이션

본문바로가기
주메뉴바로가기
로그인
한남동 파스타 ...
한남동 파스타
저장
공유
독산파스타, 매콤크림파스타

5 (1명의 평가)
61점 

서울특별시 금천구 시흥대로128길 10 지상1층(독산동) 지번 
지도보기
영업시간 확인 필요
02-866-7437
배달
폐업신고 · 정보수정 제안

Advertisement
Advertisement

한남동 파스타 메뉴정보

인기 메뉴 보기

오징어 먹물 파스타

13,900원

먹물의 고소함을 이제는 집에서 편안하게 마음껏 드세요~

민 오일 파스타(베이컨,새우가 없는 오일 파스타 에요)

9,500원

오직 마늘만으로 풍미를 극대화한~ 새우, 베이컨은 없어요

[리뷰] 치즈볼2개

500원

메뉴 1개당 리뷰 1개씩 주문 가능합니다~ ex)1메뉴 & 1리뷰 2메뉴 & 2리뷰

[리뷰] 해쉬브라운 2개

500원

메뉴 1개당 리뷰 1개씩 주문 가능합니다~ ex)1메뉴 & 1리뷰 2메뉴 & 2리뷰

[리뷰] 코카콜라 355ml

500원

메뉴 1개당 리뷰 1개씩 주문 가능합니다~ ex)1메뉴 & 1리뷰 2메뉴 & 2리뷰

[리뷰] 제로콜라 355ml

500원

메뉴 1개당 리뷰 1개씩 주문 가능합니다~ ex)1메뉴 & 1리뷰 2메뉴 & 2리뷰

[리뷰] 사이다 355ml

500원

메뉴 1개당 리뷰 1개씩 주문 가능합니다~ ex)1메뉴 & 1리뷰 2메뉴 & 2리뷰

오믈렛 파스타

13,500원

파스타에 올라가는 계란 이불 파스타~

크림 파스타(베이컨)

11,500원

순한맛 : 순해요 중간맛 : 신라면 맵기 매운맛 : 불닭볶음면 맵기 매운 정도는 주관적이니.. 참고만 하시길 바랍니다~

크림 파스타(쉬림프)

12,500원

순한맛 : 순해요 중간맛 : 신라면 맵기 매운맛 : 불닭볶음면 맵기 매운 정도는 주관적이니.. 참고만 하시길 바랍니다~

크림 파스타(게살)

12,500원

순한맛 : 순해요 중간맛 : 신라면 맵기 매운맛 : 불닭볶음면 맵기 매운 정도는 주관적이니..",ok,
서울특별시 금천구,카페,인크커피 가산점,https://www.diningcode.com/profile.php?rid=Y4BASfe0R8w9,서울특별시 금천구 가산디지털2로 127-20 지번,4.1,61,"[{""menu_name"": ""인크슈페너"", ""menu_price"": ""7500""}, {""menu_name"": ""럼배럴 크림커피"", ""menu_price"": ""6800""}, {""menu_name"": ""카페라떼"", ""menu_price"": ""5800""}, {""menu_name"": ""바닐라빈 라떼"", ""menu_price"": ""6500""}, {""menu_name"": ""카페모카"", ""menu_price"": ""6500""}, {""menu_name"": ""연유라떼"", ""menu_price"": ""6500""}, {""menu_name"": ""쿠키앤크림 블렌디드"", ""menu_price"": ""7500""}, {""menu_name"": ""제주 한라봉 블렌디드"", ""menu_price"": ""7500""}, {""menu_name"": ""자몽에이드"", ""menu_price"": ""7500""}, {""menu_name"": ""청포도 라임 에이드"", ""menu_price"": ""7500""}, {""menu_name"": ""콰테말라 럼배럴 DRIP COFFEE"", ""menu_price"": ""8000""}, {""menu_name"": ""에티오피아 예가체프 코케허니내츄럴G1 DRIP COFFEE"", ""menu_price"": ""6500""}, {""menu_name"": ""론 자카파 밀크 럼의 왕 '자카파' 오크통에 생두를 숙성한 커피와 우유"", ""menu_price"": ""8000""}, {""menu_name"": ""초코 라떼"", ""menu_price"": ""6800""}, {""menu_name"": ""제주 말차 라떼"", ""menu_price"": ""6800""}, {""menu_name"": ""밀크티"", ""menu_price"": ""6800""}, {""menu_name"": ""겐마이차 GRREN TEA_ 현미, 녹차"", ""menu_price"": ""5800""}, {""menu_name"": ""얼그레이 리저브 BLACK TEA_ 천연 베르가못 오일, 홍차"", ""menu_price"": ""5800""}, {""menu_name"": ""크림슨펀치"", ""menu_price"": ""5800""}, {""menu_name"": ""세레니티"", ""menu_price"": ""5800""}, {""menu_name"": ""피치우롱 OOLONG TEA_ 천연 복숭아오일, 포모사우롱찻잎, 마리골드 꽃잎"", ""menu_price"": ""5800""}, {""menu_name"": ""럼배럴 아메리카노 럼배럴의 진한 풍미와 달콤함을 느낄 수 있는 독특한 커피"", ""menu_price"": ""6800""}, {""menu_name"": ""럼배럴 카페라떼 럼배럴의 독특한 커피와 우유"", ""menu_price"": ""6800""}, {""menu_name"": ""문경사과주스"", ""menu_price"": ""7500""}, {""menu_name"": ""시트러스주스"", ""menu_price"": ""7500""}, {""menu_name"": ""아메리카노"", ""menu_price"": ""5400""}, {""menu_name"": ""에스프레소"", ""menu_price"": ""5400""}, {""menu_name"": ""플랫화이트"", ""menu_price"": ""5800""}]","DININGCODE 스킵네비게이션

본문바로가기
주메뉴바로가기
로그인
인크커피 가산점
인크커피 가산점
저장
공유
가산베이커리, 카페

4.1 (61명의 평가)
81점 

서울특별시 금천구 가산디지털2로 127-20 지번 
지도보기
영업 중
오늘(목)
·
영업시간: 09:00 - 21:00
02-854-7200
데이트, 혼카페
깔끔한, 여유로운, 아침식사, 점심식사, 저녁식사, 테라스, 테이크아웃, 무료주차
폐업신고 · 정보수정 제안

Advertisement
Advertisement

인크커피 메뉴정보

인기 메뉴 보기

인크슈페너

7,500원

럼배럴 크림커피

6,800원

카페라떼

5,800원

바닐라빈 라떼

6,500원

카페모카

6,500원

연유라떼

6,500원

쿠키앤크림 블렌디드

7,500원

제주 한라봉 블렌디드

7,500원

자몽에이드

7,500원

청포도 라임 에이드

7,500원

콰테말라 럼배럴

8,000원

DRIP COFFEE

에티오피아 예가체프 코케허니내츄럴G1

6,500원

DRIP COFFEE

론 자카파 밀크

8,000원

럼의 왕 '자카파' 오크통에 생두를 숙성한 커피와 우유

초코 라떼

6,800원

제주 말차 라떼

6,800원

밀크티

6,800원

겐마이차

5,800원

GRREN TEA_ 현미, 녹차

얼그레이 리저브

5,800원

BLACK TEA_ 천연 베르가못 오일, 홍차

크림슨펀치

5,800원

세레니티

5,800원

피치우롱

5,800원

OOLONG TEA_ 천연 복숭아오일, 포모사우롱찻잎, 마리골드 꽃잎

럼배럴 아메리카노

6,800원

럼배럴의 진한 풍미와 달콤함을 느낄 수 있는 독특한 커피

럼배럴 카페라떼

6,800원

럼배럴의 독특한 커피와 우유

문경사과주스

7,500원

시트러스주스

7,500원

아메리카노

5,400원

에스프레소

5,400원

플랫화이트

5,800원

메뉴 접기

인크커피
의 사진
음식 (106) 실내 (60) 실외 (43) ",ok,
서울특별시 금천구,카페,우지커피 독산시티렉스점,https://www.diningcode.com/profile.php?rid=pg6hwZMaMB2Y,서울특별시 금천구 시흥대로 399 지상1층 103호 지번,4.9,6,"[{""menu_name"": ""HOT 아메리카노"", ""menu_price"": ""1800""}, {""menu_name"": ""ICE 아메리카노"", ""menu_price"": ""2000""}, {""menu_name"": ""연유큐브라떼"", ""menu_price"": ""4100""}, {""menu_name"": ""아이스크림라떼"", ""menu_price"": ""3900""}, {""menu_name"": ""바닐라크림콜드브루"", ""menu_price"": ""4800""}, {""menu_name"": ""망고오렌망"", ""menu_price"": ""3700""}, {""menu_name"": ""복숭아아이스티"", ""menu_price"": ""3000""}, {""menu_name"": ""석류아이스티"", ""menu_price"": ""3000""}, {""menu_name"": ""리얼딸기라떼"", ""menu_price"": ""3700""}, {""menu_name"": ""리얼블루베리라떼"", ""menu_price"": ""4000""}, {""menu_name"": ""리얼초코라떼"", ""menu_price"": ""4200""}, {""menu_name"": ""얼그레이초코라떼"", ""menu_price"": ""3900""}, {""menu_name"": ""디카페인 HOT 아메리카노"", ""menu_price"": ""2800""}, {""menu_name"": ""스크류딸기스무디"", ""menu_price"": ""3900""}, {""menu_name"": ""딸기요거트스무디"", ""menu_price"": ""3900""}, {""menu_name"": ""플레인요거트스무디"", ""menu_price"": ""3900""}, {""menu_name"": ""망고요거트스무디"", ""menu_price"": ""3900""}, {""menu_name"": ""더블커피칩프라페"", ""menu_price"": ""4300""}, {""menu_name"": ""율무크림프라페"", ""menu_price"": ""3900""}, {""menu_name"": ""오레오프라페"", ""menu_price"": ""3900""}, {""menu_name"": ""딸기오레오프라페"", ""menu_price"": ""3900""}, {""menu_name"": ""자바칩프라페"", ""menu_price"": ""3900""}, {""menu_name"": ""레몬생강차"", ""menu_price"": ""3500""}, {""menu_name"": ""디카페인 ICE 아메리카노"", ""menu_price"": ""3000""}, {""menu_name"": ""레몬차"", ""menu_price"": ""3500""}, {""menu_name"": ""얼그레이레몬차"", ""menu_price"": ""3500""}, {""menu_name"": ""모히또레몬홍차"", ""menu_price"": ""3700""}, {""menu_name"": ""애플히비스커스"", ""menu_price"": ""3500""}, {""menu_name"": ""라임모히또"", ""menu_price"": ""3900""}, {""menu_name"": ""체리콕"", ""menu_price"": ""3300""}, {""menu_name"": ""딥카페라떼"", ""menu_price"": ""3300""}, {""menu_name"": ""피넛크림라떼"", ""menu_price"": ""4300""}, {""menu_name"": ""우지믹스커피"", ""menu_price"": ""2700""}, {""menu_name"": ""카라멜마끼야또"", ""menu_price"": ""3500""}, {""menu_name"": ""시나몬슈가카푸치노"", ""menu_price"": ""3500""}, {""menu_name"": ""바닐라라떼"", ""menu_price"": ""3500""}]","DININGCODE 스킵네비게이션

본문바로가기
주메뉴바로가기
로그인
우지커피 독산시...
우지커피 독산시티렉스점
저장
공유
독산커피, 라떼

4.9 (6명의 평가)
75점 

서울특별시 금천구 시흥대로 399 지상1층 103호 지번 
지도보기
영업 중
오늘(목)
·
영업시간: 07:30 - 20:40
02-802-5446
간식, 혼카페
서민적인, 저렴한, 점심식사, 테이크아웃
폐업신고 · 정보수정 제안

Advertisement
Advertisement

우지커피 메뉴정보

인기 메뉴 보기

HOT 아메리카노

1,800원

ICE 아메리카노

2,000원

연유큐브라떼

4,100원

아이스크림라떼

3,900원

바닐라크림콜드브루

4,800원

망고오렌망

3,700원

복숭아아이스티

3,000원

석류아이스티

3,000원

리얼딸기라떼

3,700원

리얼블루베리라떼

4,000원

리얼초코라떼

4,200원

얼그레이초코라떼

3,900원

디카페인 HOT 아메리카노

2,800원

스크류딸기스무디

3,900원

딸기요거트스무디

3,900원

플레인요거트스무디

3,900원

망고요거트스무디

3,900원

더블커피칩프라페

4,300원

율무크림프라페

3,900원

오레오프라페

3,900원

딸기오레오프라페

3,900원

자바칩프라페

3,900원

레몬생강차

3,500원

디카페인 ICE 아메리카노

3,000원

레몬차

3,500원

얼그레이레몬차

3,500원

모히또레몬홍차

3,700원

애플히비스커스

3,500원

라임모히또

3,900원

체리콕

3,300원

딥카페라떼

3,300원

피넛크림라떼

4,300원

우지믹스커피

2,700원

카라멜마끼야또

3,500원

시나몬슈가카푸치노

3,500원

바닐라라떼

3,500원

메뉴 접기

우지커피
의 사진
음식 (7) 실내 (5) 실외 (3) 메뉴ㆍ정보 (8)

Advertisement
자세히 알아보기
소고기
음료
식재료 구독 박스
Advertisement
자",ok,
서울특별시 금천구,카페,아로케,https://www.diningcode.com/profile.php?rid=UoNeBQ5jrves,서울특별시 금천구 디지털로 121 1층 105호 AROKE 지번,4.9,5,"[{""menu_name"": ""뺑오 쇼콜라 프랑스산 발로나 초코스틱과 발로나 코코아파우더로 더욱 깊은 풍미의 뺑오쇼콜라"", ""menu_price"": ""4500""}, {""menu_name"": ""라즈베리 맘모스 고소한 버터크림과 상큼한 라즈베리쨈, 고급진 보늬밤과 호두가 들어간 맘모스빵"", ""menu_price"": ""5500""}, {""menu_name"": ""콜드브루 라떼 차가운 물로 천천히 추출한 콜드브루 원액에 우유가 들어가서 부드러운 커피"", ""menu_price"": ""5200""}, {""menu_name"": ""콜드브루 꿀 라떼(ice) 수제 크림베이스에 꿀이 들어가 달달하게 드실 수 있는 라떼"", ""menu_price"": ""5900""}, {""menu_name"": ""리얼초코라떼 깔리바우트 초콜렛을 넣어 직접 끓여 만든 베이스가 들어간 진한 초코음료"", ""menu_price"": ""5400""}, {""menu_name"": ""말차라떼 제주 유기농 녹차로 직접 만든 베이스가 들어간 말차 음료"", ""menu_price"": ""5400""}, {""menu_name"": ""밀크티 아쌈, 얼그레이차를 직접 끓여 만들어 진한 풍미가 느껴지는 홍차라떼"", ""menu_price"": ""5400""}, {""menu_name"": ""미숫가루라떼 11가지 곡물이 들어가 식사대용으로도 든든하게 드실 수 있는 음료"", ""menu_price"": ""4900""}, {""menu_name"": ""고구마라떼 남녀노소 누구나 좋아하는 달콤한 고구마로 만든 라떼"", ""menu_price"": ""5400""}, {""menu_name"": ""딸기라떼(ice) 수제딸기청에 꿀우유를 베이스로 한 딸기음료"", ""menu_price"": ""4900""}, {""menu_name"": ""핑크레몬에이드 상큼한 레몬청에 히비스커스, 파인애플이 들어간 티가 어우러진 청량한 에이드"", ""menu_price"": ""6200""}, {""menu_name"": ""모과에이드 은은한 모과향이 나는 달달한 에이드"", ""menu_price"": ""5600""}, {""menu_name"": ""수정과라떼 수정과의 계피향이 은은하게 느껴지는 달콤한 라떼"", ""menu_price"": ""4600""}, {""menu_name"": ""수정과사과에이드 수정과베이스에 상큼한 사과가 들어간 에이드"", ""menu_price"": ""5600""}, {""menu_name"": ""딸기요거트 프라페 요거트를 얼음과 갈아서 만든 스무디에 새콤한 딸기가 들어간 음료"", ""menu_price"": ""6600""}, {""menu_name"": ""망고요거트 프라페 요거트를 얼음과 갈아서 만든 스무디에 망고베이스가 들어간 음료"", ""menu_price"": ""6600""}, {""menu_name"": ""블루베리요거트 프라페 요거트를 얼음과 갈아서 만든 스무디에 블루베리베이스가 들어간 음료"", ""menu_price"": ""6600""}, {""menu_name"": ""초코 프라페 초코칩을 얼음과 같이 갈아서 만든 진한 초코음료"", ""menu_price"": ""6200""}, {""menu_name"": ""어텀브리즈 아로케만의 자체 블레딩으로 만든 달지 않고 향긋한 티"", ""menu_price"": ""4800""}, {""menu_name"": ""루이보스"", ""menu_price"": ""4200""}, {""menu_name"": ""페퍼민트"", ""menu_price"": ""4200""}, {""menu_name"": ""유자베리티 유자청에 라즈베리티가 들어가 상큼달달한 티베리에이션 음료"", ""menu_price"": ""5200""}, {""menu_name"": ""캐모애플 사과베이스에 캐모마일 티가 들어간 티베리에이션 음료"", ""menu_price"": ""5500""}, {""menu_name"": ""스페셜티 아메리카노 직접 로스팅한 아로케 블렌드 원두 선택 가능"", ""menu_price"": ""3700""}, {""menu_name"": ""황도 아이스티(ice) 황도복숭아가 들어간 달콤하고 시원한 아이스 음료"", ""menu_price"": ""4200""}, {""menu_name"": ""오미자차 면역력에 좋은 새콤달콤한 전통차"", ""menu_price"": ""4300""}, {""menu_name"": ""쌀 아이스크림"", ""menu_price"": ""4200""}, {""menu_name"": ""크로와상 프랑스산 최고급 발효버터와 밀가루를 사용한 깊은 풍미의 프랑스 크로와상"", ""menu_price"": ""3900""}, {""menu_name"": ""아몬드 크로와상 아몬드 리큐르를 넣어 더욱 깊은 고소한 맛의 바삭한 크로와상"", ""menu_price"": ""5200""}, {""menu_name"": ""라즈베리 크로와상 상큼한 수제 라즈베리쨈과 고소한 아몬드크림이 가득 들어간 바삭한 크로와상"", ""menu_price"": ""5200""}, {""menu_name"": ""카스테라 크로와상 동물성 생크림의 깊은 우유 맛의 크림으로 속을 채워 보드라운 카스테라 가루가 가득 묻혀있는 크로와상"", ""menu_price"": ""4500""}, {""menu_name"": ""단팥빵 고소한 호두와 팥앙금이 가득 찬 쫄깃한 단팥빵"", ""menu_price"": ""2800""}, {""menu_name"": ""생크림 단팥빵 100% 동물성 생크림과 달달한 호두팥앙금의 조화"", ""menu_price"": ""3500""}, {""menu_name"": ""소금빵 담백하고 고소한 버터향이 가득한 아로케의 베스트 메뉴"", ""menu_price"": ""2800""}, {""menu_name"": ""카페라떼 진한 에스프레소에 우유가 들어가 부드러운 커피"", ""menu_price"": ""4200""}, {""menu_name"": ""모카 소금빵 진한 커피향의 바삭한 모카피와 한입 베어물면 버터풍미가 가득 느껴지는 소금빵"", ""menu_price"": ""3500""}, {""menu_name"": ""감자치즈 베이글 고소한 메쉬 포테이토에 톡톡 터지는 옥수수가 들어간 든든한 베이글"", ""menu_price"": ""4200""}, {""menu_name"": ""피자 베이글 페퍼로니와 블랙올리브, 할라피뇨와 치즈까지 들어간 피자베이글"", ""menu_price"": ""4500""}, {""menu_name"": ""햄치즈 에그마요 샌드위치 매일 아침 생산하는 크로와상에 수제 에그마요 샐러드가 가득 들어가 한끼 식사로도 든든한 햄치즈 에그마요 크로와상"", ""menu_price"": ""6200""}, {""menu_name"": ""햄치즈 에그마요 샌드위치 세트 햄치즈 에그마요 크로와상 + 아메리카노 세트"", ""menu_price"": ""8910""}, {""menu_name"": ""유자 퀸아망 바삭한 퀸아망에 달콤한 화이트 초코와 유자의 조화"", ""menu_price"": ""5200""}]","DININGCODE 스킵네비게이션

본문바로가기
주메뉴바로가기
로그인
아로케 가산
아로케
저장
공유
가산베이커리, 카페

4.9 (5명의 평가)
75점 

서울특별시 금천구 디지털로 121 1층 105호 AROKE 지번 
지도보기
영업 중
오늘(목)
·
영업시간: 08:00 - 20:00
0507-1372-6510
차모임, 데이트
서민적인, 차분한, 아침식사, 테이크아웃, 배달
폐업신고 · 정보수정 제안

Advertisement
Advertisement

아로케 메뉴정보

인기 메뉴 보기

뺑오 쇼콜라

4,500원

프랑스산 발로나 초코스틱과 발로나 코코아파우더로 더욱 깊은 풍미의 뺑오쇼콜라

라즈베리 맘모스

5,500원

고소한 버터크림과 상큼한 라즈베리쨈, 고급진 보늬밤과 호두가 들어간 맘모스빵

콜드브루 라떼

5,200원

차가운 물로 천천히 추출한 콜드브루 원액에 우유가 들어가서 부드러운 커피

콜드브루 꿀 라떼(ice)

5,900원

수제 크림베이스에 꿀이 들어가 달달하게 드실 수 있는 라떼

리얼초코라떼

5,400원

깔리바우트 초콜렛을 넣어 직접 끓여 만든 베이스가 들어간 진한 초코음료

말차라떼

5,400원

제주 유기농 녹차로 직접 만든 베이스가 들어간 말차 음료

밀크티

5,400원

아쌈, 얼그레이차를 직접 끓여 만들어 진한 풍미가 느껴지는 홍차라떼

미숫가루라떼

4,900원

11가지 곡물이 들어가 식사대용으로도 든든하게 드실 수 있는 음료

고구마라떼

5,400원

남녀노소 누구나 좋아하는 달콤한 고구마로 만든 라떼

딸기라떼(ice)

4,900원

수제딸기청에 꿀우유를 베이스로 한 딸기음료

핑크레몬에이드

6,200원

상큼한 레몬청에 히비스커스, 파인애플이 들어간 티가 어우러진 청량한 에이드

모과에이드

5,600원

은은한 모과향이 나는 달달한 에이드

수정과라떼

4,600원

수정과의 계피향이 은은하게 느껴지는 달콤한 라떼

수정과사과에이드

5,600원

수정과베이스에 상큼한 사과가 들어간 에이드

딸기",ok,
서울특별시 금천구,카페,카페 스미다,https://www.diningcode.com/profile.php?rid=H3W0ZMnsPxva,서울특별시 금천구 벚꽃로 298 대륭포스트타워6차 B143호 지번,4.3,13,"[{""menu_name"": ""아메리카노"", ""menu_price"": ""4300""}, {""menu_name"": ""플랫화이트"", ""menu_price"": ""5200""}, {""menu_name"": ""리얼밀크티"", ""menu_price"": ""6500""}, {""menu_name"": ""달고나밀크티"", ""menu_price"": ""6800""}, {""menu_name"": ""감기라떼 생강+대추+도라지+꿀+배를 직접 달여 만든 웰빙 라떼"", ""menu_price"": ""6800""}, {""menu_name"": ""더치커피"", ""menu_price"": ""5500""}, {""menu_name"": ""더치라떼"", ""menu_price"": ""6000""}, {""menu_name"": ""리얼딸기우유"", ""menu_price"": ""6800""}, {""menu_name"": ""다크쇼콜라라떼"", ""menu_price"": ""6000""}, {""menu_name"": ""패션망고에이드"", ""menu_price"": ""6500""}, {""menu_name"": ""청포도살롱에이드"", ""menu_price"": ""6500""}, {""menu_name"": ""콜롬비아"", ""menu_price"": ""7500""}, {""menu_name"": ""카푸치노"", ""menu_price"": ""5200""}, {""menu_name"": ""과테말라"", ""menu_price"": ""7500""}, {""menu_name"": ""예가체프"", ""menu_price"": ""7500""}, {""menu_name"": ""레몬차"", ""menu_price"": ""5800""}, {""menu_name"": ""자몽차"", ""menu_price"": ""5800""}, {""menu_name"": ""레몬후르츠"", ""menu_price"": ""6000""}, {""menu_name"": ""애플레몬"", ""menu_price"": ""6000""}, {""menu_name"": ""스미다차"", ""menu_price"": ""6000""}, {""menu_name"": ""감기차 생강+대추+도라지+꿀+배"", ""menu_price"": ""5300""}, {""menu_name"": ""레드몽 히비스커스+자몽"", ""menu_price"": ""6000""}, {""menu_name"": ""허니자몽블랙"", ""menu_price"": ""6000""}, {""menu_name"": ""카페라떼"", ""menu_price"": ""5200""}, {""menu_name"": ""페퍼민트"", ""menu_price"": ""5500""}, {""menu_name"": ""캐모마일"", ""menu_price"": ""5500""}, {""menu_name"": ""히비스커스"", ""menu_price"": ""5500""}, {""menu_name"": ""유기농 루이보스"", ""menu_price"": ""5500""}, {""menu_name"": ""바닐라 루이보스"", ""menu_price"": ""5000""}, {""menu_name"": ""로즈레몬"", ""menu_price"": ""5300""}, {""menu_name"": ""스윗 루바브"", ""menu_price"": ""6500""}, {""menu_name"": ""블랙베리&라즈베리"", ""menu_price"": ""6500""}, {""menu_name"": ""얼그레이"", ""menu_price"": ""5500""}, {""menu_name"": ""티라미수"", ""menu_price"": ""7000""}, {""menu_name"": ""카라멜 마끼아또"", ""menu_price"": ""5500""}, {""menu_name"": ""과일&패션커드 파블로바"", ""menu_price"": ""13800""}, {""menu_name"": ""누텔라&오레오 파블로바"", ""menu_price"": ""13800""}, {""menu_name"": ""아이리쉬커피"", ""menu_price"": ""8000""}, {""menu_name"": ""뱅쇼"", ""menu_price"": ""8000""}, {""menu_name"": ""카페모카"", ""menu_price"": ""5500""}, {""menu_name"": ""아인슈패너"", ""menu_price"": ""5500""}, {""menu_name"": ""크림모카"", ""menu_price"": ""6300""}, {""menu_name"": ""빠삭달고나라떼"", ""menu_price"": ""5500""}, {""menu_name"": ""리얼바닐라빈라떼 마다가르카산 바닐라빈을 직접 갈아서 사용합니다."", ""menu_price"": ""6300""}]","DININGCODE 스킵네비게이션

본문바로가기
주메뉴바로가기
로그인
카페 스미다 가...
카페 스미다
저장
공유
가산디지털단지역카페, 두쫀쿠

4.3 (13명의 평가)
75점 

서울특별시 금천구 벚꽃로 298 대륭포스트타워6차 B143호 지번 
지도보기
영업 중
오늘(목)
·
영업시간: 11:30 - 23:00
010-5940-2560
데이트, 차모임
예쁜, 분위기좋은, 저녁식사
폐업신고 · 정보수정 제안

Advertisement
Advertisement

카페 스미다 메뉴정보

인기 메뉴 보기

아메리카노

4,300원

플랫화이트

5,200원

리얼밀크티

6,500원

달고나밀크티

6,800원

감기라떼

6,800원

생강+대추+도라지+꿀+배를 직접 달여 만든 웰빙 라떼

더치커피

5,500원

더치라떼

6,000원

리얼딸기우유

6,800원

다크쇼콜라라떼

6,000원

패션망고에이드

6,500원

청포도살롱에이드

6,500원

콜롬비아

7,500원

카푸치노

5,200원

과테말라

7,500원

예가체프

7,500원

레몬차

5,800원

자몽차

5,800원

레몬후르츠

6,000원

애플레몬

6,000원

스미다차

6,000원

감기차

5,300원

생강+대추+도라지+꿀+배

레드몽

6,000원

히비스커스+자몽

허니자몽블랙

6,000원

카페라떼

5,200원

페퍼민트

5,500원

캐모마일

5,500원

히비스커스

5,500원

유기농 루이보스

5,500원

바닐라 루이보스

5,000원

로즈레몬

5,300원

스윗 루바브

6,500원

블랙베리&라즈베리

6,500원

얼그레이

5,500원

티라미수

7,000원

카라멜 마끼아또

5,500원

과일&패션커드 파블로바

13,800원

누텔라&오레오 파블로바

13,800원

아이리쉬커피

8,000원

뱅쇼

8,000원

카페모카

5,500원

아인슈패너

5,500원

크림모카

6,300원

빠삭달고나라떼

5,500원

",ok,
서울특별시 금천구,카페,커피사피엔스 가산 한라원앤원점,https://www.diningcode.com/profile.php?rid=483m0r29Cj2w,서울특별시 금천구 가산디지털2로 101 1층 119호 지번,4.5,4,"[{""menu_name"": ""[패스오더전용] 아메리카노 패스오더 앱 설치하면, 최소 주문 금액 없이 에 커피 주문+1,500원 쿠폰까지"", ""menu_price"": ""100""}, {""menu_name"": ""[패스오더전용] 아메리카노"", ""menu_price"": ""100""}, {""menu_name"": ""패스오더 앱 설치하면, 최소 주문 금액 없이 에 커피 주문+1,500원 쿠폰까지"", ""menu_price"": ""100""}, {""menu_name"": ""아메리카노 A원두 : 부드러운 산미 / B원두 : 고소한"", ""menu_price"": ""2000""}, {""menu_name"": ""연딸 라떼 수제딸기청과 수제연유베이스로 제조한 딸기크런치가 톡톡 씹히는 라떼"", ""menu_price"": ""5300""}, {""menu_name"": ""킹아샷추 1리터 대용량 아이스티+2샷"", ""menu_price"": ""4800""}, {""menu_name"": ""햄프씨드 크림샷 라떼 라떼 위 수제 햄프씨드 고소 달달 생크림 투척"", ""menu_price"": ""4300""}, {""menu_name"": ""피스차피오 크림라떼 라떼위 수제 피스타치오 생크림"", ""menu_price"": ""4800""}, {""menu_name"": ""단호박 크림라떼 단호박 라떼위 수제 생크림"", ""menu_price"": ""4800""}, {""menu_name"": ""로투스 크림라떼 로투스 액상+ 분태 라떼와 사피엔스 수제 생크림이 올라간 시그니처 메뉴"", ""menu_price"": ""4800""}, {""menu_name"": ""옛다커피 옛날 다방커피 스무디"", ""menu_price"": ""4000""}, {""menu_name"": ""오트라떼 건강한 오트밀 라떼"", ""menu_price"": ""4000""}, {""menu_name"": ""꿀라떼"", ""menu_price"": ""3800""}, {""menu_name"": ""바닐라라떼"", ""menu_price"": ""3800""}, {""menu_name"": ""해장 꿀 토마토주스 해장에 좋은 국내산 벌꿀이 함유된 신선 토마토 주스"", ""menu_price"": ""4800""}, {""menu_name"": ""카페라떼"", ""menu_price"": ""3300""}, {""menu_name"": ""헤이즐라떼"", ""menu_price"": ""3800""}, {""menu_name"": ""카페모카"", ""menu_price"": ""3800""}, {""menu_name"": ""캬라멜 마끼야또 디카페인 변경 가능"", ""menu_price"": ""3800""}, {""menu_name"": ""카푸치노 디카페인 변경가능"", ""menu_price"": ""4300""}, {""menu_name"": ""햄프씨드 라떼 세계 6대 슈퍼푸드 햄프씨드와 우유의 조화"", ""menu_price"": ""3500""}, {""menu_name"": ""그냥 딸기라떼 수제 딸기청으로 제조한 딸기라떼"", ""menu_price"": ""4800""}, {""menu_name"": ""말차넛 라떼 말차와 토피넛 커피의 조합"", ""menu_price"": ""4800""}, {""menu_name"": ""토피넛라떼"", ""menu_price"": ""3800""}, {""menu_name"": ""초코넛라떼 토피넛과 초코의 조합"", ""menu_price"": ""4800""}, {""menu_name"": ""아샷추 아이스티 + 1샷"", ""menu_price"": ""3500""}, {""menu_name"": ""초코라떼"", ""menu_price"": ""3800""}, {""menu_name"": ""그린티라떼"", ""menu_price"": ""3800""}, {""menu_name"": ""얼그레이 밀크티"", ""menu_price"": ""4000""}, {""menu_name"": ""타로 밀크티"", ""menu_price"": ""4000""}, {""menu_name"": ""피스타치오 라떼 피스타치오향이 일품인 부드러운 라떼"", ""menu_price"": ""4000""}, {""menu_name"": ""단호박 라떼 든든하고 고소한 단호박 라떼"", ""menu_price"": ""4000""}, {""menu_name"": ""꿀밤라떼 국내산 벌꿀과 밤의 조화로운 라떼"", ""menu_price"": ""4000""}, {""menu_name"": ""꿀고구마라떼 국내산 벌꿀과 고구마의 조화로운 라떼"", ""menu_price"": ""4000""}, {""menu_name"": ""아이스티"", ""menu_price"": ""3000""}, {""menu_name"": ""킹아이스티 1리터 대용량 아이스티"", ""menu_price"": ""4300""}, {""menu_name"": ""솔트크림라떼 사피엔스 대표 시그니쳐 메뉴, 라떼 위 수제 단짠단짠 생크림 풍덩"", ""menu_price"": ""4800""}, {""menu_name"": ""블루베리 바나나 우유 100% 블루베리와 바나나를 갈아만든 우유"", ""menu_price"": ""4800""}, {""menu_name"": ""리얼 딸기바나나 우유 100% 딸기와 바나나를 갈아만든 우유"", ""menu_price"": ""4800""}, {""menu_name"": ""플레인 요거트 스무디 플레인 요거트 스무디"", ""menu_price"": ""4300""}, {""menu_name"": ""블루베리 요거트 스무디 블루베리잼과 요거트 스무디"", ""menu_price"": ""4300""}, {""menu_name"": ""딸기 요거트 스무디 딸기잼과 요거트 스무디"", ""menu_price"": ""4300""}, {""menu_name"": ""망고 요거트 스무디 망고잼과 요거트의 조화로운 스무디"", ""menu_price"": ""4300""}, {""menu_name"": ""피스타치오 스무디 피스타치오와 은은한 밀크향의 조화로운 스무디"", ""menu_price"": ""4000""}]","DININGCODE 스킵네비게이션

본문바로가기
주메뉴바로가기
로그인
커피사피엔스 가...
커피사피엔스 가산 한라원앤원점
저장
공유
가산커피, 카페

4.5 (4명의 평가)
73점 

서울특별시 금천구 가산디지털2로 101 1층 119호 지번 
지도보기
영업 중
오늘(목)
·
영업시간: 07:00 - 18:00
0507-2087-1057
차모임
캐주얼한, 저렴, 테이크아웃, 배달
폐업신고 · 정보수정 제안

Advertisement
Advertisement

커피사피엔스 가산 메뉴정보

인기 메뉴 보기

[패스오더전용] 100원 아메리카노

100원

패스오더 앱 설치하면, 최소 주문 금액 없이 100원에 커피 주문+1,500원 쿠폰까지

아메리카노

2,000원

A원두 : 부드러운 산미 / B원두 : 고소한

연딸 라떼

5,300원

수제딸기청과 수제연유베이스로 제조한 딸기크런치가 톡톡 씹히는 라떼

킹아샷추

4,800원

1리터 대용량 아이스티+2샷

햄프씨드 크림샷 라떼

4,300원

라떼 위 수제 햄프씨드 고소 달달 생크림 투척

피스차피오 크림라떼

4,800원

라떼위 수제 피스타치오 생크림

단호박 크림라떼

4,800원

단호박 라떼위 수제 생크림

로투스 크림라떼

4,800원

로투스 액상+ 분태 라떼와 사피엔스 수제 생크림이 올라간 시그니처 메뉴

옛다커피

4,000원

옛날 다방커피 스무디

오트라떼

4,000원

건강한 오트밀 라떼

꿀라떼

3,800원

바닐라라떼

3,800원

해장 꿀 토마토주스

4,800원

해장에 좋은 국내산 벌꿀이 함유된 신선 토마토 주스

카페라떼

3,300원

헤이즐라떼

3,800원

카페모카

3,800원

캬라멜 마끼야또

3,800원

디카페인 변경 가능

카푸치노

4,300원

디카페인 변경가능

햄프씨드 라떼

3,500원

세계 6대 슈퍼푸드 햄프씨드와 우유의 조화

그냥 딸기라떼

4,800원

수제 딸기청으로 제조한 딸기라떼

말차넛 라떼

4,800원

말차와 토피넛 커피",ok,
서울특별시 금천구,카페,메종크로키,https://www.diningcode.com/profile.php?rid=kETl3qxEwIo2,서울특별시 금천구 범안로 1130 1층 106-1호~3호 지번,4.3,6,"[{""menu_name"": ""상하이 버터떡 버터의 깊은 풍미와 찹쌀의 쫀득함이 어우러진, 바삭하고 쫀득한 식감의 상하이 버터떡"", ""menu_price"": ""2000""}, {""menu_name"": ""체리에리어 플레이버 아포가토 체리와 바닐라 아이스크림 그리고 수제 바닐라 생크림과 메종크로키 스페셜 블렌딩 에스프레소"", ""menu_price"": ""6800""}, {""menu_name"": ""초코 브레드 푸딩 부드러운 초코 디플로마트 크림과 달콤한 초콜릿의 진한 여운"", ""menu_price"": ""6300""}, {""menu_name"": ""흑임자 오레오 브레드 푸딩 바삭한 오레오 쿠키와 달콤 고소한 흑임자의 부드러운 입 속 하모니"", ""menu_price"": ""6300""}, {""menu_name"": ""캐러멜 약과 브레드 푸딩 (일시 중단)달달한 캐러멜 디플로마트 크림 사이로 느껴지는 쫀득한 약과의 매력적인 식감"", ""menu_price"": ""6300""}, {""menu_name"": ""클래식 크루키 달콤 고소한 클래식 르뱅쿠키와 겹겹이 결이 살아있는 크루아상의 만남"", ""menu_price"": ""6000""}, {""menu_name"": ""더블 초코 크루키 진한 달콤함의 초코 르뱅 쿠키와 겹겹이 결이 살아있는 크루아상의 만남"", ""menu_price"": ""6300""}, {""menu_name"": ""흑임자 크루키 메종크로키의 시그니처 플레이버, 흑임자의 고소함과 바삭함을 느낄 수 있는 흑임자 크루키"", ""menu_price"": ""6300""}, {""menu_name"": ""쑥 인절미 크루키 어른 입맛 저격 쌉싸름한 쑥, 인절미와 크루아상의 만남"", ""menu_price"": ""6300""}, {""menu_name"": ""[패스오더전용] 아메리카노 패스오더 앱 설치하면, 최소 주문 금액 없이 에 커피 주문+1,500원 쿠폰까지"", ""menu_price"": ""100""}, {""menu_name"": ""[패스오더전용] 아메리카노"", ""menu_price"": ""100""}, {""menu_name"": ""패스오더 앱 설치하면, 최소 주문 금액 없이 에 커피 주문+1,500원 쿠폰까지"", ""menu_price"": ""100""}, {""menu_name"": ""에스프레소 메종크로키 스페셜 블랜딩 에스프레소"", ""menu_price"": ""2500""}, {""menu_name"": ""핫 아메리카노 메종크로키 스페셜 블랜딩 아메리카노 기본을 지키다."", ""menu_price"": ""2500""}, {""menu_name"": ""비스코프 플레이버 아포가토 비스코프와 수제 바닐라빈 생크림 그리고 메종크로키 스페셜 블렌딩 에스프레소의 조화"", ""menu_price"": ""7300""}, {""menu_name"": ""아이스 아메리카노 메종크로키 스페셜 블랜딩 아메리카노 기본을 지키다."", ""menu_price"": ""3000""}, {""menu_name"": ""꿀 아메리카노 메종크로키 스페셜 블랜딩 아메리카노와 꿀의 조화"", ""menu_price"": ""3500""}, {""menu_name"": ""헤이즐넛 아메리카노 메종크로키 스페셜 블랜딩 아메리카노와 달달 고소한 헤이즐넛, 제로슈가 변경 가능"", ""menu_price"": ""3500""}, {""menu_name"": ""선셋 커피 메종크로키가 재해석한 오렌지 커피"", ""menu_price"": ""4500""}, {""menu_name"": ""카페라떼 메종크로키 스페셜 블랜딩 에스프레소와 우유의 완벽한 비율"", ""menu_price"": ""4000""}, {""menu_name"": ""플랫 화이트 메종크로키 스페셜 블랜딩 에스프레소의 진함을 더 완벽한 비율로 즐기는 플랫화이트"", ""menu_price"": ""4000""}, {""menu_name"": ""콜드브루 아메리카노 메종크로키가 선택한 콜드브루"", ""menu_price"": ""4300""}, {""menu_name"": ""콜드브루 라떼 메종크로키가 선택한 진한 콜드브루와 우유의 완벽한 비율"", ""menu_price"": ""4800""}, {""menu_name"": ""바닐라빈 라떼 프리미엄 고메 등급 100% 자연산 마다가스카르 바닐라빈이 들어간 진짜 바닐라빈 라떼"", ""menu_price"": ""4800""}, {""menu_name"": ""캐러멜 마키아또 메종크로키 스페셜 블랜딩과 캐러멜의 달달한 시간"", ""menu_price"": ""4800""}, {""menu_name"": ""버터프레소 플레이버 아포가토 수제 버터크림과 메종크로키 스페셜 블렌딩 에스프레소 그리고 바닐라 아이스크림의 아포가토"", ""menu_price"": ""6800""}, {""menu_name"": ""카페 모카 진한 초코와 메종크로키 스페셜 블랜딩으로 즐기는 행복한 당 충전"", ""menu_price"": ""4800""}, {""menu_name"": ""돌체 라떼 메종크로키가 돌체 라떼를 대하는 자세"", ""menu_price"": ""4800""}, {""menu_name"": ""버터 크림 라떼 바닐라빈 수제 버터 크림과 스페셜 블랜딩 에스프레소의 달콤한 조화"", ""menu_price"": ""5300""}, {""menu_name"": ""아인슈페너 메종크로키 스페셜 블랜딩과 프리미엄 고메 등급 100% 자연산 마다가스카르 바닐라빈 생크림"", ""menu_price"": ""5300""}, {""menu_name"": ""시나몬 허니 라떼 메종크로키 스페셜 블랜딩과 시나몬과 꿀의 조화"", ""menu_price"": ""5300""}, {""menu_name"": ""수제청 딸기 라떼 수제 딸기청의 새콤달콤함을 부드럽게 즐길 수 있는 논커피 대표메뉴"", ""menu_price"": ""5300""}, {""menu_name"": ""진한 초코 라떼 꾸덕 달달한 초코 시럽과 마시멜로우의 달콤한 조화"", ""menu_price"": ""5300""}, {""menu_name"": ""제주 말차 라떼 깊고 진한 말차 본연의 향을 부드럽게 느낄 수 있는 제주 말차 라떼"", ""menu_price"": ""5300""}, {""menu_name"": ""오로라 말차 몽환적인 코코넛 음료와 수제 생크림과 말차의 환상적인 조합"", ""menu_price"": ""5300""}, {""menu_name"": ""더복아 진짜 복숭아가 들어간 달콤한 더블 복숭아 아이스티"", ""menu_price"": ""4500""}, {""menu_name"": ""크로키 흑임자 라떼 메종크로키의 시그니처 메뉴, 논커피 크로키 흑임자 라떼"", ""menu_price"": ""5300""}, {""menu_name"": ""아망추 달콤한 망고 아이스티"", ""menu_price"": ""4500""}, {""menu_name"": ""복숭아 아이스티 얼그레이 베이스의 달달한 복숭아 아이스티"", ""menu_price"": ""3800""}, {""menu_name"": ""캐모마일 티 불면증, 우울증에 좋은, 몸과 마음을 다스려주는 캐모마일 티"", ""menu_price"": ""4500""}, {""menu_name"": ""페퍼민트 티 소화불량, 부종에 효과가 좋은 상쾌한 향과 맛의 페퍼민트 티"", ""menu_price"": ""4500""}, {""menu_name"": ""루이보스 바닐라 티 루이보스의 풍부한 향과 바닐라의 달콤한 향이 어우러진 고급스러운 티, 루이보스 바닐라 티"", ""menu_price"": ""4500""}, {""menu_name"": ""굿나잇 레몬밤 티 저녁에 마셔도 좋은 레몬밤 티"", ""menu_price"": ""4500""}]","DININGCODE 스킵네비게이션

본문바로가기
주메뉴바로가기
로그인
메종크로키 독산역
메종크로키
저장
공유
독산역카페, 크루키

4.3 (6명의 평가)
73점 

서울특별시 금천구 범안로 1130 1층 106-1호~3호 지번 
지도보기
영업 중
오늘(목)
·
영업시간: 07:30 - 22:00
0507-2087-1701
혼카페, 데이트
깔끔한, 감각적인, 테라스, 테이크아웃
폐업신고 · 정보수정 제안

Advertisement
Advertisement

메종크로키 메뉴정보

인기 메뉴 보기

상하이 버터떡

2,000원

버터의 깊은 풍미와 찹쌀의 쫀득함이 어우러진, 바삭하고 쫀득한 식감의 상하이 버터떡

체리에리어 플레이버 아포가토

6,800원

체리와 바닐라 아이스크림 그리고 수제 바닐라 생크림과 메종크로키 스페셜 블렌딩 에스프레소

초코 브레드 푸딩

6,300원

부드러운 초코 디플로마트 크림과 달콤한 초콜릿의 진한 여운

흑임자 오레오 브레드 푸딩

6,300원

바삭한 오레오 쿠키와 달콤 고소한 흑임자의 부드러운 입 속 하모니

캐러멜 약과 브레드 푸딩

6,300원

(일시 중단)달달한 캐러멜 디플로마트 크림 사이로 느껴지는 쫀득한 약과의 매력적인 식감

클래식 크루키

6,000원

달콤 고소한 클래식 르뱅쿠키와 겹겹이 결이 살아있는 크루아상의 만남

더블 초코 크루키

6,300원

진한 달콤함의 초코 르뱅 쿠키와 겹겹이 결이 살아있는 크루아상의 만남

흑임자 크루키

6,300원

메종크로키의 시그니처 플레이버, 흑임자의 고소함과 바삭함을 느낄 수 있는 흑임자 크루키

쑥 인절미 크루키

6,300원

어른 입맛 저격 쌉싸름한 쑥, 인절미와 크루아상의 만남

[패스오더전용] 100원 아메리카노

100원

패스오더 앱 설치하면, 최소 주문 금액 없이 100원에 커피 주문+1,500원 쿠폰까지

에스프레소

2,500원

메종크로키 스페셜 블랜딩 에스프레소

핫 아메리카노

2,500원

메종크로키 스페셜 블랜딩 아메리카노 기본을 지키다.
",ok,
서울특별시 금천구,카페,그레이핍플 가산디지털단지점,https://www.diningcode.com/profile.php?rid=q6Dnkyo5eZd5,서울특별시 금천구 가산디지털1로 181 가산W센터 104호 지번,5,4,"[{""menu_name"": ""[SIGNATURE] 그레이라떼 풍부한 견과류의 맛이 중독적인 자체개발 블랙베이스와 달콤한 연유가 어우러진 그레이라떼"", ""menu_price"": ""4500""}, {""menu_name"": ""바스크 치즈케이크 겉바속촉, 바삭한 브륄레와 꾸덕한 치즈의 조합이 매력적인 케이크"", ""menu_price"": ""6500""}, {""menu_name"": ""얼그레이폼초코라떼 풍미 가득한 얼그레이 폼으로 부드럽고 달콤하게 즐기는 초코라떼"", ""menu_price"": ""3800""}, {""menu_name"": ""[SIGNATURE] 버터크림라떼 부드럽고 진한 풍미의 버터크림을 느낄 수 있는 그레이핍플 시그니처 라떼"", ""menu_price"": ""3800""}, {""menu_name"": ""[SIGNATURE] 피스타치오라떼 산뜻한 향의 피스타치오 크림이 올라간 그레이핍플 시그니처 라떼"", ""menu_price"": ""4000""}, {""menu_name"": ""[SIGNATURE] 스페셜밀크라떼 더욱 고소해진 특별한 우유와 부드러운 커피크림이 어우러진 그레이핍플 시그니처 라떼"", ""menu_price"": ""3800""}, {""menu_name"": ""뉴욕 치즈케이크"", ""menu_price"": ""4500""}, {""menu_name"": ""크루아상 바삭하고 부드러운 식감과 풍부한 버터맛을 자랑하는 크루아상"", ""menu_price"": ""3000""}, {""menu_name"": ""초코 크루아상 버터의 풍미와 달콤한 초코가 어우러진 부드러운 크루아상"", ""menu_price"": ""3300""}, {""menu_name"": ""소금빵 쫄깃하고 촉촉한 식감에 고소한 버터향이 가득한 소금빵"", ""menu_price"": ""2800""}, {""menu_name"": ""먹물 소금빵 고소한 버터 풍미를 자랑하며, 먹물 반죽을 사용하여 더욱 쫄깃한 소금빵"", ""menu_price"": ""3000""}, {""menu_name"": ""시나몬 소금빵 은은하게 퍼지는 시나몬향과 짭짤한 소금빵의 완벽조화"", ""menu_price"": ""3000""}, {""menu_name"": ""[BEST] 아메리카노 고소한 견과류 향과 깊은 다크초콜렛의 풍미가 조화로운 커피"", ""menu_price"": ""2000""}, {""menu_name"": ""갈릭 소금빵 부드럽고 고소한 소금빵에 달콤한 갈릭 버터 소스를 듬뿍"", ""menu_price"": ""3300""}, {""menu_name"": ""오리지널 까눌레 풍성한 바닐라 향과 쫀득한 식감이 특징인 까눌레"", ""menu_price"": ""3000""}, {""menu_name"": ""미니 몽블랑 겹겹의 페스츄리에 달콤한 바닐라의 풍미를 느낄 수 있는 몽블랑"", ""menu_price"": ""3000""}, {""menu_name"": ""퐁당 쇼콜라 겉은 바삭하고 속에는 진한 초콜릿이 녹아내리는 퐁당 쇼콜라"", ""menu_price"": ""3200""}, {""menu_name"": ""에그 페스츄리 바삭한 식감에 달콤하고 부드러운 에그 커스터드가 가득"", ""menu_price"": ""3300""}, {""menu_name"": ""소시지 브레드 육즙 가득 두툼한 소시지와 바삭한 페스츄리의 완벽 조합"", ""menu_price"": ""3300""}, {""menu_name"": ""초코 크런키 케이크 흘러넘치는 꾸덕한 초코와 크런치한 식감이 매력적인 케이크"", ""menu_price"": ""6700""}, {""menu_name"": ""바닐라빈 휘낭시에 입안 가득 퍼지는 달콤한 바닐라향에 속은 촉촉하고 겉은 바삭한 휘낭시에"", ""menu_price"": ""2800""}, {""menu_name"": ""다크초코 휘낭시에 깊고 진한 다크초코 코팅이 더해져 달콤한 휘낭시에"", ""menu_price"": ""2800""}, {""menu_name"": ""카라멜피칸 휘낭시에 고소한 피칸을 듬뿍 올려 카라멜 소스를 코팅한 달콤한 휘낭시에"", ""menu_price"": ""2800""}, {""menu_name"": ""카페라떼 에스프레소에 달콤한 우유가 더해져 고소하고 부드러운 라떼"", ""menu_price"": ""3300""}, {""menu_name"": ""마카다미아 르뱅쿠키 은은하게 달고 고소한 마카다미아를 듬뿍 넣은 르뱅쿠키"", ""menu_price"": ""4300""}, {""menu_name"": ""솔티초코 르뱅쿠키 초코의 달달함과 솔티의 짭쪼름한 맛이 더해진 르뱅쿠키"", ""menu_price"": ""4300""}, {""menu_name"": ""오레오 크림치즈 르뱅쿠키 부드러운 크림치즈와 오레오 쿠키의 바삭한 식감을 맛볼 수 있는 르뱅쿠키"", ""menu_price"": ""4300""}, {""menu_name"": ""말차캐슈넛 르뱅쿠키 쌉싸름하고 진한 말차와 고소한 캐슈넛이 듬뿍 들어간 르뱅쿠키"", ""menu_price"": ""4300""}, {""menu_name"": ""갈릭 버터 브레드 겉바속촉 바게트에 달콤한 갈릭버터 소스를 듬뿍 바른 브레드"", ""menu_price"": ""4800""}, {""menu_name"": ""바닐라 쿠키슈 바삭한 쿠키 안에 부드러운 바닐라 크림이 듬뿍"", ""menu_price"": ""3300""}, {""menu_name"": ""초코 쿠키슈 바삭한 쿠키 안에 부드러운 초코 크림이 듬뿍"", ""menu_price"": ""3300""}, {""menu_name"": ""미니 바닐라 쿠키슈 바삭한 쿠키 안에 부드러운 바닐라 크림이 듬뿍"", ""menu_price"": ""1300""}, {""menu_name"": ""미니 초코 쿠키슈 바삭한 쿠키 안에 부드러운 초코 크림이 듬뿍"", ""menu_price"": ""1300""}, {""menu_name"": ""초코 브라우니 쫀득꾸덕한 식감과 진한 초코맛으로 달콤함 폭발"", ""menu_price"": ""2800""}, {""menu_name"": ""바닐라라떼 풍부한 바닐라 향과 부드러운 우유에 에스프레소가 더해진 라떼"", ""menu_price"": ""3800""}, {""menu_name"": ""[Big Size] 아메리카노 (에스프레소 4샷) 사이즈는 커졌지만 기존의 깊고 진한 맛을 유지한 대용량 아메리카노"", ""menu_price"": ""3500""}, {""menu_name"": ""돌체라떼 달달한 연유와 부드러운 우유에 에스프레소가 더해진 라떼"", ""menu_price"": ""3800""}, {""menu_name"": ""카페모카 진한 초콜릿의 여운과 부드러운 우유에 에스프레소가 더해진 라떼"", ""menu_price"": ""4300""}, {""menu_name"": ""카라멜라떼 달콤한 카라멜과 부드러운 우유에 에스프레소가 더해진 라떼"", ""menu_price"": ""4300""}, {""menu_name"": ""콜드브루 (디카페인 가능) 자체 블렌딩 원두를 장시간 우려내 깊은 바디감과 균형 잡힌 밸런스를 자랑하는 콜드브루"", ""menu_price"": ""3500""}, {""menu_name"": ""콜드브루라떼 콜드브루의 깊은 풍미와 고소한 우유가 어우러져 깔끔하고 달콤한 라떼"", ""menu_price"": ""4000""}]","DININGCODE 스킵네비게이션

본문바로가기
주메뉴바로가기
로그인
그레이핍플 가산...
그레이핍플 가산디지털단지점
저장
공유
가산카페, 연유라떼

5 (4명의 평가)
72점 

서울특별시 금천구 가산디지털1로 181 가산W센터 104호 지번 
지도보기
영업 중
오늘(목)
·
영업시간: 07:00 - 21:00
0503-5260-8374
간식, 차모임
가성비좋은, 깔끔한, 테이크아웃, 야외테이블, 배달
폐업신고 · 정보수정 제안

Advertisement
Advertisement

그레이핍플 메뉴정보

인기 메뉴 보기

[SIGNATURE] 그레이라떼

4,500원

풍부한 견과류의 맛이 중독적인 자체개발 블랙베이스와 달콤한 연유가 어우러진 그레이라떼

바스크 치즈케이크

6,500원

겉바속촉, 바삭한 브륄레와 꾸덕한 치즈의 조합이 매력적인 케이크

얼그레이폼초코라떼

3,800원

풍미 가득한 얼그레이 폼으로 부드럽고 달콤하게 즐기는 초코라떼

[SIGNATURE] 버터크림라떼

3,800원

부드럽고 진한 풍미의 버터크림을 느낄 수 있는 그레이핍플 시그니처 라떼

[SIGNATURE] 피스타치오라떼

4,000원

산뜻한 향의 피스타치오 크림이 올라간 그레이핍플 시그니처 라떼

[SIGNATURE] 스페셜밀크라떼

3,800원

더욱 고소해진 특별한 우유와 부드러운 커피크림이 어우러진 그레이핍플 시그니처 라떼

뉴욕 치즈케이크

4,500원

크루아상

3,000원

바삭하고 부드러운 식감과 풍부한 버터맛을 자랑하는 크루아상

초코 크루아상

3,300원

버터의 풍미와 달콤한 초코가 어우러진 부드러운 크루아상

소금빵

2,800원

쫄깃하고 촉촉한 식감에 고소한 버터향이 가득한 소금빵

먹물 소금빵

3,000원

고소한 버터 풍미를 자랑하며, 먹물 반죽을 사용하여 더욱 쫄깃한 소금빵

시나몬 소금빵

3,000원

은은하게 퍼지는 시나몬향과 짭짤한 소금빵의 완벽조화

[BEST] 아메리카노

2,000원

고소한 견과류 향과 깊은 다크초콜렛의 풍미",ok,
서울특별시 금천구,카페,애월빵공장 가산점,https://www.diningcode.com/profile.php?rid=INgvqeeQ6Gr4,서울특별시 금천구 디지털로10길 37 지번,4.2,6,"[{""menu_name"": ""애월빵공장 메뉴정보 인기 메뉴 보기 현무암쌀빵"", ""menu_price"": ""6400""}, {""menu_name"": ""현무암쌀빵"", ""menu_price"": ""6400""}]","DININGCODE 스킵네비게이션

본문바로가기
주메뉴바로가기
로그인
애월빵공장 가산점
애월빵공장 가산점
저장
공유
다시 보지 않기
저장 기능이 추가되었어요!
PC에서도 내가 저장한 맛집을 이용할 수 있어요.
나만의 맛집 리스트를 관리해보세요.
가산베이커리

4.2 (6명의 평가)
74점 

서울특별시 금천구 디지털로10길 37 지번 
지도보기
영업시간 확인 필요
0507-1342-4545
차모임, 아이와함께
지역주민이찾는, 넓은, 연중무휴, 테라스, 셀프바, 무료주차
폐업신고 · 정보수정 제안

Advertisement
Advertisement

애월빵공장 메뉴정보

인기 메뉴 보기

현무암쌀빵

6,400원

애월빵공장
의 사진
음식 (16) 실내 (4) 실외 (3) 메뉴ㆍ정보 (4)
사진 더보기

Advertisement
자세히 알아보기
음료
소고기
식도락 여행 패키지
Advertisement
자세히 알아보기
곡물 및 파스타
주방 용품 세트
평양냉면 밀키트

애월빵공장 방문자 리뷰

4.2
6건의 리뷰가 작성되었어요.
5

최고에요

(1)

4.5

마음에 들어요

(1)

4

만족해요

(3)

3.5

괜찮아요

(1)

3

무난해요

(0)

2

아쉬워요

(0)

1

별로예요

(0)

맛
4.7
좋음
83%
보통
17%
부족
0%
가격
3.3
만족
17%
보통
83%
불만
0%
응대
4.3
친절함
67%
보통
33%
불친절
0%
방문목적

차모임 4점심식사 3간식 3혼카페 3아이동반 3저녁식사 2데이트 2가족외식 1

편의시설

무료주차 2주차등록가능 1

분위기

지역주민이찾는 4캐주얼한 4서민적인 1이국적/이색적 1깔끔한 1조용한 1격식있는 1

추천순 최신순 평점 높은순 평점 낮은순

pinktree
평균 별점 4.4   평가 288   팔로워 1

6장 더보기

4점
2025년 10월 3일

가산동에 새로 생긴 대형카페 애월 빵공장
매장 1~2층 넓게 있고 베이커리종류 다양하고 대형카페라 넓어서 좋네요
맛: 보통|가격: 보통|응대",ok,
서울특별시 금천구,카페,블루샥 가산DK점,https://www.diningcode.com/profile.php?rid=VnhlhnviU49Y,서울특별시 금천구 가산디지털2로 144 현대테라타워 가산DK 103호 지번,4.8,5,"[{""menu_name"": ""[패스오더전용] 아메리카노 패스오더 앱 설치하면, 최소 주문 금액 없이 에 커피 주문+1,500원 쿠폰까지"", ""menu_price"": ""100""}, {""menu_name"": ""[패스오더전용] 아메리카노"", ""menu_price"": ""100""}, {""menu_name"": ""패스오더 앱 설치하면, 최소 주문 금액 없이 에 커피 주문+1,500원 쿠폰까지"", ""menu_price"": ""100""}, {""menu_name"": ""샥 라떼"", ""menu_price"": ""3400""}, {""menu_name"": ""베리 히비스커스(아이스)"", ""menu_price"": ""3900""}, {""menu_name"": ""피치 보이(핫)"", ""menu_price"": ""3900""}, {""menu_name"": ""피치 보이(아이스)"", ""menu_price"": ""3900""}, {""menu_name"": ""백도 우롱(핫)"", ""menu_price"": ""3900""}, {""menu_name"": ""백도 우롱(아이스)"", ""menu_price"": ""3900""}, {""menu_name"": ""허니 캐모마일(핫)"", ""menu_price"": ""3900""}, {""menu_name"": ""허니 캐모마일(아이스)"", ""menu_price"": ""3900""}, {""menu_name"": ""청포도 에이드"", ""menu_price"": ""4500""}, {""menu_name"": ""진저 배 티(핫)"", ""menu_price"": ""3900""}, {""menu_name"": ""진저 배 티(아이스)"", ""menu_price"": ""3900""}, {""menu_name"": ""피넛 라떼"", ""menu_price"": ""3800""}, {""menu_name"": ""제주 미숫가루(핫)"", ""menu_price"": ""4000""}, {""menu_name"": ""제주 미숫가루(아이스)"", ""menu_price"": ""4000""}, {""menu_name"": ""제주 말차 라떼(핫)"", ""menu_price"": ""4500""}, {""menu_name"": ""제주 말차 라떼(아이스)"", ""menu_price"": ""4500""}, {""menu_name"": ""자몽 에이드"", ""menu_price"": ""4500""}, {""menu_name"": ""영암고구마라떼(아이스)"", ""menu_price"": ""4000""}, {""menu_name"": ""애플망고 아이스 티"", ""menu_price"": ""3900""}, {""menu_name"": ""순수 우유(핫)"", ""menu_price"": ""2500""}, {""menu_name"": ""순수 우유(아이스)"", ""menu_price"": ""2500""}, {""menu_name"": ""설향딸기라떼"", ""menu_price"": ""4400""}, {""menu_name"": ""아메리카노(아이스)"", ""menu_price"": ""2500""}, {""menu_name"": ""리얼 쇼콜라(핫)"", ""menu_price"": ""5200""}, {""menu_name"": ""리얼 쇼콜라(아이스)"", ""menu_price"": ""5200""}, {""menu_name"": ""로얄 밀크 티(핫)"", ""menu_price"": ""4200""}, {""menu_name"": ""로얄 밀크 티(아이스)"", ""menu_price"": ""4200""}, {""menu_name"": ""레몬 유자 티(핫)"", ""menu_price"": ""3900""}, {""menu_name"": ""레몬 유자 티(아이스)"", ""menu_price"": ""3900""}, {""menu_name"": ""레몬 에이드"", ""menu_price"": ""4500""}, {""menu_name"": ""딸기 아이스티"", ""menu_price"": ""4000""}, {""menu_name"": ""꿀 자몽 티(핫)"", ""menu_price"": ""3900""}, {""menu_name"": ""꿀 자몽 티(아이스)"", ""menu_price"": ""3900""}, {""menu_name"": ""얼그레이 바통휘낭시에"", ""menu_price"": ""2800""}, {""menu_name"": ""밀크 쉐이크"", ""menu_price"": ""4900""}, {""menu_name"": ""플레인 요거트 스무디"", ""menu_price"": ""4500""}, {""menu_name"": ""컵빙수"", ""menu_price"": ""4200""}, {""menu_name"": ""초코 쉐이크"", ""menu_price"": ""3900""}, {""menu_name"": ""초코 바나나 스무디"", ""menu_price"": ""4800""}, {""menu_name"": ""청포도 스무디"", ""menu_price"": ""4800""}, {""menu_name"": ""제주 말차 프라페"", ""menu_price"": ""4700""}, {""menu_name"": ""커피 쉐이크"", ""menu_price"": ""4500""}, {""menu_name"": ""블루베리 요거트 스무디"", ""menu_price"": ""4700""}, {""menu_name"": ""민트 초코 프라페"", ""menu_price"": ""6900""}, {""menu_name"": ""쑥단팔스모어 쿠키"", ""menu_price"": ""4000""}, {""menu_name"": ""망고바나나 스무디"", ""menu_price"": ""4800""}]","DININGCODE 스킵네비게이션

본문바로가기
주메뉴바로가기
로그인
블루샥 가산DK점
블루샥 가산DK점
저장
공유
가산커피, 라떼

4.8 (5명의 평가)
72점 

서울특별시 금천구 가산디지털2로 144 현대테라타워 가산DK 103호 지번 
지도보기
영업 중
오늘(목)
·
영업시간: 07:30 - 17:00
0507-0289-3383
혼카페, 혼커
서민적인, 깔끔한, 아침식사, 점심식사, 테이크아웃, 정원
폐업신고 · 정보수정 제안

Advertisement
자세히 알아보기
음료
소고기
지도
Advertisement

블루샥 메뉴정보

인기 메뉴 보기

[패스오더전용] 100원 아메리카노

100원

패스오더 앱 설치하면, 최소 주문 금액 없이 100원에 커피 주문+1,500원 쿠폰까지

샥 라떼

3,400원

베리 히비스커스(아이스)

3,900원

피치 보이(핫)

3,900원

피치 보이(아이스)

3,900원

백도 우롱(핫)

3,900원

백도 우롱(아이스)

3,900원

허니 캐모마일(핫)

3,900원

허니 캐모마일(아이스)

3,900원

청포도 에이드

4,500원

진저 배 티(핫)

3,900원

진저 배 티(아이스)

3,900원

피넛 라떼

3,800원

제주 미숫가루(핫)

4,000원

제주 미숫가루(아이스)

4,000원

제주 말차 라떼(핫)

4,500원

제주 말차 라떼(아이스)

4,500원

자몽 에이드

4,500원

영암고구마라떼(아이스)

4,000원

애플망고 아이스 티

3,900원

순수 우유(핫)

2,500원

순수 우유(아이스)

2,500원

설향딸기라떼

4,400원

아메리카노(아이스)

2,500원

리얼 쇼콜라(핫)

5,200원

리얼 쇼콜라(아이스)

5,200원

로얄 밀크 티(핫)

4,200원

로얄 밀크 티(아이스)

4,200원

레몬 유자 티(핫)

3,900원

레몬 유자 티(아이스)

3,900원

레몬 에이드

4,500원

딸기 아이스티

4,000원

꿀 자몽 티",ok,
서울특별시 금천구,카페,카페 구움,https://www.diningcode.com/profile.php?rid=6kwFNnBE61Hm,서울특별시 금천구 시흥대로 315 2층 212호 (롯데마트건물아닙니다) 지번,4.7,11,"[{""menu_name"": ""두바이 쫀득쿠키 바삭한 카다이프피스타치오를 마시멜로우로 감싼 수제 쫀득쿠키 (인공감미료x)"", ""menu_price"": ""5500""}, {""menu_name"": ""에그타르트"", ""menu_price"": ""3900""}, {""menu_name"": ""에스프레소"", ""menu_price"": ""3500""}, {""menu_name"": ""헤이즐넛아메리카노"", ""menu_price"": ""4200""}, {""menu_name"": ""아인슈페너"", ""menu_price"": ""5000""}, {""menu_name"": ""카페라떼"", ""menu_price"": ""4500""}, {""menu_name"": ""카푸치노"", ""menu_price"": ""4500""}, {""menu_name"": ""돌체라떼"", ""menu_price"": ""5000""}, {""menu_name"": ""카페모카"", ""menu_price"": ""5000""}, {""menu_name"": ""바닐라라떼"", ""menu_price"": ""5000""}, {""menu_name"": ""카라멜마끼아또"", ""menu_price"": ""4700""}, {""menu_name"": ""아몬드라떼"", ""menu_price"": ""5000""}, {""menu_name"": ""휘낭시에"", ""menu_price"": ""2900""}, {""menu_name"": ""헤이즐넛라떼"", ""menu_price"": ""5000""}, {""menu_name"": ""그린티라떼"", ""menu_price"": ""5000""}, {""menu_name"": ""토피넛파떼"", ""menu_price"": ""5000""}, {""menu_name"": ""홍차로얄밀크티"", ""menu_price"": ""5000""}, {""menu_name"": ""핫초코&아이스초코"", ""menu_price"": ""5000""}, {""menu_name"": ""수제청자몽티"", ""menu_price"": ""5000""}, {""menu_name"": ""수제청자몽에이드"", ""menu_price"": ""5500""}, {""menu_name"": ""히비스커스"", ""menu_price"": ""4000""}, {""menu_name"": ""캐모마일"", ""menu_price"": ""4000""}, {""menu_name"": ""루이보스"", ""menu_price"": ""4000""}, {""menu_name"": ""까눌레"", ""menu_price"": ""2900""}, {""menu_name"": ""얼그레이"", ""menu_price"": ""4000""}, {""menu_name"": ""마들렌"", ""menu_price"": ""3400""}, {""menu_name"": ""상하목장 유기농 아이스크림"", ""menu_price"": ""3700""}, {""menu_name"": ""후르츠산도"", ""menu_price"": ""7500""}, {""menu_name"": ""버터떡(4ea)"", ""menu_price"": ""6000""}, {""menu_name"": ""두바이 초코타르트"", ""menu_price"": ""6500""}, {""menu_name"": ""아메리카노"", ""menu_price"": ""3500""}]","DININGCODE 스킵네비게이션

본문바로가기
주메뉴바로가기
로그인
카페 구움 독산동
카페 구움
저장
공유
독산동베이커리, 두쫀쿠

4.7 (11명의 평가)
76점 

서울특별시 금천구 시흥대로 315 2층 212호 (롯데마트건물아닙니다) 지번 
지도보기
영업 중
오늘(목)
·
영업시간: 11:00 - 17:00
0507-1312-9281
혼카페, 간식
조용한, 예약, 점심식사, 예약가능, 무료주차, 배달
폐업신고 · 정보수정 제안

Advertisement
Advertisement

카페 구움 메뉴정보

인기 메뉴 보기

두바이 쫀득쿠키

5,500원

바삭한 카다이프피스타치오를 마시멜로우로 감싼 수제 쫀득쿠키 (인공감미료x)

에그타르트

3,900원

에스프레소

3,500원

헤이즐넛아메리카노

4,200원

아인슈페너

5,000원

카페라떼

4,500원

카푸치노

4,500원

돌체라떼

5,000원

카페모카

5,000원

바닐라라떼

5,000원

카라멜마끼아또

4,700원

아몬드라떼

5,000원

휘낭시에

2,900원

헤이즐넛라떼

5,000원

그린티라떼

5,000원

토피넛파떼

5,000원

홍차로얄밀크티

5,000원

핫초코&아이스초코

5,000원

수제청자몽티

5,000원

수제청자몽에이드

5,500원

히비스커스

4,000원

캐모마일

4,000원

루이보스

4,000원

까눌레

2,900원

얼그레이

4,000원

마들렌

3,400원

상하목장 유기농 아이스크림

3,700원

후르츠산도

7,500원

버터떡(4ea)

6,000원

두바이 초코타르트

6,500원

아메리카노

3,500원

메뉴 접기

카페 구움
의 사진
음식 (13) 실내 (7) 실외 (1) 메뉴ㆍ정보 (9)
사진 더보기

Advertisement
Advertisement

카페 구움 방문자 리뷰

4.7
11건의 리뷰가 작성되었어요.
5

최고에요

(7)

4.5

마음에 들어요

(3)

4

만족해요

(1)

3
",ok,
서울특별시 금천구,카페,5TO7&구욱희씨 가산점,https://www.diningcode.com/profile.php?rid=LsAity6zfy46,서울특별시 금천구 디지털로 178 가산퍼블릭 1층 M-111호 지번,4.5,10,"[{""menu_name"": ""펄 크림뷔릴레 수플레 5to7의 시그니처 수플레. 달달한 커스터드 크림과 쫀득한 펄, 그리고 설탕 토치."", ""menu_price"": ""15000""}, {""menu_name"": ""생과일 수플레 제철 과일에 따라 변동되어 올라가는 과일수플레!!"", ""menu_price"": ""16000""}, {""menu_name"": ""바닐라크림콜드브루"", ""menu_price"": ""5800""}, {""menu_name"": ""티라미수 수플레 마스카포네 치즈 크림과 커피소스 그리고 코코아 파우더. 색다른 티라미수를 맛보세요!"", ""menu_price"": ""14000""}, {""menu_name"": ""아메리카노"", ""menu_price"": ""4000""}, {""menu_name"": ""상아히버터떡(4p)"", ""menu_price"": ""5900""}, {""menu_name"": ""두쫀쿠"", ""menu_price"": ""5300""}, {""menu_name"": ""두바이쿠키"", ""menu_price"": ""6500""}, {""menu_name"": ""두바이 휘낭시에"", ""menu_price"": ""4000""}, {""menu_name"": ""카페라떼"", ""menu_price"": ""5000""}, {""menu_name"": ""유기농바닐라빈라떼"", ""menu_price"": ""5500""}, {""menu_name"": ""돌체콜드브루"", ""menu_price"": ""5500""}]","DININGCODE 스킵네비게이션

본문바로가기
주메뉴바로가기
로그인
5TO7&구욱희...
5TO7&구욱희씨 가산점
저장
공유
가산카페, 수플레

4.5 (10명의 평가)
75점 

서울특별시 금천구 디지털로 178 가산퍼블릭 1층 M-111호 지번 
지도보기
영업 중
오늘(목)
·
영업시간: 10:30 - 20:30
070-4110-0507
차모임, 데이트
예쁜, 감성적인, 점심식사, 저녁식사, 테라스, 야외자리, 무료주차
폐업신고 · 정보수정 제안

Advertisement
Advertisement

5TO7&구욱희씨 메뉴정보

인기 메뉴 보기

펄 크림뷔릴레 수플레

15,000원

5to7의 시그니처 수플레. 달달한 커스터드 크림과 쫀득한 펄, 그리고 설탕 토치.

생과일 수플레

16,000원

제철 과일에 따라 변동되어 올라가는 과일수플레!!

바닐라크림콜드브루

5,800원

티라미수 수플레

14,000원

마스카포네 치즈 크림과 커피소스 그리고 코코아 파우더. 색다른 티라미수를 맛보세요!

필터커피

변동

성수동에서 직접 로스팅한 다양한 스페셜티 커피를 바리스타가 직접 내려주는 핸드드립 커피

아메리카노

4,000원

상아히버터떡(4p)

5,900원

두쫀쿠

5,300원

두바이쿠키

6,500원

두바이 휘낭시에

4,000원

카페라떼

5,000원

유기농바닐라빈라떼

5,500원

돌체콜드브루

5,500원

메뉴 접기

5TO7&구욱희씨
의 사진
음식 (24) 실내 (13) 실외 (3) 메뉴ㆍ정보 (18)
사진 더보기

Advertisement
Advertisement

5TO7&구욱희씨 방문자 리뷰

4.5
10건의 리뷰가 작성되었어요.
5

최고에요

(5)

4.5

마음에 들어요

(3)

4

만족해요

(1)

3.5

괜찮아요

(1)

3

무난해요

(0)

2

아쉬워요

(0)

1

별로예요

(0)

맛
5.0
좋음
100%
보통
0%
부족
0%
가격
4.0
만족
50%
보통
50%
불만
0%
응대
4.6",ok,
서울특별시 금천구,카페,애퍼블,https://www.diningcode.com/profile.php?rid=TGzA0XYnH1oB,서울특별시 금천구 시흥대로123길 30 1층 애퍼블 지번,4.7,4,"[{""menu_name"": ""티라미수 (매장이용만 가능)전통 이탈리아 가정집 방식을 재현한 촉촉하고 풍미 가득한 클래식 티라미수"", ""menu_price"": ""5500""}, {""menu_name"": ""바나나브레드 바닐라아이스크림을 얹어 드셔보세요😆 (*아이스크림 별도, 추가시 +2,000원)"", ""menu_price"": ""3000""}, {""menu_name"": ""바닐라아이스크림을 얹어 드셔보세요😆 (*아이스크림 별도, 추가시 +)"", ""menu_price"": ""2000""}, {""menu_name"": ""초코칩바나나브레드"", ""menu_price"": ""3000""}, {""menu_name"": ""애퍼블아이스커피"", ""menu_price"": ""6000""}, {""menu_name"": ""딸기잼 레밍턴"", ""menu_price"": ""3000""}, {""menu_name"": ""생크림 결스콘 (과일잼 별도, 추가시 +500원)"", ""menu_price"": ""3000""}, {""menu_name"": ""(과일잼 별도, 추가시 +)"", ""menu_price"": ""500""}, {""menu_name"": ""안작비스킷"", ""menu_price"": ""2000""}, {""menu_name"": ""카페라떼"", ""menu_price"": ""4500""}, {""menu_name"": ""T2"", ""menu_price"": ""4500""}]","DININGCODE 스킵네비게이션

본문바로가기
주메뉴바로가기
로그인
애퍼블 독산
애퍼블
저장
공유
독산커피, 호주

4.7 (4명의 평가)
72점 

서울특별시 금천구 시흥대로123길 30 1층 애퍼블 지번 
지도보기
영업 중
오늘(목)
·
영업시간: 09:00 - 17:00
0507-1398-1073
데이트, 소개팅
캐주얼한, 아담한, 테이크아웃, 바테이블
폐업신고 · 정보수정 제안

Advertisement
Advertisement

애퍼블 메뉴정보

인기 메뉴 보기

티라미수

5,500원

(매장이용만 가능)전통 이탈리아 가정집 방식을 재현한 촉촉하고 풍미 가득한 클래식 티라미수

바나나브레드

3,000원

바닐라아이스크림을 얹어 드셔보세요😆 (*아이스크림 별도, 추가시 +2,000원)

초코칩바나나브레드

3,000원

애퍼블아이스커피

6,000원

딸기잼 레밍턴

3,000원

생크림 결스콘

3,000원

(과일잼 별도, 추가시 +500원)

안작비스킷

2,000원

카페라떼

4,500원

T2

4,500원

메뉴 접기

애퍼블
의 사진
음식 (8) 실내 (4) 실외 (1) 메뉴ㆍ정보 (4)

Advertisement
자세히 알아보기
음식점 식자재
다이닝코드 프리미엄 멤버십
지도
Advertisement
자세히 알아보기
음료
소고기
서울 맛집 지도

애퍼블 방문자 리뷰

4.7
4건의 리뷰가 작성되었어요.
5

최고에요

(2)

4.5

마음에 들어요

(1)

4

만족해요

(1)

3

무난해요

(0)

2

아쉬워요

(0)

1

별로예요

(0)

맛
5.0
좋음
100%
보통
0%
부족
0%
가격
4.5
만족
75%
보통
25%
불만
0%
응대
5.0
친절함
100%
보통
0%
불친절
0%
방문목적

데이트 3혼카페 2간식 2가족외식 1차모임 1

편의시설

주차불가 1

분위기

숨은맛집 2캐주얼한 2서민적인 1예쁜 1조용한 1깔끔한 1

추천순 최신순 평점 높은순 평점 낮은순

시니스
평균 별점 4.7   평가 163",ok,
서울특별시 금천구,카페,온초점,https://www.diningcode.com/profile.php?rid=UFkHnPSbG0Z1,서울특별시 금천구 남부순환로124길 17 1층 101호 지번,4.7,5,"[{""menu_name"": ""버터떡 (1개) 요즘 핫한 \""버터떡\"" 온초점이 직접 만들어봤어요 :)"", ""menu_price"": ""1500""}, {""menu_name"": ""온초점 퍼지 브라우니 온초점 시그니처 수제 브라우니"", ""menu_price"": ""9500""}, {""menu_name"": ""수제 쫀득쿠키(오레오딸기) 온초점이 직접만든 오레오딸기 쫀득쿠키 :)"", ""menu_price"": ""5500""}, {""menu_name"": ""수제 쫀득쿠키 (솔티카라멜)"", ""menu_price"": ""5500""}, {""menu_name"": ""ICE 초당옥수수크림라떼 온초점 시그니처 라떼"", ""menu_price"": ""6500""}, {""menu_name"": ""ICE 바닐라빈크림라떼 온초점 시그니처 라떼"", ""menu_price"": ""6500""}, {""menu_name"": ""온초점 플랫화이트 온초점 플랫화이트"", ""menu_price"": ""3800""}, {""menu_name"": ""온초점 아메리카노"", ""menu_price"": ""3500""}, {""menu_name"": ""온초점 카페라떼"", ""menu_price"": ""4200""}, {""menu_name"": ""온초점 바닐라라떼"", ""menu_price"": ""4500""}, {""menu_name"": ""수제 고메버터 휘낭시에"", ""menu_price"": ""2800""}, {""menu_name"": ""수제 발로나초코 휘낭시에"", ""menu_price"": ""3200""}, {""menu_name"": ""온초점 애플크럼블 온초점 시그니처 수제 애플크럼블"", ""menu_price"": ""9500""}, {""menu_name"": ""블루베리슈프림 치즈케이크"", ""menu_price"": ""7500""}, {""menu_name"": ""스트로베리 버터밀크"", ""menu_price"": ""9500""}, {""menu_name"": ""망고 갸또"", ""menu_price"": ""9000""}, {""menu_name"": ""스트로베리 초콜릿 갸또 딸기와 초콜릿, 부드러운 크림, 바삭한 크러스트"", ""menu_price"": ""9000""}, {""menu_name"": ""체리 초콜릿 갸또 달콤 쌉싸르한 체리와 다크 초콜릿의 만남"", ""menu_price"": ""9000""}, {""menu_name"": ""프리미엄 애플파이 프리미엄 애플파이"", ""menu_price"": ""9000""}, {""menu_name"": ""라즈베리 초코 타르트 라즈베리 초콜릿 타르트"", ""menu_price"": ""8500""}, {""menu_name"": ""다크 갸또 쇼콜라 케이크 독일식 프리미엄 갸또 쇼콜라 케이크"", ""menu_price"": ""7000""}, {""menu_name"": ""레몬 치즈케이크 아메리칸 스타일 레몬치즈케이크"", ""menu_price"": ""7500""}, {""menu_name"": ""아메리칸 치즈케이크 아메리칸 스타일 치즈케이크"", ""menu_price"": ""7000""}, {""menu_name"": ""온초점 에그바게트 상상하는맛 절.대. 아님 판매1위 에그바게트"", ""menu_price"": ""7800""}, {""menu_name"": ""온초점 아포가토"", ""menu_price"": ""6000""}, {""menu_name"": ""ICE 호지크림라떼"", ""menu_price"": ""7000""}, {""menu_name"": ""로투스크림라떼 로투스크럼블과 로투스가 통째로 들어간 시그니처 크림라떼"", ""menu_price"": ""7000""}, {""menu_name"": ""밤크림라떼 보늬밤과 시나몬의 깊은 맛"", ""menu_price"": ""7000""}, {""menu_name"": ""ICE 말차초코크림라떼 온초점 시그니처 크림라떼 :)"", ""menu_price"": ""6800""}, {""menu_name"": ""ICE 흑임자크림라떼 온초점 시그니처 흑임자크림라떼 :)"", ""menu_price"": ""6800""}, {""menu_name"": ""ICE 너티크림라떼 온초점 시그니처 라떼 !!"", ""menu_price"": ""6800""}, {""menu_name"": ""ICE 인절미크림라떼 온초점 시그니처 라떼"", ""menu_price"": ""6500""}, {""menu_name"": ""초코 위드 샷"", ""menu_price"": ""5800""}, {""menu_name"": ""온초점 블랙라떼 온초점 시크릿 블랙라떼"", ""menu_price"": ""4500""}, {""menu_name"": ""쇼콜라 콘파냐"", ""menu_price"": ""4500""}, {""menu_name"": ""온초점 숙성라떼 우유 본질의 단맛을 끌어올린 라떼"", ""menu_price"": ""5500""}, {""menu_name"": ""온초점 블러드에이드 히비스커스와 트리플베리의 만남"", ""menu_price"": ""5000""}, {""menu_name"": ""온초점 블루오션에이드 상큼한 유자와 레몬의 만남"", ""menu_price"": ""5000""}, {""menu_name"": ""딸기말차라떼 딸기와 말차의 만남"", ""menu_price"": ""7000""}, {""menu_name"": ""두바이&스모어브라우니 SET 온초점이 만든 두바이&스모어브라우니 초콜릿"", ""menu_price"": ""28000""}, {""menu_name"": ""온초점 두바이초콜릿 온초점이 만든 두바이초콜릿"", ""menu_price"": ""18000""}, {""menu_name"": ""온초점 스모어브라우니 초콜릿 온초점이 만든 스모어브라우니 초콜릿"", ""menu_price"": ""12000""}]","DININGCODE 스킵네비게이션

본문바로가기
주메뉴바로가기
로그인
온초점 독산동
온초점
저장
공유
독산동디저트, 디저트카페

4.7 (5명의 평가)
72점 

서울특별시 금천구 남부순환로124길 17 1층 101호 지번 
지도보기
영업 중
오늘(목)
·
영업시간: 10:00 - 22:00
0507-1422-3111
혼카페, 데이트코스
깔끔한, 감성적인, 연중무휴, 테라스, 테이크아웃, 발렛파킹, 배달
폐업신고 · 정보수정 제안

Advertisement
Advertisement

온초점 메뉴정보

인기 메뉴 보기

버터떡 (1개)

1,500원

요즘 핫한 ""버터떡"" 온초점이 직접 만들어봤어요 :)

온초점 퍼지 브라우니

9,500원

온초점 시그니처 수제 브라우니

수제 쫀득쿠키(오레오딸기)

5,500원

온초점이 직접만든 오레오딸기 쫀득쿠키 :)

수제 쫀득쿠키 (솔티카라멜)

5,500원

ICE 초당옥수수크림라떼

6,500원

온초점 시그니처 라떼

ICE 바닐라빈크림라떼

6,500원

온초점 시그니처 라떼

온초점 플랫화이트

3,800원

온초점 플랫화이트

온초점 아메리카노

3,500원

온초점 카페라떼

4,200원

온초점 바닐라라떼

4,500원

수제 고메버터 휘낭시에

2,800원

수제 발로나초코 휘낭시에

3,200원

온초점 애플크럼블

9,500원

온초점 시그니처 수제 애플크럼블

블루베리슈프림 치즈케이크

7,500원

스트로베리 버터밀크

9,500원

망고 갸또

9,000원

스트로베리 초콜릿 갸또

9,000원

딸기와 초콜릿, 부드러운 크림, 바삭한 크러스트

체리 초콜릿 갸또

9,000원

달콤 쌉싸르한 체리와 다크 초콜릿의 만남

프리미엄 애플파이

9,000원

프리미엄 애플파이

라즈베리 초코 타르트

8,500원

라즈베리 초콜릿 타르트

다크 갸또 쇼콜라 케이크

7,000원

독일식 프리미엄 갸또 쇼콜라 케이크

레몬 치즈케이크

7,500원

아메리칸 스타일 레몬치즈케이크

아메리칸 치즈케이",ok,
서울특별시 금천구,카페,카페인잇 현대시티아울렛 가산점,https://www.diningcode.com/profile.php?rid=4eyp68Sor5Uf,서울특별시 금천구 디지털로10길 9 현대시티아울렛가산점 7층 지번,4.7,4,"[{""menu_name"": ""카페인잇 메뉴정보 인기 메뉴 보기 인잇커피 레몬자몽에이드 6,000원 아메리카노 4,000원"", ""menu_price"": ""5000""}, {""menu_name"": ""인잇커피"", ""menu_price"": ""5000""}, {""menu_name"": ""레몬자몽에이드"", ""menu_price"": ""6000""}, {""menu_name"": ""아메리카노"", ""menu_price"": ""4000""}]","DININGCODE 스킵네비게이션

본문바로가기
주메뉴바로가기
로그인
카페인잇 현대시...
카페인잇 현대시티아울렛 가산점
저장
공유
다시 보지 않기
저장 기능이 추가되었어요!
PC에서도 내가 저장한 맛집을 이용할 수 있어요.
나만의 맛집 리스트를 관리해보세요.
가산커피, 카페

4.7 (4명의 평가)
71점 

서울특별시 금천구 디지털로10길 9 현대시티아울렛가산점 7층 지번 
지도보기
영업 중
오늘(목)
·
영업시간: 10:30 - 21:00
0507-1453-9781
혼카페, 데이트
조용한, 저렴, 테이크아웃, 편안한의자, 무료주차
폐업신고 · 정보수정 제안

Advertisement
자세히 알아보기
음료
소고기
푸드 스타일링
Advertisement

카페인잇 메뉴정보

인기 메뉴 보기

인잇커피

5,000원

레몬자몽에이드

6,000원

아메리카노

4,000원

카페인잇
의 사진
음식 (6) 실내 (5) 실외 (2) 메뉴ㆍ정보 (3)

Advertisement
Advertisement

카페인잇 방문자 리뷰

4.7
4건의 리뷰가 작성되었어요.
5

최고에요

(3)

4

만족해요

(1)

3

무난해요

(0)

2

아쉬워요

(0)

1

별로예요

(0)

맛
4.5
좋음
75%
보통
25%
부족
0%
가격
4.0
만족
50%
보통
50%
불만
0%
응대
5.0
친절함
100%
보통
0%
불친절
0%
방문목적

혼카페 2데이트 2간식 2차모임 1

편의시설

무료주차 3

분위기

조용한 2경관/야경이좋은 1서민적인 1캐주얼한 1가성비좋은 1

추천순 최신순 평점 높은순 평점 낮은순

꾸기뀨
평균 별점 4.8   평가 85   팔로워 0

5점
2월 4일

주변에서 밥먹고 간단하게 카페가기좋아요!
아메리카노는 맛이 쓰고 조금 밍밍했어요
맛: 보통|가격: 보통|응대: 좋음

주문한 메뉴

아메리카노

키워드

혼카페, 가성비좋은, 조용한, 무료주차

좋아요
공유

Advertisement
Advertisement

귀염둥이박사
평균 별점 ",ok,
서울특별시 금천구,카페,킴스델리마켓 가산퍼블릭점,https://www.diningcode.com/profile.php?rid=KcEsOBLWgBEt,서울특별시 금천구 디지털로 178 M-132호 지번,4.7,7,"[{""menu_name"": ""토마토바질페스토베이글 색소O% 토마토 원재료를 이용하여 만든 킴스의 베스트 쌀 베이글"", ""menu_price"": ""6800""}, {""menu_name"": ""두바이 쫀득 쿠키 고소한 피스타치오 스프레드와 바삭한 카다이프를 쫀득한 마쉬멜로우로 감싸 달콤 쫀득한 디저트"", ""menu_price"": ""6800""}, {""menu_name"": ""샌프란시스코 클래식 두툼한 계란, 바싹구운 베이컨, 치즈가 있는 아메리칸 아침 클래식 베이글"", ""menu_price"": ""8900""}, {""menu_name"": ""골든게이트선셋 아보카도, 햄, 수제 에그사과마요, 칠리소스가 있는 꽉찬 베이글 샌드위치"", ""menu_price"": ""9800""}, {""menu_name"": ""BLT 베이컨, 토마토, 양상추, 로메인 등이 들어간 베이글 샌드위치"", ""menu_price"": ""8900""}, {""menu_name"": ""김씨연어 김이 쏙쏙 박힌 크림치즈, 훈제연어, 채소가 가득한 킴스 시그니처 베이글 샌드위치"", ""menu_price"": ""13900""}, {""menu_name"": ""갈릭 디아볼라 페퍼로니 베이글 갈릭소스로 코팅된 베이글에 매콤한 디아볼라소스와 페퍼로니가 가득 담긴 매콤달콤 쌀베이글"", ""menu_price"": ""6800""}, {""menu_name"": ""플레인베이글 킴스델리만의 쫀득하고, 고소한풍미를 품은 오리지널 쌀베이글"", ""menu_price"": ""3800""}, {""menu_name"": ""에브리띵 베이글 쌀가루로 만든 에브리띵 시즈닝 베이글"", ""menu_price"": ""4900""}, {""menu_name"": ""시나몬 통피칸 베이글 밀가루 0%, 달콤한 시나몬 가루와 피칸이 들어간 쌀베이글"", ""menu_price"": ""4900""}, {""menu_name"": ""블루베리 베이글 미국 정통 블루베리 쌀베이글"", ""menu_price"": ""4700""}, {""menu_name"": ""밀크크림 카스테라 쫄깃한 베이글 빵피에 우유크림과 보들보들 카스테라 가루가 코팅된 디저트로 즐기는 베이글"", ""menu_price"": ""6300""}, {""menu_name"": ""카카오 72% 초콜릿 소라빵"", ""menu_price"": ""6200""}, {""menu_name"": ""어니언 베이글 어니언의 감칠맛나는 쌀베이글"", ""menu_price"": ""4800""}, {""menu_name"": ""다크초코 베이글"", ""menu_price"": ""4800""}, {""menu_name"": ""버터솔트프레즐 쫀득하고 풍신한 솔트프레젤의 맛과 연유버터가 들어간 단짠단짠 쌀 베이글"", ""menu_price"": ""6200""}, {""menu_name"": ""프레즐버터리 아몬드크런치 베이글 더 쫀득하고 퐁신한 솔트프레즐의 맛과 버터슈가가 묻혀진 아몬드크림치즈의 극강의 단짠 베이글"", ""menu_price"": ""7800""}, {""menu_name"": ""플레인 크림치즈 어느 베이글에도 잘 어울리는 부드러운 식감의 기본 크림치즈"", ""menu_price"": ""3800""}, {""menu_name"": ""스윗피넛버터 크림치즈 직접 볶은 버터리 아몬드와 피넛버터, 크림치즈가 섞인 미국본토의 맛이 느껴지는 크림치즈"", ""menu_price"": ""4700""}, {""menu_name"": ""쪽파 크림치즈 쪽파가 콕콕 들어가있는 달콤 짭쪼름한 크림치즈"", ""menu_price"": ""4200""}, {""menu_name"": ""믹스베리 크림치즈 직접 끓인 수제 홈메이드 베리잼과 베리과일이들어있는 크림치즈"", ""menu_price"": ""4500""}, {""menu_name"": ""바다소금아몬드 초콜릿 헤이즐넛 소라빵"", ""menu_price"": ""6800""}, {""menu_name"": ""피스타치오 소라빵"", ""menu_price"": ""8200""}, {""menu_name"": ""선물박스 무료 베이글 5개 이상 구매시 무료 선물박스 (유상 )"", ""menu_price"": ""2000""}, {""menu_name"": ""베이글 5개 이상 구매시 무료 선물박스 (유상 )"", ""menu_price"": ""2000""}, {""menu_name"": ""(*NEW)바질올리브 납작베이글"", ""menu_price"": ""9800""}, {""menu_name"": ""(*BEST)크레이지 올리브 베이글 *NEW 터져 나오는 올리브를 가득 담아 짠맛을 없애고 담백하게 구워낸 쫀쫀한 식사용베이글"", ""menu_price"": ""8600""}, {""menu_name"": ""(NEW)크레이지 밤 베이글"", ""menu_price"": ""10900""}, {""menu_name"": ""클램차우더 스프 어니언, 포테이토, 조갯살을 넣은 차우더로 샌프란시스코식 크림스프"", ""menu_price"": ""9800""}]","DININGCODE 스킵네비게이션

본문바로가기
주메뉴바로가기
로그인
킴스델리마켓 가...
킴스델리마켓 가산퍼블릭점
저장
공유
가산베이글, 베이커리

4.7 (7명의 평가)
75점 

서울특별시 금천구 디지털로 178 M-132호 지번 
지도보기
영업 중
오늘(목)
·
영업시간: 10:00 - 19:00
0507-1427-0697
데이트, 혼자먹기
캐주얼한, 예약, 아침식사, 점심식사, 무료주차, 배달
폐업신고 · 정보수정 제안

Advertisement
Advertisement

킴스델리마켓 메뉴정보

인기 메뉴 보기

토마토바질페스토베이글

6,800원

색소O% 토마토 원재료를 이용하여 만든 킴스의 베스트 쌀 베이글

두바이 쫀득 쿠키

6,800원

고소한 피스타치오 스프레드와 바삭한 카다이프를 쫀득한 마쉬멜로우로 감싸 달콤 쫀득한 디저트

샌프란시스코 클래식

8,900원

두툼한 계란, 바싹구운 베이컨, 치즈가 있는 아메리칸 아침 클래식 베이글

골든게이트선셋

9,800원

아보카도, 햄, 수제 에그사과마요, 칠리소스가 있는 꽉찬 베이글 샌드위치

BLT

8,900원

베이컨, 토마토, 양상추, 로메인 등이 들어간 베이글 샌드위치

김씨연어

13,900원

김이 쏙쏙 박힌 크림치즈, 훈제연어, 채소가 가득한 킴스 시그니처 베이글 샌드위치

갈릭 디아볼라 페퍼로니 베이글

6,800원

갈릭소스로 코팅된 베이글에 매콤한 디아볼라소스와 페퍼로니가 가득 담긴 매콤달콤 쌀베이글

플레인베이글

3,800원

킴스델리만의 쫀득하고, 고소한풍미를 품은 오리지널 쌀베이글

에브리띵 베이글

4,900원

쌀가루로 만든 에브리띵 시즈닝 베이글

시나몬 통피칸 베이글

4,900원

밀가루 0%, 달콤한 시나몬 가루와 피칸이 들어간 쌀베이글

블루베리 베이글

4,700원

미국 정통 블루베리 쌀베이글

밀크크림 카스테라

6,300원

쫄깃한 베이글 빵피에 우유크림과 보들보들 카스테라 가루가 코팅된 디저트로 즐기는 베이글

카카오 72% 초콜릿 소라빵

6,",ok,
서울특별시 금천구,카페,더빈마켓,https://www.diningcode.com/profile.php?rid=pkoaUyGkZzqr,"서울특별시 금천구 시흥대로 343 1층, 2층 지번",5,3,"[{""menu_name"": ""더빈마켓 메뉴정보 인기 메뉴 보기 아메리카노 콩2 카카오와 같은 다크초콜릿의 단맛과 풀바디감, 안정적 발런스를 느낄수 있습니다 . 카페라떼 4,800원"", ""menu_price"": ""4200""}, {""menu_name"": ""아메리카노 콩2 카카오와 같은 다크초콜릿의 단맛과 풀바디감, 안정적 발런스를 느낄수 있습니다 ."", ""menu_price"": ""4200""}, {""menu_name"": ""카페라떼"", ""menu_price"": ""4800""}]","DININGCODE 스킵네비게이션

본문바로가기
주메뉴바로가기
로그인
더빈마켓 독산동
더빈마켓
저장
공유
다시 보지 않기
저장 기능이 추가되었어요!
PC에서도 내가 저장한 맛집을 이용할 수 있어요.
나만의 맛집 리스트를 관리해보세요.
독산동카페, 디저트

5 (3명의 평가)
71점 

서울특별시 금천구 시흥대로 343 1층, 2층 지번 
지도보기
영업 중
오늘(목)
·
영업시간: 08:00 - 22:00
0507-1455-7226
데이트, 혼자방문
캐주얼한, 조용한분위기, 바테이블, 와이파이
폐업신고 · 정보수정 제안

Advertisement
Advertisement

더빈마켓 메뉴정보

인기 메뉴 보기

아메리카노 콩2

4,200원

카카오와 같은 다크초콜릿의 단맛과 풀바디감, 안정적 발런스를 느낄수 있습니다 .

카페라떼

4,800원

더빈마켓
의 사진
음식 (4) 실내 (2) 실외 (2) 메뉴ㆍ정보 (5)

Advertisement
Advertisement

더빈마켓 방문자 리뷰

5.0
3건의 리뷰가 작성되었어요.
5

최고에요

(3)

4

만족해요

(0)

3

무난해요

(0)

2

아쉬워요

(0)

1

별로예요

(0)

맛
5.0
좋음
100%
보통
0%
부족
0%
가격
4.3
만족
67%
보통
33%
불만
0%
응대
4.3
친절함
67%
보통
33%
불친절
0%
방문목적

데이트 2간식 2혼카페 1차모임 1

분위기

캐주얼한 2예쁜 2서민적인 1조용한 1깔끔한 1

추천순 최신순 평점 높은순 평점 낮은순

시니스
평균 별점 4.7   평가 163   팔로워 0

3장 더보기

5점
2025년 12월 4일

소금빵이랑 고메쿠키 너무 맛있어요 살찌는 무서움만 아니면 한번에 5개는 먹을거같아요 흑흑
맛: 좋음|가격: 만족|응대: 좋음

주문한 메뉴

고메버터쿠키, 솔티드카라멜머핀, 버터소금식빵

키워드

간식, 데이트, 혼카페, 캐주얼한, 예쁜

좋아요
공유

Advertisement
Advertisement

쓰리윤
평균 별점 4",ok,
서울특별시 금천구,카페,데미안,https://www.diningcode.com/profile.php?rid=0GPeI86zzPlD,서울특별시 금천구 시흥대로 291 310동 142호 지번,4.6,6,"[{""menu_name"": ""데미안 메뉴정보 인기 메뉴 보기 아메리카노 아메리카노 (전국에서 가장 맛있는 원두만 찾아서 여러분들께 추천해드립니다.)"", ""menu_price"": ""4500""}, {""menu_name"": ""아메리카노 아메리카노 (전국에서 가장 맛있는 원두만 찾아서 여러분들께 추천해드립니다.)"", ""menu_price"": ""4500""}]","DININGCODE 스킵네비게이션

본문바로가기
주메뉴바로가기
로그인
데미안 금천구청역
데미안
저장
공유
다시 보지 않기
저장 기능이 추가되었어요!
PC에서도 내가 저장한 맛집을 이용할 수 있어요.
나만의 맛집 리스트를 관리해보세요.
금천구청역베이커리

4.6 (6명의 평가)
72점 

서울특별시 금천구 시흥대로 291 310동 142호 지번 
지도보기
영업 중
오늘(목)
·
영업시간: 08:30 - 22:00
0507-1364-0960
혼카페, 데이트
깔끔한, 넓은, 점심식사, 아기의자, 무료주차
폐업신고 · 정보수정 제안

Advertisement
Advertisement

데미안 메뉴정보

인기 메뉴 보기

아메리카노

4,500원

아메리카노 (전국에서 가장 맛있는 원두만 찾아서 여러분들께 추천해드립니다.)

데미안
의 사진
음식 (9) 실내 (6) 메뉴ㆍ정보 (5)

Advertisement
Advertisement

데미안 방문자 리뷰

4.6
6건의 리뷰가 작성되었어요.
5

최고에요

(3)

4.5

마음에 들어요

(1)

4

만족해요

(2)

3

무난해요

(0)

2

아쉬워요

(0)

1

별로예요

(0)

맛
5.0
좋음
100%
보통
0%
부족
0%
가격
4.3
만족
67%
보통
33%
불만
0%
응대
4.7
친절함
83%
보통
17%
불친절
0%
방문목적

점심식사 3혼카페 2차모임 2간식 2

편의시설

무료주차 2

분위기

숨은맛집 2조용한 1격식있는 1캐주얼한 1깔끔한 1서민적인 1지역주민이찾는 1

추천순 최신순 평점 높은순 평점 낮은순

스마일
평균 별점 5.0   평가 193   팔로워 2

5점
2025년 5월 23일

카페 분위기도 너무 좋고, 주문한 빵 모두 맛있어서 양이 많았음에도 다 먹었어요~또 가고 싶어요~ㅎ
맛: 좋음|가격: 만족|응대: 좋음

주문한 메뉴

통소세지 페스츄리, 복숭아아이스티, 밤 패스츄리

키워드

점심식사, 숨은맛집

옴뇸뇸냠냠님이 좋아합니다.
좋아요
공유

Advertiseme",ok,
서울특별시 금천구,카페,힛더스팟 베이커리 에이트,https://www.diningcode.com/profile.php?rid=ImUbfc1SD8l5,서울특별시 금천구 가산로 145 1층 101호 지번,4.6,8,"[{""menu_name"": ""햄치즈 파니니 치아바타 빵에 힛더스팟 특제 소스를 바르고 치즈와 드라이 토마토를 넣어 그릴에 구운 파니니"", ""menu_price"": ""7500""}, {""menu_name"": ""베리 프렌치 토스트 갓 구운 달콤한 브리오슈 식빵위에 상큼한 베리와 메이플 시럽을 뿌린 토스트"", ""menu_price"": ""8500""}, {""menu_name"": ""무화과파운드"", ""menu_price"": ""6500""}, {""menu_name"": ""월넛 브리오슈"", ""menu_price"": ""7000""}, {""menu_name"": ""아마레또라떼"", ""menu_price"": ""6000""}, {""menu_name"": ""버터캬라멜라떼"", ""menu_price"": ""6000""}, {""menu_name"": ""소금빵 요즘 제일 핫한 단짠단짝 소금빵."", ""menu_price"": ""2800""}, {""menu_name"": ""아메리카노 ICE"", ""menu_price"": ""4600""}]","DININGCODE 스킵네비게이션

본문바로가기
주메뉴바로가기
로그인
힛더스팟 베이커...
힛더스팟 베이커리 에이트
저장
공유
가산동베이커리카페

4.6 (8명의 평가)
72점 

서울특별시 금천구 가산로 145 1층 101호 지번 
지도보기
영업 중
오늘(목)
·
영업시간: 11:00 - 21:30
02-868-3350
데이트, 간식
깔끔한, 지역주민이찾는, 점심식사, 와이파이, 무료주차
폐업신고 · 정보수정 제안

Advertisement
Advertisement
자세히 알아보기
음식점 식자재
음식 배달
제철 음식

힛더스팟 베이커리 에이트 메뉴정보

인기 메뉴 보기

햄치즈 파니니

7,500원

치아바타 빵에 힛더스팟 특제 소스를 바르고 치즈와 드라이 토마토를 넣어 그릴에 구운 파니니

베리 프렌치 토스트

8,500원

갓 구운 달콤한 브리오슈 식빵위에 상큼한 베리와 메이플 시럽을 뿌린 토스트

무화과파운드

6,500원

월넛 브리오슈

7,000원

아마레또라떼

6,000원

버터캬라멜라떼

6,000원

소금빵

2,800원

요즘 제일 핫한 단짠단짝 소금빵.

아메리카노 ICE

4,600원

메뉴 접기

힛더스팟 베이커리 에이트
의 사진
음식 (20) 실내 (2) 실외 (4) 메뉴ㆍ정보 (17)
사진 더보기

Advertisement
자세히 알아보기
음료
소고기
베트남 요리
Advertisement
자세히 알아보기
식당 예약
먹방 콘텐츠
음식점 컨설팅

힛더스팟 베이커리 에이트 방문자 리뷰

4.6
8건의 리뷰가 작성되었어요.
5

최고에요

(6)

4

만족해요

(2)

3

무난해요

(0)

2

아쉬워요

(0)

1

별로예요

(0)

맛
4.5
좋음
75%
보통
25%
부족
0%
가격
4.0
만족
50%
보통
50%
불만
0%
응대
4.5
친절함
75%
보통
25%
불친절
0%
방문목적

데이트 6간식 5혼카페 4점심식사 3차모임 2접대 1아이동반 1

편의시설

무료주차 21시간주차 무료 12시간무료주차 1주차불가 1

분",ok,
서울특별시 금천구,카페,원두서점,https://www.diningcode.com/profile.php?rid=IQFCUhFgbVR1,서울특별시 금천구 서부샛길 578 1층(가산동) 지번,5,4,"[{""menu_name"": ""원두 200g 원두 기본 200g"", ""menu_price"": ""13000""}, {""menu_name"": ""원두 기본 200g"", ""menu_price"": ""13000""}, {""menu_name"": ""핸드드립 부터"", ""menu_price"": ""4500""}, {""menu_name"": ""부터"", ""menu_price"": ""4500""}, {""menu_name"": ""카페 라떼"", ""menu_price"": ""4000""}, {""menu_name"": ""플랫 화이트"", ""menu_price"": ""4000""}, {""menu_name"": ""수제 바닐라빈 라떼"", ""menu_price"": ""4500""}, {""menu_name"": ""인생 밀크티"", ""menu_price"": ""4500""}, {""menu_name"": ""타임 레몬 소다"", ""menu_price"": ""4500""}, {""menu_name"": ""맑은 레몬티"", ""menu_price"": ""4500""}, {""menu_name"": ""티라미수"", ""menu_price"": ""6500""}, {""menu_name"": ""그래놀라떼"", ""menu_price"": ""5500""}, {""menu_name"": ""커스터드 크림라떼"", ""menu_price"": ""5500""}, {""menu_name"": ""레몬 소르베"", ""menu_price"": ""3000""}, {""menu_name"": ""바스크 치즈 케이크"", ""menu_price"": ""6500""}, {""menu_name"": ""호두 바닐라 쿠키"", ""menu_price"": ""3500""}, {""menu_name"": ""아메리카노"", ""menu_price"": ""3500""}, {""menu_name"": ""밸런스 에소"", ""menu_price"": ""3500""}]","DININGCODE 스킵네비게이션

본문바로가기
주메뉴바로가기
로그인
원두서점 가산
원두서점
저장
공유
가산커피, 카페

5 (4명의 평가)
69점 

서울특별시 금천구 서부샛길 578 1층(가산동) 지번 
지도보기
영업 중
오늘(목)
·
영업시간: 07:30 - 20:00
02-6406-0588
간식, 혼자카페
지역주민이찾는, 차분한, 테이크아웃, 바자리
폐업신고 · 정보수정 제안

Advertisement
Advertisement

원두서점 메뉴정보

인기 메뉴 보기

원두 200g

13,000원

원두 기본 200g 13,000원

핸드드립

4,500원

4,500원부터

카페 라떼

4,000원

플랫 화이트

4,000원

수제 바닐라빈 라떼

4,500원

인생 밀크티

4,500원

타임 레몬 소다

4,500원

맑은 레몬티

4,500원

티라미수

6,500원

그래놀라떼

5,500원

커스터드 크림라떼

5,500원

레몬 소르베

3,000원

바스크 치즈 케이크

6,500원

호두 바닐라 쿠키

3,500원

아메리카노

3,500원

밸런스 에소

3,500원

메뉴 접기

원두서점
의 사진
음식 (6) 실내 (4) 메뉴ㆍ정보 (8)

Advertisement
자세히 알아보기
소고기
음료
맛집 추천
Advertisement
자세히 알아보기
다이닝코드 프리미엄 멤버십
음식 배달
식기류

원두서점 방문자 리뷰

5.0
4건의 리뷰가 작성되었어요.
5

최고에요

(4)

4

만족해요

(0)

3

무난해요

(0)

2

아쉬워요

(0)

1

별로예요

(0)

맛
5.0
좋음
100%
보통
0%
부족
0%
가격
5.0
만족
100%
보통
0%
불만
0%
응대
5.0
친절함
100%
보통
0%
불친절
0%
방문목적

간식 3혼카페 2데이트 1가족외식 1차모임 1

분위기

숨은맛집 3지역주민이찾는 2가성비좋은 1고급스러운 1깔끔한 1

추천순 최신순 평점 높은순 평점 낮은순

납짝복숭아
평균 별점 3.9   평가 347   ",ok,
서울특별시 금천구,카페,커피사피엔스 가산어반워크점,https://www.diningcode.com/profile.php?rid=Afy5iLJ6HeBL,서울특별시 금천구 가산디지털2로 135 1동 102호 지번,4.3,3,"[{""menu_name"": ""[패스오더전용] 아메리카노 패스오더 앱 설치하면, 최소 주문 금액 없이 에 커피 주문+1,500원 쿠폰까지"", ""menu_price"": ""100""}, {""menu_name"": ""[패스오더전용] 아메리카노"", ""menu_price"": ""100""}, {""menu_name"": ""패스오더 앱 설치하면, 최소 주문 금액 없이 에 커피 주문+1,500원 쿠폰까지"", ""menu_price"": ""100""}, {""menu_name"": ""땡모반 수박주스(여름한정) 리얼 수박을 갈아서 만든 달달한 수박주스"", ""menu_price"": ""4800""}, {""menu_name"": ""오트바닐라 바닐라빈 파우더와 오트사이드가 만난 오트바닐라 (커피x)"", ""menu_price"": ""4000""}, {""menu_name"": ""코코넛라떼 코코넛 과육이 씹히는 고소한 코코넛 라떼"", ""menu_price"": ""3900""}, {""menu_name"": ""제로아망추 제로칼로리로 즐기는 아이스티와 망고의 콜라보 제로아망추"", ""menu_price"": ""3900""}, {""menu_name"": ""아망추 아이스티와 망고를 함께 먹을 수 있는 아망추 !"", ""menu_price"": ""3900""}, {""menu_name"": ""유자캐모마일티 유자청와 캐모마일이 만난 유자캐모마일티"", ""menu_price"": ""4000""}, {""menu_name"": ""얼그레이 피치 상큼 달달한 복숭아와 얼그레이가 만난 얼그레이피치티"", ""menu_price"": ""4000""}, {""menu_name"": ""캐모마일 안정이 필요한 날에는 캐모마일"", ""menu_price"": ""3500""}, {""menu_name"": ""페퍼민트 프리미엄 페퍼민트 티를 우린 페퍼민트"", ""menu_price"": ""3500""}, {""menu_name"": ""얼그레이 프리미엄 얼그레이 티를 우린 얼그레이"", ""menu_price"": ""3500""}, {""menu_name"": ""납작복숭아주스 스페인st 납작복숭아를 먹는 듯한 납작복숭아주스"", ""menu_price"": ""4800""}, {""menu_name"": ""아메리카노 원두 선택이 가능한 프리미엄 커피"", ""menu_price"": ""2000""}, {""menu_name"": ""커피밀크쉐이크 부드럽고 달달한 밀크쉐이크에 에스프레소가 들어간 커피밀크쉐이크"", ""menu_price"": ""4500""}, {""menu_name"": ""밀크쉐이크 달달한 우유 아이스크림을 먹는 듯한 밀크쉐이크"", ""menu_price"": ""4000""}, {""menu_name"": ""아보카도바나나 아보카도와 바나나가 만나 극강의 부드러운 맛의 든든한 아보카도바나나"", ""menu_price"": ""4800""}, {""menu_name"": ""오렌지자몽주스 자몽과즙과 100% 오렌지 착즙주스가 만난 오렌지자몽주스"", ""menu_price"": ""4800""}, {""menu_name"": ""해장꿀토마토주스 해장이 필요한 날엔 토마토와 꿀로만든 해장꿀토마토(강추:)!)"", ""menu_price"": ""4800""}, {""menu_name"": ""박카사에이드 에너지가 필요할 땐 박카사에이드 !"", ""menu_price"": ""4000""}, {""menu_name"": ""유자에이드 탄산수, 사이다 선택 가능한 유자청 유자에이드"", ""menu_price"": ""4000""}, {""menu_name"": ""자몽에이드 탄산수, 사이다 선택 가능한 달콤 쌉싸름한 자몽에이드"", ""menu_price"": ""4000""}, {""menu_name"": ""레몬에이드 탄산수, 사이다 선택 가능한 상큼달달한 블루레몬에이드"", ""menu_price"": ""4000""}, {""menu_name"": ""쇼콜라라떼 진하고 달달한 초코파우더로 만든 고급스러운 맛의 초코라떼"", ""menu_price"": ""4000""}, {""menu_name"": ""오렌지아메리카노 직접착즙한 오렌지와 오렌지주스 베이스에 에스프레소가 어우러진 오메리카노"", ""menu_price"": ""4800""}, {""menu_name"": ""꿀미숫가루 어린시절 마시던 달디단 미숫가루를 재현한 든든한 꿀미숫가루"", ""menu_price"": ""3800""}, {""menu_name"": ""제로킹아샷추(1L) 1L 대용량 제로아이스티에 에스프레소가 추가 된 제로킹아샷추"", ""menu_price"": ""4800""}, {""menu_name"": ""제로아샷추 칼로리 걱정 없이 즐기는 제로아이스티에 샷 추가 제로아샷추"", ""menu_price"": ""3500""}, {""menu_name"": ""제로킹아이스티(1L) 1L 대용량으로 즐기는 제로칼로리 아이스티"", ""menu_price"": ""4300""}, {""menu_name"": ""제로아이스티 제로칼로리로 즐기는 아이스티 ! 배아프지 않은 제로음료"", ""menu_price"": ""3000""}, {""menu_name"": ""봉샷추 상큼달달한 한라봉 슬러시에 에스프레소가 어우러진 사피엔스에서만 만나볼 수 있는 봉샷추"", ""menu_price"": ""4000""}, {""menu_name"": ""유샷추 상큼달달한 유자슬러시에 에스프레소가 어우러진 사피엔스에서만 만나볼 수 있는 유샷추"", ""menu_price"": ""4000""}, {""menu_name"": ""킹아샷추(1L) 1L 아이스티에 에스프레소가 추가 된 대용량으로 즐기는 킹아샷추 !"", ""menu_price"": ""4800""}, {""menu_name"": ""베트남st 연유라떼 달콤한 연유커피로 유명한 베트남st 연유라떼"", ""menu_price"": ""4800""}, {""menu_name"": ""솔트크림라떼 달콤한 라떼 위에 달콤 짭쪼름한 솔트크림이 올라간 단짠단짠 매력의 솔트크림라떼"", ""menu_price"": ""4800""}, {""menu_name"": ""킹아메리카노(1L) 4샷이 들어가는 1L 대용량 아메리카노"", ""menu_price"": ""3800""}, {""menu_name"": ""스노우아메리카노 쫀득하고 달달한 우유크림과 함께 즐기는 부드러운 스노우아메리카노"", ""menu_price"": ""4800""}, {""menu_name"": ""카페모카 초코파우더와 고소한 커피가 들어간 카페모카"", ""menu_price"": ""3800""}, {""menu_name"": ""카푸치노 고소한 라떼와 부드러운 우유거품, 시나몬 가루가 어우러진 카푸치노"", ""menu_price"": ""3300""}, {""menu_name"": ""오트라떼 일반 우유가 아닌 오트사이드 귀리우유로 만든 오트라떼"", ""menu_price"": ""4000""}, {""menu_name"": ""바닐라빈라떼 시럽이 아닌 바닐라빈 파우더를 사용한 깊은 맛의 바닐라빈 라떼"", ""menu_price"": ""3800""}, {""menu_name"": ""헤이즐라떼 고소한 라떼에 헤이즐넛이 추가 된 헤이즐라떼"", ""menu_price"": ""3800""}]","DININGCODE 스킵네비게이션

본문바로가기
주메뉴바로가기
로그인
커피사피엔스 가...
커피사피엔스 가산어반워크점
저장
공유
가산커피, 땡모반

4.3 (3명의 평가)
70점 

서울특별시 금천구 가산디지털2로 135 1동 102호 지번 
지도보기
영업 중
오늘(목)
·
영업시간: 07:00 - 18:00
0507-0288-9250
차모임, 해장
저렴, 시원, 테이크아웃
폐업신고 · 정보수정 제안

Advertisement
Advertisement

커피사피엔스 메뉴정보

인기 메뉴 보기

[패스오더전용] 100원 아메리카노

100원

패스오더 앱 설치하면, 최소 주문 금액 없이 100원에 커피 주문+1,500원 쿠폰까지

땡모반 수박주스(여름한정)

4,800원

리얼 수박을 갈아서 만든 달달한 수박주스

오트바닐라

4,000원

바닐라빈 파우더와 오트사이드가 만난 오트바닐라 (커피x)

코코넛라떼

3,900원

코코넛 과육이 씹히는 고소한 코코넛 라떼

제로아망추

3,900원

제로칼로리로 즐기는 아이스티와 망고의 콜라보 제로아망추

아망추

3,900원

아이스티와 망고를 함께 먹을 수 있는 아망추 !

유자캐모마일티

4,000원

유자청와 캐모마일이 만난 유자캐모마일티

얼그레이 피치

4,000원

상큼 달달한 복숭아와 얼그레이가 만난 얼그레이피치티

캐모마일

3,500원

안정이 필요한 날에는 캐모마일

페퍼민트

3,500원

프리미엄 페퍼민트 티를 우린 페퍼민트

얼그레이

3,500원

프리미엄 얼그레이 티를 우린 얼그레이

납작복숭아주스

4,800원

스페인st 납작복숭아를 먹는 듯한 납작복숭아주스

아메리카노

2,000원

원두 선택이 가능한 프리미엄 커피

커피밀크쉐이크

4,500원

부드럽고 달달한 밀크쉐이크에 에스프레소가 들어간 커피밀크쉐이크

밀크쉐이크

4,000원

달달한 우유 아이스크림을 먹는 듯한 밀크쉐이크

아보카도바나나

4,800원

아보카도와 바나나가 만나 극강의 부드러운 맛의 든든한 아보카도바나나
",ok,
서울특별시 금천구,퓨전,잔,https://www.diningcode.com/profile.php?rid=PWMu1zPfV9Ac,서울특별시 금천구 시흥대로52길 38 지번,4.6,2,"[{""menu_name"": ""나가사키해물탕"", ""menu_price"": ""20000""}, {""menu_name"": ""유린기"", ""menu_price"": ""19000""}, {""menu_name"": ""깐풍기"", ""menu_price"": ""22000""}, {""menu_name"": ""찹쌀등심탕수육"", ""menu_price"": ""19000""}, {""menu_name"": ""철판제육볶음"", ""menu_price"": ""18000""}, {""menu_name"": ""해물오꼬노미야끼"", ""menu_price"": ""18000""}, {""menu_name"": ""키조개살크림치즈구이"", ""menu_price"": ""18000""}, {""menu_name"": ""치즈계란말이"", ""menu_price"": ""16000""}, {""menu_name"": ""모듬해물야채볶음"", ""menu_price"": ""27000""}, {""menu_name"": ""모듬튀김"", ""menu_price"": ""23000""}, {""menu_name"": ""새우 튀김 (10P)"", ""menu_price"": ""17000""}, {""menu_name"": ""고로케 튀김"", ""menu_price"": ""17000""}, {""menu_name"": ""해물짬뽕탕"", ""menu_price"": ""20000""}, {""menu_name"": ""닭고기가라아게"", ""menu_price"": ""17000""}, {""menu_name"": ""타코와사비"", ""menu_price"": ""13000""}, {""menu_name"": ""카레우동"", ""menu_price"": ""7000""}, {""menu_name"": ""튀김우동"", ""menu_price"": ""7000""}, {""menu_name"": ""우동사리"", ""menu_price"": ""3000""}, {""menu_name"": ""공기밥"", ""menu_price"": ""1000""}, {""menu_name"": ""조개탕"", ""menu_price"": ""20000""}, {""menu_name"": ""오뎅탕"", ""menu_price"": ""20000""}, {""menu_name"": ""새우크림소스"", ""menu_price"": ""22000""}, {""menu_name"": ""매운소스 탕수육"", ""menu_price"": ""19000""}, {""menu_name"": ""참치 타다끼"", ""menu_price"": ""24000""}, {""menu_name"": ""해물 볶음 우동"", ""menu_price"": ""18000""}, {""menu_name"": ""돼지고기숙주볶음"", ""menu_price"": ""18000""}]","DININGCODE 스킵네비게이션

본문바로가기
주메뉴바로가기
로그인
잔 시흥사거리
잔
저장
공유
시흥사거리이자카야, 술집

4.6 (2명의 평가)
55점 

서울특별시 금천구 시흥대로52길 38 지번 
지도보기
영업 전
오늘(목)
·
영업시간: 18:00 - 04:00
02-806-5493
술모임, 모임하기좋은
캐주얼한, 안주, 저녁식사, 바깥자리
폐업신고 · 정보수정 제안

Advertisement
Advertisement
자세히 알아보기
소고기
음료
베트남 요리

잔 메뉴정보

인기 메뉴 보기

나가사키해물탕

20,000원

유린기

19,000원

깐풍기

22,000원

찹쌀등심탕수육

19,000원

철판제육볶음

18,000원

해물오꼬노미야끼

18,000원

키조개살크림치즈구이

18,000원

치즈계란말이

16,000원

모듬해물야채볶음

27,000원

모듬튀김

23,000원

새우 튀김 (10P)

17,000원

고로케 튀김

17,000원

해물짬뽕탕

20,000원

닭고기가라아게

17,000원

타코와사비

13,000원

카레우동

7,000원

튀김우동

7,000원

우동사리

3,000원

공기밥

1,000원

조개탕

20,000원

오뎅탕

20,000원

새우크림소스

22,000원

매운소스 탕수육

19,000원

참치 타다끼

24,000원

해물 볶음 우동

18,000원

돼지고기숙주볶음

18,000원

메뉴 접기

맛집태그

잔
의 사진
음식 (5) 메뉴ㆍ정보 (1)

잔 방문자 리뷰

4.6
2건의 리뷰가 작성되었어요.
5

최고에요

(1)

4

만족해요

(1)

3

무난해요

(0)

2

아쉬워요

(0)

1

별로예요

(0)

맛
4.0
좋음
50%
보통
50%
부족
0%
가격
5.0
만족
100%
보통
0%
불만
0%
응대
4.0
친절함
50%
보통
50%
불친절
0%
방문목적

술모임 2데이트 1저녁식사 1

편의시설

개별룸 1

분위기

캐주얼한 2지역주민이찾는 2숨은맛집 ",ok,
서울특별시 금천구,퓨전,상신상회,https://www.diningcode.com/profile.php?rid=YV5l7OiQBo3K,서울특별시 금천구 시흥대로56길 22 102호 지번,5,1,"[{""menu_name"": ""숙성간장 삼겹보쌈 (부타노 가쿠니) 숙성시킨 간장과 여러 채소를 함께 오랜시간 삶아낸 부드럽고 감칠맛나는 삼겹보쌈(with무)"", ""menu_price"": ""19000""}, {""menu_name"": ""숙성 광어사시미 직접 손질하여 숙성시킨 감칠맛과 쫀득한 식감의 광어 사시미"", ""menu_price"": ""28000""}, {""menu_name"": ""오다리튀김 바삭한 튀김속 부드러운 오징어 다리!"", ""menu_price"": ""16800""}, {""menu_name"": ""소고기 타다끼 겉면만 살짝 익힌 살치살과 파인소스 & 샐러드"", ""menu_price"": ""24000""}, {""menu_name"": ""멜론치즈 & 방울토마토절임 상큼하게 마무리하기 좋은 새콤달콤한 토마토쯔케와 멜론치즈"", ""menu_price"": ""12000""}, {""menu_name"": ""파인애플 & 아이스크림 새콤달콤한 신선한 파인애플 위에 달콤한 아이스크림"", ""menu_price"": ""13900""}, {""menu_name"": ""칠리새우마요 통통한 새우튀김과 매콤달콤 칠리소스의 만남"", ""menu_price"": ""21000""}, {""menu_name"": ""수제 고로케 & 야채튀김 붉은 대게살과 크림으로 만든 고로케 + 감자 고로케+ 야채튀김"", ""menu_price"": ""17000""}, {""menu_name"": ""미나리 왕새우전 미나리와 통통한 새우를 바삭하게 구워낸 노릇한 부침개"", ""menu_price"": ""19800""}, {""menu_name"": ""나가사끼 짬뽕탕 신선한 해산물과 함께 불향 가득 볶아 만든 하얀국물의 나가사끼 짬뽕"", ""menu_price"": ""23000""}, {""menu_name"": ""모짜치즈 토마토 샐러드 토마토 카프레제를 연상시키는 신선한 모짜치즈와 토마토, 샐러드"", ""menu_price"": ""18000""}, {""menu_name"": ""김치우동 김치가 들어간 얼큰우동"", ""menu_price"": ""7000""}, {""menu_name"": ""오늘의 하이볼 매일 달라지는 술과 재료로 만든 오늘의 하이볼"", ""menu_price"": ""6000""}, {""menu_name"": ""짐빔 하이볼 은은한 위스키향이 매력적인 짐빔 하이볼"", ""menu_price"": ""6000""}, {""menu_name"": ""산토리 하이볼 하이볼의 대명사, 부드러운 맛의 산토리 하이볼"", ""menu_price"": ""8000""}, {""menu_name"": ""무알콜 하이볼 알콜은 없지만 찐 위스키향 하이볼"", ""menu_price"": ""8000""}, {""menu_name"": ""자몽 하이볼 달콤쌉싸름한 자몽맛 하이볼"", ""menu_price"": ""8000""}, {""menu_name"": ""피치 하이볼 상큼달콤한 복숭아맛의 하이볼"", ""menu_price"": ""8000""}, {""menu_name"": ""캄파리소다 숨겨진 칵테일계의 보석, 쌉싸름한 허브향의 캄파리"", ""menu_price"": ""7000""}, {""menu_name"": ""매콤 토마토 돈가스나베 (돈토베) 매콤한 수제 토마토소스에 바삭한 돈가스가 올라간 나베."", ""menu_price"": ""27000""}, {""menu_name"": ""숙성 연어사시미 당일 손질한 연어를 감칠맛나게 숙성시킨 탱글한 연어사시미"", ""menu_price"": ""28000""}, {""menu_name"": ""차돌 우동나베 부드러운 차돌과 쫄깃한 우동면, 푸짐한 채소가 한가득 들어간 샤브샤브 같은 맑은 나베"", ""menu_price"": ""22000""}, {""menu_name"": ""치즈 감자채전 바삭하고 노릇한 감자전 사이에 치즈가 듬뿍!"", ""menu_price"": ""19800""}, {""menu_name"": ""생등심 탕수육 100% 전분가루를 사용해 튀겨낸 호텔식 탕수육"", ""menu_price"": ""19800""}, {""menu_name"": ""명란 크림우동 신선한 저염 명란으로 만든 수제크림소스의 우동"", ""menu_price"": ""17000""}, {""menu_name"": ""깐풍 가라아게 부드러운 닭다리살을 튀겨내 중화풍으로 볶아낸 요리"", ""menu_price"": ""19800""}]","DININGCODE 스킵네비게이션

본문바로가기
주메뉴바로가기
로그인
상신상회 시흥사...
상신상회
저장
공유
시흥사거리이자카야, 술집

5 (1명의 평가)
50점 

서울특별시 금천구 시흥대로56길 22 102호 지번 
지도보기
영업 전
오늘(목)
·
영업시간: 16:00 - 04:00
0507-1361-5969
데이트, 해장
안주, 분위기좋은, 저녁식사, 콜키지, 바자리
폐업신고 · 정보수정 제안

Advertisement
Advertisement

상신상회 메뉴정보

인기 메뉴 보기

숙성간장 삼겹보쌈 (부타노 가쿠니)

19,000원

숙성시킨 간장과 여러 채소를 함께 오랜시간 삶아낸 부드럽고 감칠맛나는 삼겹보쌈(with무)

숙성 광어사시미

28,000원

직접 손질하여 숙성시킨 감칠맛과 쫀득한 식감의 광어 사시미

오다리튀김

16,800원

바삭한 튀김속 부드러운 오징어 다리!

소고기 타다끼

24,000원

겉면만 살짝 익힌 살치살과 파인소스 & 샐러드

멜론치즈 & 방울토마토절임

12,000원

상큼하게 마무리하기 좋은 새콤달콤한 토마토쯔케와 멜론치즈

파인애플 & 아이스크림

13,900원

새콤달콤한 신선한 파인애플 위에 달콤한 아이스크림

칠리새우마요

21,000원

통통한 새우튀김과 매콤달콤 칠리소스의 만남

수제 고로케 & 야채튀김

17,000원

붉은 대게살과 크림으로 만든 고로케 + 감자 고로케+ 야채튀김

미나리 왕새우전

19,800원

미나리와 통통한 새우를 바삭하게 구워낸 노릇한 부침개

나가사끼 짬뽕탕

23,000원

신선한 해산물과 함께 불향 가득 볶아 만든 하얀국물의 나가사끼 짬뽕

모짜치즈 토마토 샐러드

18,000원

토마토 카프레제를 연상시키는 신선한 모짜치즈와 토마토, 샐러드

김치우동

7,000원

김치가 들어간 얼큰우동

숙성 모듬사시미

변동

당일 손질 후 숙성시켜 신선하고 감칠맛나는 모듬사시미

오늘의 하이볼

6,000원

매일 달라지는 술과 재료로 만든 오늘의 하이볼

짐빔 하이볼

6",ok,
서울특별시 금천구,퓨전,View,https://www.diningcode.com/profile.php?rid=SH8YB3oRXB4F,서울특별시 금천구 시흥대로52길 24 1층 지번,0.3,,"[{""menu_name"": ""블랙타이거 감바스 블랙타이거 내장과 껍질로 비스큐 오일을 뽑아내어 만든 감바스"", ""menu_price"": ""20000""}, {""menu_name"": ""해물크림짬뽕 나가사끼와 다른 매력적인 크림짬뽕"", ""menu_price"": ""20000""}, {""menu_name"": ""토마토해산물스튜(면추가+0.3) 싱싱한 해산물과 토마토 소스를 함께 졸인 해장과 술안주를 동시에 할 수 있는 서양식 스튜"", ""menu_price"": ""18000""}, {""menu_name"": ""유자깐린기 바삭하게 튀긴 닭과 아삭한 양상추 그리고 특제 유자소스로 맛을 더한 매콤 달달 깐린기"", ""menu_price"": ""18000""}, {""menu_name"": ""매콤크림떡볶이 각종 야채와 매콤 크리미한 소스로 맛을 낸 남녀노소 호 불호 없이 즐길 수 있는 떡볶이"", ""menu_price"": ""18000""}, {""menu_name"": ""치킨난반 부드러운 계란소스와 바삭한 치킨"", ""menu_price"": ""18000""}, {""menu_name"": ""명란버터구이 버터에 명란을 구운 달콤짭짤"", ""menu_price"": ""12000""}, {""menu_name"": ""가지라구구이 촉촉한 가지에 라구소스와 치즈를 가득 채운 오븐요리"", ""menu_price"": ""12000""}, {""menu_name"": ""치즈폭포감자사라다 부드러운 매쉬와, 아삭한 야채로 식감을 더하고 트러플 오일로 향과 풍미를 올린 폭포사라다"", ""menu_price"": ""10000""}, {""menu_name"": ""볼로네제 프라이즈 바삭한 감자튀김과 볼로네제 소스를 올린 어떤 주류와도 페어링되는 view 시그니처 사이드!"", ""menu_price"": ""14000""}, {""menu_name"": ""한 입 피자 바삭한 바게트 위로 가득 올린 토핑 가볍게 즐기기 좋은 핑거푸드"", ""menu_price"": ""12000""}, {""menu_name"": ""리얼 스팸김치볶음밥 스팸을 듬뿍 넣어 만든 최고의 탄수화물!"", ""menu_price"": ""8000""}, {""menu_name"": ""비프 나초타코 나초 위 직접 만든 살사,렌치 아삭한 야채를 더해 손이 자꾸가는 가벼운 술 안주"", ""menu_price"": ""14000""}, {""menu_name"": ""짜계치 흔하지만, 흔하지 않은 특별한 레시피"", ""menu_price"": ""7000""}, {""menu_name"": ""바닐라 아이스크림 아이스크림계의 에르메스"", ""menu_price"": ""5500""}, {""menu_name"": ""베이컨 알배추구이 버터에 가볍게 구워 단맛을 올린 알배추와 크리스피한 베이컨,view 특제소스로 풍미가득"", ""menu_price"": ""14000""}, {""menu_name"": ""돈코츠라멘"", ""menu_price"": ""14000""}, {""menu_name"": ""비프카르파쵸 최상급 프라임등급 부채살을 얇게 저며 팜슈가 드레싱을 곁들인 새콤달콤한 비프 카르파쵸"", ""menu_price"": ""24000""}, {""menu_name"": ""최상급 부채살 육전 최상급 프라임등급 부채살과 상큼한 대파채와 함께 싸먹는 육전"", ""menu_price"": ""20000""}, {""menu_name"": ""에그인헬 토마토소스에 향신료를 더해 이국적인 맛을 낸 자꾸 퍼 먹고싶은 토마토요리"", ""menu_price"": ""18000""}, {""menu_name"": ""깐풍가지 가지 속에 닭,야채를 함께 튀겨 겉바 속촉한 튀김에 새콤 달콤한 깐풍소스를 곁들인 요리"", ""menu_price"": ""18000""}, {""menu_name"": ""새우완탕 새우볼과 홍합을 넣어 시원한 맛을 올린 알콜 뚝딱 완탕"", ""menu_price"": ""20000""}]","DININGCODE 스킵네비게이션

본문바로가기
주메뉴바로가기
로그인
View 시흥사...
View
저장
공유
시흥사거리술집, 무국
서울특별시 금천구 시흥대로52길 24 1층 지번 
지도보기
영업 전
오늘(목)
·
영업시간: 17:30 - 02:00
0507-1441-6230
소개팅장소, 데이트장소
분위기좋은, 감성적인, 콜키지, 바테이블
폐업신고 · 정보수정 제안

Advertisement
Advertisement

View 메뉴정보

블랙타이거 감바스

20,000원

블랙타이거 내장과 껍질로 비스큐 오일을 뽑아내어 만든 감바스

해물크림짬뽕

20,000원

나가사끼와 다른 매력적인 크림짬뽕

토마토해산물스튜(면추가+0.3)

18,000원

싱싱한 해산물과 토마토 소스를 함께 졸인 해장과 술안주를 동시에 할 수 있는 서양식 스튜

유자깐린기

18,000원

바삭하게 튀긴 닭과 아삭한 양상추 그리고 특제 유자소스로 맛을 더한 매콤 달달 깐린기

매콤크림떡볶이

18,000원

각종 야채와 매콤 크리미한 소스로 맛을 낸 남녀노소 호 불호 없이 즐길 수 있는 떡볶이

치킨난반

18,000원

부드러운 계란소스와 바삭한 치킨

명란버터구이

12,000원

버터에 명란을 구운 달콤짭짤

가지라구구이

12,000원

촉촉한 가지에 라구소스와 치즈를 가득 채운 오븐요리

치즈폭포감자사라다

10,000원

부드러운 매쉬와, 아삭한 야채로 식감을 더하고 트러플 오일로 향과 풍미를 올린 폭포사라다

볼로네제 프라이즈

14,000원

바삭한 감자튀김과 볼로네제 소스를 올린 어떤 주류와도 페어링되는 view 시그니처 사이드!

한 입 피자

12,000원

바삭한 바게트 위로 가득 올린 토핑 가볍게 즐기기 좋은 핑거푸드

리얼 스팸김치볶음밥

8,000원

스팸을 듬뿍 넣어 만든 최고의 탄수화물!

비프 나초타코

14,000원

나초 위 직접 만든 살사,렌치 아삭한 야채를 더해 손이 자꾸가는 가벼운 술 안주

짜계치

7,000원

흔하지만, 흔하지 않은 특별한",ok,
서울특별시 금천구,퓨전,줄까말까 퓨전포차,https://www.diningcode.com/profile.php?rid=khdPNiJFseOH,서울특별시 금천구 범안로 1130 103호 지번,1,,"[{""menu_name"": ""양등심(400g)"", ""menu_price"": ""40000""}, {""menu_name"": ""고급양갈비(300g)"", ""menu_price"": ""35000""}, {""menu_name"": ""대하꼬치(10개)"", ""menu_price"": ""16000""}, {""menu_name"": ""매운닭발꼬치(7개)"", ""menu_price"": ""10000""}, {""menu_name"": ""닭똥집꼬치(7개)"", ""menu_price"": ""10000""}, {""menu_name"": ""대만소세지(2개)"", ""menu_price"": ""7000""}, {""menu_name"": ""향라대하"", ""menu_price"": ""20000""}, {""menu_name"": ""참조기구이"", ""menu_price"": ""18000""}, {""menu_name"": ""건두부볶음"", ""menu_price"": ""15000""}, {""menu_name"": ""계란토마토볶음"", ""menu_price"": ""15000""}, {""menu_name"": ""즈란오돌뼈볶음"", ""menu_price"": ""18000""}, {""menu_name"": ""아이스새우"", ""menu_price"": ""12000""}, {""menu_name"": ""생양꼬치(10개)"", ""menu_price"": ""17000""}, {""menu_name"": ""오이탕탕"", ""menu_price"": ""12000""}, {""menu_name"": ""아이스황도"", ""menu_price"": ""12000""}, {""menu_name"": ""반건조노가리"", ""menu_price"": ""12000""}, {""menu_name"": ""차돌고추장찌개"", ""menu_price"": ""20000""}, {""menu_name"": ""계란토마토탕"", ""menu_price"": ""12000""}, {""menu_name"": ""오뎅탕"", ""menu_price"": ""10000""}, {""menu_name"": ""번데기탕"", ""menu_price"": ""9000""}, {""menu_name"": ""골뱅이무침"", ""menu_price"": ""18000""}, {""menu_name"": ""우육면"", ""menu_price"": ""10000""}, {""menu_name"": ""김치온면"", ""menu_price"": ""9000""}, {""menu_name"": ""마라룽샤꼬리"", ""menu_price"": ""25000""}, {""menu_name"": ""물만두"", ""menu_price"": ""8000""}, {""menu_name"": ""특볶음밥"", ""menu_price"": ""8000""}, {""menu_name"": ""중국식물냉면"", ""menu_price"": ""8000""}, {""menu_name"": ""사천식닭날개"", ""menu_price"": ""20000""}, {""menu_name"": ""꿔보러우"", ""menu_price"": ""18000""}, {""menu_name"": ""지삼선"", ""menu_price"": ""18000""}, {""menu_name"": ""소갈비살꼬치(10개)"", ""menu_price"": ""18000""}, {""menu_name"": ""양갈비살꼬치(10개)"", ""menu_price"": ""19000""}, {""menu_name"": ""오리지널양꼬치(10개)"", ""menu_price"": ""18000""}]","DININGCODE 스킵네비게이션

본문바로가기
주메뉴바로가기
로그인
줄까말까 퓨전포...
줄까말까 퓨전포차
저장
공유
독산역양꼬치, 퓨전요리
서울특별시 금천구 범안로 1130 103호 지번 
지도보기
영업 전
오늘(목)
·
영업시간: 15:00 - 23:00
070-4488-6197
회식장소, 단체모임
쾌적한, 깔끔한
폐업신고 · 정보수정 제안

Advertisement
Advertisement
자세히 알아보기
음식점 창업
식당 리뷰 작성 서비스
먹방 콘텐츠

줄까말까 퓨전포차 메뉴정보

양등심(400g)

40,000원

고급양갈비(300g)

35,000원

대하꼬치(10개)

16,000원

매운닭발꼬치(7개)

10,000원

닭똥집꼬치(7개)

10,000원

대만소세지(2개)

7,000원

향라대하

20,000원

참조기구이

18,000원

건두부볶음

15,000원

계란토마토볶음

15,000원

즈란오돌뼈볶음

18,000원

아이스새우

12,000원

생양꼬치(10개)

17,000원

오이탕탕

12,000원

아이스황도

12,000원

반건조노가리

12,000원

차돌고추장찌개

20,000원

계란토마토탕

12,000원

오뎅탕

10,000원

번데기탕

9,000원

골뱅이무침

18,000원

우육면

10,000원

김치온면

9,000원

마라룽샤꼬리

25,000원

물만두

8,000원

특볶음밥

8,000원

중국식물냉면

8,000원

사천식닭날개

20,000원

꿔보러우

18,000원

지삼선

18,000원

소갈비살꼬치(10개)

18,000원

양갈비살꼬치(10개)

19,000원

오리지널양꼬치(10개)

18,000원

메뉴 접기

줄까말까 퓨전포차
와 비슷한 맛집
현재 식당 거리 순 점수 높은 순 유사도 순
현 식당에서 25m
칭따오
독산역 · 짜장면,칭따오
64점 · 90%일치
돌판짜장은 처음이었는데 끝까지 따뜻해서 좋았고 남이 사주셔서 더 좋았던. 탕수육도 기대 이상 쫀쫀하고 맛있었음.",ok,
서울특별시 금천구,퓨전,파티엘하우스,https://www.diningcode.com/profile.php?rid=DjjheupgjDUY,서울특별시 금천구 디지털로 173 엘리시아지식센터 3층 지번,1,,[],"DININGCODE 스킵네비게이션

본문바로가기
주메뉴바로가기
로그인
파티엘하우스 마...
파티엘하우스
저장
공유
다시 보지 않기
저장 기능이 추가되었어요!
PC에서도 내가 저장한 맛집을 이용할 수 있어요.
나만의 맛집 리스트를 관리해보세요.
마리오아울렛뷔페, 퓨전
서울특별시 금천구 디지털로 173 엘리시아지식센터 3층 지번 
지도보기
영업 중
오늘(목)
·
영업시간: 10:00 - 19:00
0507-1365-0180
돌잔치, 백일잔치
생신, 고급스러운, 놀이방, 테라스
폐업신고 · 정보수정 제안

Advertisement
Advertisement
자세히 알아보기
음료
소고기
주방 용품 세트

파티엘하우스 메뉴정보

돌잔치부페

변동

즉석 스테이크 , 샤브샤브 / 훈제오리 / 새우,골뱅이,소라 등 90여가지 프리미엄 뷔페입니다.

맛집태그

파티엘하우스
와 비슷한 맛집
현재 식당 거리 순 점수 높은 순 유사도 순
현 식당에서 134m
바르미 마리오아울렛 3관점
마리오아울렛 · 샤브샤브,샐러드바
66점 · 89%일치
이름이 바뀐듯 하지만… 칼국수 무한리필이 었네요 탕은 신라면 탕과 비슷함 식당 조명이 어두워서 어른들이 계속 깜깜해서 안버인다고 하시네요 ㅋㅋ 조명이 레스토랑 분위기 샐러드바 종류가 너무 없음 차라
현 식당에서 193m
애슐리퀸즈 가산퍼블릭점
가산 · 디저트,딸기
73점 · 91%일치
음식 종류 다양하고 매장도 깔끔해서 가성비 뷔페를 즐길 수 있는 곳 평일 점심에 가니 여유롭게 식사가능했어요 종류도 많고 후식까지 가능해서 가성비 좋은 식사라 생각해요 요즘 물가 생각하면 애슐리는
현 식당에서 388m
샤브올데이 서울가산점
가산 · 샤브샤브,샤브샤브무한리필
60점 · 90%일치
맛있게먹었으나,응대가 느렸어요ㅠ 설거지도쓰던게 그대로올라와있었구요...아쉽네요 점심시간에 가끔 방문합니다 좋아요 많이 북적이긴하는데 넓어서 그런지 예약안해도 늘 자리가 있는게 제일 좋아요 종종 회사
현 식당에서 526m
라온푸드
가산 · 집밥,점심부페
56점 · 87%일치
가",ok,
